method,scene_id,template_group,geometry,n_applied_physical_steps,mean_secondary_leakage_m_s,max_secondary_leakage_m_s,command_derivative_rms_rad_s2_recomputed,mean_derivative_magnitude_on_provider_updates_rad_s2,mean_derivative_magnitude_on_held_steps_rad_s2,raw_policy_component_clip_fraction,speed_saturated_fraction,soft_limited_fraction,states_csv_SHA256
tracking,me5418-scenes-v1-0003,formal-g003,near_link,960,0.0,0.0,0.04201202524973475,0.03861879716533686,0.038425886599708005,,0.0,0.0,72f24ee47f0f3d7bd26e4a5d1f16b511f7bdc5f22d7c650ba7db5e7b7aeb1820
tracking,me5418-scenes-v1-0009,formal-g009,tight_layout,960,0.0,0.0,0.034321448389168376,0.031248313556226995,0.031092437483372298,,0.0,0.0,136a0e2391c600fa7d6243fc01f091053a250a807841481a96b284d93183d43f
tracking,me5418-scenes-v1-0010,formal-g010,far,960,0.0,0.0,0.02009488582867644,0.01836561597140344,0.018278105553677582,,0.0,0.0,6110667004115aa9e129b7ffdb32fa01b8af306e150c6e86f3947f9f4c29b651
tracking,me5418-scenes-v1-0013,formal-g013,near_link,960,0.0,0.0,0.03513041073431788,0.0321918260490226,0.03202738752090074,,0.0,0.0,14ae5da0f99a0896b0223e64de2d18057aa20c5a0f8c63e8750ac54d6b2aa821
tracking,me5418-scenes-v1-0015,formal-g015,far,960,0.0,0.0,0.03252306928785458,0.02963392162691579,0.02947811877799808,,0.0,0.0,c49a710f57b171ea1c11d5668d2b8d84116c524a55bf72adb602933e0efe6b2b
tracking,me5418-scenes-v1-0021,formal-g021,near_link,960,0.0,0.0,0.03797004114213218,0.034968372570203896,0.034791880135315166,,0.0,0.0,284cbf5db78caefa6b995871ef2344bd7dd94a6ea1b2b08b2cccab74fcaac533
tracking,me5418-scenes-v1-0022,formal-g022,tight_layout,960,0.0,0.0,0.03336046834530065,0.030931368614930847,0.030777302104223126,,0.0,0.0,9bc08dfa16b1d7b4f7be200be1ee36f897d6d33b412eda9fe7a045c5668b8671
tracking,me5418-scenes-v1-0033,formal-g033,near_link,960,0.0,0.0,0.0429326992335066,0.03911849795255586,0.03892226500774554,,0.0,0.0,be69d157b8a71a438bab11e95e188e6e55706f81562ed6de2725f4dd73aa2bba
tracking,me5418-scenes-v1-0040,formal-g040,far,960,0.0,0.0,0.042049068363663976,0.03883537225972477,0.03864036402935084,,0.0,0.0,deeb3f88cb414df7a801ab21029434a5f19c003ade9a9ccf43390b2086d0c996
tracking,me5418-scenes-v1-0061,formal-g003,near_link,960,0.0,0.0,0.01990225021351031,0.018251751103825715,0.018160338966439104,,0.0,0.0,cc6b3aabe669baeccb45c183ba8d3db42cc2dac4b6fedf8902ae65de3d372a5a
tracking,me5418-scenes-v1-0068,formal-g010,far,960,0.0,0.0,0.04027724066792363,0.03700082418458777,0.03681167107449445,,0.0,0.0,8aefcd527e9666d1515b5212edc95f1c80e9967ed3ed5334f5ba829d7c085c5c
tracking,me5418-scenes-v1-0071,formal-g013,near_link,960,0.0,0.0,0.0431263717337357,0.03966718106962817,0.03946720991224903,,0.0,0.0,fa83d6ec717e415c7cd131d89877b332f616f0e3d0b0f63a84ff2e64bbe72e54
tracking,me5418-scenes-v1-0073,formal-g015,far,960,0.0,0.0,0.03760948749279249,0.03425673962453736,0.03407950262677146,,0.0,0.0,9316027f4c653323c0d68ee6eaeaee3eee5d74c94783907b643564d6686b0c4d
tracking,me5418-scenes-v1-0079,formal-g021,near_link,960,0.0,0.0,0.027519904475021378,0.025231975850328173,0.025109162138405684,,0.0,0.0,25d862f6580e557cf7285475d524f19e2af19d0b15d8594141e5f7a95e2ac41f
tracking,me5418-scenes-v1-0080,formal-g022,tight_layout,960,0.0,0.0,0.042501174091413546,0.03931203092430104,0.039111116137927456,,0.0,0.0,016bc2b5277ab09affcc9504e6da6b8412063eb72192fcb2e10a52b23fafffb9
tracking,me5418-scenes-v1-0098,formal-g040,far,960,0.0,0.0,0.01784686175766356,0.0163639087245205,0.016284231915448272,,0.0,0.0,857e0711bebf362ae71149b89813c49ee24c867cd679dce2b7ece0183f0b71cd
tracking,me5418-scenes-v1-0109,formal-g051,near_link,960,0.0,0.0,0.031272449164213886,0.028779950071862726,0.02863481809776929,,0.0,0.0,f1e5d09a5461774e0ca7762a2c956875608919df6e4d8db070c93d66938102e3
tracking,me5418-scenes-v1-0119,formal-g003,near_link,960,0.0,0.0,0.030963250653452276,0.02839373591276481,0.02825514327560043,,0.0,0.0,a6e7ccc8fa999ff8c028c95afcaa64178b019704f356d9658ec7750803cb0bf9
tracking,me5418-scenes-v1-0122,formal-g006,near_link,960,0.0,0.0,0.03076225076549262,0.028533218856998246,0.028388789195782176,,0.0,0.0,e8c8b9f73650ba56cc3d601411dde61b92ffaffa878bb7edb1745a43fe83c546
tracking,me5418-scenes-v1-0126,formal-g010,far,960,0.0,0.0,0.018451464010126938,0.01687180449190411,0.01678659602193495,,0.0,0.0,08a9cc00aad33f1bc8682a2c10264580dcdaf12d6e6a19807baad0f3d53e1293
tracking,me5418-scenes-v1-0131,formal-g015,far,960,0.0,0.0,0.025703429103473518,0.02339807260060116,0.023279028405716957,,0.0,0.0,d702216b5d72af1a894fc9b2184fbc000b4b37682f40047ef47f21df6630f110
tracking,me5418-scenes-v1-0137,formal-g021,near_link,960,0.0,0.0,0.023711999812001654,0.021662959973368093,0.02155936410248464,,0.0,0.0,bb2232bc2a3a54305eeeaabfa3d7d833b20972696f3376937fda277f8ade5544
tracking,me5418-scenes-v1-0156,formal-g040,far,960,0.0,0.0,0.02427426503435454,0.022280037030422233,0.022170286864594713,,0.0,0.0,a610a1d50680f4eaa801048839c70286840b086c26283a34efdef0ed2d557150
tracking,me5418-scenes-v1-0160,formal-g044,tight_layout,960,0.0,0.0,0.027629600695695266,0.025508435515947867,0.025381739193800174,,0.0,0.0,01a11d6ed9e2f014f5e537baaf90c81bd9ac7d450a6ff7365fec3c1d79b0f6b2
tracking,me5418-scenes-v1-0167,formal-g051,near_link,960,0.0,0.0,0.017844756150911113,0.016330650823700204,0.016248514378636416,,0.0,0.0,8588cae77c7f998c5999cee9d1442b370ddc2cd539dc2b12e2441b821884def0
tracking,me5418-scenes-v1-0173,formal-g057,tight_layout,960,0.0,0.0,0.03783513361966168,0.03497640419231816,0.0348024419662059,,0.0,0.0,f7ff5bec9f2e3c1e316edc2806084ceaefdc6deb0f13f6710f30c9b6f1db5993
tracking,me5418-scenes-v1-0177,formal-g003,near_link,960,0.0,0.0,0.03543704126754666,0.032814787032590435,0.03264938891081817,,0.0,0.0,5cde0d37b43f0183583b454fcdddb462944de8f20624a01294cce8f7ca8d42a1
tracking,me5418-scenes-v1-0184,formal-g010,far,960,0.0,0.0,0.018444221263182358,0.01689857569890611,0.016811724385704975,,0.0,0.0,93eafa73ceb24fcf75faa1751f31fb06f0727d57fcd7a705a88e7ea7f153a511
tracking,me5418-scenes-v1-0187,formal-g013,near_link,960,0.0,0.0,0.03505000096995068,0.03223936620948008,0.032080700400595234,,0.0,0.0,1842768c733f7f48ad15c735a14d5a4c320b92a582ffab951f4ea3bcde4dce94
tracking,me5418-scenes-v1-0189,formal-g015,far,960,0.0,0.0,0.04256989733171235,0.038776124767556854,0.03857883246466807,,0.0,0.0,9ed510aed67a4621abedaec249af64952fbc26ca35eddefca007d123ac874261
tracking,me5418-scenes-v1-0195,formal-g021,near_link,960,0.0,0.0,0.03554142097002081,0.032600273662027564,0.03243312578604094,,0.0,0.0,38753247fa230e40e3a5c2e9b972b32a530acf345ce6e913b05764ad03bb7c89
tracking,me5418-scenes-v1-0207,formal-g033,near_link,960,0.0,0.0,0.04671964389676182,0.04264349414706027,0.042428497807311276,,0.0,0.0,989bdb47b75be5fe905055faec1c8c41a809f1b6fb0b71ba11e662b27dc647a5
tracking,me5418-scenes-v1-0214,formal-g040,far,960,0.0,0.0,0.044221461544300796,0.04043291576539178,0.04023416645747022,,0.0,0.0,810245bd0c76de81ab46cceb48678855e9101ec1e2f5ee4e860e537d69868b9b
tracking,me5418-scenes-v1-0218,formal-g044,tight_layout,960,0.0,0.0,0.03651489833822967,0.03356581684091873,0.033398122557214756,,0.0,0.0,a1bb785a7be9593fdd767128183377f6e7b006e59b281564fd4066f65d5e373d
tracking,me5418-scenes-v1-0225,formal-g051,near_link,960,0.0,0.0,0.0238167025079827,0.02188971454225486,0.021784245596365683,,0.0,0.0,46452d633b12e5951658abd73faecb727bd664f746535420625c23108af584c7
tracking,me5418-scenes-v1-0235,formal-g003,near_link,960,0.0,0.0,0.024682711295845046,0.022692883812124993,0.022577052668081132,,0.0,0.0,23357f18cb57a4265008b1a0acabc65b67e8d00171b9567fd337c2e48c87a6f9
tracking,me5418-scenes-v1-0242,formal-g010,far,960,0.0,0.0,0.019401788652198115,0.017814837012659703,0.017727221461606376,,0.0,0.0,94f014d34d8964d9720559ed76e8166d22f6494fb01140295fe4403826b58e42
tracking,me5418-scenes-v1-0247,formal-g015,far,960,0.0,0.0,0.06239303708370971,0.05706783685415084,0.056775092386848414,,0.0,0.0,154ee9b2054c8037ad553433ba28c39895b4fe1507b168a45bd076a55f7a6f49
tracking,me5418-scenes-v1-0253,formal-g021,near_link,960,0.0,0.0,0.05613015640288136,0.051488318752207225,0.05123096921190157,,0.0,0.0,770f95e3803d9fac358a92e1b2e1d4afcb5cad2dca660a6d1b7f87962c0d0fa1
tracking,me5418-scenes-v1-0260,formal-g028,near_link,960,0.0,0.0,0.022972368342629865,0.02096136054343217,0.020861723364234846,,0.0,0.0,bea84e103b683ad08cd0c2d31c5e8aaa855b82acd4edd35667809a4e8dc01498
tracking,me5418-scenes-v1-0272,formal-g040,far,960,0.0,0.0,0.04316813766534471,0.03989060472770285,0.0396871588857439,,0.0,0.0,20f0823641dfe134f3a79f125438706b5de02cedc8e38022eceb4878bbc956f5
tracking,me5418-scenes-v1-0276,formal-g044,tight_layout,960,0.0,0.0,0.042031015221477154,0.038693285982275345,0.03850062095919952,,0.0,0.0,558946f5b86e68374018d095662b076483bb4d1a929daaee23f895c60216cfdf
tracking,me5418-scenes-v1-0283,formal-g051,near_link,960,0.0,0.0,0.016843501811099865,0.015451348349863767,0.015380533807217564,,0.0,0.0,5531fdd323145498f829ae49394d612a8d594f29af06036e96d37e02de33ddaa
tracking,me5418-scenes-v1-0285,formal-g053,near_link,960,0.0,0.0,0.02334942337264478,0.021439627543549625,0.021333379084151904,,0.0,0.0,c3b47f33ee9b80c76c9dd18dadd4ea58ebabe5eee84d3b3161f692e38fe838f9
tracking,me5418-scenes-v1-0289,formal-g057,tight_layout,960,0.0,0.0,0.03413354236613311,0.03142380670044149,0.03126218868930467,,0.0,0.0,a8091c00f3273cf020baf1f6a8f94a852289cb096156ba228096ec4701cdbb6c
tracking,me5418-scenes-v1-0293,formal-g003,near_link,960,0.0,0.0,0.036254563245641275,0.03352108241524814,0.033354000325814835,,0.0,0.0,5ef68cc4e9d150e3dc975482cacc12bdcb86c6a1f4780b191d7d7cfe90589858
tracking,me5418-scenes-v1-0300,formal-g010,far,960,0.0,0.0,0.0233056980233477,0.021334582593497815,0.02123675066268846,,0.0,0.0,1276c886d9760f92c14e79400f1789c621a5abf39a217570153d653b13a23f86
tracking,me5418-scenes-v1-0303,formal-g013,near_link,960,0.0,0.0,0.02246472049086166,0.02063679721582327,0.020535389148591373,,0.0,0.0,9b95c125e92a62347d1c2c5bac8bf82b5adba4a762118140316a5a355c5da33e
tracking,me5418-scenes-v1-0305,formal-g015,far,960,0.0,0.0,0.043081559439429706,0.03923543181052109,0.03903193397304832,,0.0,0.0,152ce7e3f540b64ed8971483251dfd573ed82bc77a486769f7c37fbf0755be19
tracking,me5418-scenes-v1-0311,formal-g021,near_link,960,0.0,0.0,0.022699462285273798,0.020804787832550003,0.020704576167375057,,0.0,0.0,b9a256ae4a9771066aba6cacd858baf39d3ca03ad9c4b2c143c34267ef9724c6
tracking,me5418-scenes-v1-0314,formal-g024,tight_layout,960,0.0,0.0,0.03434008852998025,0.03174089816504343,0.031582859072056886,,0.0,0.0,6b7d8aae2215d67c0107ef4413e5a0932d77e494e995c6194f07b8245db93b6c
tracking,me5418-scenes-v1-0316,formal-g026,near_link,960,0.0,0.0,0.03657433653986668,0.03383606634691967,0.03366881376024288,,0.0,0.0,b3b4c70a084932c293ffb9a9ba07c85ddfc3226d04df69c001c4b10a690c2c28
tracking,me5418-scenes-v1-0330,formal-g040,far,960,0.0,0.0,0.04443589062866118,0.04078109767478673,0.040579160092906776,,0.0,0.0,6d6cf0091924a6bb043e5b532d3952c572cdd542b9b9934bca71f3a7854e5042
tracking,me5418-scenes-v1-0341,formal-g051,near_link,960,0.0,0.0,0.034057535929092844,0.031148959075153457,0.03099758390346052,,0.0,0.0,f457a865a1b3492942e3f3a37b75101746ea20292ff82e0a1299bc76b6704c05
tracking,me5418-scenes-v1-0344,formal-g054,tight_layout,960,0.0,0.0,0.046771231438247705,0.04278958778865402,0.04257281926834422,,0.0,0.0,6fa1d1ca2aa6d94713647ab97cf2fff18d7135241d6d2c59d3f287556a77d660
tracking,me5418-scenes-v1-0351,formal-g003,near_link,960,0.0,0.0,0.04839542671007027,0.044518629336062654,0.04429101938441569,,0.0,0.0,a3fd514de4ce2ec22fa39392e3416720ae59728577f735436c2a9785a6292a9c
tracking,me5418-scenes-v1-0357,formal-g009,tight_layout,960,0.0,0.0,0.030699157885460324,0.02793658560003951,0.027798153508748282,,0.0,0.0,6c173474a2f4053a9bcb3c4ddd74233385cf9a362a6ea1bd8a808298dd2f9a2f
tracking,me5418-scenes-v1-0358,formal-g010,far,960,0.0,0.0,0.016165046952487074,0.014811569030944717,0.014740603680492426,,0.0,0.0,e6bbc20caeb565c7c4594b7e2f8fda5dededa29cb457b84f10c7f493dba8e7bf
tracking,me5418-scenes-v1-0361,formal-g013,near_link,960,0.0,0.0,0.017816131075056092,0.016300248869393182,0.01621993136739339,,0.0,0.0,1d5717ff6e86728edc3e8eec35bcfa4782048a49d1116d07b21ee6a2e8ce84a2
tracking,me5418-scenes-v1-0363,formal-g015,far,960,0.0,0.0,0.03601018063174098,0.032838338071523296,0.032670852317098646,,0.0,0.0,fbece149f42cb3347162db044fabbbd6112a35f38c09e03d26566e92a511a8fd
tracking,me5418-scenes-v1-0369,formal-g021,near_link,960,0.0,0.0,0.017372597797291712,0.01590822004526857,0.01583081974689463,,0.0,0.0,5a3e4f6320dcc294d2b84120168de60c3ba6842d7148aeea4897e4035a552ed8
tracking,me5418-scenes-v1-0388,formal-g040,far,960,0.0,0.0,0.02279313003318979,0.020851121480232784,0.020748743165803815,,0.0,0.0,1dac0d2f7995031fbf1a4abce939e5bf7bca8b5deb8181348dcb198b3c09e6d6
tracking,me5418-scenes-v1-0399,formal-g051,near_link,960,0.0,0.0,0.018715599224886224,0.01715974392727821,0.017075432762230724,,0.0,0.0,2564887aa20e83770cf2d538ad06c06fdae453bf607539d1aa35cbe6957e9237
tracking,me5418-scenes-v1-0409,formal-g003,near_link,960,0.0,0.0,0.025357054229868788,0.023373280566278694,0.02325376952222813,,0.0,0.0,9e2a898ce8f1374d6a4822c2543b9e73460b4eedcbc6b74575fab968da5e1ded
tracking,me5418-scenes-v1-0415,formal-g009,tight_layout,960,0.0,0.0,0.0540859292529845,0.04938601965252717,0.049131600286681926,,0.0,0.0,bce13fa39c0a419fd6b0d786512a0b08f0683e837cac3f93a3f0ef587ac5a43c
tracking,me5418-scenes-v1-0416,formal-g010,far,960,0.0,0.0,0.023272477773791225,0.021418445590486015,0.021309002688973847,,0.0,0.0,a59107d4bd59db45cbdaa0e5ef5261bbc2818b3a75faaf954f76e3afa438d321
tracking,me5418-scenes-v1-0419,formal-g013,near_link,960,0.0,0.0,0.02485295572124092,0.022894485810715657,0.022781375001058535,,0.0,0.0,4e9ad15ce583b6c7cae69716b9670711b6070249e056bfbd09c45ecca700df76
tracking,me5418-scenes-v1-0421,formal-g015,far,960,0.0,0.0,0.0503438505350631,0.04588942291773321,0.045654068797905345,,0.0,0.0,357ad24b68d47ed7fdb6915c89408dfd02250b457d7e9f8c98715a457a93d92a
tracking,me5418-scenes-v1-0427,formal-g021,near_link,960,0.0,0.0,0.025889167999246985,0.0236809802958573,0.023561602020256204,,0.0,0.0,565fc3c01b3ab3ad07dbc0fc4f3e2964ac320c5dbb0d3147ed8e53744c90c792
tracking,me5418-scenes-v1-0446,formal-g040,far,960,0.0,0.0,0.04502861027861288,0.04159016909451418,0.04137690313840751,,0.0,0.0,0ffa29bb73faa73ec6e7943256917fe9c71e472f6d3d1d007395b2bff3de48d8
tracking,me5418-scenes-v1-0457,formal-g051,near_link,960,0.0,0.0,0.025958414990195723,0.023940815134089383,0.02381661820835171,,0.0,0.0,b95eaa7d02d5fdc75e2af3c39b1ee8edf0b66c7972c27b9e087213c5e764c7cb
tracking,me5418-scenes-v1-0460,formal-g054,tight_layout,960,0.0,0.0,0.030413189729384373,0.02803900270655963,0.027902127231498947,,0.0,0.0,253741bd163f37d70c47f07672e8809521ae773ab18430c62ad39835f58eb3c5
tracking,me5418-scenes-v1-0467,formal-g003,near_link,960,0.0,0.0,0.017966806173618146,0.016491094859931,0.016411542980991078,,0.0,0.0,7e0d53b61f8b7b69292a6d55d31c429ee514e3bc0760bd7d5d4d0529fe917d1a
tracking,me5418-scenes-v1-0474,formal-g010,far,960,0.0,0.0,0.030029455953875298,0.02772786361349103,0.027587312243842973,,0.0,0.0,c191f2c0a38aca04b779f6ccea71bf2a00ba93b00c3fe66d450bb6016e9b8b17
tracking,me5418-scenes-v1-0477,formal-g013,near_link,960,0.0,0.0,0.02470074154288065,0.02272347573769832,0.022607291902445533,,0.0,0.0,06329c79e929711591198ff8fc38ce55b19e511769d29a20d5dcee2846f28bb2
tracking,me5418-scenes-v1-0479,formal-g015,far,960,0.0,0.0,0.05297841003896868,0.048333626219013874,0.04808477297261157,,0.0,0.0,1fc54701d241c2ecb4eed8f50d9e6b206e469b45f61eae04f9bd742138099d8e
tracking,me5418-scenes-v1-0485,formal-g021,near_link,960,0.0,0.0,0.04392327259638926,0.040468905508292546,0.040265361686951745,,0.0,0.0,ec9209968f3fd5ba1707b85a506d8b2e02ceba37b9a64f84dcc12ef14fc67ba7
tracking,me5418-scenes-v1-0488,formal-g024,tight_layout,960,0.0,0.0,0.04568690292407547,0.04215918068701626,0.04194626578054813,,0.0,0.0,7f7765fc2a7846c5d73e4c019e20e7348bf3789f01d34a6ed3f14e5d1176d03c
tracking,me5418-scenes-v1-0504,formal-g040,far,960,0.0,0.0,0.016687921786469776,0.015272226956181932,0.01519917563857459,,0.0,0.0,1a5f451a4f2efd356c2912f048479720b8d8017aa0a7fc92253513859500bf98
tracking,me5418-scenes-v1-0515,formal-g051,near_link,960,0.0,0.0,0.045176624726916165,0.041696053086085344,0.04148278293184513,,0.0,0.0,056d754b79877f85093130776adf5bd0789a50de06f17057b5d20ca289d24484
tracking,me5418-scenes-v1-0525,formal-g003,near_link,960,0.0,0.0,0.02226266538850159,0.02040524740252706,0.02030151212880452,,0.0,0.0,47bbe8f5cdeb86df5f5d9c3cdb33e24baeeea6eeead66ce7d0d76d2ba6282723
tracking,me5418-scenes-v1-0532,formal-g010,far,960,0.0,0.0,0.02984871128481366,0.027611313324207028,0.027471910735188034,,0.0,0.0,cb313a1d7aca8b7be8db9a3170afd9ec969484bb4397562b60e7c1d24ab35f50
tracking,me5418-scenes-v1-0535,formal-g013,near_link,960,0.0,0.0,0.0244128479806681,0.022454639146230186,0.022340765659730463,,0.0,0.0,0647cf156c31b1a73175d3c091cb1bc79e68b449905b77e2b911339f7bbdaf2c
tracking,me5418-scenes-v1-0537,formal-g015,far,960,0.0,0.0,0.05061610585428463,0.04615984471374862,0.04591777887521618,,0.0,0.0,7e675bed827bf9fa0b1fd4ac3ea23b4cef5279e1e980d716cb85b1fd4e25b7fc
tracking,me5418-scenes-v1-0543,formal-g021,near_link,960,0.0,0.0,0.05491790459113648,0.050318895633863985,0.0500628947602639,,0.0,0.0,b1fa6af1e5a09641ea29b26abe199eebe0138179a5fe1437972356306ea2e14d
tracking,me5418-scenes-v1-0546,formal-g024,tight_layout,960,0.0,0.0,0.02194018391798881,0.020139570554752167,0.020042946695821972,,0.0,0.0,5a20e1afbd228a51345ef363e24d06d78811bf74d821fb769411fc13d85b45ea
tracking,me5418-scenes-v1-0562,formal-g040,far,960,0.0,0.0,0.021929774497294406,0.020030926381299833,0.019931779119726243,,0.0,0.0,a870b90a7dcdc80ac6ee111a3fd6733b0e236f9138836603e3ebdc2248ade9e9
tracking,me5418-scenes-v1-0573,formal-g051,near_link,960,0.0,0.0,0.04211392414565009,0.0384320922217123,0.038231199054966185,,0.0,0.0,6ed8b02af0d112b67468a6c57716636ed32a3aefa32ea2ac56e5afac75c973bc
tracking,me5418-scenes-v1-0583,formal-g003,near_link,960,0.0,0.0,0.04588360471734559,0.04215929697037911,0.041941230162997084,,0.0,0.0,14cbdfdba0357ef12d394f12596823f8f9e69cadada5378075857a7368c54f87
tracking,me5418-scenes-v1-0589,formal-g009,tight_layout,960,0.0,0.0,0.054906110505679555,0.05016693734111073,0.04990563577651216,,0.0,0.0,b810f331f3cf13985b910241b4f145fd350d9cd5e1375fbc4ecaa459ce89e0f1
tracking,me5418-scenes-v1-0590,formal-g010,far,960,0.0,0.0,0.014549207832114674,0.013303557428159614,0.013238571276100335,,0.0,0.0,a1abeefd44606efe61ee34f7f5d6442870e3a39a3aa78bfee5959a8127a79895
tracking,me5418-scenes-v1-0593,formal-g013,near_link,960,0.0,0.0,0.03649341174127855,0.03377490574926751,0.033603638735639235,,0.0,0.0,2824d5b6a83c3ce1e4ece9d8b61b86be60370c06137b5d1b80fb7db94b4b23b0
tracking,me5418-scenes-v1-0595,formal-g015,far,960,0.0,0.0,0.04523213369506335,0.041373274543661735,0.04116969893282497,,0.0,0.0,b400b38b67a57eb21795934608e7fc8c4cc9ccaa8456eb904e7b9193c45eeabf
tracking,me5418-scenes-v1-0601,formal-g021,near_link,960,0.0,0.0,0.024442206323656075,0.0224559088234551,0.022343995879687068,,0.0,0.0,8466567bb1945057cfec751963ecfd4bceb83b460c8ee5b9b89add6e05ca8e99
tracking,me5418-scenes-v1-0608,formal-g028,near_link,960,0.0,0.0,0.056202505902620825,0.05154032247552782,0.05127256163009688,,0.0,0.0,1c9cf8d1c40e72b9d3bc911a5f16e848026e32a0886450bf3891468f57169f83
tracking,me5418-scenes-v1-0613,formal-g033,near_link,960,0.0,0.0,0.05673952131270526,0.051750516933564236,0.051487589501157255,,0.0,0.0,a6142fbfca268c4df77db3c8dcee61f28845ef1ec57e84b6cabc01b9430706d8
tracking,me5418-scenes-v1-0614,formal-g034,tight_layout,960,0.0,0.0,0.03886433361368066,0.03613231886250497,0.035949918652990874,,0.0,0.0,99777c63f10b21f090be849883c0e0d427652a501642a1f20bf7268307892295
tracking,me5418-scenes-v1-0620,formal-g040,far,960,0.0,0.0,0.02506596490501741,0.022912633788263345,0.022792401070321527,,0.0,0.0,7d07330799ee2652d5d6363e52802b6583980b1f484d65eb9dfa08ba81ca0746
tracking,me5418-scenes-v1-0641,formal-g003,near_link,960,0.0,0.0,0.02280462916229012,0.02085825174966143,0.020757412303988896,,0.0,0.0,d8312dd2b218d5d5f03bd1f01f1f87160eb7ea82189b5f86b009c1007321deab
tracking,me5418-scenes-v1-0648,formal-g010,far,960,0.0,0.0,0.025465937660122957,0.023415945733155353,0.023293626948298164,,0.0,0.0,973aad0ded8eaad90c0002b3194af08091fb7b2be527838c48a95bff293916a8
tracking,me5418-scenes-v1-0653,formal-g015,far,960,0.0,0.0,0.03467310891314254,0.03155314012237198,0.031391546386426515,,0.0,0.0,d5b3915dc305d41dd81a99c7c2ebc01b1393d2c31ebb3c3d335ab7aa3eae1ec2
tracking,me5418-scenes-v1-0659,formal-g021,near_link,960,0.0,0.0,0.03783203315721606,0.03504371697804965,0.034865383083511864,,0.0,0.0,091222c55a943d71c1c81795c922e721087f88d0350fbbbf7bee746e0598938f
tracking,me5418-scenes-v1-0678,formal-g040,far,960,0.0,0.0,0.04661322772056368,0.042638342362388934,0.04242051473470024,,0.0,0.0,314f8a5fb99255f85c5a2f83c6c487b3a0f1fee2a82cc2a8439554641bcf054b
tracking,me5418-scenes-v1-0689,formal-g051,near_link,960,0.0,0.0,0.04585635694877606,0.0419225945370216,0.041709659082102,,0.0,0.0,673460ecf3dfba8c4371f892bfed5b3b393f5b790b510dda471d813b4a609dc6
APF,me5418-scenes-v1-0003,formal-g003,near_link,960,8.02167401694033e-05,0.0002281150070965751,0.2184032422401193,0.32080018414122846,0.03609345774993439,,0.0,0.0,6369d0daf007fcdb208864950e20390a140ad73aa3020917d8f28d1c1a68c6ba
APF,me5418-scenes-v1-0009,formal-g009,tight_layout,960,6.653557315602776e-05,0.00020979880325531044,0.2439406472882949,0.35834191990416303,0.0341819233926406,,0.0,0.0,f10be0a2979d3f209219aafb0d1102805d73c82464baf64ab4e64a4feb5de0e3
APF,me5418-scenes-v1-0010,formal-g010,far,960,0.0,0.0,0.02009488582867644,0.01836561597140344,0.018278105553677582,,0.0,0.0,6110667004115aa9e129b7ffdb32fa01b8af306e150c6e86f3947f9f4c29b651
APF,me5418-scenes-v1-0013,formal-g013,near_link,960,0.00010636891759800914,0.0002792271512171032,0.2950047721196979,0.42922376716036115,0.03765447277931972,,0.0,0.0,60590af345bc3378f74c04226f3c94df9061bfa321c1fcb8a8b3a5b7582f763b
APF,me5418-scenes-v1-0015,formal-g015,far,960,0.0,0.0,0.03252306928785458,0.02963392162691579,0.02947811877799808,,0.0,0.0,c49a710f57b171ea1c11d5668d2b8d84116c524a55bf72adb602933e0efe6b2b
APF,me5418-scenes-v1-0021,formal-g021,near_link,960,6.184841265406722e-05,0.00022663296728925764,0.15175879930166786,0.2728583923503139,0.03400043249102022,,0.0,0.0,4e19d52fc9b42cfe9749bbb684866321b97b6b3c2fe5b417c1d5e2c0ed6e0f46
APF,me5418-scenes-v1-0022,formal-g022,tight_layout,960,5.904537814521676e-05,0.00020875377843241553,0.23512267067044565,0.3794755079009152,0.03298974114638079,,0.0,0.0,ba00dc307fb15cd862fb0062f57c51dad8f7ba80e1a07b5340c3cd44a434e58e
APF,me5418-scenes-v1-0033,formal-g033,near_link,960,0.00026164239084147813,0.00032450574783922636,0.17114179842305563,0.3252307532669951,0.044217168931992124,,0.0,0.0,398807a0663e0f07ea5b8c2acfc72e02fe684038f903b02997db6bfda4f55ae9
APF,me5418-scenes-v1-0040,formal-g040,far,960,0.0,0.0,0.042049068363663976,0.03883537225972477,0.03864036402935084,,0.0,0.0,deeb3f88cb414df7a801ab21029434a5f19c003ade9a9ccf43390b2086d0c996
APF,me5418-scenes-v1-0061,formal-g003,near_link,960,8.74356085106157e-05,0.00025627678114997326,0.24784756638542033,0.40529746775698294,0.01909892751795447,,0.0,0.0,ea04f69c35707bcbee32631599cae767b322529d933737da067dddd70dad2fc5
APF,me5418-scenes-v1-0068,formal-g010,far,960,0.0,0.0,0.04027724066792363,0.03700082418458777,0.03681167107449445,,0.0,0.0,8aefcd527e9666d1515b5212edc95f1c80e9967ed3ed5334f5ba829d7c085c5c
APF,me5418-scenes-v1-0071,formal-g013,near_link,960,7.923784259545519e-05,0.0002788596079186542,0.2610230708781446,0.3863705627428769,0.044093082683725277,,0.0,0.0,42d8b3df8124fd1f858e2c46f23505c96e3b910330be33542ec5500aaf1589f6
APF,me5418-scenes-v1-0073,formal-g015,far,960,0.0,0.0,0.03760948749279249,0.03425673962453736,0.03407950262677146,,0.0,0.0,9316027f4c653323c0d68ee6eaeaee3eee5d74c94783907b643564d6686b0c4d
APF,me5418-scenes-v1-0079,formal-g021,near_link,960,0.00018242945879885658,0.00020138911853285883,0.07604061338379821,0.14761215569233116,0.024463978675736697,,0.0,0.0,7b6dc02bc9753b8a25d5c167cdef3e414cfac47a3a0228e4e92e73dc9383e9d5
APF,me5418-scenes-v1-0080,formal-g022,tight_layout,960,0.0001815914492602974,0.00020770985734858136,0.1646235544697789,0.32147122769635245,0.04106769746847097,,0.0,0.0,87bac5c1455773607b9a1b2d33a57c0fd6ad37c038d7077342592e75ec263748
APF,me5418-scenes-v1-0098,formal-g040,far,960,0.0,0.0,0.01784686175766356,0.0163639087245205,0.016284231915448272,,0.0,0.0,857e0711bebf362ae71149b89813c49ee24c867cd679dce2b7ece0183f0b71cd
APF,me5418-scenes-v1-0109,formal-g051,near_link,960,0.00012786156973522804,0.0002340333429968082,0.20481284133108105,0.3401761794064534,0.02899725291248738,,0.0,0.0,76c381f9649c93c07e4abb46143e78cf46964becd4540b8c05111e13433a0a4a
APF,me5418-scenes-v1-0119,formal-g003,near_link,960,8.336622531942874e-05,0.0002641043538969776,0.2548500030912873,0.39270088387742,0.026824811082955438,,0.0,0.0,76cbedf9b3ddb378c0dbf147bcba8b86dd98c53e4c4be9739dda2525f34ea2d8
APF,me5418-scenes-v1-0122,formal-g006,near_link,960,0.0001464863945650712,0.000235621894512066,0.16842232967889648,0.3489541906766081,0.0273163056884997,,0.0,0.0,fa5bb0d6e6ba2ef8c4b30a1936e6c09fd8019e10058afd0b505cc06fdfabad19
APF,me5418-scenes-v1-0126,formal-g010,far,960,0.0,0.0,0.018451464010126938,0.01687180449190411,0.01678659602193495,,0.0,0.0,08a9cc00aad33f1bc8682a2c10264580dcdaf12d6e6a19807baad0f3d53e1293
APF,me5418-scenes-v1-0131,formal-g015,far,960,0.0,0.0,0.025703429103473518,0.02339807260060116,0.023279028405716957,,0.0,0.0,d702216b5d72af1a894fc9b2184fbc000b4b37682f40047ef47f21df6630f110
APF,me5418-scenes-v1-0137,formal-g021,near_link,960,0.00015861911908821233,0.0002126956691825532,0.2735034198905363,0.4846539806276953,0.021608386730338807,,0.0,0.0,61d3701fc1f72c66bff7feb61ee0c73d089451e78967a0620d3d3540e395f77d
APF,me5418-scenes-v1-0156,formal-g040,far,960,0.0,0.0,0.02427426503435454,0.022280037030422233,0.022170286864594713,,0.0,0.0,a610a1d50680f4eaa801048839c70286840b086c26283a34efdef0ed2d557150
APF,me5418-scenes-v1-0160,formal-g044,tight_layout,960,0.0001279991385581622,0.00022513317952773808,0.2365266916776663,0.4187644803580097,0.03210272469375758,,0.0,0.0,2a66aeecc3aecd773af9a969abe086612dbf4c5fdcd4e5b32b349501448218e5
APF,me5418-scenes-v1-0167,formal-g051,near_link,960,9.436405225922235e-05,0.0002520437960717052,0.1695012719436757,0.27687276303930636,0.015767421397779313,,0.0,0.0,b7da4d413d204fa755ef911e50dee0bed3abfeae65a77ad56fc01f51c90fc2ae
APF,me5418-scenes-v1-0173,formal-g057,tight_layout,960,6.0048955439616995e-05,0.00022871608559430005,0.35584607530559065,0.5312357769633473,0.042124063247497213,,0.0,0.0,91ea5c13934ff2f37bb1caa52ccce4cbea7cd034333108be78b0ddff2eac2eba
APF,me5418-scenes-v1-0177,formal-g003,near_link,960,3.707404682360412e-05,0.00016649102111619191,0.13984927491146482,0.219554646900883,0.032322059056613305,,0.0,0.0,cfd5030ca6bb8389a59e3f11e45a307b1e3bfbd7685dc9a76076e5768649f30b
APF,me5418-scenes-v1-0184,formal-g010,far,960,0.0,0.0,0.018444221263182358,0.01689857569890611,0.016811724385704975,,0.0,0.0,93eafa73ceb24fcf75faa1751f31fb06f0727d57fcd7a705a88e7ea7f153a511
APF,me5418-scenes-v1-0187,formal-g013,near_link,960,0.0001981751761984676,0.0002388153662446354,0.17279123426693052,0.32274458415999924,0.033448493294097256,,0.0,0.0,6b68078d7c0c6015b2f26a85f7af30adf95a11c5b9ecc167f3a9d097a15b8629
APF,me5418-scenes-v1-0189,formal-g015,far,960,0.0,0.0,0.04256989733171235,0.038776124767556854,0.03857883246466807,,0.0,0.0,9ed510aed67a4621abedaec249af64952fbc26ca35eddefca007d123ac874261
APF,me5418-scenes-v1-0195,formal-g021,near_link,960,0.00014829685662189935,0.00020408112164813907,0.15073689595121278,0.28893156599202097,0.0315847973627467,,0.0,0.0,88b6b0b376ebbf99fb96a6cf78a17903d797e88a336c90097916fa409277e14b
APF,me5418-scenes-v1-0207,formal-g033,near_link,960,0.0002526689819182759,0.0003437323548348821,0.23240382050541133,0.44830834945603415,0.047380517019187385,,0.0,0.0,b555f1bda2da851034610ace74380bdaeb975cf40ccef7c33b7b14aef9b2f2ba
APF,me5418-scenes-v1-0214,formal-g040,far,960,0.0,0.0,0.044221461544300796,0.04043291576539178,0.04023416645747022,,0.0,0.0,810245bd0c76de81ab46cceb48678855e9101ec1e2f5ee4e860e537d69868b9b
APF,me5418-scenes-v1-0218,formal-g044,tight_layout,960,0.00017388996433824876,0.0002537772564885658,0.09189358720573525,0.1726188898416795,0.03604824744441031,,0.0,0.0,ad9ef5bc5dc9d96c7f90365e6d32081758a29c90643e730a8e1ee9891b0878dc
APF,me5418-scenes-v1-0225,formal-g051,near_link,960,0.00013194743083301243,0.00026547546627542646,0.1986849388129446,0.3843707798941754,0.021074861653995688,,0.0,0.0,36200fc652ab4019d5828172cd41f2655c886cca4bcbb4a3cb90dfa3743adf71
APF,me5418-scenes-v1-0235,formal-g003,near_link,960,5.871506991959313e-05,0.00023153392340741183,0.17400145822534419,0.2561922546114846,0.022210524967358997,,0.0,0.0,070463b9517bc434da3a9f66522b026c088205465bfd3f3f8bf983f29dd21b25
APF,me5418-scenes-v1-0242,formal-g010,far,960,0.0,0.0,0.019401788652198115,0.017814837012659703,0.017727221461606376,,0.0,0.0,94f014d34d8964d9720559ed76e8166d22f6494fb01140295fe4403826b58e42
APF,me5418-scenes-v1-0247,formal-g015,far,960,0.0,0.0,0.06239303708370971,0.05706783685415084,0.056775092386848414,,0.0,0.0,154ee9b2054c8037ad553433ba28c39895b4fe1507b168a45bd076a55f7a6f49
APF,me5418-scenes-v1-0253,formal-g021,near_link,960,0.00017512523227235173,0.0002321514948859272,0.2124998065358652,0.35231786085882366,0.04785229314699522,,0.0,0.0,3ec2da5b11381ce6875939355f691e91fd097adc9983ab0c4116c2b3644a445b
APF,me5418-scenes-v1-0260,formal-g028,near_link,960,6.114919612006688e-05,0.00016496504866016023,0.1938452639777023,0.32022215749166727,0.023087454827645102,,0.0,0.0,a59e92fa2dfedfc89c72476afec20f06b280955dc34161356ee047994e18faa8
APF,me5418-scenes-v1-0272,formal-g040,far,960,0.0,0.0,0.04316813766534471,0.03989060472770285,0.0396871588857439,,0.0,0.0,20f0823641dfe134f3a79f125438706b5de02cedc8e38022eceb4878bbc956f5
APF,me5418-scenes-v1-0276,formal-g044,tight_layout,960,9.898949917067056e-05,0.00022318577441905144,0.23509508554731065,0.3855606455879647,0.04209038511211302,,0.0,0.0,a2c46e3d4965a4cdaf57c3c6ded732cfb5d21fb835be1f7f7186ae174c3b7974
APF,me5418-scenes-v1-0283,formal-g051,near_link,960,0.00012750889716582617,0.0002894472334674669,0.16484951277502438,0.3222317227369366,0.015708012447738798,,0.0,0.0,e22054967104fee14a4db5c3bebbb4583fc46dfa86116148702087be95c43905
APF,me5418-scenes-v1-0285,formal-g053,near_link,960,7.967737535615222e-05,0.00022502989465167101,0.2675229031860555,0.4131224441815048,0.0247112055208354,,0.0,0.0,45058d62c38da76f278ed8b851061ba85d1b823126e8e96de218d16721d4ff4f
APF,me5418-scenes-v1-0289,formal-g057,tight_layout,960,7.95314200919162e-05,0.00020023165372680846,0.3231038181250068,0.4092846091134712,0.033161152085822404,,0.0,0.0,45c966bf279bdfe3a1d438ff6168f59ef12587416c627272ec7659159373029b
APF,me5418-scenes-v1-0293,formal-g003,near_link,960,6.84737591275126e-05,0.0002733303874442001,0.2095592137507148,0.2862577952609589,0.03191968426574344,,0.0,0.0,6d94d19fd86ceeefad58a5e72389ac562cfcb8b0531db3c35fcd24f55a81f6b5
APF,me5418-scenes-v1-0300,formal-g010,far,960,0.0,0.0,0.0233056980233477,0.021334582593497815,0.02123675066268846,,0.0,0.0,1276c886d9760f92c14e79400f1789c621a5abf39a217570153d653b13a23f86
APF,me5418-scenes-v1-0303,formal-g013,near_link,960,0.00030274512856586465,0.00031149168226962513,0.06780506116936401,0.13071348857718812,0.021177074786564665,,0.0,0.0,e53d14ba73129c86f1191f6259f7c90e46c3d69154524ea53ec5162235ee2484
APF,me5418-scenes-v1-0305,formal-g015,far,960,0.0,0.0,0.043081559439429706,0.03923543181052109,0.03903193397304832,,0.0,0.0,152ce7e3f540b64ed8971483251dfd573ed82bc77a486769f7c37fbf0755be19
APF,me5418-scenes-v1-0311,formal-g021,near_link,960,0.00012466240599897366,0.0001957044260246341,0.03138568587935588,0.052223619343641794,0.020195156504332096,,0.0,0.0,2fd0e7ef00e17ec6968eeab243e87106f035dd11f98c229ab1e3fbe30bca5051
APF,me5418-scenes-v1-0314,formal-g024,tight_layout,960,0.00013240870194669723,0.00023845705892361794,0.1888745510897167,0.2817476044634597,0.03232807221184415,,0.0,0.0,978beeb1856154f0690a8bc822a4dbcf9584fe4cda76e79b970df9096c5fc675
APF,me5418-scenes-v1-0316,formal-g026,near_link,960,5.959359621930364e-05,0.0002598655635092313,0.27299458407613797,0.3928237644579385,0.03378773419602111,,0.0,0.0,69142dcbe3983dcca4595bd7c01a1dde39b137bf673dd363c2ec23a7c63850f3
APF,me5418-scenes-v1-0330,formal-g040,far,960,0.0,0.0,0.04443589062866118,0.04078109767478673,0.040579160092906776,,0.0,0.0,6d6cf0091924a6bb043e5b532d3952c572cdd542b9b9934bca71f3a7854e5042
APF,me5418-scenes-v1-0341,formal-g051,near_link,960,9.699413223632611e-05,0.0002139480518364921,0.16032378448832293,0.2736602506246026,0.030861301868743817,,0.0,0.0,40a81b068f70650b0d92dffefd13ced8f6eb9874b14f9eda40abc3496184ac3f
APF,me5418-scenes-v1-0344,formal-g054,tight_layout,960,0.00027000639316783156,0.00027997426057374666,0.07786705905298542,0.13032160848121446,0.045342244887647674,,0.0,0.0,878c14ef2a005e2346ee33100292c1584a0c655e8a00aed649dea523655305d5
APF,me5418-scenes-v1-0351,formal-g003,near_link,960,0.0001615450291902611,0.0003598811415708989,0.20340693988929548,0.3400436285751563,0.04590415565090811,,0.0,0.0,f786c02a6c37f643524119396a24f12184b0b07a028b9f51ad59f6be49445b0c
APF,me5418-scenes-v1-0357,formal-g009,tight_layout,960,2.7299373853923087e-05,0.00015947809453940534,0.27014790879438844,0.45923926106122903,0.033242886408503376,,0.0,0.0,af4581c9758c34016db74460330fabcb0b4248dfd761f65887cf0a1a91b94dc7
APF,me5418-scenes-v1-0358,formal-g010,far,960,0.0,0.0,0.016165046952487074,0.014811569030944717,0.014740603680492426,,0.0,0.0,e6bbc20caeb565c7c4594b7e2f8fda5dededa29cb457b84f10c7f493dba8e7bf
APF,me5418-scenes-v1-0361,formal-g013,near_link,960,0.00022688143219383447,0.00025615651711532854,0.10802909497762524,0.21363819611552917,0.01728188145752919,,0.0,0.0,7ff87b2e7c7d1455fc68c8234af6a8757a71db5fe0adc1d6e78adcb90e1a200d
APF,me5418-scenes-v1-0363,formal-g015,far,960,0.0,0.0,0.03601018063174098,0.032838338071523296,0.032670852317098646,,0.0,0.0,fbece149f42cb3347162db044fabbbd6112a35f38c09e03d26566e92a511a8fd
APF,me5418-scenes-v1-0369,formal-g021,near_link,960,0.00015268224785320236,0.0002061653137104246,0.06279653890788234,0.12332843213988413,0.015773374845302283,,0.0,0.0,bde6ace870a67bf0d0a368014a98edfbbe671bd4bad68b4b7b099fe22229fb0f
APF,me5418-scenes-v1-0388,formal-g040,far,960,0.0,0.0,0.02279313003318979,0.020851121480232784,0.020748743165803815,,0.0,0.0,1dac0d2f7995031fbf1a4abce939e5bf7bca8b5deb8181348dcb198b3c09e6d6
APF,me5418-scenes-v1-0399,formal-g051,near_link,960,8.352154948056869e-05,0.00021921597073564422,0.09377376366841024,0.172199015451785,0.01756794654105109,,0.0,0.0,c28584d2856bf37a2cc86ae6536536f8cfa12b25223a185f2ca9df83dda44f3c
APF,me5418-scenes-v1-0409,formal-g003,near_link,960,0.00017860501082446172,0.0003113060945506033,0.1726563730994591,0.3033074211730954,0.02350381056320444,,0.0,0.0,3a6fc3bbeadd8157a69001ec7db0c03317bd27fedc7353d8333beec89bc9f32b
APF,me5418-scenes-v1-0415,formal-g009,tight_layout,960,6.67856866287841e-05,0.00021130750826331787,0.23298610061622382,0.38270034360965566,0.05218517099543999,,0.0,0.0,4c44a5b4204f11b31b502d5c7955d93fadb512a85ec33a4df23841691395d561
APF,me5418-scenes-v1-0416,formal-g010,far,960,0.0,0.0,0.023272477773791225,0.021418445590486015,0.021309002688973847,,0.0,0.0,a59107d4bd59db45cbdaa0e5ef5261bbc2818b3a75faaf954f76e3afa438d321
APF,me5418-scenes-v1-0419,formal-g013,near_link,960,6.762572352544883e-05,0.00017509218674997842,0.13010413743162488,0.18329850570276948,0.02364943841800238,,0.0,0.0,34101bf2b9ba91adc24d2e74ab110786a4173a93ff339726d8b686414fb0b1b1
APF,me5418-scenes-v1-0421,formal-g015,far,960,0.0,0.0,0.0503438505350631,0.04588942291773321,0.045654068797905345,,0.0,0.0,357ad24b68d47ed7fdb6915c89408dfd02250b457d7e9f8c98715a457a93d92a
APF,me5418-scenes-v1-0427,formal-g021,near_link,960,0.00013990813349062532,0.0002150306848080066,0.11306372730835662,0.20950476979416618,0.02172695823096435,,0.0,0.0,9be980c6e1172b693793def303443e031b04ab5b36d73dd5e6e83e81b830dfbb
APF,me5418-scenes-v1-0446,formal-g040,far,960,0.0,0.0,0.04502861027861288,0.04159016909451418,0.04137690313840751,,0.0,0.0,0ffa29bb73faa73ec6e7943256917fe9c71e472f6d3d1d007395b2bff3de48d8
APF,me5418-scenes-v1-0457,formal-g051,near_link,960,0.00012565542569109076,0.00027112296039516335,0.17141202548075163,0.34357024362739336,0.023553787531344062,,0.0,0.0,ef97dab4c68d35eb256555462556835a39bd9f57e35203c01a6527efec0e31bb
APF,me5418-scenes-v1-0460,formal-g054,tight_layout,960,0.0002756094598590919,0.00032602549084379836,0.06394767724756001,0.1053866244257068,0.0292663954221097,,0.0,0.0,4aefcae707e339de619e6f31843ecca4da684b7b38ab3de55e2037d9926381d9
APF,me5418-scenes-v1-0467,formal-g003,near_link,960,5.9651105487970025e-05,0.0002189637498374055,0.19002139463682896,0.29515460213314354,0.015495297624069718,,0.0,0.0,1b83db4600cde0314e0339ea7f1e4f7feda126c4e309eaf74be832fd57a90a35
APF,me5418-scenes-v1-0474,formal-g010,far,960,0.0,0.0,0.030029455953875298,0.02772786361349103,0.027587312243842973,,0.0,0.0,c191f2c0a38aca04b779f6ccea71bf2a00ba93b00c3fe66d450bb6016e9b8b17
APF,me5418-scenes-v1-0477,formal-g013,near_link,960,0.00032468179306837443,0.00032911682638313484,0.060202101119516814,0.1148070335784539,0.023247680586929276,,0.0,0.0,872fc9d223acaf3afbb695e52878e195421c097f03e4b1dffb302001e7223449
APF,me5418-scenes-v1-0479,formal-g015,far,960,0.0,0.0,0.05297841003896868,0.048333626219013874,0.04808477297261157,,0.0,0.0,1fc54701d241c2ecb4eed8f50d9e6b206e469b45f61eae04f9bd742138099d8e
APF,me5418-scenes-v1-0485,formal-g021,near_link,960,0.00012195086009511935,0.0002020039361486696,0.15326534690924262,0.2852531775731212,0.0389057907330437,,0.0,0.0,0ed72d3eb742222c04280a281ca73739bd6701083dfc89f72da59f6e971be6e0
APF,me5418-scenes-v1-0488,formal-g024,tight_layout,960,8.814886987717718e-05,0.0001833012629978681,0.14019824868257239,0.21981824959752777,0.040528230545602915,,0.0,0.0,926da58fd4617681ce8b8e86384a5cce676dccd5adc72c2ac2f9c695ba5e18e7
APF,me5418-scenes-v1-0504,formal-g040,far,960,0.0,0.0,0.016687921786469776,0.015272226956181932,0.01519917563857459,,0.0,0.0,1a5f451a4f2efd356c2912f048479720b8d8017aa0a7fc92253513859500bf98
APF,me5418-scenes-v1-0515,formal-g051,near_link,960,0.00010596595222174605,0.00021135395049838059,0.14183987393454645,0.21472284550736964,0.041108436030474586,,0.0,0.0,d965098a27aced4be8f373930cd2c20d1c251e8fcc74a51639c35d3da0117af8
APF,me5418-scenes-v1-0525,formal-g003,near_link,960,5.5426355426013065e-05,0.00022530729781305715,0.1753763110812451,0.26568547043430313,0.020349673776692334,,0.0,0.0,019717abc9d4cc87b6640a647bc42df6ebef58265c6bed1911da896d6dee9a83
APF,me5418-scenes-v1-0532,formal-g010,far,960,0.0,0.0,0.02984871128481366,0.027611313324207028,0.027471910735188034,,0.0,0.0,cb313a1d7aca8b7be8db9a3170afd9ec969484bb4397562b60e7c1d24ab35f50
APF,me5418-scenes-v1-0535,formal-g013,near_link,960,9.694574923267455e-05,0.00019970277312859154,0.21576363641516644,0.3809631394039437,0.02398560196266045,,0.0,0.0,9db0a092c9d422fcd01aac3f32e7574c4680add4362626a175dc33e41b97b2aa
APF,me5418-scenes-v1-0537,formal-g015,far,960,0.0,0.0,0.05061610585428463,0.04615984471374862,0.04591777887521618,,0.0,0.0,7e675bed827bf9fa0b1fd4ac3ea23b4cef5279e1e980d716cb85b1fd4e25b7fc
APF,me5418-scenes-v1-0543,formal-g021,near_link,960,0.00011484965170883638,0.00020694001140396213,0.07778232100685638,0.12372761334415439,0.04896778139400402,,0.0,0.0,e4684061fe21dedbab78a341053b032e1d4a8a2dd82571d4273740b0435a4665
APF,me5418-scenes-v1-0546,formal-g024,tight_layout,960,9.922527625253243e-05,0.00017199307595354332,0.20027747797610368,0.34762587889933,0.023416053703453957,,0.0,0.0,48fbbf2db12b626546d1355922433a25856d9caaa8d15e04271a28e4b1f07d17
APF,me5418-scenes-v1-0562,formal-g040,far,960,0.0,0.0,0.021929774497294406,0.020030926381299833,0.019931779119726243,,0.0,0.0,a870b90a7dcdc80ac6ee111a3fd6733b0e236f9138836603e3ebdc2248ade9e9
APF,me5418-scenes-v1-0573,formal-g051,near_link,960,9.021305071826432e-05,0.00022537554288996501,0.19533633558048547,0.32778471655168817,0.041648757444978465,,0.0,0.0,d197ea87ed9b5cea0a9ee0a2a69e72d80c570722cf90f8ed7ea125dd7c2f2889
APF,me5418-scenes-v1-0583,formal-g003,near_link,960,7.082195706941111e-05,0.00022364647337788936,0.2089072472978204,0.30721559289029493,0.04046174697794034,,0.0,0.0,853795ee2d6d15d54f6e7cdd8869258d78a4225a124a4367563b6f89eb069065
APF,me5418-scenes-v1-0589,formal-g009,tight_layout,960,8.776918051328644e-05,0.00021583684656179862,0.18447064230850949,0.3424103760694174,0.053087930125851994,,0.0,0.0,8e24bcacf15c8931bb4eb9e523f43e6ee45831e4837a278034543a18ec496395
APF,me5418-scenes-v1-0590,formal-g010,far,960,0.0,0.0,0.014549207832114674,0.013303557428159614,0.013238571276100335,,0.0,0.0,a1abeefd44606efe61ee34f7f5d6442870e3a39a3aa78bfee5959a8127a79895
APF,me5418-scenes-v1-0593,formal-g013,near_link,960,0.0001361005088230106,0.0002339156309847729,0.10400897929114598,0.20518139942932298,0.034201547111655045,,0.0,0.0,f55208bcfaf69dd75fa876bcdbb98a4a2f1567f3f70b91aeea653dde875d40c9
APF,me5418-scenes-v1-0595,formal-g015,far,960,0.0,0.0,0.04523213369506335,0.041373274543661735,0.04116969893282497,,0.0,0.0,b400b38b67a57eb21795934608e7fc8c4cc9ccaa8456eb904e7b9193c45eeabf
APF,me5418-scenes-v1-0601,formal-g021,near_link,960,0.0001189575281962027,0.0001387747675064453,0.05995201275356634,0.11748472209972029,0.021780147983901755,,0.0,0.0,62f40aee9055f7fd034fcd4b4ccf97dd1c5681168995a9cde08c365083a65864
APF,me5418-scenes-v1-0608,formal-g028,near_link,960,0.0001829017520379616,0.00023460245130169937,0.1314981678962695,0.2337937346155953,0.05306433807538994,,0.0,0.0,3bbc5391bffd90fc0def0ec166b94c273452c43d6bf116bd1a69e7d25c3d28d1
APF,me5418-scenes-v1-0613,formal-g033,near_link,960,0.0005175696977410824,0.0005292244675586648,0.12270623650150606,0.23121310884532079,0.05967158172523524,,0.0,0.0,bb889bc6e5f890e2f84df5af5c07204df2ff03806b8dbf2c550ce2db5740b0f1
APF,me5418-scenes-v1-0614,formal-g034,tight_layout,960,0.00015277258199264485,0.00024567625687350224,0.18338577815490148,0.3120360086253592,0.04096494534181654,,0.0,0.0,f968fe5c9d5dbbfb323d4a3606ec66f9b41fd259c46999e400b5471c6b924145
APF,me5418-scenes-v1-0620,formal-g040,far,960,0.0,0.0,0.02506596490501741,0.022912633788263345,0.022792401070321527,,0.0,0.0,7d07330799ee2652d5d6363e52802b6583980b1f484d65eb9dfa08ba81ca0746
APF,me5418-scenes-v1-0641,formal-g003,near_link,960,6.366457973395315e-05,0.00023258669353416755,0.2172812467991416,0.3109025334875195,0.020061821634832482,,0.0,0.0,2a2dae205e92c635e9170b5a0e3daf8768a0975419296b26ab365df8fe4286bc
APF,me5418-scenes-v1-0648,formal-g010,far,960,0.0,0.0,0.025465937660122957,0.023415945733155353,0.023293626948298164,,0.0,0.0,973aad0ded8eaad90c0002b3194af08091fb7b2be527838c48a95bff293916a8
APF,me5418-scenes-v1-0653,formal-g015,far,960,0.0,0.0,0.03467310891314254,0.03155314012237198,0.031391546386426515,,0.0,0.0,d5b3915dc305d41dd81a99c7c2ebc01b1393d2c31ebb3c3d335ab7aa3eae1ec2
APF,me5418-scenes-v1-0659,formal-g021,near_link,960,0.00010373318777748023,0.00020757931517781234,0.11856384178186162,0.21466866325986578,0.03435103237710993,,0.0,0.0,1f568f32a395a7b3fc515fa4a9396a626f1c82db22da44f75bad8c0fd876a919
APF,me5418-scenes-v1-0678,formal-g040,far,960,0.0,0.0,0.04661322772056368,0.042638342362388934,0.04242051473470024,,0.0,0.0,314f8a5fb99255f85c5a2f83c6c487b3a0f1fee2a82cc2a8439554641bcf054b
APF,me5418-scenes-v1-0689,formal-g051,near_link,960,0.00020010481164676365,0.0002745949522334022,0.18985877909579352,0.30950628038007366,0.04239565602757644,,0.0,0.0,ff8ee79d5767435579f8c745a586006264e6db74cc2651353d4e81e8a7368636
PPO_best_550901,me5418-scenes-v1-0003,formal-g003,near_link,960,0.0001509115349351679,0.00018951555321850718,0.620240844976186,0.4200530386685235,0.04268962961288134,0.0863095238095238,0.0,0.0,2a0c5cdc5f8876af47f6f64bd797f81a3cea12c68c789a2b6b11831e9cec534a
PPO_best_550901,me5418-scenes-v1-0009,formal-g009,tight_layout,960,0.00024038567015368542,0.00025900752286323866,0.2573111855451291,0.18894885796081007,0.043647144914270825,0.5022321428571428,0.0,0.0,a8b3f8642e3220a78eed5c3a1594a10d2d813ef48f1fd2f5c9c2c0ff7cf5e87e
PPO_best_550901,me5418-scenes-v1-0010,formal-g010,far,960,0.00014140012742915379,0.00015887607758543264,0.17453522860911647,0.07484107870581565,0.029486950203624403,0.42857142857142855,0.0,0.0,19446e1df3c0dfb829840fb2ed262fb181340e4a2e2e9a255470a4325785ce10
PPO_best_550901,me5418-scenes-v1-0013,formal-g013,near_link,960,0.0001718851037204579,0.0002745945123201504,1.1710434035281387,0.5868504356069234,0.04448688815224547,0.4806547619047618,0.0,0.0,02c1c4e6fffa31017645c1aa5470a55d0dce1683b62f0631c698507eb5570fba
PPO_best_550901,me5418-scenes-v1-0015,formal-g015,far,960,0.00014231642160321965,0.0001602821718049498,0.17762548291685407,0.07776081555982238,0.036475421041178936,0.42857142857142855,0.0,0.0,ab26e83399b96cb9e49f53ff5cc220fcbf7a4d43c8e74af46dee19d4f9953d76
PPO_best_550901,me5418-scenes-v1-0021,formal-g021,near_link,960,0.00011525782181794593,0.00015532287334222113,0.3964453662161148,0.2780087927403828,0.03701703377204625,0.4583333333333332,0.0,0.0,de15b09b1100ade45f4640d58689d41f148ec2e57e581d56992ef933d43906c9
PPO_best_550901,me5418-scenes-v1-0022,formal-g022,tight_layout,960,0.00022939257520049677,0.00027150904390455265,0.3025973939404325,0.18947767367211496,0.048883107441300845,0.5066964285714285,0.0,0.0,962695f6b4700692b08e06547e613693161ca4dc3a0534f830b65762eb0edb9a
PPO_best_550901,me5418-scenes-v1-0033,formal-g033,near_link,960,0.000137211836991543,0.0001547282145808954,0.3696790828694682,0.31777694663896866,0.04913971007593745,0.06026785714285712,0.0,0.0,4757aa614d2ec3211fca80a280454ead26c06b24c06b409a931acea9bb7cc5af
PPO_best_550901,me5418-scenes-v1-0040,formal-g040,far,960,0.00013723286949491163,0.00015978864846173592,0.17836643310822792,0.08673395967930148,0.04468847820725209,0.42857142857142855,0.0,0.0,704f65b13e63a2020d3b8e7e0db56e631a22163d534e6f6cdbb7c9151fce0f71
PPO_best_550901,me5418-scenes-v1-0061,formal-g003,near_link,960,8.559844214814297e-05,0.00010022289868817739,0.22462845450787136,0.11040343192523067,0.0227964644380655,0.14285714285714282,0.0,0.0,1e774d7175b757aee6aa10fd8f2a80c28b0807c2d60ab99dc062f749a45ec874
PPO_best_550901,me5418-scenes-v1-0068,formal-g010,far,960,0.00014866513825270174,0.0001731136821918075,0.17296631953055722,0.08588860129722038,0.04679973367935041,0.42857142857142855,0.0,0.0,9a0a4ac24ce59366a9c0598512147d1ce039f439377e364bacb038a3a017a160
PPO_best_550901,me5418-scenes-v1-0071,formal-g013,near_link,960,0.00016872366421934962,0.00026325359240553914,1.179217103716677,0.5676038757815425,0.05827110313722258,0.4947916666666666,0.0,0.0,9ea3557c9fa0db8dd295b533160aa7ef0a11d7ea542c69efc0175fbac551bc44
PPO_best_550901,me5418-scenes-v1-0073,formal-g015,far,960,0.00014401281936665,0.0001610273742782685,0.1793440410996712,0.09102008812192565,0.04230804681285569,0.42857142857142855,0.0,0.0,4e81cc50d428a153f66d9ca08f9c40265dbc3cfb9a2672da74bd0d74322412cc
PPO_best_550901,me5418-scenes-v1-0079,formal-g021,near_link,960,0.00010413721154291826,0.00016926109120778251,0.30554950117249813,0.16953757980312154,0.03079374497787084,0.5572916666666665,0.0,0.0,2edb2928e7ff39e4cb5cb1cd7f8f789c18dd8eec348c28524261167df849cdd1
PPO_best_550901,me5418-scenes-v1-0080,formal-g022,tight_layout,960,0.0001768406174259782,0.00026126810856531114,0.19073784310126202,0.14204534105155012,0.054095462669059936,0.5714285714285713,0.0,0.0,46fa0f89c6ac577594ef968c243b11416f4f6fa981d7202be32ba361190b2439
PPO_best_550901,me5418-scenes-v1-0098,formal-g040,far,960,0.00013741494681591,0.00015833052055845025,0.17179403270867571,0.07211865838878723,0.029943017378791497,0.42857142857142855,0.0,0.0,27bc40f25f2bde732049be4111b97637ad90438b1a284994c5c7380babd0a1b6
PPO_best_550901,me5418-scenes-v1-0109,formal-g051,near_link,960,9.267136518446399e-05,0.00010920789090537313,0.4297868425017118,0.21007212099606548,0.03560462541897863,0.23065476190476186,0.0,0.0,75842da1dd7189f1e69ca2037999593556cfada4313f312711ad369cdd57436b
PPO_best_550901,me5418-scenes-v1-0119,formal-g003,near_link,960,9.950706587236874e-05,0.00010538847127962702,0.4574454167414498,0.29991762935903266,0.02981811806865077,0.15252976190476186,0.0,0.0,700da3ab41fd2735ba8debd72b8f6aac6ac678a52c599a84feff017fffcddcbb
PPO_best_550901,me5418-scenes-v1-0122,formal-g006,near_link,960,0.00023081413661268541,0.0002712035386093486,0.19958618203087808,0.152296859004771,0.04424534045929877,0.5178571428571427,0.0,0.0,97da9a001ef51044bbc25ed1149df1a6a777b3d1d832fd666edff99cd8080a60
PPO_best_550901,me5418-scenes-v1-0126,formal-g010,far,960,0.00013919264637262915,0.0001573101862196044,0.16788727917069146,0.06934316730262832,0.02898601451655641,0.42857142857142855,0.0,0.0,c23da228ae8e6cace52cb4ab45374368a4c9b259c23a93979b7134d14d077581
PPO_best_550901,me5418-scenes-v1-0131,formal-g015,far,960,0.00014126632873998814,0.00016076061513521208,0.17765106318901575,0.07430846398360734,0.032225865414144655,0.42857142857142855,0.0,0.0,a28452dcba42a77d227841e1bfa816b02ec9ea9b94d0d0165f53efca569f1416
PPO_best_550901,me5418-scenes-v1-0137,formal-g021,near_link,960,0.00013687482568680456,0.00020845672143985933,0.25128615150272987,0.1300776070433852,0.028980991795553426,0.5699404761904759,0.0,0.0,e785f262c0aefc75bb81a6fda69a9ab67e5783892185d2e2c4f4f451cb204cec
PPO_best_550901,me5418-scenes-v1-0156,formal-g040,far,960,0.00013710227399159225,0.00016134133375384185,0.1778793385454837,0.08099865468502637,0.03244524686004118,0.42857142857142855,0.0,0.0,55dc951eead41fdba461afc259b244b4f271c175a4b4d0cb12502fa0792d03dc
PPO_best_550901,me5418-scenes-v1-0160,formal-g044,tight_layout,960,0.00024216469827772458,0.0002831048375703609,0.07147065548255592,0.06879989648576337,0.0447662467546538,0.5260416666666665,0.0,0.0,bbb0a02994305eebe7537a2483cec4a1022ad909d909d0307838fa121bbb22c8
PPO_best_550901,me5418-scenes-v1-0167,formal-g051,near_link,960,0.00014559574431642885,0.00016701607887929413,0.3999980798356862,0.3410558028969426,0.02063459010406136,0.05282738095238094,0.0,0.0,95bb07b105682bbc4deebc6b2b074b69c25700c9e557a9124a6f35b4eea2a350
PPO_best_550901,me5418-scenes-v1-0173,formal-g057,tight_layout,960,0.00017582757089032176,0.0002145662067981553,0.9289515106619151,0.42686105289966403,0.04545118276163434,0.42782738095238093,0.0,0.0,811fdff8082f078832eb7443cb1f846238014910b781c3b0abf1c4194c866fcb
PPO_best_550901,me5418-scenes-v1-0177,formal-g003,near_link,960,6.55162664560202e-05,0.00010616023689492597,1.120681498395664,0.4381057273568255,0.035092440075943,0.09747023809523807,0.0,0.0,781cec95e555e0f01f070de8eb75a94e7e55ce8863c6f34c6a726376b9e68adf
PPO_best_550901,me5418-scenes-v1-0184,formal-g010,far,960,0.00013927311051972904,0.00015731806157750545,0.17030815798264742,0.07169319735184729,0.03016023733067753,0.42857142857142855,0.0,0.0,499ec36e863aad0efb902f6e40aa6c20fb52d1428396b271e507d6b6d97ff590
PPO_best_550901,me5418-scenes-v1-0187,formal-g013,near_link,960,0.00015408662253842665,0.00029577605931843746,0.4556987600016849,0.4789360377454685,0.038431177470828685,0.32217261904761896,0.0,0.0,61717857aedda937719d1d253dabf6fd16a8bfd53c63ab9f77ca302e85a6f91c
PPO_best_550901,me5418-scenes-v1-0189,formal-g015,far,960,0.00014608805545183155,0.00015838723574379632,0.17304887245828338,0.08183561255117892,0.04401899305869652,0.42857142857142855,0.0,0.0,a6c5adc174632ece38c66b377deb821f2d4c749d82afd634c9ea3c53116b0549
PPO_best_550901,me5418-scenes-v1-0195,formal-g021,near_link,960,0.00011006060734762459,0.00018708570446469033,0.29769679695065215,0.16587226504544297,0.03557368580997248,0.560267857142857,0.0,0.0,631ea32e14b66ee4bb1c32920a2573e56e50e2363fea70869775a8b657fb87a8
PPO_best_550901,me5418-scenes-v1-0207,formal-g033,near_link,960,0.00012825169905176194,0.00013271546028493147,0.3809427458391881,0.341157343165368,0.04843122876469332,0.05803571428571427,0.0,0.0,21b74d82b99420d5f087fde609a12f81bb5efefec77e3ad0e2b9acc8730a377b
PPO_best_550901,me5418-scenes-v1-0214,formal-g040,far,960,0.00012816007565830158,0.00015835273836432875,0.17621729857270793,0.0818977284857223,0.041099798497805574,0.42857142857142855,0.0,0.0,57b18269ce1d82d0d010f694415d3a085007d6acffa64d47bd73252d8988f17c
PPO_best_550901,me5418-scenes-v1-0218,formal-g044,tight_layout,960,0.00025941188776953543,0.0003212147025856645,0.08079647984042167,0.07639191487261354,0.054964601876316875,0.5647321428571427,0.0,0.0,9104746e47523bd4d5ea15b27378d1b103c74cfd0059076f4f8dc46edb4f1f9c
PPO_best_550901,me5418-scenes-v1-0225,formal-g051,near_link,960,8.776615591623386e-05,0.00011474576558284293,0.7671417343649723,0.29166679144256297,0.029057714159251357,0.23065476190476186,0.0,0.0,709b8d8786ef8add91f4926e6229ece290fe53b48655177fe4db34fb390b06f5
PPO_best_550901,me5418-scenes-v1-0235,formal-g003,near_link,960,0.00014405347573895455,0.00018237421373129177,0.7597490993019193,0.46143522861190545,0.024060152779280017,0.030505952380952373,0.0,0.0,3488be3cd39d7cff7c90292633b3cc799f16d31b51b8b70a3db0a37136cca92c
PPO_best_550901,me5418-scenes-v1-0242,formal-g010,far,960,0.00013876404976741452,0.00015940424976446378,0.17613352076545225,0.07714648368450047,0.02932344235422102,0.42857142857142855,0.0,0.0,4a348d1976a200a0270a03fb19a12b7c1c4bc857051b606c9f82606bfe853178
PPO_best_550901,me5418-scenes-v1-0247,formal-g015,far,960,0.00014724783218218195,0.0001598986124266593,0.18624238136155102,0.11188548171251299,0.06021774348774484,0.42857142857142855,0.0,0.0,ca92503b6c147c10f8827941aef1d18a805f4a09dcb81c7f5aa39c3813c384a4
PPO_best_550901,me5418-scenes-v1-0253,formal-g021,near_link,960,0.00010544060548686397,0.00016510000329239628,0.39925529555521894,0.23185696004583703,0.04526946095356499,0.5245535714285713,0.0,0.0,57e953959baa0a81f457c600b7b89024863df03667562ae64abd919f221b825c
PPO_best_550901,me5418-scenes-v1-0260,formal-g028,near_link,960,8.649414761302063e-05,0.00011154474748740025,1.1915392167975656,0.42432801305348194,0.03126913711896215,0.1421130952380952,0.0,0.0,e221a9884fcb6ce9afe51ef70c8377844fed28f0d5b6248590a0b2bcfbacda6a
PPO_best_550901,me5418-scenes-v1-0272,formal-g040,far,960,0.00013535308440900922,0.0001585000070792778,0.17577740122087412,0.08782355076437715,0.04478577329711347,0.42857142857142855,0.0,0.0,d30e020084bc409d8468932bc2608b563d0c7757b089f7b9fbe13001711cbbf3
PPO_best_550901,me5418-scenes-v1-0276,formal-g044,tight_layout,960,0.00024934029428404046,0.00030495583557660973,0.07948886201601234,0.07859942903471902,0.061030945473230125,0.566220238095238,0.0,0.0,b7abedda2e7c11d1eb981949a4dd4865e3875a6894e40ba8bd7ecc04211ef298
PPO_best_550901,me5418-scenes-v1-0283,formal-g051,near_link,960,0.00011816263081900623,0.00013988319639176284,0.9930366168862018,0.42416879874944646,0.01718877618548389,0.1227678571428571,0.0,0.0,2c32129dbe375e330e4306d78e4c6e1b06d232fb35701138e182c0f2d66a2f0f
PPO_best_550901,me5418-scenes-v1-0285,formal-g053,near_link,960,0.00012175282192895244,0.0001392386829668766,1.0112536798362286,0.44507776689125883,0.033253713742481004,0.15997023809523805,0.0,0.0,a8825e40eb2c6977b3aaf524b3cfb8566ef146908c38d99938ea10d31660002a
PPO_best_550901,me5418-scenes-v1-0289,formal-g057,tight_layout,960,0.00018608376768329462,0.0002176372376945108,0.7309933366104981,0.3402793677998303,0.05192944294504397,0.4375,0.0,0.0,f0c6c3705f3c71d7a616568d36afb0e975c234ae038e0b6bef34e36ce738859a
PPO_best_550901,me5418-scenes-v1-0293,formal-g003,near_link,960,0.00013779860894636294,0.00015711056032173288,0.4826549734750988,0.42603834785797295,0.032379363876389865,0.05282738095238095,0.0,0.0,1e45a66e9dc82f3b25274b96f8a37093ad7beb0f8534e2e1224ec4350b375fe9
PPO_best_550901,me5418-scenes-v1-0300,formal-g010,far,960,0.00014106268316236984,0.00015674208856064991,0.1679670332700956,0.07227261267420182,0.03321034025134568,0.42857142857142855,0.0,0.0,0c3684075850ccb7e3f0fdf4a72db0981bd47d16e7eb07035d05259d4eacaeac
PPO_best_550901,me5418-scenes-v1-0303,formal-g013,near_link,960,0.00015990306076930878,0.0002933403788169397,0.2816242555300277,0.3471355192180823,0.03754213444089436,0.3452380952380952,0.0,0.0,1d18224a1566c1351e3827ab7ed74facf8f00ca2ec3f8edbca7effa2b067fbcd
PPO_best_550901,me5418-scenes-v1-0305,formal-g015,far,960,0.00014535335548058602,0.00015716894481190507,0.17306556302181877,0.08529797168846875,0.04529709732378831,0.42857142857142855,0.0,0.0,3b10733f79d410fbee31c30fa884f5dd50c23bf2c911d24454d119edab3fa9cd
PPO_best_550901,me5418-scenes-v1-0311,formal-g021,near_link,960,0.00011737700658864957,0.00016036614776793008,0.3898823527923172,0.20802284232277635,0.029711620131768163,0.5334821428571427,0.0,0.0,a01c1cb8ca8cc19d704877efec5b957e8de2a3df4934281b4e2c35412328d2ea
PPO_best_550901,me5418-scenes-v1-0314,formal-g024,tight_layout,960,8.625946795986097e-05,0.00014728986908729577,0.21894701367341507,0.15280597074132016,0.03752964798255543,0.2626488095238095,0.0,0.0,a607602a3eadc7758a3c1bf62a44085aa4208155edb7bf1560e11cd92376aeae
PPO_best_550901,me5418-scenes-v1-0316,formal-g026,near_link,960,0.00016074374347066698,0.0002394887073509633,1.1262599887553415,0.5318625513431166,0.051568683592191855,0.5327380952380952,0.0,0.0,d385df5ba4ce9b7b9a2be09fb8054a0c46fbd1d424227c60db04a65ed99f4e9a
PPO_best_550901,me5418-scenes-v1-0330,formal-g040,far,960,0.0001305589792879978,0.00015848532828924847,0.17394362429389598,0.08279004576999244,0.04181518158962566,0.42857142857142855,0.0,0.0,fd3f5d0926e246f74b6bfe2fbca47183542c17172b2e36ca6e53c8c60707d07e
PPO_best_550901,me5418-scenes-v1-0341,formal-g051,near_link,960,0.00014957194640430148,0.00017531053309313666,0.5019254904096218,0.34686856119403536,0.034726994860000276,0.0587797619047619,0.0,0.0,8e3b43c66500428c5247195d126991af2aba3248c75abfca81acefa28b33941e
PPO_best_550901,me5418-scenes-v1-0344,formal-g054,tight_layout,960,0.00026520170260103005,0.00035149644044688423,0.09609121473938083,0.09396331268851435,0.06314196428786445,0.6339285714285714,0.0,0.0,9bfaebf3e2ab22bf375d863a527835e2033c9f74880a8c1acbd19817a8f0580e
PPO_best_550901,me5418-scenes-v1-0351,formal-g003,near_link,960,0.0001691902067060095,0.0002031860876490844,0.331186083463492,0.33108700336275043,0.05126108767509636,0.045386904761904746,0.0,0.0,622fcc09e10397cca126454c1dd1e0d150294ddf6f35bd65dc22c4e925610a9d
PPO_best_550901,me5418-scenes-v1-0357,formal-g009,tight_layout,960,0.00022147214874980247,0.00022837395435368023,0.2576158623077477,0.16663351484008582,0.040078394752550074,0.42857142857142855,0.0,0.0,6e625bb45f844abdbd116ad1846c88ceedd815ea0dddc46e11d799e50c9f5137
PPO_best_550901,me5418-scenes-v1-0358,formal-g010,far,960,0.00013579709775669177,0.00015685182735013519,0.1684165729894944,0.06884384154354535,0.0280596612114884,0.42857142857142855,0.0,0.0,000bc740a70976ff5a52c01f924cb571015c9d9d4e02be3a7704f5cd0bf8fc52
PPO_best_550901,me5418-scenes-v1-0361,formal-g013,near_link,960,0.0001451124480152195,0.00027889611517566273,0.26229754402408356,0.34489518730334645,0.028516738107263375,0.30803571428571425,0.0,0.0,502a75cc9f5cc4fd684ca691b2bdf50970125992ca45be53a6d87cdec2399ed0
PPO_best_550901,me5418-scenes-v1-0363,formal-g015,far,960,0.0001405537586976045,0.00015927200908755616,0.17585748553454125,0.08392866163423453,0.04057954358524681,0.42857142857142855,0.0,0.0,649f53ce5a9c0f5f8f4b1cf04fd4a4c85282c0f67d46f1c42ce1fbc6f45feefc
PPO_best_550901,me5418-scenes-v1-0369,formal-g021,near_link,960,0.00011972645193291638,0.00017612366319875186,0.2960871101451986,0.15940321225084703,0.029622870384860583,0.5669642857142856,0.0,0.0,a8704d5355e63b4bbd0e8f3f6abd899678cce38a28ef630f5844af2cfbcc49d9
PPO_best_550901,me5418-scenes-v1-0388,formal-g040,far,960,0.00013545483299463206,0.00016023271585444756,0.17574402057670568,0.07257117732993085,0.03023379831143735,0.42857142857142855,0.0,0.0,8a730eb19670a7e1bad353dc5f733f99c920cb948cc6f41cb8f2c6eb37c3e9ff
PPO_best_550901,me5418-scenes-v1-0399,formal-g051,near_link,960,9.99912197280776e-05,0.0001426965921376733,1.1681297400373731,0.4953218484856765,0.01910136797708591,0.1309523809523809,0.0,0.0,8da96e01618bf1cd725e7e96654ede7966cc432a9808f3c413af82080c49347b
PPO_best_550901,me5418-scenes-v1-0409,formal-g003,near_link,960,8.764714276951645e-05,9.410058739644328e-05,0.5672255376755775,0.23958157153722195,0.03058380759262186,0.13988095238095236,0.0,0.0,c2bb4534aac0b91d1f4fb0dcb322b04b3fb700c0d773e4f95e79eb39461c6f43
PPO_best_550901,me5418-scenes-v1-0415,formal-g009,tight_layout,960,0.0002442965296507052,0.00026521233336847033,0.24381878119610595,0.18126786909877324,0.055102047662833796,0.5238095238095237,0.0,0.0,7b53d8d58679f6a92f13d16ba9d0253151403194cd39115c7e741ac4f9419082
PPO_best_550901,me5418-scenes-v1-0416,formal-g010,far,960,0.00013898785249691738,0.00015778164376482613,0.1724170765808696,0.08093004239125842,0.03146615498967487,0.42857142857142855,0.0,0.0,9799d0fe6d483cde655ca970acf40e554e1e42cc862a9718ed166978772ed488
PPO_best_550901,me5418-scenes-v1-0419,formal-g013,near_link,960,0.00010358611179691554,0.00013123355039322668,0.5216750768175443,0.3177093513656948,0.02740584120175972,0.05729166666666665,0.0,0.0,e37921d9df312040d6be5e67a3058f55ce92c42b8d30a2429e0f5dc8d69c17f6
PPO_best_550901,me5418-scenes-v1-0421,formal-g015,far,960,0.00014746605749852999,0.0001593707841853155,0.1810190772634607,0.10051636664570247,0.05152561997359092,0.42857142857142855,0.0,0.0,80b7a3056522a221a2ea070982dadfa1b751229c7cae3a22f0a8a7fb263647d5
PPO_best_550901,me5418-scenes-v1-0427,formal-g021,near_link,960,0.00014823275541161888,0.00023462506544227017,0.3101968515028291,0.16571966331359478,0.028871500597116174,0.5714285714285713,0.0,0.0,dbf5ee23587ac2e5cef947f4a2907ab96af9c39f71acba393b35440fdeb19b4c
PPO_best_550901,me5418-scenes-v1-0446,formal-g040,far,960,0.0001355711374386256,0.00015885156398504858,0.1779004669054981,0.08829551907686342,0.046091740356312416,0.42857142857142855,0.0,0.0,e48a7312b9a38246060c962fed3b55e794187932e7080afdfe3db405a1c39afa
PPO_best_550901,me5418-scenes-v1-0457,formal-g051,near_link,960,6.378672664248978e-05,0.0001038414186645895,0.20642823444177927,0.17321528984245335,0.030885939232899267,0.14285714285714282,0.0,0.0,11b5dd79e9fb6a5ca6bcb6a203991a9173b882d430e22f6aca9c55466fa26b73
PPO_best_550901,me5418-scenes-v1-0460,formal-g054,tight_layout,960,0.0002715024157549078,0.0003676623220700218,0.1014398027352467,0.10203254979801409,0.04731119512980708,0.6569940476190476,0.0,0.0,79fc594ea0137cfea733859a3e96a0bb09ddc4481de89b31eb339314c07d1823
PPO_best_550901,me5418-scenes-v1-0467,formal-g003,near_link,960,7.057070258287196e-05,0.00010301121812053836,1.2659070500671383,0.48248326516063345,0.020340878870884243,0.13467261904761904,0.0,0.0,32a6235b8efe3f75a641054d3dc893b11376310dcf3d7b0383028cf1a3f265d6
PPO_best_550901,me5418-scenes-v1-0474,formal-g010,far,960,0.00013784173202943147,0.00015791264226286007,0.1744341634957269,0.0870324812197699,0.037075909881176115,0.42857142857142855,0.0,0.0,b3921c59c193bc3e0fd7b2a47414b6b363065b149f8f4a89be645f782d4d035f
PPO_best_550901,me5418-scenes-v1-0477,formal-g013,near_link,960,0.00016962333781170682,0.0002305924802696639,0.3954922701911158,0.26436332729225787,0.02999719783470096,0.28571428571428564,0.0,0.0,73348fc3d65330b4bf2350ea07f5cd7043f3af36db08be0006f97e8f89822cfa
PPO_best_550901,me5418-scenes-v1-0479,formal-g015,far,960,0.00014638739951237985,0.00015841349743589604,0.17838744810331042,0.09473711205692983,0.0518000298992965,0.42857142857142855,0.0,0.0,b30a0d7d8127df6cfa21f26ed488486576dab45370bfbecaab147a401c893014
PPO_best_550901,me5418-scenes-v1-0485,formal-g021,near_link,960,0.0001365056278836841,0.0002155466628288529,0.23677507888233615,0.14913577015885252,0.041838137084885325,0.5714285714285713,0.0,0.0,112a84d14f397c378bbd49ae87c91b17d0967600d13d42e845a614a66452c1ed
PPO_best_550901,me5418-scenes-v1-0488,formal-g024,tight_layout,960,5.950056102466797e-05,0.00010022010034147023,0.18118407567053524,0.15602386620459915,0.04328426170771129,0.14285714285714282,0.0,0.0,b542f11f21a61c7eabb4afaea15326c595fac24a3745df41889613241a6480bd
PPO_best_550901,me5418-scenes-v1-0504,formal-g040,far,960,0.00013441301414380172,0.00015743684057478803,0.16910178719447133,0.07065357914338519,0.02798649753372359,0.42857142857142855,0.0,0.0,41c8e9ef02ad10d3037c7b7a17a1f85e012603dd92a57266520ce5729c809b15
PPO_best_550901,me5418-scenes-v1-0515,formal-g051,near_link,960,0.00012691992208062978,0.00014108509066536846,0.6186249514190653,0.3496994098851483,0.044625577168816155,0.06919642857142856,0.0,0.0,20e52869863aebc45f3fd55e43d1f0cd56d2a471c4c95177498d012ef243ad02
PPO_best_550901,me5418-scenes-v1-0525,formal-g003,near_link,960,0.00015786188972140937,0.00019571941961204882,0.456704462551351,0.3992423921723497,0.024672792097512563,0.04092261904761904,0.0,0.0,0b775b382221f298b4f67abf84b26f704b2489be336bbf8b154a991d6f4b0a1b
PPO_best_550901,me5418-scenes-v1-0532,formal-g010,far,960,0.00013871289938950825,0.00015736797777967808,0.17366547328449877,0.08352965745593968,0.0376356817760893,0.42857142857142855,0.0,0.0,ae4b6cfca6868b2227c70cbe6ed8f54935942adce5d36bffcd5ea4e48a529cfe
PPO_best_550901,me5418-scenes-v1-0535,formal-g013,near_link,960,0.0001559773433035655,0.00023542389653470082,0.8916258810224194,0.6134613028341396,0.034213525716707195,0.3519345238095238,0.0,0.0,a3a689db116e1d8f0b179b823595b6d2af10d5a3714d1510ac9f91d98da4d721
PPO_best_550901,me5418-scenes-v1-0537,formal-g015,far,960,0.0001473943515251531,0.00016061847422094304,0.18298253517490018,0.10584389576249242,0.05230331037648689,0.42857142857142855,0.0,0.0,f7881539d9e044fd05d6ffe9cd7cedbd3e14fb37fdd75dd5f668fe3e370a2ed0
PPO_best_550901,me5418-scenes-v1-0543,formal-g021,near_link,960,9.527779652371155e-05,0.00014207590030339385,0.3916205955621179,0.28046886292299744,0.044298048036856406,0.4598214285714284,0.0,0.0,5cafb8df8b42e2718fc5916160a9dcbfd61fdfa66d603f3519f633260581151f
PPO_best_550901,me5418-scenes-v1-0546,formal-g024,tight_layout,960,6.104025102335854e-05,7.157700244710476e-05,0.23687994493314724,0.2003885617410993,0.027504126634142603,0.1421130952380952,0.0,0.0,1194aeab84b6780419a619209bac697c537ea01119d04dd387dc287686b8b1d7
PPO_best_550901,me5418-scenes-v1-0562,formal-g040,far,960,0.00013231329207929706,0.0001591552265002577,0.17220105242780778,0.07131438607262264,0.027938368074608793,0.42857142857142855,0.0,0.0,bf4eaef04ced192debb51921eaa531158497ead54738a436e36361fb8e01c1ab
PPO_best_550901,me5418-scenes-v1-0573,formal-g051,near_link,960,7.801342283425256e-05,8.515629243960507e-05,0.24837592143304188,0.22448505306804992,0.04481561265541747,0.12202380952380949,0.0,0.0,6dacdc686b58e0bf3bb40ec01c06503df2d5d91ff9d2caad8569dd1011467f94
PPO_best_550901,me5418-scenes-v1-0583,formal-g003,near_link,960,0.00015793930810480649,0.00020752628131769592,0.5028014795805851,0.46063279557614223,0.04809286343775388,0.06175595238095238,0.0,0.0,dae74b070ccd21b72801f7908d63ed93685deab2a37419ae78d7b600e7e37335
PPO_best_550901,me5418-scenes-v1-0589,formal-g009,tight_layout,960,0.00023793920505379764,0.00026612208780397946,0.19525258680665372,0.17103191791825087,0.05828087901738086,0.5334821428571428,0.0,0.0,19f3fe61857fdf52beeea950effbf0d6d8955e69987a288572b5892fcb83f807
PPO_best_550901,me5418-scenes-v1-0590,formal-g010,far,960,0.00013752805970498929,0.00015711431184163409,0.16840559687163956,0.06874558718275336,0.027529922030101017,0.42857142857142855,0.0,0.0,0102e1c23b32f349bdabbed7a0b0f524ce14ee0b900110dde90b7c8b880d948c
PPO_best_550901,me5418-scenes-v1-0593,formal-g013,near_link,960,0.00011548742769599615,0.00016225793952609133,0.7105502423708895,0.4660184776443475,0.0318777115350466,0.14360119047619044,0.0,0.0,ace56631a776ef75d53279bb23603e3e527f6378943fc618db10a81a81c4f4ff
PPO_best_550901,me5418-scenes-v1-0595,formal-g015,far,960,0.00014088904496758177,0.00015824604003789419,0.17393241994702485,0.08391433921998984,0.04620524718810492,0.42857142857142855,0.0,0.0,0b6d672370310c699d0783be316a9d454e4ac44974f35a7d4aea9ea007c6fdbe
PPO_best_550901,me5418-scenes-v1-0601,formal-g021,near_link,960,0.00013808908283565239,0.00019486251259499,0.2661461124619482,0.15343753816050903,0.032180712813494126,0.5706845238095236,0.0,0.0,623ed3751eb1c2266aab43b6d2def8ee70d93967b111ff3ad34a3d10f92acfdc
PPO_best_550901,me5418-scenes-v1-0608,formal-g028,near_link,960,0.00018665746396258782,0.00024844494452379463,0.1930189667686329,0.2881470032204047,0.05417625699272885,0.36011904761904745,0.0,0.0,29b7353ce8d24b2b4e439cd93722c246467f01eef876a4d0101e134f46ba65d3
PPO_best_550901,me5418-scenes-v1-0613,formal-g033,near_link,960,0.000184571066411292,0.00019919995672571615,0.36125050052469154,0.2097826875467775,0.06611810366708291,0.08184523809523808,0.0,0.0,cebe85488eae85a98058af5468828f701a01fdd17863a178f0782aaeb068d361
PPO_best_550901,me5418-scenes-v1-0614,formal-g034,tight_layout,960,0.0002815888321473761,0.0003822527763957156,0.09067473139032152,0.10146902388552594,0.06359235756597158,0.47842261904761907,0.0,0.0,25a3acba00496fc1a3fbe34e635d252101b22c652e72a36ce111d4d856455d40
PPO_best_550901,me5418-scenes-v1-0620,formal-g040,far,960,0.00013381719793034605,0.0001604188917454883,0.17756931643142504,0.07496595081515738,0.030599606892385445,0.42857142857142855,0.0,0.0,449d0d368c73b17684df2e8f8e1d56fff3b68d94e05b8b5a3c9d1cc138375b70
PPO_best_550901,me5418-scenes-v1-0641,formal-g003,near_link,960,7.959360052698297e-05,0.00011192452084922891,0.7936910365646411,0.323096134835056,0.022901629692903477,0.15327380952380948,0.0,0.0,2429d95cf81445dcf5693f40b5cea98d5d9f20a0c9812b031997341f17b74568
PPO_best_550901,me5418-scenes-v1-0648,formal-g010,far,960,0.00014255032095530345,0.00015890470272648933,0.17416430242835884,0.07839501110223059,0.03314484885954428,0.42857142857142855,0.0,0.0,f8bea831f2098e7d5d2451a013d068cd07a36f9caa0ef82fa4a518980a8769cd
PPO_best_550901,me5418-scenes-v1-0653,formal-g015,far,960,0.00014358778873779736,0.0001593642140587989,0.17621165051280147,0.07839646011646248,0.038118493640402484,0.42857142857142855,0.0,0.0,b687e121eda3afabf1f3499285ac1a7e16ddcd6ad20ee59b6130d69dcf4142b4
PPO_best_550901,me5418-scenes-v1-0659,formal-g021,near_link,960,0.0001673926852563799,0.0002507523730966759,0.2983711036087213,0.17573710353548117,0.04311944297403133,0.5714285714285713,0.0,0.0,5942582737ac35013ba7fd342dcfbd20877e24d0913188de322c2eddada6dd9b
PPO_best_550901,me5418-scenes-v1-0678,formal-g040,far,960,0.0001299467759046123,0.00016089425283000804,0.1800824169782672,0.084259867311822,0.04307190885945408,0.42857142857142855,0.0,0.0,0b78191f42e0e9d99354eacf5103ef284d061b4e1715952da9b25ebe281fa8a3
PPO_best_550901,me5418-scenes-v1-0689,formal-g051,near_link,960,0.00012747846882346832,0.0001404032759728212,0.43793704895741,0.31699119134139747,0.046397218824716674,0.09895833333333331,0.0,0.0,2e49107393d7e3fa9fb04c8b86019d67bf43f3179ad6461ef49e1c6881f396d0
PPO_best_551901,me5418-scenes-v1-0003,formal-g003,near_link,960,0.00016711521784691985,0.0002006305941138068,1.6115766638777989,0.8910558465976999,0.05349678540747697,0.18229166666666663,0.0,0.0,33b65fe461e25e4295b4f5e8bdefd716620e45e4fc509a9076cdac1dcf949331
PPO_best_551901,me5418-scenes-v1-0009,formal-g009,tight_layout,960,0.00015822104260488287,0.00025499707525962836,0.14137068321286386,0.12840219002917636,0.07415601184237676,0.7924107142857143,0.0,0.0,97212d23a4c1699c7acfaff3b2dd750c82ddbc40705480595bbdc460374a9a12
PPO_best_551901,me5418-scenes-v1-0010,formal-g010,far,960,0.0001593639174832016,0.0002590942647760422,0.12702315950535387,0.10736732181311066,0.04885529503394138,0.7142857142857143,0.0,0.0,0fb5de6eb2a55e46146537023b4c6979d4bbaf224540b06a75126310f8b354a2
PPO_best_551901,me5418-scenes-v1-0013,formal-g013,near_link,960,0.0001656140425174332,0.00021115247188789612,0.7167338552558303,0.5130952602627453,0.07688693287716271,0.4047619047619047,0.0,0.0,479e1ef0e44a510796aa75549f6eab712bfbc695034e461567ba08e3558cff9e
PPO_best_551901,me5418-scenes-v1-0015,formal-g015,far,960,0.00015857077606456252,0.0002656685083920646,0.133459724559043,0.10344362067094348,0.06116173283579097,0.7142857142857143,0.0,0.0,26c1f39e9a81414bf009dbfff6a87c63a124ca321900ee68f3bb7cd6a84d09da
PPO_best_551901,me5418-scenes-v1-0021,formal-g021,near_link,960,0.00011444293442527614,0.00013544285587991422,0.23718352262480735,0.3052496628658171,0.04987178469798301,0.4694940476190476,0.0,0.0,8d6af95b376913b31b0982b7afe9cb95c00866c7956f74a1db97bd97829c3b50
PPO_best_551901,me5418-scenes-v1-0022,formal-g022,tight_layout,960,0.00015299941620821204,0.00024220606031399714,0.14764395826705276,0.1372595333299171,0.07188360263276096,0.7098214285714285,0.0,0.0,c0942f992ad4380b09fa4f42070e7f70ca164039b37f5b8d2012b5cbf97690ad
PPO_best_551901,me5418-scenes-v1-0033,formal-g033,near_link,960,0.00014146768598474307,0.00019480459848385072,1.038944014647724,0.5630760221917196,0.05654379581564891,0.2559523809523809,0.0,0.0,a8357cc0d962f130809eb1c8730165471ed4f765a7e6c7edd7841f1deb27237b
PPO_best_551901,me5418-scenes-v1-0040,formal-g040,far,960,0.00015455314596784053,0.0002766420273342518,0.12491527295058812,0.09781378685580364,0.05017092668564283,0.7142857142857143,0.0,0.0,c4aa85fc9ce9990fb01a9038ebb3691bdb911cde6891d3c84208b0f8a5238839
PPO_best_551901,me5418-scenes-v1-0061,formal-g003,near_link,960,0.00018448837675737181,0.0002190762231746315,0.443951679783289,0.29001599227700714,0.05702977162590289,0.3467261904761904,0.0,0.0,913d0eb68ea87cfef073251acc6012c3f14acea56be6e4d9d69f99bc7533b997
PPO_best_551901,me5418-scenes-v1-0068,formal-g010,far,960,0.00017339039021660918,0.0002786532783651814,0.13261953729362852,0.13239390745521173,0.06352131362220313,0.7142857142857143,0.0,0.0,0cfb906e5d8ec848da5ebd03d37521cf1d40e46605fcb8d68116242fd859d9c8
PPO_best_551901,me5418-scenes-v1-0071,formal-g013,near_link,960,0.0001776542294803802,0.00021793778377556997,0.6757080927339415,0.48546875897429814,0.08419918410318407,0.4069940476190476,0.0,0.0,5a1fc20b87da33a6706dbb6ce4b64c607f81c613293dc998cc4f77496d9008e5
PPO_best_551901,me5418-scenes-v1-0073,formal-g015,far,960,0.00016262603470876966,0.0002816698621979393,0.13513738634928515,0.10457516894529606,0.06513002400859358,0.7142857142857143,0.0,0.0,b587e89f04e2d5fdb2a1a327e1cf3b04c5baf8763bdcc7663a332a4c0e859fca
PPO_best_551901,me5418-scenes-v1-0079,formal-g021,near_link,960,0.00011905242918523276,0.00015455271135254238,0.25282459038554395,0.31636402314137074,0.05240928931011866,0.3876488095238095,0.0,0.0,c3394b004d080a78b5e183caafd37447d81eff9d12d6a0783f4f4b69bc40b5e3
PPO_best_551901,me5418-scenes-v1-0080,formal-g022,tight_layout,960,0.00014259477718429775,0.00021851891017272032,0.28802412441390723,0.21084490426290867,0.08288556678891217,0.665922619047619,0.0,0.0,86869ba9769166ae9a3b916e23bcc4273b9d31cc8379473b6ad8ec83a97066df
PPO_best_551901,me5418-scenes-v1-0098,formal-g040,far,960,0.0001536103088988375,0.0002640733663286493,0.12144060985178738,0.09022343096862394,0.04510085246163669,0.7142857142857143,0.0,0.0,0a0b6cd97a2ebb730b6735e6f4d1fba84e0cbed7f80285bd2298c15deecb4042
PPO_best_551901,me5418-scenes-v1-0109,formal-g051,near_link,960,0.0001444231273379144,0.00018686882984129383,0.20813884275203068,0.28312977779476994,0.06410726772463578,0.38020833333333326,0.0,0.0,307d4fb739fc7cee953ccd4d389f82518c4457c196c90d4f9688808d40c52779
PPO_best_551901,me5418-scenes-v1-0119,formal-g003,near_link,960,0.00013243033225783605,0.00015023501423707785,0.4957547854261215,0.36545321138371784,0.05730269058883301,0.259672619047619,0.0,0.0,3f71360455ad1aa4a417fde777c6d9857a04707eb28ae73eee5e555f6cc2d180
PPO_best_551901,me5418-scenes-v1-0122,formal-g006,near_link,960,0.00019999350929689825,0.0002405176683362506,0.2617753014170957,0.3000569436179445,0.06066445109507659,0.4084821428571428,0.0,0.0,aff4c41653b6b186176ae3f338b0248541b08ff8e0520242bed0e57da712cde1
PPO_best_551901,me5418-scenes-v1-0126,formal-g010,far,960,0.0001586977541983104,0.00026075678774426365,0.12171462278627002,0.09879601323009597,0.04770748719010968,0.7142857142857143,0.0,0.0,86613391e534c44b4396af420ee8c39f20e6306f53e5760ae7a63dc09432083f
PPO_best_551901,me5418-scenes-v1-0131,formal-g015,far,960,0.00015610318221313997,0.0002597970028318251,0.1320633889002498,0.10045451064305563,0.05684448743155355,0.7142857142857143,0.0,0.0,5fe0060d16916d18e856ad008779b2844e20fa5041eb44567c556f2bc6c29ff5
PPO_best_551901,me5418-scenes-v1-0137,formal-g021,near_link,960,0.00012127559162424464,0.00015422617240363275,0.2258465797409612,0.24595633653303453,0.05869842031853754,0.616815476190476,0.0,0.0,c593d2c16290d7b7167b7f06162ec1bc52112bf7659dcf8d7bb4e17fa179ed0f
PPO_best_551901,me5418-scenes-v1-0156,formal-g040,far,960,0.00015007076346779867,0.0002621772703083462,0.12620912427991232,0.09750781963302337,0.0448343427094704,0.7142857142857143,0.0,0.0,d192f2e88c793b9481142d435fc3f4fa683979995fb75fdc570f8d79f32d0460
PPO_best_551901,me5418-scenes-v1-0160,formal-g044,tight_layout,960,0.00014766099292675758,0.0001763887757536399,0.1519529210315283,0.11004188390201748,0.040420684180086715,0.5215773809523808,0.0,0.0,8b13a5a3ef16eaeff59788ca2c6307d5196754f880d747ae9816ec42f0bffd47
PPO_best_551901,me5418-scenes-v1-0167,formal-g051,near_link,960,0.00013480193344620674,0.00018016226866099063,1.1673457888157965,0.5923721858611122,0.050966654011488484,0.2522321428571428,0.0,0.0,a3b1ea546156535dfabbe69ad934e5fb950926eb5da66e1f430400f958bacf90
PPO_best_551901,me5418-scenes-v1-0173,formal-g057,tight_layout,960,0.000147855341917893,0.00016231332047858673,0.1939047802523633,0.29416594519698047,0.0554262826969715,0.4293154761904761,0.0,0.0,c12788655bbb573cf1358343670dce6d2a69876fc3dda29450e284bc47fe852b
PPO_best_551901,me5418-scenes-v1-0177,formal-g003,near_link,960,0.00016426139529156792,0.000200001899781762,1.1149267691981823,0.6059683934074211,0.06006773449610509,0.17113095238095233,0.0,0.0,cfc5d70005ed6db1d53334cc8cdc5d6d2bc459027fa2e8b5e64680f212487273
PPO_best_551901,me5418-scenes-v1-0184,formal-g010,far,960,0.00015768555757740427,0.0002644673345618078,0.12207278683105974,0.09727191954755462,0.04755824238575187,0.7142857142857143,0.0,0.0,160fae48c5c7f63cec2d02abeba73f664fcf057ff1dec8e2247d22166a5c8b0a
PPO_best_551901,me5418-scenes-v1-0187,formal-g013,near_link,960,0.00010652221814922595,0.00014992447852574947,0.9164881269153395,0.5753126960001436,0.0517856554188772,0.24553571428571422,0.0,0.0,88dd9255ceefdc1d5368b5900972a69c42969c2448d6a0b1bcaab1695b3b120e
PPO_best_551901,me5418-scenes-v1-0189,formal-g015,far,960,0.00016766256707050474,0.00028709607219031,0.1309341312379565,0.10950564596998306,0.06728946106143768,0.7142857142857143,0.0,0.0,21bd18cbb2557d3129686c2740cd2ff4afc3eb07fae3df3f202c84120a84a202
PPO_best_551901,me5418-scenes-v1-0195,formal-g021,near_link,960,0.00011440896932759141,0.00015269234324008748,0.23542261143286988,0.2755150171955227,0.05256956782605485,0.39508928571428575,0.0,0.0,f7540c13e3acbb56c19fa35a370be56c5b0c8702bdf721ceb4ace24acc9faa9b
PPO_best_551901,me5418-scenes-v1-0207,formal-g033,near_link,960,0.00013926131618095122,0.00017460381332116336,1.0961806370065812,0.5801110494781124,0.061003065599376904,0.27083333333333326,0.0,0.0,dadfba8f613fbe6e14fa9c2922a7655a4f658312d0259dc1dc3ed6a42e0174de
PPO_best_551901,me5418-scenes-v1-0214,formal-g040,far,960,0.00014105205018371118,0.00024946135389096376,0.12424651898950681,0.09505524264352747,0.04446303950335395,0.7142857142857143,0.0,0.0,f7b24fed7f1293a3e17065c5e1c3bda1397b5085c6125be97abdafbd5a3d839a
PPO_best_551901,me5418-scenes-v1-0218,formal-g044,tight_layout,960,0.0001706485048996862,0.00020888535502716274,0.17309465055951556,0.15767497608497533,0.0487491911674689,0.5357142857142857,0.0,0.0,5e63a34a65253866a978e1ef296524de6de56dbc0e286130a5ab908c8b3f22c9
PPO_best_551901,me5418-scenes-v1-0225,formal-g051,near_link,960,0.000167480220334582,0.00022437984273532307,0.21228048617201822,0.29682687705820693,0.05513334618280489,0.27455357142857134,0.0,0.0,bf6dad4a989be6f7eacd78490233aef940d6065318fcf2a21eaa2925a91bd53d
PPO_best_551901,me5418-scenes-v1-0235,formal-g003,near_link,960,0.0001671662303670621,0.00019661331007748642,0.8202957003818305,0.5009743383416675,0.050347259639758134,0.1979166666666666,0.0,0.0,33629c6303c39ebaa49058a7371977b47ad2a27b531831b3a3c7a2782cbf0df6
PPO_best_551901,me5418-scenes-v1-0242,formal-g010,far,960,0.00015687778321747957,0.0002521830250835895,0.12709386409631793,0.10381341729542175,0.04404174083629664,0.7142857142857143,0.0,0.0,6783ba5dedcecd1e3c68982e51543b54580404da9ac2e9926b978928d2e2760d
PPO_best_551901,me5418-scenes-v1-0247,formal-g015,far,960,0.00017028241568021278,0.0003091171423910493,0.14610915654529008,0.12036973237680611,0.08420573957175788,0.7142857142857143,0.0,0.0,76707c28123570e97530a14d054e864947c0211008a7355a97d25ffd9d2aee63
PPO_best_551901,me5418-scenes-v1-0253,formal-g021,near_link,960,0.00011148873119367757,0.00014751181487806275,0.2215529722759707,0.29264140720363957,0.04913862394550747,0.337797619047619,0.0,0.0,43d83dfa5aa2c4a3dfd820df9df1b9f57d548768c5318eaa315071759cc993ea
PPO_best_551901,me5418-scenes-v1-0260,formal-g028,near_link,960,0.0002187667782376318,0.00032065396070845214,0.13336538119894495,0.15246815554578125,0.044445344195096624,0.2819940476190475,0.0,0.0,7e4e7b227ad42d66da163df66fac57ec1c047113caa4ec8da9de11da589abfb3
PPO_best_551901,me5418-scenes-v1-0272,formal-g040,far,960,0.0001518527626332269,0.0002786392942944053,0.12421330977952573,0.10152615814905773,0.05178494260381272,0.7142857142857143,0.0,0.0,948349ab67f9266dba711bec9f3ab5724ef8b9c5d2f31e1e392144ee61d193bb
PPO_best_551901,me5418-scenes-v1-0276,formal-g044,tight_layout,960,0.00016805394994227966,0.0001985718140778056,0.1408211511170377,0.12772211011530457,0.05487576609818736,0.5014880952380951,0.0,0.0,f747dd35fc08fd150795b12a65d67cf8ea765874e209d730b136bee14032e2e4
PPO_best_551901,me5418-scenes-v1-0283,formal-g051,near_link,960,0.00019669752184451635,0.0002740248050714768,0.9754313718227655,0.44682329425547235,0.03080842839736725,0.14285714285714282,0.0,0.0,4eb01cba2e13e2fc194927875e4a40a2c3ea1753ccc6004c757cfcf6caf75390
PPO_best_551901,me5418-scenes-v1-0285,formal-g053,near_link,960,0.00014831950715044165,0.00022902959828528368,0.1471302730294636,0.17414933011355857,0.041779686723685365,0.32142857142857134,0.0,0.0,34f10dea19d2fedeacb2335ad397f964ca86f936cbd42a0ea52f3176764cb7ef
PPO_best_551901,me5418-scenes-v1-0289,formal-g057,tight_layout,960,0.00013599869564043715,0.000155218572010453,0.5330249943202022,0.34933069184447324,0.04444376198096348,0.45684523809523814,0.0,0.0,fca1803e7e11172c32df03a9ac8b2a514af3d55ceb8addb64859ca694c0d2ba3
PPO_best_551901,me5418-scenes-v1-0293,formal-g003,near_link,960,0.0001382385375633563,0.00017214190712657495,1.3484036444491745,0.7454731243531101,0.056387448345277445,0.27083333333333326,0.0,0.0,8e3c20f476d53a2486bb02ba5d5411d061dbca1c84f373d37639c78571f12dac
PPO_best_551901,me5418-scenes-v1-0300,formal-g010,far,960,0.00016193014406116332,0.0002688799105949015,0.12252592557374938,0.10228727707462593,0.05113328181437236,0.7142857142857143,0.0,0.0,0043ce5473ce64d6d6a5ce39aa3e6d5307c93e358e0a461a260e47f035b04948
PPO_best_551901,me5418-scenes-v1-0303,formal-g013,near_link,960,0.00014337313743571352,0.0001854347403474032,0.7187528749118902,0.4264228815092591,0.045365777014856966,0.17485119047619044,0.0,0.0,8b89d9984064314f6895eef459ba6bb4ce6260851e7733876928a535d45d3c19
PPO_best_551901,me5418-scenes-v1-0305,formal-g015,far,960,0.00016803125051341634,0.0002923645638824133,0.13102600498454428,0.10780921976435706,0.06820864529937187,0.7142857142857143,0.0,0.0,6f3a7a3deb151b1fd600ce362678c6c5bd1df4b725d7746bae5ee99399781da1
PPO_best_551901,me5418-scenes-v1-0311,formal-g021,near_link,960,0.00011237029729350075,0.00012898032360518006,0.23305326039555735,0.293857359237747,0.048716747469143035,0.39955357142857134,0.0,0.0,f70ff5afd58cf03ca31e45cf64c9a42309a7bb6c3242a56668feb93f340424d5
PPO_best_551901,me5418-scenes-v1-0314,formal-g024,tight_layout,960,0.00017006680027627387,0.0002237390195679442,0.2314725453583874,0.2550842417375083,0.06133626761038665,0.3430059523809523,0.0,0.0,b4c012d54b0c154d48540c0ac620d15cf9d4f327417e6c320d715278facb9372
PPO_best_551901,me5418-scenes-v1-0316,formal-g026,near_link,960,0.0001794393562331036,0.00022252174720955526,0.3588451967705495,0.3381775180173572,0.0698550669936255,0.5267857142857142,0.0,0.0,dda9ccf45375c0b4828f5904b484c0dc93c02c2dde95ed92da1fc53012ffb2d2
PPO_best_551901,me5418-scenes-v1-0330,formal-g040,far,960,0.00014469965275453882,0.00026157276926107005,0.12305175912357108,0.09850868856392124,0.046846553039988796,0.7142857142857143,0.0,0.0,dca449f05c339c63dc707a7eb7fb656c2b2c1fe95cb3c7835c5d714db0d68bc9
PPO_best_551901,me5418-scenes-v1-0341,formal-g051,near_link,960,0.00015228074152624828,0.00018561710263096973,1.2451698552610047,0.6299514528550364,0.060137045711209314,0.23214285714285707,0.0,0.0,d49737201a08e3854827b54564798711922a94e9d4b6b9827123ea542b8f662b
PPO_best_551901,me5418-scenes-v1-0344,formal-g054,tight_layout,960,0.000177297810867373,0.0002171628926700871,0.17426336192696457,0.17913210119085843,0.05752434976785218,0.42485119047619047,0.0,0.0,904d41318924872a63f1cb4c727161c932cb93a86505df28b60bcea08da94ac2
PPO_best_551901,me5418-scenes-v1-0351,formal-g003,near_link,960,0.00017915455606260777,0.0002174500337954719,1.4686288959435059,0.8461186195948952,0.05678253887930904,0.21130952380952372,0.0,0.0,0788ef80be647f639619a953b896204964fefbc90e5e5075b1863d0006b18066
PPO_best_551901,me5418-scenes-v1-0357,formal-g009,tight_layout,960,0.00015831077871170348,0.00027975483461381974,0.08068244906285203,0.08686897374134252,0.068908985032372,0.8437499999999999,0.0,0.0,3394b0fbe64c1d49d62ab31916f1ecd0e3d28465aefd92ddcedf240d550e3d4b
PPO_best_551901,me5418-scenes-v1-0358,formal-g010,far,960,0.00015338349172457498,0.00025849766837327475,0.1196736798345375,0.08940808361183249,0.04358308304181207,0.7142857142857143,0.0,0.0,1745374cc5c40bac8c9fe945cb790ef746190552354a88bd91dc32d94d70311d
PPO_best_551901,me5418-scenes-v1-0361,formal-g013,near_link,960,0.00012125985139944319,0.0001534752627241115,0.5756225286943548,0.33556625836415993,0.040403716058334434,0.14434523809523805,0.0,0.0,bd638c8b37d294c45106bed1ff2e8cfa6926bbf4e03b42f90941ac855d98ba92
PPO_best_551901,me5418-scenes-v1-0363,formal-g015,far,960,0.0001584048423544579,0.00027042508052270886,0.13368023326817385,0.10278792554429396,0.06469303784816177,0.7142857142857143,0.0,0.0,285468952caf0aa979309cd18cd04780e8f0ce852803f2e367125ecf54f0352a
PPO_best_551901,me5418-scenes-v1-0369,formal-g021,near_link,960,0.00011849215012607836,0.00013206902359039365,0.2500251505346192,0.3059330168031261,0.05292547793466484,0.4449404761904761,0.0,0.0,e859752064ffd35d5e9b6b5e6db0632e7702947079c58f9838056a0886ecdbd4
PPO_best_551901,me5418-scenes-v1-0388,formal-g040,far,960,0.00014950188441986877,0.00025480513248538885,0.12342102885735723,0.08890229312321021,0.04075456416914181,0.7142857142857143,0.0,0.0,e3022aaa378a33ca27d9884fd5fd4d25e071ddbbcf494c79bcbfe553744da70c
PPO_best_551901,me5418-scenes-v1-0399,formal-g051,near_link,960,0.00017186748676786478,0.00022849726164746157,0.891331592983792,0.36867492904247884,0.024478963135549574,0.14285714285714282,0.0,0.0,c7ed9835bcc3961e2ca10df11c1c2ef515fa8b27333ddc8b43152db00dfa7dc9
PPO_best_551901,me5418-scenes-v1-0409,formal-g003,near_link,960,0.0001329333150196636,0.00017029631610778427,0.23441371908914066,0.26487372436150625,0.06169061527115948,0.3117559523809523,0.0,0.0,082e67bde1a0ce883483c70cefaed5ea77c41d6d83c2f40d7de2c3a8df0316b1
PPO_best_551901,me5418-scenes-v1-0415,formal-g009,tight_layout,960,0.00016475581492885304,0.0002701442155846155,0.19166067178135798,0.14667662472851442,0.08601295731537846,0.8125,0.0,0.0,a2b42151715e6a1f5a83cc4a63632c07051f3cc83fdc40ce9113fe9297505a14
PPO_best_551901,me5418-scenes-v1-0416,formal-g010,far,960,0.0001580477801343172,0.00025297688392108154,0.12527953781757573,0.11146949786452341,0.04745862451038768,0.7142857142857143,0.0,0.0,7bd027f2fe33d88f65b9984e159c98ed44a7a9b37561d61a726b6d5d28d3bfb3
PPO_best_551901,me5418-scenes-v1-0419,formal-g013,near_link,960,0.00011388006454292722,0.00023447924099931754,1.0049282865898843,0.4131642654789501,0.029575853798257706,0.15848214285714282,0.0,0.0,47ececee73864044d47e20a8d15ee20ef62445e106cdea3c08fe9b53fc5a4d10
PPO_best_551901,me5418-scenes-v1-0421,formal-g015,far,960,0.0001702891152106025,0.00030434147702458776,0.1374946074151966,0.11193098081938774,0.07393446794598262,0.7142857142857143,0.0,0.0,12b9ce047ffd44f138798cb2516217ed88460b40fedc65c9567a307fee9b8a5e
PPO_best_551901,me5418-scenes-v1-0427,formal-g021,near_link,960,0.00014891681031367602,0.00019827256282732076,0.39537872998478396,0.2685968746381374,0.06081860813559925,0.6994047619047619,0.0,0.0,c544265eaeeb8005cc09ec610b9c261109b63552bf5d1250d617d56927ab6378
PPO_best_551901,me5418-scenes-v1-0446,formal-g040,far,960,0.00015263188511631045,0.0002785786880439893,0.12520382589593285,0.09932280036727659,0.05147374126445974,0.7142857142857143,0.0,0.0,9e181d2c6823cc0a21a342c1644187cee01a742a1c76163688261965e2d3d9ae
PPO_best_551901,me5418-scenes-v1-0457,formal-g051,near_link,960,0.0001768883448856272,0.00025023238151741274,0.19273134043273324,0.2962613053945791,0.053095844619750164,0.26562499999999994,0.0,0.0,e7d4c45ca4312dbbb3264fb3824f805351560354aff31d751c8af849d6bb7a13
PPO_best_551901,me5418-scenes-v1-0460,formal-g054,tight_layout,960,0.00022265698241686114,0.00024014258381008653,0.16803921125058252,0.17819168473190408,0.04383132453193441,0.3757440476190475,0.0,0.0,748d5645f4bfe45ab4211739daba650e7f94d1965a408eb6539f2ea20bbc24d4
PPO_best_551901,me5418-scenes-v1-0467,formal-g003,near_link,960,0.00015359578176887798,0.00018343048713769184,0.6012600343201369,0.3847321931930615,0.05552126711064897,0.22321428571428567,0.0,0.0,79eb06c66cf134b7bb3f81bc91c1ce56cde90e5c61cb616b1867146d2112e31a
PPO_best_551901,me5418-scenes-v1-0474,formal-g010,far,960,0.00015752860810966282,0.0002602288086074871,0.1242974550975266,0.10800960908073987,0.04670533718222431,0.7142857142857143,0.0,0.0,d8436405b442a1ef1c45ee91703d61917baf7930086d9095b7735c7626c825eb
PPO_best_551901,me5418-scenes-v1-0477,formal-g013,near_link,960,0.00019442393352174175,0.0002496785935325416,6.621537526632518,6.714381119998885,0.0422301986677406,0.14285714285714282,0.0,0.0,18de27af3ff93a9b3365744b0d5caff51d273f8c3a0527be24feed9a02fcab53
PPO_best_551901,me5418-scenes-v1-0479,formal-g015,far,960,0.00016883517001605575,0.00029803006799681165,0.137723851736539,0.11334579998901163,0.07585392974370386,0.7142857142857143,0.0,0.0,f9768791397a21a17d7a0b8616bc027710afb18d766724450481dfe73c2a86de
PPO_best_551901,me5418-scenes-v1-0485,formal-g021,near_link,960,0.00012632712680544575,0.00018651883430202543,0.29346928838701974,0.2506589091073119,0.061579220213600634,0.581845238095238,0.0,0.0,0cad9c917877567fa8fea4b8247143d7eafd4847f03b4cc7fa418e30e7282ebc
PPO_best_551901,me5418-scenes-v1-0488,formal-g024,tight_layout,960,0.00018541876224629673,0.0002675604570663939,0.1958751052874539,0.23935564405089702,0.05893208970968685,0.2864583333333332,0.0,0.0,f8cf477aeefad94fe38a81bf5dcbb55a00e10d7bd4c45b3b21574114acdf7bb7
PPO_best_551901,me5418-scenes-v1-0504,formal-g040,far,960,0.0001501077191543644,0.0002588654037083058,0.11995853821857745,0.08717004335410482,0.04326016005020059,0.7142857142857143,0.0,0.0,520ba5a0233dfc17158f99dee77ddebf226b01450891673291ed310c9ecc2027
PPO_best_551901,me5418-scenes-v1-0515,formal-g051,near_link,960,0.00013723482266429446,0.00019055581842893185,1.2725736220523356,0.6719954800033785,0.06724870274555518,0.26413690476190466,0.0,0.0,a2ae219ce54917a85cd63f23ac58fcb7bb4c956d7add404744198c9e4f1cb58b
PPO_best_551901,me5418-scenes-v1-0525,formal-g003,near_link,960,0.00014530249226715395,0.0001840882412837046,1.2718797620120028,0.6612727333319937,0.0504105554381302,0.2291666666666666,0.0,0.0,614c94953c8ec8714c6f1c63daff40c735742395d1d0079f160fa25660a3fbea
PPO_best_551901,me5418-scenes-v1-0532,formal-g010,far,960,0.0001597679181941418,0.0002658624779131308,0.12466022102007542,0.10598990540616561,0.04782242227544662,0.7142857142857143,0.0,0.0,c683e62e65d85aa5e8376903a64dbaa4634a115a52b3c765b37c1447ca388028
PPO_best_551901,me5418-scenes-v1-0535,formal-g013,near_link,960,0.00010121686275135937,0.0001930032093292401,0.6230873465131674,0.4719581036026254,0.06618369318579433,0.27901785714285715,0.0,0.0,633d0864b8967eb4f3207cbb8cf9aa23bc608a3b7bb7c3eab8957052d7fc2c4b
PPO_best_551901,me5418-scenes-v1-0537,formal-g015,far,960,0.0001697360987501303,0.00030569303788314557,0.13866243044086085,0.1128303738102801,0.07448737511455407,0.7142857142857143,0.0,0.0,949d744916f09b3d39dfc806326ad3e4357edead196b1c0d929874a4ddbeb1b5
PPO_best_551901,me5418-scenes-v1-0543,formal-g021,near_link,960,0.00011100526725138389,0.00014972375832810592,0.24696517466880852,0.3390657085439902,0.04802280114622678,0.3095238095238095,0.0,0.0,dd0589a5d10ebe1251a2e8cd2789a633c4044a96d795f87f23025448c1878f0d
PPO_best_551901,me5418-scenes-v1-0546,formal-g024,tight_layout,960,0.00022672160606817878,0.0003444987565277802,0.15004841759978757,0.18844767785023123,0.03894285859520537,0.2879464285714285,0.0,0.0,412f847391f24e28fdc3ece56f87dd533a4638e243c1b943d684b702bc3192c7
PPO_best_551901,me5418-scenes-v1-0562,formal-g040,far,960,0.00014534165804196437,0.00024851923350197074,0.12235568950189048,0.08904152578831755,0.03980010151283575,0.7142857142857143,0.0,0.0,edaaaed7f1b5dcded6f3ccab1b59f68081a25bda6eb1cf420ab91670daa38b15
PPO_best_551901,me5418-scenes-v1-0573,formal-g051,near_link,960,0.00021704104559845707,0.0003291561453433643,0.15082025822087528,0.21114490561561663,0.05676266483859468,0.2574404761904761,0.0,0.0,cda272d621ee744006235a508671c5e953d8f80025022ee671f8b20bb4d93d0c
PPO_best_551901,me5418-scenes-v1-0583,formal-g003,near_link,960,0.0001549338762184299,0.0002016534474034135,1.6095846772988598,0.9064762297712284,0.05552153049001488,0.19866071428571422,0.0,0.0,4a2a64851931dd3d0d9ccaa8162c7649fc7608b4a93fda25ead09f1c3d23ac10
PPO_best_551901,me5418-scenes-v1-0589,formal-g009,tight_layout,960,0.00016304932371093367,0.00026111368635993166,0.16162436283474652,0.1617223250712611,0.08712296712404762,0.7559523809523808,0.0,0.0,183f890e16490e76623f8f1d9e23b429b8b1ae00b33c25daf32e1f02a01ac896
PPO_best_551901,me5418-scenes-v1-0590,formal-g010,far,960,0.00015485359310513463,0.00026036646766125363,0.11996983570669448,0.09309220227800082,0.0459546044238266,0.7142857142857143,0.0,0.0,9567153bb06d357b23a5fdfe6bf91b4a7d1bd807a438cfb7fe64dda0fa8179e1
PPO_best_551901,me5418-scenes-v1-0593,formal-g013,near_link,960,0.00018442286785900274,0.00028755140506219335,2.112169404492677,1.4612225603306148,0.03892691016219511,0.15624999999999994,0.0,0.0,3f8742e349233e37aaa5d65d8b54ee60bd8ccf74931170598ee52f023817b96e
PPO_best_551901,me5418-scenes-v1-0595,formal-g015,far,960,0.0001595163160481436,0.0002693439268813486,0.13479861633268442,0.10794049017876878,0.07032787379092946,0.7142857142857143,0.0,0.0,7a2c111e4951f37127c1f401ba2fcd920f8d1f62951fdf7cc59958eb149c1dea
PPO_best_551901,me5418-scenes-v1-0601,formal-g021,near_link,960,0.00013245233731345215,0.00018173559955966847,0.3123370103183202,0.27650346216054517,0.06017742805778469,0.5647321428571429,0.0,0.0,f412f0dfb8b39887cb730a6234ac0afdebb7270048ac39c2e86a7d6656746433
PPO_best_551901,me5418-scenes-v1-0608,formal-g028,near_link,960,0.00019366079005056602,0.00025118470634342337,0.1546691606277732,0.20057520397627152,0.05761688481834725,0.22172619047619038,0.0,0.0,53ddff9c6c3dd55557b0d577c449b0a931e35e62329dbf1c84a3b6edab6ca76f
PPO_best_551901,me5418-scenes-v1-0613,formal-g033,near_link,960,0.00019095190191700215,0.0002640253518657032,1.0461988531983466,0.6670499389438971,0.06029007368029544,0.19866071428571422,0.0,0.0,4ace56976e12240d9d690ee0b996dc1b0f2babbbaafb127a46bc00586a7a4f8c
PPO_best_551901,me5418-scenes-v1-0614,formal-g034,tight_layout,960,0.00015914024497328696,0.00019033816554344467,0.16808672228289295,0.13543879191824945,0.06212836178596428,0.3392857142857142,0.0,0.0,d0f78e15cb828cb619e21e1b09227401ba420c9860e3cd1a0935e52af5d45ca4
PPO_best_551901,me5418-scenes-v1-0620,formal-g040,far,960,0.0001460144920614058,0.00025150840623338857,0.12485493170558969,0.09123841592026752,0.040264934289987314,0.7142857142857143,0.0,0.0,49868bf109bc5afc6096661e3a24ae04f574fe1b56ab9c7cf47899762d499d8e
PPO_best_551901,me5418-scenes-v1-0641,formal-g003,near_link,960,0.0001594454717761097,0.00018515077591279476,0.5645483740785642,0.36328036038103806,0.057127587778057404,0.27008928571428564,0.0,0.0,c64d7c5486f85a1f47084e0437843683a5a240f7d9ff153b14f07762226e3b0f
PPO_best_551901,me5418-scenes-v1-0648,formal-g010,far,960,0.0001640054779985588,0.00025959868735247853,0.1291207871850911,0.11544318948298762,0.050254523563068886,0.7142857142857143,0.0,0.0,c284f24c0cc80d382ff5a7757a94f674622bf2419bf002959acd3f0377ceb82f
PPO_best_551901,me5418-scenes-v1-0653,formal-g015,far,960,0.00016259185057933937,0.0002736514877639586,0.13275250543434858,0.10361296551392458,0.06188571178284913,0.7142857142857143,0.0,0.0,8cdea1e3d7efff356a1c4b10f13be23b5f3d411713d47fb60d86d1986a39b468
PPO_best_551901,me5418-scenes-v1-0659,formal-g021,near_link,960,0.00015465944037836894,0.00022839268957741422,0.36810333225096675,0.23293176786301475,0.07373820074339096,0.7061011904761904,0.0,0.0,85ea30ab6b6808a1140e49050a104fdddaa685afcace743d12285c33fd17702f
PPO_best_551901,me5418-scenes-v1-0678,formal-g040,far,960,0.00014195049254231968,0.00025067324940444765,0.12646907368071242,0.09627134725765076,0.04503517375613054,0.7142857142857143,0.0,0.0,63a371bca714c7265466a550e5a74c55094887c62cd47d941773046a1c71abae
PPO_best_551901,me5418-scenes-v1-0689,formal-g051,near_link,960,0.00016257264224923008,0.00018893037413647885,1.1495918979050246,0.5850952567726898,0.06960005703021947,0.25520833333333326,0.0,0.0,cccd5f6326d0396b1d661933a33b0289b896fbec7772c90a277fcb30e24d3574
PPO_best_552901,me5418-scenes-v1-0003,formal-g003,near_link,960,8.570473083238097e-05,9.124575245529723e-05,0.3342426956275725,0.1845326412537113,0.0381284135992734,0.0,0.0,0.0,54a3955c9eaeeb87c42bc136a2f1c30a32f272879af8553afe4a8047fe91affd
PPO_best_552901,me5418-scenes-v1-0009,formal-g009,tight_layout,960,0.00014848530237960856,0.0002007442790078451,0.24056408377046304,0.1041478935631172,0.04164964370416393,0.22321428571428567,0.0,0.0,4712cd7bf9a1d5a8f394b921f7648fcb547f455061484cb552f0c9bfa8260c70
PPO_best_552901,me5418-scenes-v1-0010,formal-g010,far,960,0.00014958723159736863,0.00016839074751345628,0.034462928501918184,0.046307767082629514,0.02102434352699431,0.14285714285714282,0.0,0.0,d0d0fff4f5e57ffef2620612e9b097099f6f5eb50124fc29a345a2ba226e9318
PPO_best_552901,me5418-scenes-v1-0013,formal-g013,near_link,960,0.00012742541894273876,0.00021436071700991683,0.3224297196925723,0.17529139305296998,0.04203266378281867,0.04910714285714285,0.0,0.0,7d74f1a2918cfb4f0b2036861844ef55b1f13d3dd89e4e229575cdfb68f278f4
PPO_best_552901,me5418-scenes-v1-0015,formal-g015,far,960,0.0001433414103845398,0.00016392028568313016,0.043937155222585796,0.05538157399935277,0.03176145505070849,0.14285714285714282,0.0,0.0,5a60badf5ff8d6bde80f48f229debe64eac31fcb5a231391633d4dca94d735dc
PPO_best_552901,me5418-scenes-v1-0021,formal-g021,near_link,960,0.00010472701048650584,0.00018112686733033035,0.06857225840245881,0.06909073676317283,0.04150856431511014,0.14285714285714282,0.0,0.0,883b02f0af0f1bacb618fd54efe4197cfb42bd57d4cbec884547d48fe0353b07
PPO_best_552901,me5418-scenes-v1-0022,formal-g022,tight_layout,960,0.0001426235764483503,0.00020412264512290515,0.2177731013589572,0.09752514283994355,0.040112163728800145,0.17633928571428567,0.0,0.0,9a741201cad3a65637da6a017f33cdb6118ed13a42728c1d6246195eea81ae1d
PPO_best_552901,me5418-scenes-v1-0033,formal-g033,near_link,960,9.954824065739248e-05,0.00010126260673278609,0.2721428981158766,0.1421739184212693,0.041797027170137835,0.0,0.0,0.0,f553988942e84582c8823c43c924b64fd90ee47ef8e308aa7fa21de20b2d4f5f
PPO_best_552901,me5418-scenes-v1-0040,formal-g040,far,960,0.0001570167818594958,0.00017408197467313073,0.05442040962639817,0.07216158326278585,0.03934527433085536,0.14285714285714282,0.0,0.0,0a20adb7bab2164f71a7c3d199a7cf64c90b744e5d9eabbaa8dd3d630e69f2e8
PPO_best_552901,me5418-scenes-v1-0061,formal-g003,near_link,960,6.03669260900241e-05,6.36521275462981e-05,0.058826663851827804,0.08915063955988954,0.01828210072088037,0.0,0.0,0.0,3d6c9201a37717c11df1bb203e86153fdea68619397d7c2dde74d08127765bf3
PPO_best_552901,me5418-scenes-v1-0068,formal-g010,far,960,0.0001530681047475759,0.00017338188377120255,0.050750735364820575,0.06304241497602525,0.03805342869980395,0.14285714285714282,0.0,0.0,69fc851a8669f8ea971d23a68850c402c97e90adbca87e3541d14291394f626f
PPO_best_552901,me5418-scenes-v1-0071,formal-g013,near_link,960,0.00013975090888844273,0.0002114020809732301,0.4375622085183347,0.2188755521286745,0.04920429935985917,0.005952380952380952,0.0,0.0,f9ac99e5f1e2cf13ab40ba6ab323fca0d81e3650daa54da28c0f6a9b8a16ccca
PPO_best_552901,me5418-scenes-v1-0073,formal-g015,far,960,0.00014546217585182384,0.00016717259361621387,0.048958056833441455,0.059407523118803846,0.03757391904021592,0.14285714285714282,0.0,0.0,544cea4145ed3caa0e61af501080d831dc82e391480edbaa42742b1a7f48e09c
PPO_best_552901,me5418-scenes-v1-0079,formal-g021,near_link,960,7.536378122458583e-05,0.00012891231941593371,0.062316548486649706,0.06645919787341191,0.029957995267844467,0.14285714285714282,0.0,0.0,9e3139c1a155c6654fb82077f8beee6ce8e72c0fe0c7432876f1e1569a7277da
PPO_best_552901,me5418-scenes-v1-0080,formal-g022,tight_layout,960,8.749497741728929e-05,0.0001371758568400083,0.07928902547157338,0.09097072713955476,0.04202464988658929,0.14285714285714282,0.0,0.0,a61249f0b4a1fa42545d69ff16be26640295ebd669b3c1f9ed98fcee56bb131f
PPO_best_552901,me5418-scenes-v1-0098,formal-g040,far,960,0.00015347769696994382,0.00017180863787223338,0.03527744463491117,0.04902982563348216,0.020782897594501665,0.14285714285714282,0.0,0.0,7b66975c0fccbcfa3e4ddecd545bb834703c1d7634a313b7a5a950719cd1e2d1
PPO_best_552901,me5418-scenes-v1-0109,formal-g051,near_link,960,7.8683024998668e-05,8.36020438663006e-05,0.06841741726230693,0.09536604664436757,0.031123058065627946,0.0,0.0,0.0,b3aa0216430adce20e255262f4ea201cd365e92c47eae61db1bb7c4832e9c8dc
PPO_best_552901,me5418-scenes-v1-0119,formal-g003,near_link,960,8.132753607028715e-05,9.253063316443719e-05,0.0679668655727102,0.09534313841536553,0.027912941941391295,0.0,0.0,0.0,105b850991c6be5228e1957202a3366e62064b654d1fa429c625bad9eea8e626
PPO_best_552901,me5418-scenes-v1-0122,formal-g006,near_link,960,0.00012452366259306424,0.00017312585793767128,0.24105581635373186,0.14854772613769437,0.0329174588280833,0.0,0.0,0.0,7e973cd99c1f37ef6560441e68b7ae15c72a1c729359111923cc2fe4b3fea885
PPO_best_552901,me5418-scenes-v1-0126,formal-g010,far,960,0.00015362371471714428,0.00017162798498709218,0.033014810990914426,0.04467680484933995,0.020026827631714542,0.14285714285714282,0.0,0.0,8dea2b6376dbca38778e4ee4294be36864ac4e638285022bc717d8a3bc96748e
PPO_best_552901,me5418-scenes-v1-0131,formal-g015,far,960,0.00014396439263099134,0.0001641894140005283,0.03882159450164948,0.05088237875771013,0.025801084656867257,0.14285714285714282,0.0,0.0,58c7520f9f99260b68fe8b571a22a7f5e22b45f47178498d1200dfbc72154493
PPO_best_552901,me5418-scenes-v1-0137,formal-g021,near_link,960,7.014662453268668e-05,9.388775812795366e-05,0.08736604622301833,0.05025229590406126,0.020642026978748902,0.1421130952380952,0.0,0.0,2ce95c021b805e1643b6531f9534a96cb6ab12e11cdc7daac000886c8728e7c5
PPO_best_552901,me5418-scenes-v1-0156,formal-g040,far,960,0.00015319211954954465,0.00017192840447535323,0.03987081279272264,0.05511320646763996,0.02607098147698807,0.14285714285714282,0.0,0.0,8b2979b3b67d6068bda666f6e6a0fcbec9c345b5c969f5452cf22f3cbfab5e8a
PPO_best_552901,me5418-scenes-v1-0160,formal-g044,tight_layout,960,6.084445215289528e-05,9.158823637968028e-05,0.06908606868099477,0.10167339625174744,0.028637349016231037,0.0,0.0,0.0,f5ce92b851924e761dc5d3297d15c3a10097aced19f1b0fa0c32c37009df1336
PPO_best_552901,me5418-scenes-v1-0167,formal-g051,near_link,960,9.63841930798188e-05,0.00010531964437238747,0.1637898889525588,0.11454215226961346,0.02431818853151412,0.0,0.0,0.0,057b24943f614e2b7f3d9fc4bd6434560b9cca0c0140b7a84f30c72953e96245
PPO_best_552901,me5418-scenes-v1-0173,formal-g057,tight_layout,960,0.00012968035691162994,0.00019898105746159439,0.1851241887952693,0.12043995981998551,0.048245477192564,0.1495535714285714,0.0,0.0,6581f20c630cc551c1f691a3f55634975bef4569bf3283b4714b152c742fefdf
PPO_best_552901,me5418-scenes-v1-0177,formal-g003,near_link,960,5.998237948479826e-05,6.406647854359362e-05,0.060101163164981306,0.0997577032517309,0.03386602174691772,0.0,0.0,0.0,fd9e4c7c8249c33ccf975c66daee84113ec28ac3ff765bf4aa9686cd685ee994
PPO_best_552901,me5418-scenes-v1-0184,formal-g010,far,960,0.00015283040311670797,0.00017126796101373708,0.03463178830768203,0.04697052248177229,0.020491812924103778,0.14285714285714282,0.0,0.0,f3cce0a9d9594e1a38fe28e5d1f9015bd2e7ec94fc1f2bbfba143ceea8ccad8a
PPO_best_552901,me5418-scenes-v1-0187,formal-g013,near_link,960,5.180347598702708e-05,5.806799880382191e-05,0.36401923306705025,0.13990162882545557,0.03286253241724945,0.0,0.0,0.0,d6cddc4bfbd42a878a32e20a6e5cf0239839bbada58ca845273fe1dfbb68fd0e
PPO_best_552901,me5418-scenes-v1-0189,formal-g015,far,960,0.00014765393340367063,0.000169334341112724,0.052201083052160015,0.06164691691743406,0.04108727129471238,0.14285714285714282,0.0,0.0,5a91219995a9718388ace85400bb41bcc6795810ce7879390fb0590eacfa399d
PPO_best_552901,me5418-scenes-v1-0195,formal-g021,near_link,960,7.168067636526762e-05,0.0001077876134607425,0.06021181178655762,0.06111157794222489,0.03204496495117975,0.14285714285714282,0.0,0.0,b6b944b20a68372c56b603dbdf863d67da202e6b90a68abbf18aa867911ef238
PPO_best_552901,me5418-scenes-v1-0207,formal-g033,near_link,960,9.684356271703693e-05,0.0001007605250549654,0.3536505795690028,0.19174461900720588,0.04308656607006552,0.0,0.0,0.0,f4d7b4dd7887e78f23e1d04fd18486c29450ab66f11e2adae0896ecfa6905a74
PPO_best_552901,me5418-scenes-v1-0214,formal-g040,far,960,0.00015485583199653581,0.00016843410474166556,0.05218635272632725,0.06121791686635311,0.040862536276367926,0.14285714285714282,0.0,0.0,4248568cd72b7cb386f7573cc56a3457c213b5e53bf45b699ba5c3ec69634d02
PPO_best_552901,me5418-scenes-v1-0218,formal-g044,tight_layout,960,7.806239503855859e-05,0.00011978591811551774,0.07185214367259714,0.10414391953429919,0.0378614263172529,0.0,0.0,0.0,403c4e09bb9010ad2f7665e9cbf4303357a4e4d20f2bed7923dd946c331a3f22
PPO_best_552901,me5418-scenes-v1-0225,formal-g051,near_link,960,6.425604470241442e-05,6.559241289227228e-05,0.06206932783101777,0.084377002205384,0.02418193524802456,0.0,0.0,0.0,2dcad43bc3f552a7ba6c157f94b910b1a27f040b8599a1a020646106827fa3a8
PPO_best_552901,me5418-scenes-v1-0235,formal-g003,near_link,960,8.201480842031046e-05,9.27688185841243e-05,0.06700759449051095,0.08778032807231541,0.025225292362132723,0.0,0.0,0.0,d90de95b21a2a0f01db9aa69f7d6847aecab17e7f9a1a415b1e75b71438088c1
PPO_best_552901,me5418-scenes-v1-0242,formal-g010,far,960,0.00015079127254192688,0.00016793626202519217,0.03383353373298464,0.046543222822036816,0.02008433046926962,0.14285714285714282,0.0,0.0,2f6446ed8684780813590adb66279a74ca14bb2667620e371faab09fc3fd2425
PPO_best_552901,me5418-scenes-v1-0247,formal-g015,far,960,0.0001380543758981631,0.00016075894903393658,0.07161471979294223,0.08080568969202022,0.06013929713839165,0.14285714285714282,0.0,0.0,7465932775525617ba427222a0911913906d93f213360538f08bb251a228c186
PPO_best_552901,me5418-scenes-v1-0253,formal-g021,near_link,960,8.290329581882609e-05,0.00013811939204185308,0.08342809929343398,0.0822337266305216,0.051656645034858374,0.14285714285714282,0.0,0.0,5508a2e26a5192f2038b9a135f51ca8a9dceacb4bb5207e535344cbe8203e720
PPO_best_552901,me5418-scenes-v1-0260,formal-g028,near_link,960,8.470714810128718e-05,9.637043790494375e-05,0.04439950165010262,0.08623582807867773,0.021671758845724417,0.0,0.0,0.0,8f557ef5d41ac3ac6c5739ee6dddc7f6bb90e9623428b030d7e2bd6e7f0c0404
PPO_best_552901,me5418-scenes-v1-0272,formal-g040,far,960,0.00015745309074126316,0.00017488264572193055,0.05671553684186166,0.07682748546317988,0.04066820748311651,0.11904761904761901,0.0,0.0,72eee2c2b45fe9fbe120d0846e954695db17bcdf986c5c4e08597098ea911387
PPO_best_552901,me5418-scenes-v1-0276,formal-g044,tight_layout,960,9.975074898672268e-05,0.00015398461410244527,0.07858769375358121,0.0968661597300561,0.045676371948532836,0.0,0.0,0.0,a6bf485f2a388b1695008f66feb8e543b1fd220c3c352619a8c4176aabc3cc26
PPO_best_552901,me5418-scenes-v1-0283,formal-g051,near_link,960,5.2031028420879044e-05,5.599627511075888e-05,0.05625424764441215,0.08881568412802288,0.0170495972721231,0.0,0.0,0.0,c655721f5ce8c98ed2fbc039e617446f3365b328bcb38773413dc08d74f71eed
PPO_best_552901,me5418-scenes-v1-0285,formal-g053,near_link,960,6.32401243434512e-05,8.517865192924193e-05,0.17867945579395675,0.10971328259268007,0.02224832550455901,0.0,0.0,0.0,02e1cb23f5da0c52861940aa7b4b24b7134052da1cb11c6ee91acd5172f277ac
PPO_best_552901,me5418-scenes-v1-0289,formal-g057,tight_layout,960,0.0001405108273084524,0.00021267430001603729,0.26250432531528123,0.1424574705399832,0.041321396421707894,0.17633928571428567,0.0,0.0,08a067f229c4e76846cb7013baf728b40c5e7c62989e2ec7897659b0d59f9adc
PPO_best_552901,me5418-scenes-v1-0293,formal-g003,near_link,960,8.796535690229959e-05,9.47835939624969e-05,0.3520913899279518,0.19947397160957592,0.03282380383404327,0.0,0.0,0.0,72cd0a8c302c10b390046219321b7878ed69dee0c3889ef468742ac82c3ca573
PPO_best_552901,me5418-scenes-v1-0300,formal-g010,far,960,0.00015425696867952976,0.00017283255471349,0.03759626763301991,0.04974067756234065,0.024056547086895905,0.14285714285714282,0.0,0.0,95395775f36c3d8ffaaaf45eef4bdcbb2a4cfd372e2bcd4239ea94499616e4e5
PPO_best_552901,me5418-scenes-v1-0303,formal-g013,near_link,960,7.65245772765444e-05,7.893048579128054e-05,0.14431597211489977,0.08170704232369551,0.02090089345563165,0.0,0.0,0.0,eb0124cb1eb3a632eaf49a6a7e4d87045d9658415763db7094361ce3da19bc7d
PPO_best_552901,me5418-scenes-v1-0305,formal-g015,far,960,0.00014778060386393168,0.00016921377523337802,0.054010379408374165,0.06459794078795103,0.04195559332118368,0.14285714285714282,0.0,0.0,31f6c58c3a43f0fac6d1f81bfb510161b3e78d946b66b4068139253ade725d3e
PPO_best_552901,me5418-scenes-v1-0311,formal-g021,near_link,960,9.004937796504687e-05,0.00015861382037335087,0.060191625797061866,0.059362250000440264,0.029853096770560753,0.14285714285714282,0.0,0.0,f77d1e233bbf2cadb16ea082b92ec04a5bb6ca1b0f4253e26b8713a46dd20456
PPO_best_552901,me5418-scenes-v1-0314,formal-g024,tight_layout,960,7.02988063891418e-05,7.303810301241143e-05,0.06826625356234309,0.10117443812178145,0.03172073931416578,0.0,0.0,0.0,05b1b5728fd0899d3ce0a09535de338e92ad32e9e74a024c670770ff94a10e42
PPO_best_552901,me5418-scenes-v1-0316,formal-g026,near_link,960,0.00015141215586426214,0.00021402612205910043,0.24531875688626223,0.15463660714274227,0.042954735286430124,0.07812499999999999,0.0,0.0,56540af2d0027daafdbcc582d25ebeac8d613ba46fc7cc1643c21fc04c8db288
PPO_best_552901,me5418-scenes-v1-0330,formal-g040,far,960,0.00015723195953051478,0.0001721916477017373,0.05363616010981182,0.06591547935933742,0.041282501838400085,0.14285714285714282,0.0,0.0,e5bdba0ace8bb0a26295162f01c24ede292a4073357fd8be2b61dcf3f4ca582a
PPO_best_552901,me5418-scenes-v1-0341,formal-g051,near_link,960,9.452885920714094e-05,0.00010497019100905732,0.07839317464418366,0.09099496799450091,0.03664261149131459,0.0,0.0,0.0,6ffb8a2596c71c152bc9ebd2772b50b5ddcff41acab321f53eeaf246c5d32955
PPO_best_552901,me5418-scenes-v1-0344,formal-g054,tight_layout,960,7.800595497036003e-05,0.00011380277553383426,0.07393201727762445,0.10625655760112311,0.04613008993321186,0.0,0.0,0.0,7a495e29df04c1e1096e65763bf263567ae027c838a1c75fdccda2ff69994ba3
PPO_best_552901,me5418-scenes-v1-0351,formal-g003,near_link,960,9.460065058983082e-05,9.843864128785922e-05,0.16957828445163206,0.14291644578240678,0.04513007343088533,0.0,0.0,0.0,56bb42d40d9a38e852a9a25749bbd38a610e949ffe10e6bba7ee6c505f09532a
PPO_best_552901,me5418-scenes-v1-0357,formal-g009,tight_layout,960,0.00014604847236525476,0.0002105775225906188,0.06475064035073072,0.06232174340661013,0.03635759512389786,0.23958333333333326,0.0,0.0,e0fc96e6d9eca2783d77ac77c223b09b5c97259aa52b21fe88d47b9c9701aac6
PPO_best_552901,me5418-scenes-v1-0358,formal-g010,far,960,0.00015390925595219833,0.0001709326920921799,0.03277540248237694,0.04544469052878969,0.01851755304366864,0.14285714285714282,0.0,0.0,773b0fd69cfcde42bbda2b63660ab227a6b7d77b280facce86f55dcfb40e826a
PPO_best_552901,me5418-scenes-v1-0361,formal-g013,near_link,960,6.714782636375131e-05,7.301779887336284e-05,0.03306431221756593,0.050314038380937946,0.01645782818270697,0.0,0.0,0.0,aee1c309a080995eb48c7b7ef9014710b48555cb9609fc94ad0ea6eee1adf96d
PPO_best_552901,me5418-scenes-v1-0363,formal-g015,far,960,0.00014390703621695362,0.00016432897259346238,0.04701702884260985,0.05802733766522064,0.03531594337118316,0.14285714285714282,0.0,0.0,31174e1f3291f879deeb7ad3de82a99d4868ab10dbe4a6845e2d9be2b68fff43
PPO_best_552901,me5418-scenes-v1-0369,formal-g021,near_link,960,8.962797314119579e-05,0.0001587377506005859,0.06053653242448171,0.058432984718821836,0.026868412349013118,0.14285714285714282,0.0,0.0,9ae0b4d265cb46bad67876971e732500b008b9dc8f1a723b4c9846b210af805f
PPO_best_552901,me5418-scenes-v1-0388,formal-g040,far,960,0.00015326909863302372,0.00017017547420614538,0.036375932308712396,0.04907428962804426,0.023193096294247706,0.14285714285714282,0.0,0.0,2ed3d42f641673a1c9784c3ceb391e591e0c67393c876a270ab930c2d98dd591
PPO_best_552901,me5418-scenes-v1-0399,formal-g051,near_link,960,5.3003073833850784e-05,6.03389917330208e-05,0.05806423797919777,0.09412187126471357,0.018134934206349998,0.0,0.0,0.0,2a975e0e12c535d593f028195c8b15155ed2068d3447fba9667707863a37bbe0
PPO_best_552901,me5418-scenes-v1-0409,formal-g003,near_link,960,8.228612727296684e-05,8.923432148275972e-05,0.06480111284536277,0.09720088595088075,0.024538910735070762,0.0,0.0,0.0,bc018274e174d165226403350f408cd811c67517214caf8c518a60b4de059632
PPO_best_552901,me5418-scenes-v1-0415,formal-g009,tight_layout,960,0.0001409926060006598,0.00019489385905078468,0.24611174620983578,0.11828453096557281,0.05449030530106703,0.23288690476190468,0.0,0.0,3c4cec7c8335c22102a6c219d353384068d6b798598079a2f5b36714223b0e31
PPO_best_552901,me5418-scenes-v1-0416,formal-g010,far,960,0.00015138252102421404,0.00016900344603225397,0.035748085589131125,0.04788968868770723,0.023013741879951335,0.14285714285714282,0.0,0.0,70e66b41428bc49a4352dcf0d8567eea6711be60312e542905bd9b251b89df73
PPO_best_552901,me5418-scenes-v1-0419,formal-g013,near_link,960,5.467682490072102e-05,5.745588723125293e-05,0.6402362721197791,0.292253570307761,0.024493843221402523,0.0,0.0,0.0,724eb17283e52f517c0fc32b69b405cd22ec1d5b0bc95e42e0048e685f5fa8de
PPO_best_552901,me5418-scenes-v1-0421,formal-g015,far,960,0.0001448741832499553,0.00016776520509610598,0.061453683447269696,0.07260048843479872,0.04931287112567706,0.14285714285714282,0.0,0.0,9b11657707e6feb516746a18e9316578043db93e80dc4af22c88dab41cadc8bd
PPO_best_552901,me5418-scenes-v1-0427,formal-g021,near_link,960,0.00011404739369222875,0.00017999433989827565,0.22386006296652114,0.10797573906953312,0.030452263230157983,0.14285714285714282,0.0,0.0,78a5821a662da955043e60654a8069eabc308186cafaa952922155e870f0aaa5
PPO_best_552901,me5418-scenes-v1-0446,formal-g040,far,960,0.00015703543168182037,0.00017365322266121364,0.05769024630336747,0.07683218756492116,0.04194392303940373,0.11681547619047615,0.0,0.0,8a9320938ddb4798f5d7ea4bb64504cf235c198477f402f7eb14b620a11c8f6c
PPO_best_552901,me5418-scenes-v1-0457,formal-g051,near_link,960,6.055241208509671e-05,6.234600240780601e-05,0.05671390511711304,0.08651557675020494,0.026078569041583715,0.0,0.0,0.0,2ebce4a8fb9db81360f39ef5279aae9d156204779f3d4fff87e11207dbe2eb1b
PPO_best_552901,me5418-scenes-v1-0460,formal-g054,tight_layout,960,0.00011190564726371862,0.00015569962242213394,0.04757315202285477,0.06505422577983097,0.027696098722421254,0.0,0.0,0.0,40c7816a856e0fb76b81592b6c440be12e14a9a795b4230164b3a337d278ae3f
PPO_best_552901,me5418-scenes-v1-0467,formal-g003,near_link,960,6.200628756175059e-05,6.597194196061518e-05,0.05545622039255252,0.07722447814861183,0.017714619070197623,0.0,0.0,0.0,059aa07e6716337e082423d49421e7bce6eb1594dd248ea92524c238abf197c7
PPO_best_552901,me5418-scenes-v1-0474,formal-g010,far,960,0.0001538372123539105,0.00017079908973828884,0.0415075166352523,0.05417110869837817,0.028586841735375578,0.14285714285714282,0.0,0.0,97f685aebe17d23d5923b324dfe1e442b529cbfbd1ab139b70e26b4ac69b83a1
PPO_best_552901,me5418-scenes-v1-0477,formal-g013,near_link,960,9.551577927878501e-05,0.00010270630703932325,0.16167138180787138,0.1464348519026601,0.026422876049842836,0.0,0.0,0.0,5a1bc9fd2ea2b878901f8be5360401104bf98d45f4ba9f1d7e51471aa165f295
PPO_best_552901,me5418-scenes-v1-0479,formal-g015,far,960,0.00014284733014639076,0.00016495449738132393,0.06206828759609932,0.0712249463383134,0.05092880542551536,0.14285714285714282,0.0,0.0,c9e8d65ed8b0a220ef6179f0fb4062354ec26ab0c3d45389ac00fded74624c34
PPO_best_552901,me5418-scenes-v1-0485,formal-g021,near_link,960,0.00010567485939329777,0.00017010758582001212,0.13609006803479454,0.08014573514910832,0.042721758754541365,0.14285714285714282,0.0,0.0,a44229b820542562a7143d1d25de4228895b1970a641009a9d190f2dfea564f1
PPO_best_552901,me5418-scenes-v1-0488,formal-g024,tight_layout,960,6.09841707988054e-05,6.315482251033497e-05,0.06482830774254415,0.09827905836374913,0.03960352232317244,0.0,0.0,0.0,a92e0570435856b0f5b4cae4fb7d4803a70e3bfbef6699702366df66ba80e524
PPO_best_552901,me5418-scenes-v1-0504,formal-g040,far,960,0.00015398267068308518,0.00017127181929036734,0.03388068703160443,0.047059421398517834,0.019773157169234067,0.14285714285714282,0.0,0.0,c3a4cc83ff6b3ee7ec0b9f5c0a524ba6d9268a6f46cbe149e186a3a15bd4db6b
PPO_best_552901,me5418-scenes-v1-0515,formal-g051,near_link,960,9.435609203373038e-05,0.00010277749815784779,0.47979723615143005,0.23012284016307746,0.04426701474568328,0.0,0.0,0.0,f798263f801db287d9747cdeec0fea3b5427e0d5308ace17dcb4a3c1aeda0b2a
PPO_best_552901,me5418-scenes-v1-0525,formal-g003,near_link,960,9.192777830520279e-05,9.673187134685785e-05,0.07389667413648783,0.09287929381523068,0.02665393187626872,0.0,0.0,0.0,96db867460ace880c4ecb0e862c878ffc3634ecbf9025cd22806432fb3af810f
PPO_best_552901,me5418-scenes-v1-0532,formal-g010,far,960,0.00015476496571547574,0.00017165795168339,0.04254916476991056,0.05651959955358631,0.02870256976679819,0.14285714285714282,0.0,0.0,afb9dd78bb5bea64e5bc6e75215a83fb9d7a6da06c81345968fdebe9fef61921
PPO_best_552901,me5418-scenes-v1-0535,formal-g013,near_link,960,9.227568650789196e-05,0.00014674260964651862,0.08709805715312308,0.14386641129407862,0.027673125160803887,0.052083333333333315,0.0,0.0,f190b1c45dc335e8a035ddb4eb93944468e57865c3eb87b933724065efc06db6
PPO_best_552901,me5418-scenes-v1-0537,formal-g015,far,960,0.00014468980261328184,0.0001681501026212866,0.061844121042045584,0.07306852737069658,0.049901361038479454,0.14285714285714282,0.0,0.0,78bfaeed997d63d8c50ccd9c89016ac57e50dfc194dad54cd364c211447aef05
PPO_best_552901,me5418-scenes-v1-0543,formal-g021,near_link,960,7.540362876951299e-05,0.00011539761245890994,0.07436537764596238,0.07456292531296814,0.04982570264223196,0.14285714285714282,0.0,0.0,b8e9b1994dffb85338d99b8b79425fa43607abebae5684e2c922087d09252f7a
PPO_best_552901,me5418-scenes-v1-0546,formal-g024,tight_layout,960,7.046149589432952e-05,7.512281784266855e-05,0.052025362506313025,0.09808452592079953,0.0200201168780712,0.0,0.0,0.0,76af03a86c38eaf0610926a9b729bcb4be47057d34d93a456a89746c99b4cf8b
PPO_best_552901,me5418-scenes-v1-0562,formal-g040,far,960,0.00015357270983916538,0.0001698027579639051,0.03522532209057057,0.047021651569182935,0.022703109853933156,0.14285714285714282,0.0,0.0,dbadb19af1c6e31238b45ffeeacf7b52c45f020bd3e8602b093329ab95506b22
PPO_best_552901,me5418-scenes-v1-0573,formal-g051,near_link,960,8.811227585582855e-05,9.980482066072604e-05,0.057609093505510724,0.09828521242490557,0.03737946606623566,0.0,0.0,0.0,201222b7b7b625ca7dc14a330599b9a9503d904a1a4df6b8997a070ff5836074
PPO_best_552901,me5418-scenes-v1-0583,formal-g003,near_link,960,9.0376664732963e-05,9.463172380658946e-05,0.33787967310077593,0.19282706803732846,0.04193806661909628,0.0,0.0,0.0,e22eee7fa37261b33288e1c987eabc68216882b1dd62bea8bc6015b101688a0a
PPO_best_552901,me5418-scenes-v1-0589,formal-g009,tight_layout,960,0.00014525109891569985,0.0002003950062167833,0.2429528349263599,0.12649031688888215,0.060201130203643656,0.14285714285714282,0.0,0.0,f47fbdf9b8552202c12d8c593800b60d7a3ec09b255c3f33dc9f548ac741b618
PPO_best_552901,me5418-scenes-v1-0590,formal-g010,far,960,0.0001528155878420391,0.00017110678578980345,0.03163800437222553,0.04361623925727668,0.017718455579339612,0.14285714285714282,0.0,0.0,475fdc724fe8b4d214cd46eae9025d0a6687680258eb5adc9ffd992e18feb2aa
PPO_best_552901,me5418-scenes-v1-0593,formal-g013,near_link,960,5.542814951278471e-05,6.13592267542476e-05,0.32408315692403894,0.16570320881806103,0.033445688026640434,0.0,0.0,0.0,dc6bce797ed7de004c6c64d4c2ac782c5bd56d1e106269aa3862f554318b4bc0
PPO_best_552901,me5418-scenes-v1-0595,formal-g015,far,960,0.00014216958705034875,0.00016262984596659364,0.05482354022015521,0.0665841709083236,0.04322889616940584,0.14285714285714282,0.0,0.0,3fb3ab6c8aa853ca505ea80b0f2774105567120de94f5bb213d5c0c4dfffd48e
PPO_best_552901,me5418-scenes-v1-0601,formal-g021,near_link,960,0.00011199812527662227,0.00018386767989779962,0.06328793521167626,0.06229049868379065,0.03375133398876542,0.14285714285714282,0.0,0.0,a83a7b88a40c8bcc71fa2daae8bed5e0a167f98372501422821a67a8dff23baf
PPO_best_552901,me5418-scenes-v1-0608,formal-g028,near_link,960,8.017575102732742e-05,9.00118539819806e-05,0.06679941735389665,0.09492232261755601,0.050583581663711776,0.0,0.0,0.0,d2cd59b9500382c3c6d7963b9e696617c9d8a335b25b6c6e097c32258a707804
PPO_best_552901,me5418-scenes-v1-0613,formal-g033,near_link,960,0.00010592466098495355,0.0001075260900429992,0.09411695996876272,0.13682318517717001,0.054772222262975984,0.0,0.0,0.0,7d119796091d9f702c5fbe5ff181a97307c4ede1996406234c856054d870a9c3
PPO_best_552901,me5418-scenes-v1-0614,formal-g034,tight_layout,960,7.361995964655866e-05,0.00011785717614844756,0.06599832005605133,0.08423264271918826,0.040736176027133524,0.0,0.0,0.0,d11f88848eeb09be65f1aab168978708de570d8d47d5434ce9d00529a5401147
PPO_best_552901,me5418-scenes-v1-0620,formal-g040,far,960,0.0001518073381725681,0.0001684696224857558,0.03804842896300252,0.050138185408008004,0.02504063911754315,0.14285714285714282,0.0,0.0,43c8c894de5fbcd773e8cd7b13a735b1e50db9e951e2332a00614fe7c9c91f67
PPO_best_552901,me5418-scenes-v1-0641,formal-g003,near_link,960,6.508708042235943e-05,7.271489783221322e-05,0.05894374826451152,0.08119902196769636,0.020454759974925112,0.0,0.0,0.0,090e9b2d05c083e2228d354264d13f57ebd065ea767a2392d97c3b8c57284903
PPO_best_552901,me5418-scenes-v1-0648,formal-g010,far,960,0.00015183171928833717,0.00016998599655832034,0.03739965365254493,0.049136245817288746,0.025025945091561586,0.14285714285714282,0.0,0.0,5f8fc20087a97850537ddd013465a9358387f49c6071185cd372ebb7e3e4bca8
PPO_best_552901,me5418-scenes-v1-0653,formal-g015,far,960,0.0001456719174761993,0.00016617286669770682,0.045654375523886216,0.05614703777037955,0.03385517982826808,0.14285714285714282,0.0,0.0,e8809fa3c8be0dad1987853c28f256bf8c1744dd32b220c45606b1432f91dcb7
PPO_best_552901,me5418-scenes-v1-0659,formal-g021,near_link,960,0.00011549260423849667,0.00017409341376159815,0.20849007646524456,0.11542208606824132,0.04160068438275836,0.14285714285714282,0.0,0.0,e0c8beb2e63fa2923e73a586085836825e48b815ce59b149a2e321b9a8afa070
PPO_best_552901,me5418-scenes-v1-0678,formal-g040,far,960,0.00015504189817645264,0.00016912112281493305,0.053915150647595105,0.06274671859777169,0.04292746941600148,0.14285714285714282,0.0,0.0,95b05e24388edd0a49717e3b9f12a5db2d09801814d963bc6fa37e731ac6daaf
PPO_best_552901,me5418-scenes-v1-0689,formal-g051,near_link,960,9.38966970298734e-05,0.0001039392640600986,0.30563998662007924,0.1684803677192116,0.04618694368527131,0.0,0.0,0.0,fdb5dd766f5661aefb396e6600e9fe857c9f7ecae44c83b49191096dee96b838
