dataset,method,stratum_type,stratum,metric,unit,scope,n_common_complete,n,mean,median,p95,min,max
original,tracking,category,far,max_error_m,m,all_primary_common_complete_success_within_stratum,36,36,3.9315007961579515e-05,3.813662673402756e-05,6.177853751275276e-05,2.7445242652652944e-05,6.467299124203063e-05
original,tracking,category,far,rmse_m,m,all_primary_common_complete_success_within_stratum,36,36,3.129931783265821e-05,2.8233480723321914e-05,4.457888543600005e-05,1.9090864082538308e-05,4.5683339925108274e-05
original,tracking,category,far,endpoint_error_m,m,all_primary_common_complete_success_within_stratum,36,36,3.277438496559505e-05,3.3201424306354676e-05,4.2882976360388115e-05,2.2222439370590195e-05,4.414417238183893e-05
original,tracking,category,far,minimum_external_distance_m,m,all_primary_common_complete_success_within_stratum,36,0,,,,,
original,tracking,category,far,minimum_self_distance_m,m,all_primary_common_complete_success_within_stratum,36,36,0.020000999187902907,0.020046646992103023,0.020154933643945418,0.019717806674796355,0.020154933643945418
original,tracking,category,far,command_smoothness_rms_rad_s2,rad/s^2,all_primary_common_complete_success_within_stratum,36,36,0.03297651998680645,0.03127626262086494,0.051206681900455644,0.014549207832114674,0.06239303708370971
original,tracking,category,far,max_actual_arm_velocity_rad_s,rad/s,all_primary_common_complete_success_within_stratum,36,36,0.0431056857618103,0.04089055497361577,0.06673099293012959,0.016093475103213288,0.08720321653565924
original,tracking,category,far,speed_saturated_fraction,fraction,all_primary_common_complete_success_within_stratum,36,36,0.0,0.0,0.0,0.0,0.0
original,tracking,category,far,soft_limited_fraction,fraction,all_primary_common_complete_success_within_stratum,36,36,0.0,0.0,0.0,0.0,0.0
original,tracking,category,far,raw_policy_component_clip_fraction,fraction,all_primary_common_complete_success_within_stratum,36,0,,,,,
original,tracking,category,far,raw_policy_decisions_with_clip_fraction,fraction,all_primary_common_complete_success_within_stratum,36,0,,,,,
original,tracking,category,far,u_component_clip_fraction,fraction,all_primary_common_complete_success_within_stratum,36,36,0.0,0.0,0.0,0.0,0.0
original,tracking,category,far,u_decisions_with_clip_fraction,fraction,all_primary_common_complete_success_within_stratum,36,36,0.0,0.0,0.0,0.0,0.0
original,tracking,category,far,mean_u_abs_rad_s,rad/s,all_primary_common_complete_success_within_stratum,36,36,0.0,0.0,0.0,0.0,0.0
original,tracking,category,far,provider_mean_s,s/48Hz decision,all_primary_common_complete_success_within_stratum,36,36,1.2885510180374829e-05,1.2889369562193071e-05,1.309964638570212e-05,1.250223954230023e-05,1.3342208376343478e-05
original,tracking,category,far,core_mean_s,s/240Hz step,all_primary_common_complete_success_within_stratum,36,36,0.0005347334605390743,0.0005348411689207448,0.0005418366406047426,0.0005206699075946138,0.0005450978399191323
original,tracking,category,far,outer_mean_s,s/240Hz step including decision when due,all_primary_common_complete_success_within_stratum,36,36,0.0005594778441621674,0.0005595296571830962,0.0005665784066839781,0.0005451432841255155,0.0005698990812561533
original,tracking,category,near_link,max_error_m,m,all_primary_common_complete_success_within_stratum,51,51,4.788065397711674e-05,4.568535307800226e-05,6.530190660249669e-05,3.319943727029534e-05,6.910800470380194e-05
original,tracking,category,near_link,rmse_m,m,all_primary_common_complete_success_within_stratum,51,51,3.815421627744017e-05,3.7829838170310765e-05,4.756306238568777e-05,2.676894103276858e-05,5.087504729577951e-05
original,tracking,category,near_link,endpoint_error_m,m,all_primary_common_complete_success_within_stratum,51,51,3.175327001043754e-05,3.2100235280213614e-05,4.234313980961093e-05,2.306875248864991e-05,4.459475077286617e-05
original,tracking,category,near_link,minimum_external_distance_m,m,all_primary_common_complete_success_within_stratum,51,51,0.02532654143231695,0.025636979938305868,0.045983262567458154,0.0036422386926926315,0.049725540706937355
original,tracking,category,near_link,minimum_self_distance_m,m,all_primary_common_complete_success_within_stratum,51,51,0.020026266596190417,0.020088067218839538,0.020154933643945418,0.019608568540392377,0.020154933643945418
original,tracking,category,near_link,command_smoothness_rms_rad_s2,rad/s^2,all_primary_common_complete_success_within_stratum,51,51,0.03258487064344384,0.030963250653452276,0.05552403049700892,0.016843501811099865,0.05673952131270526
original,tracking,category,near_link,max_actual_arm_velocity_rad_s,rad/s,all_primary_common_complete_success_within_stratum,51,51,0.03788275679106405,0.034597301783552935,0.06882873070435953,0.017924374854236872,0.081838656252708
original,tracking,category,near_link,speed_saturated_fraction,fraction,all_primary_common_complete_success_within_stratum,51,51,0.0,0.0,0.0,0.0,0.0
original,tracking,category,near_link,soft_limited_fraction,fraction,all_primary_common_complete_success_within_stratum,51,51,0.0,0.0,0.0,0.0,0.0
original,tracking,category,near_link,raw_policy_component_clip_fraction,fraction,all_primary_common_complete_success_within_stratum,51,0,,,,,
original,tracking,category,near_link,raw_policy_decisions_with_clip_fraction,fraction,all_primary_common_complete_success_within_stratum,51,0,,,,,
original,tracking,category,near_link,u_component_clip_fraction,fraction,all_primary_common_complete_success_within_stratum,51,51,0.0,0.0,0.0,0.0,0.0
original,tracking,category,near_link,u_decisions_with_clip_fraction,fraction,all_primary_common_complete_success_within_stratum,51,51,0.0,0.0,0.0,0.0,0.0
original,tracking,category,near_link,mean_u_abs_rad_s,rad/s,all_primary_common_complete_success_within_stratum,51,51,0.0,0.0,0.0,0.0,0.0
original,tracking,category,near_link,provider_mean_s,s/48Hz decision,all_primary_common_complete_success_within_stratum,51,51,1.354785256635712e-05,1.3538541755527453e-05,1.3881770958808676e-05,1.3068667006640075e-05,1.4222683148545912e-05
original,tracking,category,near_link,core_mean_s,s/240Hz step,all_primary_common_complete_success_within_stratum,51,51,0.0005561434434586024,0.0005558360950544738,0.0005681218728038099,0.0005384387477837056,0.0005772235031296683
original,tracking,category,near_link,outer_mean_s,s/240Hz step including decision when due,all_primary_common_complete_success_within_stratum,51,51,0.0006585386170707567,0.000656842717762629,0.0007038293865207379,0.0006077647989362352,0.0007128444742647844
original,tracking,category,tight_layout,max_error_m,m,all_primary_common_complete_success_within_stratum,17,17,4.325262497409367e-05,4.075661848770328e-05,5.891783744215953e-05,3.022771568614695e-05,5.97623308495818e-05
original,tracking,category,tight_layout,rmse_m,m,all_primary_common_complete_success_within_stratum,17,17,3.362388523269994e-05,3.275628809931362e-05,4.3580870132668886e-05,2.4356689384790056e-05,4.492841792302957e-05
original,tracking,category,tight_layout,endpoint_error_m,m,all_primary_common_complete_success_within_stratum,17,17,3.249375764317648e-05,3.393157465413164e-05,3.9131005505629374e-05,2.26647333532824e-05,4.0104001448348746e-05
original,tracking,category,tight_layout,minimum_external_distance_m,m,all_primary_common_complete_success_within_stratum,17,17,0.003814415242537117,0.0030983267414594617,0.00811341175889633,0.00035730122628458566,0.00833068764057128
original,tracking,category,tight_layout,minimum_self_distance_m,m,all_primary_common_complete_success_within_stratum,17,17,0.02000721851551059,0.020010452284280916,0.020151615882577648,0.019748303467756856,0.020154933643945418
original,tracking,category,tight_layout,command_smoothness_rms_rad_s2,rad/s^2,all_primary_common_complete_success_within_stratum,17,17,0.03800202405085654,0.03651489833822967,0.05424996550352351,0.02194018391798881,0.054906110505679555
original,tracking,category,tight_layout,max_actual_arm_velocity_rad_s,rad/s,all_primary_common_complete_success_within_stratum,17,17,0.044055705357946104,0.04051455333186005,0.07315763891256653,0.02192078484594251,0.07339055545242514
original,tracking,category,tight_layout,speed_saturated_fraction,fraction,all_primary_common_complete_success_within_stratum,17,17,0.0,0.0,0.0,0.0,0.0
original,tracking,category,tight_layout,soft_limited_fraction,fraction,all_primary_common_complete_success_within_stratum,17,17,0.0,0.0,0.0,0.0,0.0
original,tracking,category,tight_layout,raw_policy_component_clip_fraction,fraction,all_primary_common_complete_success_within_stratum,17,0,,,,,
original,tracking,category,tight_layout,raw_policy_decisions_with_clip_fraction,fraction,all_primary_common_complete_success_within_stratum,17,0,,,,,
original,tracking,category,tight_layout,u_component_clip_fraction,fraction,all_primary_common_complete_success_within_stratum,17,17,0.0,0.0,0.0,0.0,0.0
original,tracking,category,tight_layout,u_decisions_with_clip_fraction,fraction,all_primary_common_complete_success_within_stratum,17,17,0.0,0.0,0.0,0.0,0.0
original,tracking,category,tight_layout,mean_u_abs_rad_s,rad/s,all_primary_common_complete_success_within_stratum,17,17,0.0,0.0,0.0,0.0,0.0
original,tracking,category,tight_layout,provider_mean_s,s/48Hz decision,all_primary_common_complete_success_within_stratum,17,17,1.3751728401450023e-05,1.3783880376649904e-05,1.3962389478668532e-05,1.3258239505375968e-05,1.4049009754065386e-05
original,tracking,category,tight_layout,core_mean_s,s/240Hz step,all_primary_common_complete_success_within_stratum,17,17,0.0005675333604697288,0.0005673837029917195,0.0005834596771728684,0.0005530096749225777,0.000589807964464247
original,tracking,category,tight_layout,outer_mean_s,s/240Hz step including decision when due,all_primary_common_complete_success_within_stratum,17,17,0.0006794034954224367,0.0006938599793556932,0.0007185146663384027,0.0006332381957690813,0.0007263473958725324
original,tracking,template_group,formal-g003,max_error_m,m,all_primary_common_complete_success_within_stratum,12,12,4.806696482788911e-05,4.7219017368774316e-05,5.927999648959954e-05,3.4512850464175156e-05,5.9952717544897575e-05
original,tracking,template_group,formal-g003,rmse_m,m,all_primary_common_complete_success_within_stratum,12,12,3.7413661897790235e-05,3.661537773772424e-05,4.2807131545192225e-05,3.2003311955108316e-05,4.3758101364851195e-05
original,tracking,template_group,formal-g003,endpoint_error_m,m,all_primary_common_complete_success_within_stratum,12,12,3.098479936083251e-05,3.218774179136404e-05,3.771769900672439e-05,2.4061231427319974e-05,3.905477616018966e-05
original,tracking,template_group,formal-g003,minimum_external_distance_m,m,all_primary_common_complete_success_within_stratum,12,12,0.033445471320313405,0.033514834714065876,0.04781202059236183,0.016779045421669553,0.049725540706937355
original,tracking,template_group,formal-g003,minimum_self_distance_m,m,all_primary_common_complete_success_within_stratum,12,12,0.0200243614030181,0.02007764254550434,0.020154933643945418,0.01974451576936418,0.020154933643945418
original,tracking,template_group,formal-g003,command_smoothness_rms_rad_s2,rad/s^2,all_primary_common_complete_success_within_stratum,12,12,0.03099350235895207,0.028160152441660532,0.047013924614071695,0.017966806173618146,0.04839542671007027
original,tracking,template_group,formal-g003,max_actual_arm_velocity_rad_s,rad/s,all_primary_common_complete_success_within_stratum,12,12,0.0310225786350376,0.03030175702912631,0.044764783995883045,0.019481002597240685,0.046652619055211786
original,tracking,template_group,formal-g003,speed_saturated_fraction,fraction,all_primary_common_complete_success_within_stratum,12,12,0.0,0.0,0.0,0.0,0.0
original,tracking,template_group,formal-g003,soft_limited_fraction,fraction,all_primary_common_complete_success_within_stratum,12,12,0.0,0.0,0.0,0.0,0.0
original,tracking,template_group,formal-g003,raw_policy_component_clip_fraction,fraction,all_primary_common_complete_success_within_stratum,12,0,,,,,
original,tracking,template_group,formal-g003,raw_policy_decisions_with_clip_fraction,fraction,all_primary_common_complete_success_within_stratum,12,0,,,,,
original,tracking,template_group,formal-g003,u_component_clip_fraction,fraction,all_primary_common_complete_success_within_stratum,12,12,0.0,0.0,0.0,0.0,0.0
original,tracking,template_group,formal-g003,u_decisions_with_clip_fraction,fraction,all_primary_common_complete_success_within_stratum,12,12,0.0,0.0,0.0,0.0,0.0
original,tracking,template_group,formal-g003,mean_u_abs_rad_s,rad/s,all_primary_common_complete_success_within_stratum,12,12,0.0,0.0,0.0,0.0,0.0
original,tracking,template_group,formal-g003,provider_mean_s,s/48Hz decision,all_primary_common_complete_success_within_stratum,12,12,1.3714809717334394e-05,1.3705815035791602e-05,1.4029738611043284e-05,1.3269542174991026e-05,1.4222683148545912e-05
original,tracking,template_group,formal-g003,core_mean_s,s/240Hz step,all_primary_common_complete_success_within_stratum,12,12,0.0005572933344701091,0.0005584380067830351,0.0005659625591230603,0.0005468559854155804,0.0005673438823123433
original,tracking,template_group,formal-g003,outer_mean_s,s/240Hz step including decision when due,all_primary_common_complete_success_within_stratum,12,12,0.0006769595363759133,0.0006828733882836484,0.0007014642529028,0.0006462633634328086,0.0007029728133905641
original,tracking,template_group,formal-g006,max_error_m,m,all_primary_common_complete_success_within_stratum,1,1,5.219718282477592e-05,5.219718282477592e-05,5.219718282477592e-05,5.219718282477592e-05,5.219718282477592e-05
original,tracking,template_group,formal-g006,rmse_m,m,all_primary_common_complete_success_within_stratum,1,1,3.771227317727533e-05,3.771227317727533e-05,3.771227317727533e-05,3.771227317727533e-05,3.771227317727533e-05
original,tracking,template_group,formal-g006,endpoint_error_m,m,all_primary_common_complete_success_within_stratum,1,1,3.3694340393686057e-05,3.3694340393686057e-05,3.3694340393686057e-05,3.3694340393686057e-05,3.3694340393686057e-05
original,tracking,template_group,formal-g006,minimum_external_distance_m,m,all_primary_common_complete_success_within_stratum,1,1,0.009472242046280624,0.009472242046280624,0.009472242046280624,0.009472242046280624,0.009472242046280624
original,tracking,template_group,formal-g006,minimum_self_distance_m,m,all_primary_common_complete_success_within_stratum,1,1,0.02012564204938963,0.02012564204938963,0.02012564204938963,0.02012564204938963,0.02012564204938963
original,tracking,template_group,formal-g006,command_smoothness_rms_rad_s2,rad/s^2,all_primary_common_complete_success_within_stratum,1,1,0.03076225076549262,0.03076225076549262,0.03076225076549262,0.03076225076549262,0.03076225076549262
original,tracking,template_group,formal-g006,max_actual_arm_velocity_rad_s,rad/s,all_primary_common_complete_success_within_stratum,1,1,0.04557547339607165,0.04557547339607165,0.04557547339607165,0.04557547339607165,0.04557547339607165
original,tracking,template_group,formal-g006,speed_saturated_fraction,fraction,all_primary_common_complete_success_within_stratum,1,1,0.0,0.0,0.0,0.0,0.0
original,tracking,template_group,formal-g006,soft_limited_fraction,fraction,all_primary_common_complete_success_within_stratum,1,1,0.0,0.0,0.0,0.0,0.0
original,tracking,template_group,formal-g006,raw_policy_component_clip_fraction,fraction,all_primary_common_complete_success_within_stratum,1,0,,,,,
original,tracking,template_group,formal-g006,raw_policy_decisions_with_clip_fraction,fraction,all_primary_common_complete_success_within_stratum,1,0,,,,,
original,tracking,template_group,formal-g006,u_component_clip_fraction,fraction,all_primary_common_complete_success_within_stratum,1,1,0.0,0.0,0.0,0.0,0.0
original,tracking,template_group,formal-g006,u_decisions_with_clip_fraction,fraction,all_primary_common_complete_success_within_stratum,1,1,0.0,0.0,0.0,0.0,0.0
original,tracking,template_group,formal-g006,mean_u_abs_rad_s,rad/s,all_primary_common_complete_success_within_stratum,1,1,0.0,0.0,0.0,0.0,0.0
original,tracking,template_group,formal-g006,provider_mean_s,s/48Hz decision,all_primary_common_complete_success_within_stratum,1,1,1.3698494437145806e-05,1.3698494437145806e-05,1.3698494437145806e-05,1.3698494437145806e-05,1.3698494437145806e-05
original,tracking,template_group,formal-g006,core_mean_s,s/240Hz step,all_primary_common_complete_success_within_stratum,1,1,0.0005555580427426321,0.0005555580427426321,0.0005555580427426321,0.0005555580427426321,0.0005555580427426321
original,tracking,template_group,formal-g006,outer_mean_s,s/240Hz step including decision when due,all_primary_common_complete_success_within_stratum,1,1,0.0006782920105554998,0.0006782920105554998,0.0006782920105554998,0.0006782920105554998,0.0006782920105554998
original,tracking,template_group,formal-g009,max_error_m,m,all_primary_common_complete_success_within_stratum,4,4,3.4919875275722745e-05,3.5395516856305865e-05,3.836135337627226e-05,3.022771568614695e-05,3.866075170413229e-05
original,tracking,template_group,formal-g009,rmse_m,m,all_primary_common_complete_success_within_stratum,4,4,2.6790980778278687e-05,2.625686842702008e-05,2.9950899356690503e-05,2.4356689384790056e-05,3.0293496874284534e-05
original,tracking,template_group,formal-g009,endpoint_error_m,m,all_primary_common_complete_success_within_stratum,4,4,3.298045564081961e-05,3.5298168752931876e-05,3.836135337627226e-05,2.26647333532824e-05,3.866075170413229e-05
original,tracking,template_group,formal-g009,minimum_external_distance_m,m,all_primary_common_complete_success_within_stratum,4,4,0.004681861562741705,0.004906411435810533,0.007948784036887513,0.0008555305908681601,0.008059092788477593
original,tracking,template_group,formal-g009,minimum_self_distance_m,m,all_primary_common_complete_success_within_stratum,4,4,0.019868737636245026,0.01986101368582714,0.01998754127625907,0.019760624555618424,0.01999229861770741
original,tracking,template_group,formal-g009,command_smoothness_rms_rad_s2,rad/s^2,all_primary_common_complete_success_within_stratum,4,4,0.04350316150832319,0.044203688821076434,0.054783083317775295,0.030699157885460324,0.054906110505679555
original,tracking,template_group,formal-g009,max_actual_arm_velocity_rad_s,rad/s,all_primary_common_complete_success_within_stratum,4,4,0.057800909694342886,0.059163641626726285,0.07334688360120165,0.039485800071493826,0.07339055545242514
original,tracking,template_group,formal-g009,speed_saturated_fraction,fraction,all_primary_common_complete_success_within_stratum,4,4,0.0,0.0,0.0,0.0,0.0
original,tracking,template_group,formal-g009,soft_limited_fraction,fraction,all_primary_common_complete_success_within_stratum,4,4,0.0,0.0,0.0,0.0,0.0
original,tracking,template_group,formal-g009,raw_policy_component_clip_fraction,fraction,all_primary_common_complete_success_within_stratum,4,0,,,,,
original,tracking,template_group,formal-g009,raw_policy_decisions_with_clip_fraction,fraction,all_primary_common_complete_success_within_stratum,4,0,,,,,
original,tracking,template_group,formal-g009,u_component_clip_fraction,fraction,all_primary_common_complete_success_within_stratum,4,4,0.0,0.0,0.0,0.0,0.0
original,tracking,template_group,formal-g009,u_decisions_with_clip_fraction,fraction,all_primary_common_complete_success_within_stratum,4,4,0.0,0.0,0.0,0.0,0.0
original,tracking,template_group,formal-g009,mean_u_abs_rad_s,rad/s,all_primary_common_complete_success_within_stratum,4,4,0.0,0.0,0.0,0.0,0.0
original,tracking,template_group,formal-g009,provider_mean_s,s/48Hz decision,all_primary_common_complete_success_within_stratum,4,4,1.3587221549945145e-05,1.3653383158877356e-05,1.3773153739293775e-05,1.3258239505375968e-05,1.3783880376649904e-05
original,tracking,template_group,formal-g009,core_mean_s,s/240Hz step,all_primary_common_complete_success_within_stratum,4,4,0.0005598959806813278,0.0005581911020954067,0.0005685110742607928,0.0005530096749225777,0.0005701920436119205
original,tracking,template_group,formal-g009,outer_mean_s,s/240Hz step including decision when due,all_primary_common_complete_success_within_stratum,4,4,0.000643225837124343,0.0006416724135002975,0.0006544781124769845,0.0006332381957690813,0.0006563203257276957
original,tracking,template_group,formal-g010,max_error_m,m,all_primary_common_complete_success_within_stratum,12,12,3.712115717224669e-05,3.934382481573374e-05,4.463381994632505e-05,2.7445242652652944e-05,4.5068138294048864e-05
original,tracking,template_group,formal-g010,rmse_m,m,all_primary_common_complete_success_within_stratum,12,12,2.768905178992269e-05,2.7952185158949817e-05,3.0600509852236275e-05,1.9090864082538308e-05,3.122540713680154e-05
original,tracking,template_group,formal-g010,endpoint_error_m,m,all_primary_common_complete_success_within_stratum,12,12,3.4933485378784656e-05,3.697820092305766e-05,4.34124936148686e-05,2.4461983920701687e-05,4.414417238183893e-05
original,tracking,template_group,formal-g010,minimum_external_distance_m,m,all_primary_common_complete_success_within_stratum,12,0,,,,,
original,tracking,template_group,formal-g010,minimum_self_distance_m,m,all_primary_common_complete_success_within_stratum,12,12,0.020127731966783604,0.02014944071147365,0.020154933643945418,0.019934656870863855,0.020154933643945418
original,tracking,template_group,formal-g010,command_smoothness_rms_rad_s2,rad/s^2,all_primary_common_complete_success_within_stratum,12,12,0.02327551132522167,0.021683681801233833,0.03464095907519704,0.014549207832114674,0.04027724066792363
original,tracking,template_group,formal-g010,max_actual_arm_velocity_rad_s,rad/s,all_primary_common_complete_success_within_stratum,12,12,0.03284808706237314,0.029968478798286652,0.04697227516670706,0.020866954926651304,0.05597168963479543
original,tracking,template_group,formal-g010,speed_saturated_fraction,fraction,all_primary_common_complete_success_within_stratum,12,12,0.0,0.0,0.0,0.0,0.0
original,tracking,template_group,formal-g010,soft_limited_fraction,fraction,all_primary_common_complete_success_within_stratum,12,12,0.0,0.0,0.0,0.0,0.0
original,tracking,template_group,formal-g010,raw_policy_component_clip_fraction,fraction,all_primary_common_complete_success_within_stratum,12,0,,,,,
original,tracking,template_group,formal-g010,raw_policy_decisions_with_clip_fraction,fraction,all_primary_common_complete_success_within_stratum,12,0,,,,,
original,tracking,template_group,formal-g010,u_component_clip_fraction,fraction,all_primary_common_complete_success_within_stratum,12,12,0.0,0.0,0.0,0.0,0.0
original,tracking,template_group,formal-g010,u_decisions_with_clip_fraction,fraction,all_primary_common_complete_success_within_stratum,12,12,0.0,0.0,0.0,0.0,0.0
original,tracking,template_group,formal-g010,mean_u_abs_rad_s,rad/s,all_primary_common_complete_success_within_stratum,12,12,0.0,0.0,0.0,0.0,0.0
original,tracking,template_group,formal-g010,provider_mean_s,s/48Hz decision,all_primary_common_complete_success_within_stratum,12,12,1.293736028173953e-05,1.2922523524139251e-05,1.3069683128226946e-05,1.2736724632607851e-05,1.3072771707811626e-05
original,tracking,template_group,formal-g010,core_mean_s,s/240Hz step,all_primary_common_complete_success_within_stratum,12,12,0.000538795261734827,0.0005385785034453268,0.0005432752078915352,0.00053199145927465,0.0005450978399191323
original,tracking,template_group,formal-g010,outer_mean_s,s/240Hz step including decision when due,all_primary_common_complete_success_within_stratum,12,12,0.0005635677309947419,0.0005635255205561408,0.0005680191417271393,0.0005566018457254055,0.0005698990812561533
original,tracking,template_group,formal-g013,max_error_m,m,all_primary_common_complete_success_within_stratum,9,9,4.3029378190709344e-05,4.3943162341719646e-05,4.8642009395436055e-05,3.860387792392651e-05,5.0188426991646964e-05
original,tracking,template_group,formal-g013,rmse_m,m,all_primary_common_complete_success_within_stratum,9,9,3.6333324125780604e-05,3.72207677561358e-05,4.0162405470025305e-05,3.178065194317693e-05,4.021361190287305e-05
original,tracking,template_group,formal-g013,endpoint_error_m,m,all_primary_common_complete_success_within_stratum,9,9,3.337268104504491e-05,3.2100235280213614e-05,4.1925522615170875e-05,2.461017288438365e-05,4.196900880038716e-05
original,tracking,template_group,formal-g013,minimum_external_distance_m,m,all_primary_common_complete_success_within_stratum,9,9,0.019776459293646066,0.01941854571317335,0.031521798220141076,0.004969780169336829,0.03166942400877301
original,tracking,template_group,formal-g013,minimum_self_distance_m,m,all_primary_common_complete_success_within_stratum,9,9,0.02012606855819999,0.02014019802184689,0.020154933643945418,0.020039226432029045,0.020154933643945418
original,tracking,template_group,formal-g013,command_smoothness_rms_rad_s2,rad/s^2,all_primary_common_complete_success_within_stratum,9,9,0.029338621332221135,0.02485295572124092,0.04047318773675284,0.017816131075056092,0.0431263717337357
original,tracking,template_group,formal-g013,max_actual_arm_velocity_rad_s,rad/s,all_primary_common_complete_success_within_stratum,9,9,0.031464948511781825,0.028412425233058383,0.04195673741215035,0.017924374854236872,0.042595724026279196
original,tracking,template_group,formal-g013,speed_saturated_fraction,fraction,all_primary_common_complete_success_within_stratum,9,9,0.0,0.0,0.0,0.0,0.0
original,tracking,template_group,formal-g013,soft_limited_fraction,fraction,all_primary_common_complete_success_within_stratum,9,9,0.0,0.0,0.0,0.0,0.0
original,tracking,template_group,formal-g013,raw_policy_component_clip_fraction,fraction,all_primary_common_complete_success_within_stratum,9,0,,,,,
original,tracking,template_group,formal-g013,raw_policy_decisions_with_clip_fraction,fraction,all_primary_common_complete_success_within_stratum,9,0,,,,,
original,tracking,template_group,formal-g013,u_component_clip_fraction,fraction,all_primary_common_complete_success_within_stratum,9,9,0.0,0.0,0.0,0.0,0.0
original,tracking,template_group,formal-g013,u_decisions_with_clip_fraction,fraction,all_primary_common_complete_success_within_stratum,9,9,0.0,0.0,0.0,0.0,0.0
original,tracking,template_group,formal-g013,mean_u_abs_rad_s,rad/s,all_primary_common_complete_success_within_stratum,9,9,0.0,0.0,0.0,0.0,0.0
original,tracking,template_group,formal-g013,provider_mean_s,s/48Hz decision,all_primary_common_complete_success_within_stratum,9,9,1.3463554860545966e-05,1.3396297390499967e-05,1.3756211941048e-05,1.3241025423364286e-05,1.3851020033447034e-05
original,tracking,template_group,formal-g013,core_mean_s,s/240Hz step,all_primary_common_complete_success_within_stratum,9,9,0.0005575264007095232,0.0005588226738230636,0.0005610970476451864,0.0005534789374905813,0.0005621272571412798
original,tracking,template_group,formal-g013,outer_mean_s,s/240Hz step including decision when due,all_primary_common_complete_success_within_stratum,9,9,0.0006532884533111495,0.0006566145263908159,0.0006596313099908002,0.0006343269001717999,0.0006610263074738517
original,tracking,template_group,formal-g015,max_error_m,m,all_primary_common_complete_success_within_stratum,12,12,3.1634715537153795e-05,3.06427492281917e-05,3.674384935580724e-05,2.892054063500162e-05,3.79240406083148e-05
original,tracking,template_group,formal-g015,rmse_m,m,all_primary_common_complete_success_within_stratum,12,12,2.5715372272724356e-05,2.5394590614188403e-05,2.901935899575997e-05,2.3515403727703207e-05,2.9965207101706497e-05
original,tracking,template_group,formal-g015,endpoint_error_m,m,all_primary_common_complete_success_within_stratum,12,12,2.8752564629792816e-05,2.956957821343983e-05,3.5551420028394734e-05,2.2222439370590195e-05,3.761456879807003e-05
original,tracking,template_group,formal-g015,minimum_external_distance_m,m,all_primary_common_complete_success_within_stratum,12,0,,,,,
original,tracking,template_group,formal-g015,minimum_self_distance_m,m,all_primary_common_complete_success_within_stratum,12,12,0.019871848710949113,0.019855286323348723,0.020040376728664502,0.01975377340171998,0.02007779231586186
original,tracking,template_group,formal-g015,command_smoothness_rms_rad_s2,rad/s^2,all_primary_common_complete_success_within_stratum,12,12,0.04281118911726964,0.04282572838557103,0.05721499220910214,0.025703429103473518,0.06239303708370971
original,tracking,template_group,formal-g015,max_actual_arm_velocity_rad_s,rad/s,all_primary_common_complete_success_within_stratum,12,12,0.05666456965096075,0.056873117309567844,0.07703894244062924,0.03336822786128245,0.08720321653565924
original,tracking,template_group,formal-g015,speed_saturated_fraction,fraction,all_primary_common_complete_success_within_stratum,12,12,0.0,0.0,0.0,0.0,0.0
original,tracking,template_group,formal-g015,soft_limited_fraction,fraction,all_primary_common_complete_success_within_stratum,12,12,0.0,0.0,0.0,0.0,0.0
original,tracking,template_group,formal-g015,raw_policy_component_clip_fraction,fraction,all_primary_common_complete_success_within_stratum,12,0,,,,,
original,tracking,template_group,formal-g015,raw_policy_decisions_with_clip_fraction,fraction,all_primary_common_complete_success_within_stratum,12,0,,,,,
original,tracking,template_group,formal-g015,u_component_clip_fraction,fraction,all_primary_common_complete_success_within_stratum,12,12,0.0,0.0,0.0,0.0,0.0
original,tracking,template_group,formal-g015,u_decisions_with_clip_fraction,fraction,all_primary_common_complete_success_within_stratum,12,12,0.0,0.0,0.0,0.0,0.0
original,tracking,template_group,formal-g015,mean_u_abs_rad_s,rad/s,all_primary_common_complete_success_within_stratum,12,12,0.0,0.0,0.0,0.0,0.0
original,tracking,template_group,formal-g015,provider_mean_s,s/48Hz decision,all_primary_common_complete_success_within_stratum,12,12,1.2829819550259142e-05,1.2857682312035951e-05,1.3099648545752037e-05,1.250223954230023e-05,1.310477644741089e-05
original,tracking,template_group,formal-g015,core_mean_s,s/240Hz step,all_primary_common_complete_success_within_stratum,12,12,0.0005346381279120276,0.0005335116175804917,0.0005393243359162626,0.0005305692216552415,0.0005419946719030122
original,tracking,template_group,formal-g015,outer_mean_s,s/240Hz step including decision when due,all_primary_common_complete_success_within_stratum,12,12,0.0005593236087836178,0.0005581192057131072,0.0005640828789864827,0.000555303663744174,0.0005668705985802566
original,tracking,template_group,formal-g021,max_error_m,m,all_primary_common_complete_success_within_stratum,12,12,5.2755133346931545e-05,5.2719842343502995e-05,6.893558402458445e-05,4.0497179676962736e-05,6.910800470380194e-05
original,tracking,template_group,formal-g021,rmse_m,m,all_primary_common_complete_success_within_stratum,12,12,4.244047311216881e-05,4.050940773212114e-05,4.960824479538225e-05,3.69513176601395e-05,5.087504729577951e-05
original,tracking,template_group,formal-g021,endpoint_error_m,m,all_primary_common_complete_success_within_stratum,12,12,3.442160554195459e-05,3.5289145980244434e-05,4.3841086030130965e-05,2.5196426002319562e-05,4.459475077286617e-05
original,tracking,template_group,formal-g021,minimum_external_distance_m,m,all_primary_common_complete_success_within_stratum,12,12,0.028769199560259532,0.02930715883603903,0.04556451348242746,0.005389593533349557,0.0474224588032051
original,tracking,template_group,formal-g021,minimum_self_distance_m,m,all_primary_common_complete_success_within_stratum,12,12,0.019994152467119723,0.02004226501359772,0.020147413910066674,0.01963043792186045,0.020150304138113147
original,tracking,template_group,formal-g021,command_smoothness_rms_rad_s2,rad/s^2,all_primary_common_complete_success_within_stratum,12,12,0.033995847296022313,0.03153066272252109,0.055463417906421675,0.017372597797291712,0.05613015640288136
original,tracking,template_group,formal-g021,max_actual_arm_velocity_rad_s,rad/s,all_primary_common_complete_success_within_stratum,12,12,0.0383464872281411,0.03179925254894064,0.06819919223000227,0.01923562001119754,0.0735717432972951
original,tracking,template_group,formal-g021,speed_saturated_fraction,fraction,all_primary_common_complete_success_within_stratum,12,12,0.0,0.0,0.0,0.0,0.0
original,tracking,template_group,formal-g021,soft_limited_fraction,fraction,all_primary_common_complete_success_within_stratum,12,12,0.0,0.0,0.0,0.0,0.0
original,tracking,template_group,formal-g021,raw_policy_component_clip_fraction,fraction,all_primary_common_complete_success_within_stratum,12,0,,,,,
original,tracking,template_group,formal-g021,raw_policy_decisions_with_clip_fraction,fraction,all_primary_common_complete_success_within_stratum,12,0,,,,,
original,tracking,template_group,formal-g021,u_component_clip_fraction,fraction,all_primary_common_complete_success_within_stratum,12,12,0.0,0.0,0.0,0.0,0.0
original,tracking,template_group,formal-g021,u_decisions_with_clip_fraction,fraction,all_primary_common_complete_success_within_stratum,12,12,0.0,0.0,0.0,0.0,0.0
original,tracking,template_group,formal-g021,mean_u_abs_rad_s,rad/s,all_primary_common_complete_success_within_stratum,12,12,0.0,0.0,0.0,0.0,0.0
original,tracking,template_group,formal-g021,provider_mean_s,s/48Hz decision,all_primary_common_complete_success_within_stratum,12,12,1.3307078492946151e-05,1.3336708320821344e-05,1.3443315731365147e-05,1.3068667006640075e-05,1.3446114432251003e-05
original,tracking,template_group,formal-g021,core_mean_s,s/240Hz step,all_primary_common_complete_success_within_stratum,12,12,0.0005496767377066034,0.0005506011640818542,0.0005564379386532891,0.0005384387477837056,0.0005571012644698688
original,tracking,template_group,formal-g021,outer_mean_s,s/240Hz step including decision when due,all_primary_common_complete_success_within_stratum,12,12,0.0006202596913352762,0.0006199071421103023,0.0006316713170425221,0.0006077647989362352,0.000638081788671722
original,tracking,template_group,formal-g022,max_error_m,m,all_primary_common_complete_success_within_stratum,2,2,3.9157851022761936e-05,3.9157851022761936e-05,4.1796227281445276e-05,3.6226321846447105e-05,4.208938019907676e-05
original,tracking,template_group,formal-g022,rmse_m,m,all_primary_common_complete_success_within_stratum,2,2,3.121439898863327e-05,3.121439898863327e-05,3.174717635382421e-05,3.062242413842113e-05,3.1806373838845426e-05
original,tracking,template_group,formal-g022,endpoint_error_m,m,all_primary_common_complete_success_within_stratum,2,2,3.672569379922073e-05,3.672569379922073e-05,3.867155024787665e-05,3.456363107849193e-05,3.888775651994953e-05
original,tracking,template_group,formal-g022,minimum_external_distance_m,m,all_primary_common_complete_success_within_stratum,2,2,0.00397819222963771,0.00397819222963771,0.00557363028910069,0.0022054832746788433,0.005750901184596577
original,tracking,template_group,formal-g022,minimum_self_distance_m,m,all_primary_common_complete_success_within_stratum,2,2,0.020094458413726556,0.020094458413726556,0.020143828080482172,0.02003960322844254,0.020149313599010572
original,tracking,template_group,formal-g022,command_smoothness_rms_rad_s2,rad/s^2,all_primary_common_complete_success_within_stratum,2,2,0.0379308212183571,0.0379308212183571,0.0420441388041079,0.03336046834530065,0.042501174091413546
original,tracking,template_group,formal-g022,max_actual_arm_velocity_rad_s,rad/s,all_primary_common_complete_success_within_stratum,2,2,0.04183884830333151,0.04183884830333151,0.04345598833161026,0.040042026049688456,0.043635670556974565
original,tracking,template_group,formal-g022,speed_saturated_fraction,fraction,all_primary_common_complete_success_within_stratum,2,2,0.0,0.0,0.0,0.0,0.0
original,tracking,template_group,formal-g022,soft_limited_fraction,fraction,all_primary_common_complete_success_within_stratum,2,2,0.0,0.0,0.0,0.0,0.0
original,tracking,template_group,formal-g022,raw_policy_component_clip_fraction,fraction,all_primary_common_complete_success_within_stratum,2,0,,,,,
original,tracking,template_group,formal-g022,raw_policy_decisions_with_clip_fraction,fraction,all_primary_common_complete_success_within_stratum,2,0,,,,,
original,tracking,template_group,formal-g022,u_component_clip_fraction,fraction,all_primary_common_complete_success_within_stratum,2,2,0.0,0.0,0.0,0.0,0.0
original,tracking,template_group,formal-g022,u_decisions_with_clip_fraction,fraction,all_primary_common_complete_success_within_stratum,2,2,0.0,0.0,0.0,0.0,0.0
original,tracking,template_group,formal-g022,mean_u_abs_rad_s,rad/s,all_primary_common_complete_success_within_stratum,2,2,0.0,0.0,0.0,0.0,0.0
original,tracking,template_group,formal-g022,provider_mean_s,s/48Hz decision,all_primary_common_complete_success_within_stratum,2,2,1.3772817965218564e-05,1.3772817965218564e-05,1.3794998903904342e-05,1.3748172477789922e-05,1.3797463452647207e-05
original,tracking,template_group,formal-g022,core_mean_s,s/240Hz step,all_primary_common_complete_success_within_stratum,2,2,0.0005654899875480624,0.0005654899875480624,0.0005658136435658889,0.0005651303697504773,0.0005658496053456474
original,tracking,template_group,formal-g022,outer_mean_s,s/240Hz step including decision when due,all_primary_common_complete_success_within_stratum,2,2,0.0006471358300738453,0.0006471358300738453,0.0006472212137684134,0.0006470409593021031,0.0006472307008455876
original,tracking,template_group,formal-g024,max_error_m,m,all_primary_common_complete_success_within_stratum,3,3,3.963856745285747e-05,4.010666133204535e-05,4.069162277213749e-05,3.8052422538823775e-05,4.075661848770328e-05
original,tracking,template_group,formal-g024,rmse_m,m,all_primary_common_complete_success_within_stratum,3,3,3.375844132257277e-05,3.45638354091744e-05,3.518970315503339e-05,3.1452244542859523e-05,3.525924401568439e-05
original,tracking,template_group,formal-g024,endpoint_error_m,m,all_primary_common_complete_success_within_stratum,3,3,3.526276901055421e-05,3.331333129258584e-05,3.942493443277245e-05,3.2370974290728055e-05,4.0104001448348746e-05
original,tracking,template_group,formal-g024,minimum_external_distance_m,m,all_primary_common_complete_success_within_stratum,3,3,0.0019576773128611425,0.0021585433006039018,0.003237323000585836,0.00035730122628458566,0.0033571874116949396
original,tracking,template_group,formal-g024,minimum_self_distance_m,m,all_primary_common_complete_success_within_stratum,3,3,0.020105390790154012,0.020150786442235703,0.020154518923774446,0.020010452284280916,0.020154933643945418
original,tracking,template_group,formal-g024,command_smoothness_rms_rad_s2,rad/s^2,all_primary_common_complete_success_within_stratum,3,3,0.03398905845734818,0.03434008852998025,0.04455222148466595,0.02194018391798881,0.04568690292407547
original,tracking,template_group,formal-g024,max_actual_arm_velocity_rad_s,rad/s,all_primary_common_complete_success_within_stratum,3,3,0.03449953655124142,0.03913169451428928,0.04211468671557214,0.02192078484594251,0.04244613029349246
original,tracking,template_group,formal-g024,speed_saturated_fraction,fraction,all_primary_common_complete_success_within_stratum,3,3,0.0,0.0,0.0,0.0,0.0
original,tracking,template_group,formal-g024,soft_limited_fraction,fraction,all_primary_common_complete_success_within_stratum,3,3,0.0,0.0,0.0,0.0,0.0
original,tracking,template_group,formal-g024,raw_policy_component_clip_fraction,fraction,all_primary_common_complete_success_within_stratum,3,0,,,,,
original,tracking,template_group,formal-g024,raw_policy_decisions_with_clip_fraction,fraction,all_primary_common_complete_success_within_stratum,3,0,,,,,
original,tracking,template_group,formal-g024,u_component_clip_fraction,fraction,all_primary_common_complete_success_within_stratum,3,3,0.0,0.0,0.0,0.0,0.0
original,tracking,template_group,formal-g024,u_decisions_with_clip_fraction,fraction,all_primary_common_complete_success_within_stratum,3,3,0.0,0.0,0.0,0.0,0.0
original,tracking,template_group,formal-g024,mean_u_abs_rad_s,rad/s,all_primary_common_complete_success_within_stratum,3,3,0.0,0.0,0.0,0.0,0.0
original,tracking,template_group,formal-g024,provider_mean_s,s/48Hz decision,all_primary_common_complete_success_within_stratum,3,3,1.3848652669265803e-05,1.3819129435432842e-05,1.392857391238067e-05,1.3786094162545245e-05,1.3940734409819319e-05
original,tracking,template_group,formal-g024,core_mean_s,s/240Hz step,all_primary_common_complete_success_within_stratum,3,3,0.0005737836657418585,0.0005741342242193544,0.0005747888763547356,0.000572355157525332,0.0005748616154808891
original,tracking,template_group,formal-g024,outer_mean_s,s/240Hz step including decision when due,all_primary_common_complete_success_within_stratum,3,3,0.0007090097424174422,0.0007083798075351903,0.0007111367951862727,0.0007072062925696324,0.0007114431271475041
original,tracking,template_group,formal-g026,max_error_m,m,all_primary_common_complete_success_within_stratum,1,1,5.795689889206721e-05,5.795689889206721e-05,5.795689889206721e-05,5.795689889206721e-05,5.795689889206721e-05
original,tracking,template_group,formal-g026,rmse_m,m,all_primary_common_complete_success_within_stratum,1,1,4.1284787254004506e-05,4.1284787254004506e-05,4.1284787254004506e-05,4.1284787254004506e-05,4.1284787254004506e-05
original,tracking,template_group,formal-g026,endpoint_error_m,m,all_primary_common_complete_success_within_stratum,1,1,3.394408202872028e-05,3.394408202872028e-05,3.394408202872028e-05,3.394408202872028e-05,3.394408202872028e-05
original,tracking,template_group,formal-g026,minimum_external_distance_m,m,all_primary_common_complete_success_within_stratum,1,1,0.03421865987034427,0.03421865987034427,0.03421865987034427,0.03421865987034427,0.03421865987034427
original,tracking,template_group,formal-g026,minimum_self_distance_m,m,all_primary_common_complete_success_within_stratum,1,1,0.02006562129264724,0.02006562129264724,0.02006562129264724,0.02006562129264724,0.02006562129264724
original,tracking,template_group,formal-g026,command_smoothness_rms_rad_s2,rad/s^2,all_primary_common_complete_success_within_stratum,1,1,0.03657433653986668,0.03657433653986668,0.03657433653986668,0.03657433653986668,0.03657433653986668
original,tracking,template_group,formal-g026,max_actual_arm_velocity_rad_s,rad/s,all_primary_common_complete_success_within_stratum,1,1,0.037386043562006664,0.037386043562006664,0.037386043562006664,0.037386043562006664,0.037386043562006664
original,tracking,template_group,formal-g026,speed_saturated_fraction,fraction,all_primary_common_complete_success_within_stratum,1,1,0.0,0.0,0.0,0.0,0.0
original,tracking,template_group,formal-g026,soft_limited_fraction,fraction,all_primary_common_complete_success_within_stratum,1,1,0.0,0.0,0.0,0.0,0.0
original,tracking,template_group,formal-g026,raw_policy_component_clip_fraction,fraction,all_primary_common_complete_success_within_stratum,1,0,,,,,
original,tracking,template_group,formal-g026,raw_policy_decisions_with_clip_fraction,fraction,all_primary_common_complete_success_within_stratum,1,0,,,,,
original,tracking,template_group,formal-g026,u_component_clip_fraction,fraction,all_primary_common_complete_success_within_stratum,1,1,0.0,0.0,0.0,0.0,0.0
original,tracking,template_group,formal-g026,u_decisions_with_clip_fraction,fraction,all_primary_common_complete_success_within_stratum,1,1,0.0,0.0,0.0,0.0,0.0
original,tracking,template_group,formal-g026,mean_u_abs_rad_s,rad/s,all_primary_common_complete_success_within_stratum,1,1,0.0,0.0,0.0,0.0,0.0
original,tracking,template_group,formal-g026,provider_mean_s,s/48Hz decision,all_primary_common_complete_success_within_stratum,1,1,1.3632087833078307e-05,1.3632087833078307e-05,1.3632087833078307e-05,1.3632087833078307e-05,1.3632087833078307e-05
original,tracking,template_group,formal-g026,core_mean_s,s/240Hz step,all_primary_common_complete_success_within_stratum,1,1,0.000554975474976042,0.000554975474976042,0.000554975474976042,0.000554975474976042,0.000554975474976042
original,tracking,template_group,formal-g026,outer_mean_s,s/240Hz step including decision when due,all_primary_common_complete_success_within_stratum,1,1,0.0006573093229235383,0.0006573093229235383,0.0006573093229235383,0.0006573093229235383,0.0006573093229235383
original,tracking,template_group,formal-g028,max_error_m,m,all_primary_common_complete_success_within_stratum,2,2,3.554275913761531e-05,3.554275913761531e-05,3.732157573763257e-05,3.356629624870725e-05,3.751922202652337e-05
original,tracking,template_group,formal-g028,rmse_m,m,all_primary_common_complete_success_within_stratum,2,2,2.9391001926046975e-05,2.9391001926046975e-05,3.0282052587136545e-05,2.8400945635947452e-05,3.03810582161465e-05
original,tracking,template_group,formal-g028,endpoint_error_m,m,all_primary_common_complete_success_within_stratum,2,2,2.8266103844422197e-05,2.8266103844422197e-05,3.1939254308215464e-05,2.4184825551318568e-05,3.2347382137525827e-05
original,tracking,template_group,formal-g028,minimum_external_distance_m,m,all_primary_common_complete_success_within_stratum,2,2,0.024364019035974183,0.024364019035974183,0.024944872382040583,0.02371862642923374,0.025009411642714627
original,tracking,template_group,formal-g028,minimum_self_distance_m,m,all_primary_common_complete_success_within_stratum,2,2,0.019976016104281992,0.019976016104281992,0.02012096827850138,0.019814958132927114,0.02013707407563687
original,tracking,template_group,formal-g028,command_smoothness_rms_rad_s2,rad/s^2,all_primary_common_complete_success_within_stratum,2,2,0.039587437122625344,0.039587437122625344,0.05454099902462128,0.022972368342629865,0.056202505902620825
original,tracking,template_group,formal-g028,max_actual_arm_velocity_rad_s,rad/s,all_primary_common_complete_success_within_stratum,2,2,0.05656603500171245,0.05656603500171245,0.07931139412760844,0.0312934137507169,0.081838656252708
original,tracking,template_group,formal-g028,speed_saturated_fraction,fraction,all_primary_common_complete_success_within_stratum,2,2,0.0,0.0,0.0,0.0,0.0
original,tracking,template_group,formal-g028,soft_limited_fraction,fraction,all_primary_common_complete_success_within_stratum,2,2,0.0,0.0,0.0,0.0,0.0
original,tracking,template_group,formal-g028,raw_policy_component_clip_fraction,fraction,all_primary_common_complete_success_within_stratum,2,0,,,,,
original,tracking,template_group,formal-g028,raw_policy_decisions_with_clip_fraction,fraction,all_primary_common_complete_success_within_stratum,2,0,,,,,
original,tracking,template_group,formal-g028,u_component_clip_fraction,fraction,all_primary_common_complete_success_within_stratum,2,2,0.0,0.0,0.0,0.0,0.0
original,tracking,template_group,formal-g028,u_decisions_with_clip_fraction,fraction,all_primary_common_complete_success_within_stratum,2,2,0.0,0.0,0.0,0.0,0.0
original,tracking,template_group,formal-g028,mean_u_abs_rad_s,rad/s,all_primary_common_complete_success_within_stratum,2,2,0.0,0.0,0.0,0.0,0.0
original,tracking,template_group,formal-g028,provider_mean_s,s/48Hz decision,all_primary_common_complete_success_within_stratum,2,2,1.372844250605946e-05,1.372844250605946e-05,1.381890219060248e-05,1.3627931745456104e-05,1.3828953266662817e-05
original,tracking,template_group,formal-g028,core_mean_s,s/240Hz step,all_primary_common_complete_success_within_stratum,2,2,0.0005708040120604588,0.0005708040120604588,0.0005733960792387431,0.0005679239374179209,0.0005736840867029969
original,tracking,template_group,formal-g028,outer_mean_s,s/240Hz step including decision when due,all_primary_common_complete_success_within_stratum,2,2,0.0007062372452310228,0.0007062372452310228,0.0007088433409171557,0.0007033415833575419,0.0007091329071045038
original,tracking,template_group,formal-g032,max_error_m,m,all_primary_common_complete_success_within_stratum,0,0,,,,,
original,tracking,template_group,formal-g032,rmse_m,m,all_primary_common_complete_success_within_stratum,0,0,,,,,
original,tracking,template_group,formal-g032,endpoint_error_m,m,all_primary_common_complete_success_within_stratum,0,0,,,,,
original,tracking,template_group,formal-g032,minimum_external_distance_m,m,all_primary_common_complete_success_within_stratum,0,0,,,,,
original,tracking,template_group,formal-g032,minimum_self_distance_m,m,all_primary_common_complete_success_within_stratum,0,0,,,,,
original,tracking,template_group,formal-g032,command_smoothness_rms_rad_s2,rad/s^2,all_primary_common_complete_success_within_stratum,0,0,,,,,
original,tracking,template_group,formal-g032,max_actual_arm_velocity_rad_s,rad/s,all_primary_common_complete_success_within_stratum,0,0,,,,,
original,tracking,template_group,formal-g032,speed_saturated_fraction,fraction,all_primary_common_complete_success_within_stratum,0,0,,,,,
original,tracking,template_group,formal-g032,soft_limited_fraction,fraction,all_primary_common_complete_success_within_stratum,0,0,,,,,
original,tracking,template_group,formal-g032,raw_policy_component_clip_fraction,fraction,all_primary_common_complete_success_within_stratum,0,0,,,,,
original,tracking,template_group,formal-g032,raw_policy_decisions_with_clip_fraction,fraction,all_primary_common_complete_success_within_stratum,0,0,,,,,
original,tracking,template_group,formal-g032,u_component_clip_fraction,fraction,all_primary_common_complete_success_within_stratum,0,0,,,,,
original,tracking,template_group,formal-g032,u_decisions_with_clip_fraction,fraction,all_primary_common_complete_success_within_stratum,0,0,,,,,
original,tracking,template_group,formal-g032,mean_u_abs_rad_s,rad/s,all_primary_common_complete_success_within_stratum,0,0,,,,,
original,tracking,template_group,formal-g032,provider_mean_s,s/48Hz decision,all_primary_common_complete_success_within_stratum,0,0,,,,,
original,tracking,template_group,formal-g032,core_mean_s,s/240Hz step,all_primary_common_complete_success_within_stratum,0,0,,,,,
original,tracking,template_group,formal-g032,outer_mean_s,s/240Hz step including decision when due,all_primary_common_complete_success_within_stratum,0,0,,,,,
original,tracking,template_group,formal-g033,max_error_m,m,all_primary_common_complete_success_within_stratum,3,3,6.45252286752921e-05,6.33476769968545e-05,6.686529028701046e-05,6.297187282088293e-05,6.725613620813889e-05
original,tracking,template_group,formal-g033,rmse_m,m,all_primary_common_complete_success_within_stratum,3,3,4.7877420699014656e-05,4.6554354749045584e-05,5.019247805424253e-05,4.648119337095621e-05,5.059671397704219e-05
original,tracking,template_group,formal-g033,endpoint_error_m,m,all_primary_common_complete_success_within_stratum,3,3,3.062578793584325e-05,3.0318156060669402e-05,3.410644528627311e-05,2.7031841435520157e-05,3.452736631134019e-05
original,tracking,template_group,formal-g033,minimum_external_distance_m,m,all_primary_common_complete_success_within_stratum,3,3,0.015848319165471848,0.018863039604576484,0.021049280242137456,0.007389722023305942,0.02129219586853312
original,tracking,template_group,formal-g033,minimum_self_distance_m,m,all_primary_common_complete_success_within_stratum,3,3,0.019632155045832878,0.01963420739105913,0.019651741024548326,0.019608568540392377,0.019653689206047126
original,tracking,template_group,formal-g033,command_smoothness_rms_rad_s2,rad/s^2,all_primary_common_complete_success_within_stratum,3,3,0.0487972881476579,0.04671964389676182,0.055737533571110914,0.0429326992335066,0.05673952131270526
original,tracking,template_group,formal-g033,max_actual_arm_velocity_rad_s,rad/s,all_primary_common_complete_success_within_stratum,3,3,0.06112141882550299,0.05747066247478083,0.06986977282603506,0.05464614224777595,0.0712474517539522
original,tracking,template_group,formal-g033,speed_saturated_fraction,fraction,all_primary_common_complete_success_within_stratum,3,3,0.0,0.0,0.0,0.0,0.0
original,tracking,template_group,formal-g033,soft_limited_fraction,fraction,all_primary_common_complete_success_within_stratum,3,3,0.0,0.0,0.0,0.0,0.0
original,tracking,template_group,formal-g033,raw_policy_component_clip_fraction,fraction,all_primary_common_complete_success_within_stratum,3,0,,,,,
original,tracking,template_group,formal-g033,raw_policy_decisions_with_clip_fraction,fraction,all_primary_common_complete_success_within_stratum,3,0,,,,,
original,tracking,template_group,formal-g033,u_component_clip_fraction,fraction,all_primary_common_complete_success_within_stratum,3,3,0.0,0.0,0.0,0.0,0.0
original,tracking,template_group,formal-g033,u_decisions_with_clip_fraction,fraction,all_primary_common_complete_success_within_stratum,3,3,0.0,0.0,0.0,0.0,0.0
original,tracking,template_group,formal-g033,mean_u_abs_rad_s,rad/s,all_primary_common_complete_success_within_stratum,3,3,0.0,0.0,0.0,0.0,0.0
original,tracking,template_group,formal-g033,provider_mean_s,s/48Hz decision,all_primary_common_complete_success_within_stratum,3,3,1.3512779585451222e-05,1.3504323457406523e-05,1.3612500758123738e-05,1.3409494840743719e-05,1.362452045820343e-05
original,tracking,template_group,formal-g033,core_mean_s,s/240Hz step,all_primary_common_complete_success_within_stratum,3,3,0.0005420701715037365,0.0005406569169432866,0.0005451638194987632,0.0005398890111185513,0.0005456645864493718
original,tracking,template_group,formal-g033,outer_mean_s,s/240Hz step including decision when due,all_primary_common_complete_success_within_stratum,3,3,0.0006415713046105036,0.0006425252439081912,0.0006485990418847602,0.0006329147615967182,0.0006492739083266012
original,tracking,template_group,formal-g034,max_error_m,m,all_primary_common_complete_success_within_stratum,1,1,4.1759289544314114e-05,4.1759289544314114e-05,4.1759289544314114e-05,4.1759289544314114e-05,4.1759289544314114e-05
original,tracking,template_group,formal-g034,rmse_m,m,all_primary_common_complete_success_within_stratum,1,1,3.275628809931362e-05,3.275628809931362e-05,3.275628809931362e-05,3.275628809931362e-05,3.275628809931362e-05
original,tracking,template_group,formal-g034,endpoint_error_m,m,all_primary_common_complete_success_within_stratum,1,1,3.83689711070994e-05,3.83689711070994e-05,3.83689711070994e-05,3.83689711070994e-05,3.83689711070994e-05
original,tracking,template_group,formal-g034,minimum_external_distance_m,m,all_primary_common_complete_success_within_stratum,1,1,0.004894378576429673,0.004894378576429673,0.004894378576429673,0.004894378576429673,0.004894378576429673
original,tracking,template_group,formal-g034,minimum_self_distance_m,m,all_primary_common_complete_success_within_stratum,1,1,0.020143135455907533,0.020143135455907533,0.020143135455907533,0.020143135455907533,0.020143135455907533
original,tracking,template_group,formal-g034,command_smoothness_rms_rad_s2,rad/s^2,all_primary_common_complete_success_within_stratum,1,1,0.03886433361368066,0.03886433361368066,0.03886433361368066,0.03886433361368066,0.03886433361368066
original,tracking,template_group,formal-g034,max_actual_arm_velocity_rad_s,rad/s,all_primary_common_complete_success_within_stratum,1,1,0.044930141229498705,0.044930141229498705,0.044930141229498705,0.044930141229498705,0.044930141229498705
original,tracking,template_group,formal-g034,speed_saturated_fraction,fraction,all_primary_common_complete_success_within_stratum,1,1,0.0,0.0,0.0,0.0,0.0
original,tracking,template_group,formal-g034,soft_limited_fraction,fraction,all_primary_common_complete_success_within_stratum,1,1,0.0,0.0,0.0,0.0,0.0
original,tracking,template_group,formal-g034,raw_policy_component_clip_fraction,fraction,all_primary_common_complete_success_within_stratum,1,0,,,,,
original,tracking,template_group,formal-g034,raw_policy_decisions_with_clip_fraction,fraction,all_primary_common_complete_success_within_stratum,1,0,,,,,
original,tracking,template_group,formal-g034,u_component_clip_fraction,fraction,all_primary_common_complete_success_within_stratum,1,1,0.0,0.0,0.0,0.0,0.0
original,tracking,template_group,formal-g034,u_decisions_with_clip_fraction,fraction,all_primary_common_complete_success_within_stratum,1,1,0.0,0.0,0.0,0.0,0.0
original,tracking,template_group,formal-g034,mean_u_abs_rad_s,rad/s,all_primary_common_complete_success_within_stratum,1,1,0.0,0.0,0.0,0.0,0.0
original,tracking,template_group,formal-g034,provider_mean_s,s/48Hz decision,all_primary_common_complete_success_within_stratum,1,1,1.3857953566306e-05,1.3857953566306e-05,1.3857953566306e-05,1.3857953566306e-05,1.3857953566306e-05
original,tracking,template_group,formal-g034,core_mean_s,s/240Hz step,all_primary_common_complete_success_within_stratum,1,1,0.0005818726053500238,0.0005818726053500238,0.0005818726053500238,0.0005818726053500238,0.0005818726053500238
original,tracking,template_group,formal-g034,outer_mean_s,s/240Hz step including decision when due,all_primary_common_complete_success_within_stratum,1,1,0.0007165564839548703,0.0007165564839548703,0.0007165564839548703,0.0007165564839548703,0.0007165564839548703
original,tracking,template_group,formal-g040,max_error_m,m,all_primary_common_complete_success_within_stratum,12,12,4.918915117533805e-05,4.851309949563995e-05,6.40939904431536e-05,3.3126771213669384e-05,6.467299124203063e-05
original,tracking,template_group,formal-g040,rmse_m,m,all_primary_common_complete_success_within_stratum,12,12,4.0493529435327576e-05,4.169208598509779e-05,4.532532938344429e-05,3.087092078123566e-05,4.5683339925108274e-05
original,tracking,template_group,formal-g040,endpoint_error_m,m,all_primary_common_complete_success_within_stratum,12,12,3.463710488820768e-05,3.4607433801574526e-05,4.051945426500072e-05,2.5995213106306088e-05,4.30903633886011e-05
original,tracking,template_group,formal-g040,minimum_external_distance_m,m,all_primary_common_complete_success_within_stratum,12,0,,,,,
original,tracking,template_group,formal-g040,minimum_self_distance_m,m,all_primary_common_complete_success_within_stratum,12,12,0.020003416885975994,0.020046646992103023,0.020148421443809374,0.019717806674796355,0.020154933643945418
original,tracking,template_group,formal-g040,command_smoothness_rms_rad_s2,rad/s^2,all_primary_common_complete_success_within_stratum,12,12,0.03284285951792806,0.033557516634340694,0.045741688127490736,0.016687921786469776,0.04661322772056368
original,tracking,template_group,formal-g040,max_actual_arm_velocity_rad_s,rad/s,all_primary_common_complete_success_within_stratum,12,12,0.039804400572097,0.03949318760855175,0.059805270953211094,0.016093475103213288,0.0622326103368481
original,tracking,template_group,formal-g040,speed_saturated_fraction,fraction,all_primary_common_complete_success_within_stratum,12,12,0.0,0.0,0.0,0.0,0.0
original,tracking,template_group,formal-g040,soft_limited_fraction,fraction,all_primary_common_complete_success_within_stratum,12,12,0.0,0.0,0.0,0.0,0.0
original,tracking,template_group,formal-g040,raw_policy_component_clip_fraction,fraction,all_primary_common_complete_success_within_stratum,12,0,,,,,
original,tracking,template_group,formal-g040,raw_policy_decisions_with_clip_fraction,fraction,all_primary_common_complete_success_within_stratum,12,0,,,,,
original,tracking,template_group,formal-g040,u_component_clip_fraction,fraction,all_primary_common_complete_success_within_stratum,12,12,0.0,0.0,0.0,0.0,0.0
original,tracking,template_group,formal-g040,u_decisions_with_clip_fraction,fraction,all_primary_common_complete_success_within_stratum,12,12,0.0,0.0,0.0,0.0,0.0
original,tracking,template_group,formal-g040,mean_u_abs_rad_s,rad/s,all_primary_common_complete_success_within_stratum,12,12,0.0,0.0,0.0,0.0,0.0
original,tracking,template_group,formal-g040,provider_mean_s,s/48Hz decision,all_primary_common_complete_success_within_stratum,12,12,1.2889350709125816e-05,1.285228639365717e-05,1.3207858770177458e-05,1.2552328219802197e-05,1.3342208376343478e-05
original,tracking,template_group,formal-g040,core_mean_s,s/240Hz step,all_primary_common_complete_success_within_stratum,12,12,0.0005307669919703686,0.00053154943939262,0.0005362697114378534,0.0005206699075946138,0.0005366995195951555
original,tracking,template_group,formal-g040,outer_mean_s,s/240Hz step including decision when due,all_primary_common_complete_success_within_stratum,12,12,0.0005555421927081422,0.000556436620460469,0.000561269466130246,0.0005451432841255155,0.0005617466938322953
original,tracking,template_group,formal-g044,max_error_m,m,all_primary_common_complete_success_within_stratum,3,3,5.011346640809781e-05,4.884141530220618e-05,5.577458732778669e-05,4.4954044147013854e-05,5.6544939775073414e-05
original,tracking,template_group,formal-g044,rmse_m,m,all_primary_common_complete_success_within_stratum,3,3,3.864849863513415e-05,3.9973912177111025e-05,4.102437442297591e-05,3.4830491277997196e-05,4.114109245029424e-05
original,tracking,template_group,formal-g044,endpoint_error_m,m,all_primary_common_complete_success_within_stratum,3,3,2.899796475062075e-05,2.657370869022847e-05,3.376158351362925e-05,2.58599492898489e-05,3.4560236271784894e-05
original,tracking,template_group,formal-g044,minimum_external_distance_m,m,all_primary_common_complete_success_within_stratum,3,3,0.00523303065444794,0.004932946688285297,0.007990913545342681,0.0024354576344872425,0.00833068764057128
original,tracking,template_group,formal-g044,minimum_self_distance_m,m,all_primary_common_complete_success_within_stratum,3,3,0.020002145853071186,0.019997454787733633,0.020119355698745386,0.01987608252706656,0.02013290024441336
original,tracking,template_group,formal-g044,command_smoothness_rms_rad_s2,rad/s^2,all_primary_common_complete_success_within_stratum,3,3,0.03539183808513403,0.03651489833822967,0.0414794035331524,0.027629600695695266,0.042031015221477154
original,tracking,template_group,formal-g044,max_actual_arm_velocity_rad_s,rad/s,all_primary_common_complete_success_within_stratum,3,3,0.03392425107656146,0.03467584444689266,0.03729768739226106,0.029507905507711957,0.037589003275079774
original,tracking,template_group,formal-g044,speed_saturated_fraction,fraction,all_primary_common_complete_success_within_stratum,3,3,0.0,0.0,0.0,0.0,0.0
original,tracking,template_group,formal-g044,soft_limited_fraction,fraction,all_primary_common_complete_success_within_stratum,3,3,0.0,0.0,0.0,0.0,0.0
original,tracking,template_group,formal-g044,raw_policy_component_clip_fraction,fraction,all_primary_common_complete_success_within_stratum,3,0,,,,,
original,tracking,template_group,formal-g044,raw_policy_decisions_with_clip_fraction,fraction,all_primary_common_complete_success_within_stratum,3,0,,,,,
original,tracking,template_group,formal-g044,u_component_clip_fraction,fraction,all_primary_common_complete_success_within_stratum,3,3,0.0,0.0,0.0,0.0,0.0
original,tracking,template_group,formal-g044,u_decisions_with_clip_fraction,fraction,all_primary_common_complete_success_within_stratum,3,3,0.0,0.0,0.0,0.0,0.0
original,tracking,template_group,formal-g044,mean_u_abs_rad_s,rad/s,all_primary_common_complete_success_within_stratum,3,3,0.0,0.0,0.0,0.0,0.0
original,tracking,template_group,formal-g044,provider_mean_s,s/48Hz decision,all_primary_common_complete_success_within_stratum,3,3,1.3792029651287723e-05,1.3767479003945482e-05,1.3871251303498866e-05,1.372582839091289e-05,1.3882781559004798e-05
original,tracking,template_group,formal-g044,core_mean_s,s/240Hz step,all_primary_common_complete_success_within_stratum,3,3,0.0005683868371508853,0.0005680500095119593,0.0005739343478550533,0.0005625223387141886,0.0005745881632265082
original,tracking,template_group,formal-g044,outer_mean_s,s/240Hz step including decision when due,all_primary_common_complete_success_within_stratum,3,3,0.0007029043056768891,0.0007036855323197718,0.0007104192180516596,0.0006938599793556932,0.0007111674053552027
original,tracking,template_group,formal-g051,max_error_m,m,all_primary_common_complete_success_within_stratum,10,10,4.205423569977932e-05,4.1874285586356456e-05,5.039694186866457e-05,3.319943727029534e-05,5.364263366144338e-05
original,tracking,template_group,formal-g051,rmse_m,m,all_primary_common_complete_success_within_stratum,10,10,3.412377425507047e-05,3.523929119615198e-05,3.828393677049429e-05,2.676894103276858e-05,3.8655471988826266e-05
original,tracking,template_group,formal-g051,endpoint_error_m,m,all_primary_common_complete_success_within_stratum,10,10,2.91752165212181e-05,2.61408797897458e-05,3.9113869616593975e-05,2.306875248864991e-05,3.995785213157563e-05
original,tracking,template_group,formal-g051,minimum_external_distance_m,m,all_primary_common_complete_success_within_stratum,10,10,0.019962672301466856,0.016321335628621633,0.036803196984144436,0.0036422386926926315,0.03819147631397987
original,tracking,template_group,formal-g051,minimum_self_distance_m,m,all_primary_common_complete_success_within_stratum,10,10,0.020083365094189613,0.020118911131712366,0.020154933643945418,0.01990509255859737,0.020154933643945418
original,tracking,template_group,formal-g051,command_smoothness_rms_rad_s2,rad/s^2,all_primary_common_complete_success_within_stratum,10,10,0.030165586559972462,0.028615432077204805,0.04555047744893911,0.016843501811099865,0.04585635694877606
original,tracking,template_group,formal-g051,max_actual_arm_velocity_rad_s,rad/s,all_primary_common_complete_success_within_stratum,10,10,0.041192245384378635,0.03717071906614216,0.06383551363984707,0.022904585628386265,0.06641000965476687
original,tracking,template_group,formal-g051,speed_saturated_fraction,fraction,all_primary_common_complete_success_within_stratum,10,10,0.0,0.0,0.0,0.0,0.0
original,tracking,template_group,formal-g051,soft_limited_fraction,fraction,all_primary_common_complete_success_within_stratum,10,10,0.0,0.0,0.0,0.0,0.0
original,tracking,template_group,formal-g051,raw_policy_component_clip_fraction,fraction,all_primary_common_complete_success_within_stratum,10,0,,,,,
original,tracking,template_group,formal-g051,raw_policy_decisions_with_clip_fraction,fraction,all_primary_common_complete_success_within_stratum,10,0,,,,,
original,tracking,template_group,formal-g051,u_component_clip_fraction,fraction,all_primary_common_complete_success_within_stratum,10,10,0.0,0.0,0.0,0.0,0.0
original,tracking,template_group,formal-g051,u_decisions_with_clip_fraction,fraction,all_primary_common_complete_success_within_stratum,10,10,0.0,0.0,0.0,0.0,0.0
original,tracking,template_group,formal-g051,mean_u_abs_rad_s,rad/s,all_primary_common_complete_success_within_stratum,10,10,0.0,0.0,0.0,0.0,0.0
original,tracking,template_group,formal-g051,provider_mean_s,s/48Hz decision,all_primary_common_complete_success_within_stratum,10,10,1.3658154815251087e-05,1.3677773760415828e-05,1.396272811007293e-05,1.3333667008434228e-05,1.4020869002706604e-05
original,tracking,template_group,formal-g051,core_mean_s,s/240Hz step,all_primary_common_complete_success_within_stratum,10,10,0.0005617608122050417,0.0005609617704370369,0.000573216840406682,0.000553593850205895,0.0005772235031296683
original,tracking,template_group,formal-g051,outer_mean_s,s/240Hz step including decision when due,all_primary_common_complete_success_within_stratum,10,10,0.000677636775371866,0.0006683735052850655,0.0007090071962034017,0.0006523674217987719,0.0007128444742647844
original,tracking,template_group,formal-g053,max_error_m,m,all_primary_common_complete_success_within_stratum,1,1,4.942612800297874e-05,4.942612800297874e-05,4.942612800297874e-05,4.942612800297874e-05,4.942612800297874e-05
original,tracking,template_group,formal-g053,rmse_m,m,all_primary_common_complete_success_within_stratum,1,1,3.7966423966792306e-05,3.7966423966792306e-05,3.7966423966792306e-05,3.7966423966792306e-05,3.7966423966792306e-05
original,tracking,template_group,formal-g053,endpoint_error_m,m,all_primary_common_complete_success_within_stratum,1,1,2.6385623162503484e-05,2.6385623162503484e-05,2.6385623162503484e-05,2.6385623162503484e-05,2.6385623162503484e-05
original,tracking,template_group,formal-g053,minimum_external_distance_m,m,all_primary_common_complete_success_within_stratum,1,1,0.027498808338817127,0.027498808338817127,0.027498808338817127,0.027498808338817127,0.027498808338817127
original,tracking,template_group,formal-g053,minimum_self_distance_m,m,all_primary_common_complete_success_within_stratum,1,1,0.02010940131026183,0.02010940131026183,0.02010940131026183,0.02010940131026183,0.02010940131026183
original,tracking,template_group,formal-g053,command_smoothness_rms_rad_s2,rad/s^2,all_primary_common_complete_success_within_stratum,1,1,0.02334942337264478,0.02334942337264478,0.02334942337264478,0.02334942337264478,0.02334942337264478
original,tracking,template_group,formal-g053,max_actual_arm_velocity_rad_s,rad/s,all_primary_common_complete_success_within_stratum,1,1,0.025026972098287262,0.025026972098287262,0.025026972098287262,0.025026972098287262,0.025026972098287262
original,tracking,template_group,formal-g053,speed_saturated_fraction,fraction,all_primary_common_complete_success_within_stratum,1,1,0.0,0.0,0.0,0.0,0.0
original,tracking,template_group,formal-g053,soft_limited_fraction,fraction,all_primary_common_complete_success_within_stratum,1,1,0.0,0.0,0.0,0.0,0.0
original,tracking,template_group,formal-g053,raw_policy_component_clip_fraction,fraction,all_primary_common_complete_success_within_stratum,1,0,,,,,
original,tracking,template_group,formal-g053,raw_policy_decisions_with_clip_fraction,fraction,all_primary_common_complete_success_within_stratum,1,0,,,,,
original,tracking,template_group,formal-g053,u_component_clip_fraction,fraction,all_primary_common_complete_success_within_stratum,1,1,0.0,0.0,0.0,0.0,0.0
original,tracking,template_group,formal-g053,u_decisions_with_clip_fraction,fraction,all_primary_common_complete_success_within_stratum,1,1,0.0,0.0,0.0,0.0,0.0
original,tracking,template_group,formal-g053,mean_u_abs_rad_s,rad/s,all_primary_common_complete_success_within_stratum,1,1,0.0,0.0,0.0,0.0,0.0
original,tracking,template_group,formal-g053,provider_mean_s,s/48Hz decision,all_primary_common_complete_success_within_stratum,1,1,1.3598474424725282e-05,1.3598474424725282e-05,1.3598474424725282e-05,1.3598474424725282e-05,1.3598474424725282e-05
original,tracking,template_group,formal-g053,core_mean_s,s/240Hz step,all_primary_common_complete_success_within_stratum,1,1,0.0005659769654812408,0.0005659769654812408,0.0005659769654812408,0.0005659769654812408,0.0005659769654812408
original,tracking,template_group,formal-g053,outer_mean_s,s/240Hz step including decision when due,all_primary_common_complete_success_within_stratum,1,1,0.0006900851667827131,0.0006900851667827131,0.0006900851667827131,0.0006900851667827131,0.0006900851667827131
original,tracking,template_group,formal-g054,max_error_m,m,all_primary_common_complete_success_within_stratum,2,2,4.963749889828031e-05,4.963749889828031e-05,5.77997925711016e-05,4.056828370625667e-05,5.870671409030396e-05
original,tracking,template_group,formal-g054,rmse_m,m,all_primary_common_complete_success_within_stratum,2,2,3.640460559195622e-05,3.640460559195622e-05,4.4076036689922235e-05,2.788079326088286e-05,4.492841792302957e-05
original,tracking,template_group,formal-g054,endpoint_error_m,m,all_primary_common_complete_success_within_stratum,2,2,3.2679529787467914e-05,3.2679529787467914e-05,3.735914862880711e-05,2.7479953297091022e-05,3.78791062778448e-05
original,tracking,template_group,formal-g054,minimum_external_distance_m,m,all_primary_common_complete_success_within_stratum,2,2,0.002566512077989483,0.002566512077989483,0.0030451452751124636,0.002034697414519504,0.0030983267414594617
original,tracking,template_group,formal-g054,minimum_self_distance_m,m,all_primary_common_complete_success_within_stratum,2,2,0.019945264354497786,0.019945264354497786,0.020122529152564624,0.019748303467756856,0.020142225241238716
original,tracking,template_group,formal-g054,command_smoothness_rms_rad_s2,rad/s^2,all_primary_common_complete_success_within_stratum,2,2,0.03859221058381604,0.03859221058381604,0.04595332935280454,0.030413189729384373,0.046771231438247705
original,tracking,template_group,formal-g054,max_actual_arm_velocity_rad_s,rad/s,all_primary_common_complete_success_within_stratum,2,2,0.04912750219613596,0.04912750219613596,0.0650782187615694,0.0314044837900988,0.06685052060217311
original,tracking,template_group,formal-g054,speed_saturated_fraction,fraction,all_primary_common_complete_success_within_stratum,2,2,0.0,0.0,0.0,0.0,0.0
original,tracking,template_group,formal-g054,soft_limited_fraction,fraction,all_primary_common_complete_success_within_stratum,2,2,0.0,0.0,0.0,0.0,0.0
original,tracking,template_group,formal-g054,raw_policy_component_clip_fraction,fraction,all_primary_common_complete_success_within_stratum,2,0,,,,,
original,tracking,template_group,formal-g054,raw_policy_decisions_with_clip_fraction,fraction,all_primary_common_complete_success_within_stratum,2,0,,,,,
original,tracking,template_group,formal-g054,u_component_clip_fraction,fraction,all_primary_common_complete_success_within_stratum,2,2,0.0,0.0,0.0,0.0,0.0
original,tracking,template_group,formal-g054,u_decisions_with_clip_fraction,fraction,all_primary_common_complete_success_within_stratum,2,2,0.0,0.0,0.0,0.0,0.0
original,tracking,template_group,formal-g054,mean_u_abs_rad_s,rad/s,all_primary_common_complete_success_within_stratum,2,2,0.0,0.0,0.0,0.0,0.0
original,tracking,template_group,formal-g054,provider_mean_s,s/48Hz decision,all_primary_common_complete_success_within_stratum,2,2,1.3967695016011325e-05,1.3967695016011325e-05,1.404087828025998e-05,1.3886380277957263e-05,1.4049009754065386e-05
original,tracking,template_group,formal-g054,core_mean_s,s/240Hz step,all_primary_common_complete_success_within_stratum,2,2,0.0005785958337279832,0.0005785958337279832,0.0005886867513906206,0.0005673837029917195,0.000589807964464247
original,tracking,template_group,formal-g054,outer_mean_s,s/240Hz step including decision when due,all_primary_common_complete_success_within_stratum,2,2,0.0007139706703431633,0.0007139706703431633,0.0007251097233195954,0.0007015939448137942,0.0007263473958725324
original,tracking,template_group,formal-g057,max_error_m,m,all_primary_common_complete_success_within_stratum,2,2,5.35045162437185e-05,5.35045162437185e-05,5.913654938899547e-05,4.724670163785519e-05,5.97623308495818e-05
original,tracking,template_group,formal-g057,rmse_m,m,all_primary_common_complete_success_within_stratum,2,2,3.961350435458545e-05,3.961350435458545e-05,4.2880935302029384e-05,3.598302552409218e-05,4.324398318507871e-05
original,tracking,template_group,formal-g057,endpoint_error_m,m,all_primary_common_complete_success_within_stratum,2,2,2.5255218903360053e-05,2.5255218903360053e-05,2.6022095279908376e-05,2.440313404052858e-05,2.6107303766191525e-05
original,tracking,template_group,formal-g057,minimum_external_distance_m,m,all_primary_common_complete_success_within_stratum,2,2,0.003280850889276432,0.003280850889276432,0.0035098098155040627,0.0030264520823568425,0.0035352496961960217
original,tracking,template_group,formal-g057,minimum_self_distance_m,m,all_primary_common_complete_success_within_stratum,2,2,0.020051286648334055,0.020051286648334055,0.020140029954445686,0.019952682974876686,0.020149890321791424
original,tracking,template_group,formal-g057,command_smoothness_rms_rad_s2,rad/s^2,all_primary_common_complete_success_within_stratum,2,2,0.035984337992897394,0.035984337992897394,0.03765005405698525,0.03413354236613311,0.03783513361966168
original,tracking,template_group,formal-g057,max_actual_arm_velocity_rad_s,rad/s,all_primary_common_complete_success_within_stratum,2,2,0.04280457359793499,0.04280457359793499,0.04486559183740244,0.04051455333186005,0.045094593864009935
original,tracking,template_group,formal-g057,speed_saturated_fraction,fraction,all_primary_common_complete_success_within_stratum,2,2,0.0,0.0,0.0,0.0,0.0
original,tracking,template_group,formal-g057,soft_limited_fraction,fraction,all_primary_common_complete_success_within_stratum,2,2,0.0,0.0,0.0,0.0,0.0
original,tracking,template_group,formal-g057,raw_policy_component_clip_fraction,fraction,all_primary_common_complete_success_within_stratum,2,0,,,,,
original,tracking,template_group,formal-g057,raw_policy_decisions_with_clip_fraction,fraction,all_primary_common_complete_success_within_stratum,2,0,,,,,
original,tracking,template_group,formal-g057,u_component_clip_fraction,fraction,all_primary_common_complete_success_within_stratum,2,2,0.0,0.0,0.0,0.0,0.0
original,tracking,template_group,formal-g057,u_decisions_with_clip_fraction,fraction,all_primary_common_complete_success_within_stratum,2,2,0.0,0.0,0.0,0.0,0.0
original,tracking,template_group,formal-g057,mean_u_abs_rad_s,rad/s,all_primary_common_complete_success_within_stratum,2,2,0.0,0.0,0.0,0.0,0.0
original,tracking,template_group,formal-g057,provider_mean_s,s/48Hz decision,all_primary_common_complete_success_within_stratum,2,2,1.3584735067221724e-05,1.3584735067221724e-05,1.3763436588002757e-05,1.3386177821909465e-05,1.3783292312533982e-05
original,tracking,template_group,formal-g057,core_mean_s,s/240Hz step,all_primary_common_complete_success_within_stratum,2,2,0.0005559637243398659,0.0005559637243398659,0.0005566073167559201,0.0005552486216553614,0.0005566788270243705
original,tracking,template_group,formal-g057,outer_mean_s,s/240Hz step including decision when due,all_primary_common_complete_success_within_stratum,2,2,0.000651222222306084,0.000651222222306084,0.000664834419011792,0.000636097559299742,0.0006663468853124262
original,APF,category,far,max_error_m,m,all_primary_common_complete_success_within_stratum,36,36,3.9315007961579515e-05,3.813662673402756e-05,6.177853751275276e-05,2.7445242652652944e-05,6.467299124203063e-05
original,APF,category,far,rmse_m,m,all_primary_common_complete_success_within_stratum,36,36,3.129931783265821e-05,2.8233480723321914e-05,4.457888543600005e-05,1.9090864082538308e-05,4.5683339925108274e-05
original,APF,category,far,endpoint_error_m,m,all_primary_common_complete_success_within_stratum,36,36,3.277438496559505e-05,3.3201424306354676e-05,4.2882976360388115e-05,2.2222439370590195e-05,4.414417238183893e-05
original,APF,category,far,minimum_external_distance_m,m,all_primary_common_complete_success_within_stratum,36,0,,,,,
original,APF,category,far,minimum_self_distance_m,m,all_primary_common_complete_success_within_stratum,36,36,0.020000999187902907,0.020046646992103023,0.020154933643945418,0.019717806674796355,0.020154933643945418
original,APF,category,far,command_smoothness_rms_rad_s2,rad/s^2,all_primary_common_complete_success_within_stratum,36,36,0.03297651998680645,0.03127626262086494,0.051206681900455644,0.014549207832114674,0.06239303708370971
original,APF,category,far,max_actual_arm_velocity_rad_s,rad/s,all_primary_common_complete_success_within_stratum,36,36,0.0431056857618103,0.04089055497361577,0.06673099293012959,0.016093475103213288,0.08720321653565924
original,APF,category,far,speed_saturated_fraction,fraction,all_primary_common_complete_success_within_stratum,36,36,0.0,0.0,0.0,0.0,0.0
original,APF,category,far,soft_limited_fraction,fraction,all_primary_common_complete_success_within_stratum,36,36,0.0,0.0,0.0,0.0,0.0
original,APF,category,far,raw_policy_component_clip_fraction,fraction,all_primary_common_complete_success_within_stratum,36,0,,,,,
original,APF,category,far,raw_policy_decisions_with_clip_fraction,fraction,all_primary_common_complete_success_within_stratum,36,0,,,,,
original,APF,category,far,u_component_clip_fraction,fraction,all_primary_common_complete_success_within_stratum,36,36,0.0,0.0,0.0,0.0,0.0
original,APF,category,far,u_decisions_with_clip_fraction,fraction,all_primary_common_complete_success_within_stratum,36,36,0.0,0.0,0.0,0.0,0.0
original,APF,category,far,mean_u_abs_rad_s,rad/s,all_primary_common_complete_success_within_stratum,36,36,0.0,0.0,0.0,0.0,0.0
original,APF,category,far,provider_mean_s,s/48Hz decision,all_primary_common_complete_success_within_stratum,36,36,2.7374309735461325e-05,2.7383716011778837e-05,2.7839496188638197e-05,2.672002059019481e-05,2.8654109125151688e-05
original,APF,category,far,core_mean_s,s/240Hz step,all_primary_common_complete_success_within_stratum,36,36,0.0005354593553538171,0.0005362116452109452,0.0005425578549420607,0.0005232670146142482,0.00054578672813174
original,APF,category,far,outer_mean_s,s/240Hz step including decision when due,all_primary_common_complete_success_within_stratum,36,36,0.0005631866699605712,0.0005639571854392973,0.0005703666394765606,0.000551106457487549,0.0005742332550198626
original,APF,category,near_link,max_error_m,m,all_primary_common_complete_success_within_stratum,51,51,6.888049946675594e-05,6.287076382029896e-05,0.00011652566943959328,3.177755265989302e-05,0.00019345808776460768
original,APF,category,near_link,rmse_m,m,all_primary_common_complete_success_within_stratum,51,51,5.313551313059778e-05,4.826300582277894e-05,9.242853136676117e-05,2.6316663217832768e-05,0.00017053040550485583
original,APF,category,near_link,endpoint_error_m,m,all_primary_common_complete_success_within_stratum,51,51,4.0450212649280435e-05,3.556182404063333e-05,8.414597647302317e-05,2.1548642766274462e-05,0.00015060825858662061
original,APF,category,near_link,minimum_external_distance_m,m,all_primary_common_complete_success_within_stratum,51,51,0.02825886539421737,0.027374368102053778,0.047789604207206036,0.005389593533349557,0.049725540706937355
original,APF,category,near_link,minimum_self_distance_m,m,all_primary_common_complete_success_within_stratum,51,51,0.019887986532438003,0.019836050790378923,0.02015127058520933,0.01942801181705823,0.020154933643945418
original,APF,category,near_link,command_smoothness_rms_rad_s2,rad/s^2,all_primary_common_complete_success_within_stratum,51,51,0.16782685490281626,0.17141202548075163,0.2702587436310967,0.03138568587935588,0.2950047721196979
original,APF,category,near_link,max_actual_arm_velocity_rad_s,rad/s,all_primary_common_complete_success_within_stratum,51,51,0.11943639603992393,0.11446759108880494,0.19411933159854655,0.04705092797001637,0.21526766517411866
original,APF,category,near_link,speed_saturated_fraction,fraction,all_primary_common_complete_success_within_stratum,51,51,0.0,0.0,0.0,0.0,0.0
original,APF,category,near_link,soft_limited_fraction,fraction,all_primary_common_complete_success_within_stratum,51,51,0.0,0.0,0.0,0.0,0.0
original,APF,category,near_link,raw_policy_component_clip_fraction,fraction,all_primary_common_complete_success_within_stratum,51,0,,,,,
original,APF,category,near_link,raw_policy_decisions_with_clip_fraction,fraction,all_primary_common_complete_success_within_stratum,51,0,,,,,
original,APF,category,near_link,u_component_clip_fraction,fraction,all_primary_common_complete_success_within_stratum,51,51,0.11203022875816991,0.07440476190476189,0.40699404761904756,0.0,0.6644345238095237
original,APF,category,near_link,u_decisions_with_clip_fraction,fraction,all_primary_common_complete_success_within_stratum,51,51,0.4032883986928104,0.296875,1.0,0.0,1.0
original,APF,category,near_link,mean_u_abs_rad_s,rad/s,all_primary_common_complete_success_within_stratum,51,51,0.047013292288420945,0.03604775219876431,0.11560812877292598,0.01282836950114221,0.1724861976499638
original,APF,category,near_link,provider_mean_s,s/48Hz decision,all_primary_common_complete_success_within_stratum,51,51,0.00013171727864811543,0.00012819610894136227,0.0001906049220300095,6.75364480381783e-05,0.0002381666981818853
original,APF,category,near_link,core_mean_s,s/240Hz step,all_primary_common_complete_success_within_stratum,51,51,0.0005629319625812987,0.000562878800095253,0.0005798970921659929,0.0005460610291720513,0.0005906008521075516
original,APF,category,near_link,outer_mean_s,s/240Hz step including decision when due,all_primary_common_complete_success_within_stratum,51,51,0.0006888166804615408,0.0006849524123784552,0.0007448663754606362,0.0006413157000073018,0.0007561626685552862
original,APF,category,tight_layout,max_error_m,m,all_primary_common_complete_success_within_stratum,17,17,6.138464420783352e-05,6.071477702132071e-05,8.001022673441194e-05,3.8523058125645787e-05,9.405558598361017e-05
original,APF,category,tight_layout,rmse_m,m,all_primary_common_complete_success_within_stratum,17,17,4.7152980034183986e-05,4.5590207530545275e-05,6.272704466784726e-05,3.113068744454752e-05,7.75866671110237e-05
original,APF,category,tight_layout,endpoint_error_m,m,all_primary_common_complete_success_within_stratum,17,17,3.737776884628123e-05,3.3502481717789056e-05,5.787045745243825e-05,2.3800289779359612e-05,6.748189688570694e-05
original,APF,category,tight_layout,minimum_external_distance_m,m,all_primary_common_complete_success_within_stratum,17,17,0.01827006810997142,0.019168544850035843,0.04207177207857052,0.0023255875498373463,0.043387911572244336
original,APF,category,tight_layout,minimum_self_distance_m,m,all_primary_common_complete_success_within_stratum,17,17,0.019814019896154552,0.019753731166401764,0.02007082359754797,0.019608711409784117,0.020144249531449915
original,APF,category,tight_layout,command_smoothness_rms_rad_s2,rad/s^2,all_primary_common_complete_success_within_stratum,17,17,0.2016651514242818,0.20027747797610368,0.3296522695611236,0.06394767724756001,0.3558460753055907
original,APF,category,tight_layout,max_actual_arm_velocity_rad_s,rad/s,all_primary_common_complete_success_within_stratum,17,17,0.1689126851951386,0.19910250229033452,0.21244713757005054,0.07907103178645712,0.21306193790188735
original,APF,category,tight_layout,speed_saturated_fraction,fraction,all_primary_common_complete_success_within_stratum,17,17,0.0,0.0,0.0,0.0,0.0
original,APF,category,tight_layout,soft_limited_fraction,fraction,all_primary_common_complete_success_within_stratum,17,17,0.0,0.0,0.0,0.0,0.0
original,APF,category,tight_layout,raw_policy_component_clip_fraction,fraction,all_primary_common_complete_success_within_stratum,17,0,,,,,
original,APF,category,tight_layout,raw_policy_decisions_with_clip_fraction,fraction,all_primary_common_complete_success_within_stratum,17,0,,,,,
original,APF,category,tight_layout,u_component_clip_fraction,fraction,all_primary_common_complete_success_within_stratum,17,17,0.11230742296918766,0.06845238095238095,0.33988095238095223,0.020089285714285712,0.42857142857142855
original,APF,category,tight_layout,u_decisions_with_clip_fraction,fraction,all_primary_common_complete_success_within_stratum,17,17,0.3746936274509804,0.25,1.0,0.11458333333333333,1.0
original,APF,category,tight_layout,mean_u_abs_rad_s,rad/s,all_primary_common_complete_success_within_stratum,17,17,0.047633962000029666,0.039293096317589184,0.10094648447031933,0.02498095146903348,0.10307451900324313
original,APF,category,tight_layout,provider_mean_s,s/48Hz decision,all_primary_common_complete_success_within_stratum,17,17,0.00014897487569089885,0.00014535834460123928,0.00020208522925410454,9.393612049279909e-05,0.00023812997930387306
original,APF,category,tight_layout,core_mean_s,s/240Hz step,all_primary_common_complete_success_within_stratum,17,17,0.0005691779827367439,0.0005671822770030606,0.000580843457513159,0.0005575925399474121,0.0005815164083590692
original,APF,category,tight_layout,outer_mean_s,s/240Hz step including decision when due,all_primary_common_complete_success_within_stratum,17,17,0.0007074494122207398,0.0007106922269940697,0.0007537658997807739,0.0006618877094145621,0.0007591070363105245
original,APF,template_group,formal-g003,max_error_m,m,all_primary_common_complete_success_within_stratum,12,12,6.262323114024053e-05,5.916223119736193e-05,9.253010193700091e-05,4.1153556938313925e-05,0.00012119949934006583
original,APF,template_group,formal-g003,rmse_m,m,all_primary_common_complete_success_within_stratum,12,12,4.5214069707083555e-05,4.2215720080525794e-05,6.488014381053984e-05,3.3824776098443094e-05,8.184910974439748e-05
original,APF,template_group,formal-g003,endpoint_error_m,m,all_primary_common_complete_success_within_stratum,12,12,3.167309431697231e-05,2.9808757867306915e-05,4.1577939922290754e-05,2.322541392210171e-05,4.488771974399393e-05
original,APF,template_group,formal-g003,minimum_external_distance_m,m,all_primary_common_complete_success_within_stratum,12,12,0.03344579710738065,0.033515027396874085,0.047812171599278266,0.016779510135819728,0.049725540706937355
original,APF,template_group,formal-g003,minimum_self_distance_m,m,all_primary_common_complete_success_within_stratum,12,12,0.020010964968304196,0.02013109791525587,0.020151094047827257,0.019599896580615714,0.020151340489040548
original,APF,template_group,formal-g003,command_smoothness_rms_rad_s2,rad/s^2,all_primary_common_complete_success_within_stratum,12,12,0.20101335595067846,0.20615709359355794,0.25099866290306044,0.13984927491146482,0.2548500030912873
original,APF,template_group,formal-g003,max_actual_arm_velocity_rad_s,rad/s,all_primary_common_complete_success_within_stratum,12,12,0.12830495725148436,0.11632092561576332,0.1844690973104634,0.09384627944762426,0.21526766517411866
original,APF,template_group,formal-g003,speed_saturated_fraction,fraction,all_primary_common_complete_success_within_stratum,12,12,0.0,0.0,0.0,0.0,0.0
original,APF,template_group,formal-g003,soft_limited_fraction,fraction,all_primary_common_complete_success_within_stratum,12,12,0.0,0.0,0.0,0.0,0.0
original,APF,template_group,formal-g003,raw_policy_component_clip_fraction,fraction,all_primary_common_complete_success_within_stratum,12,0,,,,,
original,APF,template_group,formal-g003,raw_policy_decisions_with_clip_fraction,fraction,all_primary_common_complete_success_within_stratum,12,0,,,,,
original,APF,template_group,formal-g003,u_component_clip_fraction,fraction,all_primary_common_complete_success_within_stratum,12,12,0.07093253968253968,0.06101190476190475,0.14043898809523808,0.01413690476190476,0.14657738095238093
original,APF,template_group,formal-g003,u_decisions_with_clip_fraction,fraction,all_primary_common_complete_success_within_stratum,12,12,0.2604166666666666,0.2604166666666667,0.41328125,0.09895833333333333,0.421875
original,APF,template_group,formal-g003,mean_u_abs_rad_s,rad/s,all_primary_common_complete_success_within_stratum,12,12,0.03052802102062228,0.026245886363810127,0.058704553628267556,0.01282836950114221,0.06782462199871568
original,APF,template_group,formal-g003,provider_mean_s,s/48Hz decision,all_primary_common_complete_success_within_stratum,12,12,9.490960033215542e-05,8.665956757643775e-05,0.00015495474915117787,6.75364480381783e-05,0.00016451324525708819
original,APF,template_group,formal-g003,core_mean_s,s/240Hz step,all_primary_common_complete_success_within_stratum,12,12,0.0005636336619772919,0.0005635109338906355,0.0005753133942941228,0.0005497992270041626,0.0005782696768922809
original,APF,template_group,formal-g003,outer_mean_s,s/240Hz step including decision when due,all_primary_common_complete_success_within_stratum,12,12,0.0006990503308265438,0.0007014966677009701,0.0007358448214389076,0.0006614348742762862,0.0007389321976309778
original,APF,template_group,formal-g006,max_error_m,m,all_primary_common_complete_success_within_stratum,1,1,7.933029791665661e-05,7.933029791665661e-05,7.933029791665661e-05,7.933029791665661e-05,7.933029791665661e-05
original,APF,template_group,formal-g006,rmse_m,m,all_primary_common_complete_success_within_stratum,1,1,5.7372741752211775e-05,5.7372741752211775e-05,5.7372741752211775e-05,5.7372741752211775e-05,5.7372741752211775e-05
original,APF,template_group,formal-g006,endpoint_error_m,m,all_primary_common_complete_success_within_stratum,1,1,2.6491562814444407e-05,2.6491562814444407e-05,2.6491562814444407e-05,2.6491562814444407e-05,2.6491562814444407e-05
original,APF,template_group,formal-g006,minimum_external_distance_m,m,all_primary_common_complete_success_within_stratum,1,1,0.013644399431133547,0.013644399431133547,0.013644399431133547,0.013644399431133547,0.013644399431133547
original,APF,template_group,formal-g006,minimum_self_distance_m,m,all_primary_common_complete_success_within_stratum,1,1,0.01972070500948575,0.01972070500948575,0.01972070500948575,0.01972070500948575,0.01972070500948575
original,APF,template_group,formal-g006,command_smoothness_rms_rad_s2,rad/s^2,all_primary_common_complete_success_within_stratum,1,1,0.16842232967889648,0.16842232967889648,0.16842232967889648,0.16842232967889648,0.16842232967889648
original,APF,template_group,formal-g006,max_actual_arm_velocity_rad_s,rad/s,all_primary_common_complete_success_within_stratum,1,1,0.1395633380393281,0.1395633380393281,0.1395633380393281,0.1395633380393281,0.1395633380393281
original,APF,template_group,formal-g006,speed_saturated_fraction,fraction,all_primary_common_complete_success_within_stratum,1,1,0.0,0.0,0.0,0.0,0.0
original,APF,template_group,formal-g006,soft_limited_fraction,fraction,all_primary_common_complete_success_within_stratum,1,1,0.0,0.0,0.0,0.0,0.0
original,APF,template_group,formal-g006,raw_policy_component_clip_fraction,fraction,all_primary_common_complete_success_within_stratum,1,0,,,,,
original,APF,template_group,formal-g006,raw_policy_decisions_with_clip_fraction,fraction,all_primary_common_complete_success_within_stratum,1,0,,,,,
original,APF,template_group,formal-g006,u_component_clip_fraction,fraction,all_primary_common_complete_success_within_stratum,1,1,0.12797619047619044,0.12797619047619044,0.12797619047619044,0.12797619047619044,0.12797619047619044
original,APF,template_group,formal-g006,u_decisions_with_clip_fraction,fraction,all_primary_common_complete_success_within_stratum,1,1,0.5833333333333334,0.5833333333333334,0.5833333333333334,0.5833333333333334,0.5833333333333334
original,APF,template_group,formal-g006,mean_u_abs_rad_s,rad/s,all_primary_common_complete_success_within_stratum,1,1,0.05559063118611588,0.05559063118611588,0.05559063118611588,0.05559063118611588,0.05559063118611588
original,APF,template_group,formal-g006,provider_mean_s,s/48Hz decision,all_primary_common_complete_success_within_stratum,1,1,0.00016005750103431637,0.00016005750103431637,0.00016005750103431637,0.00016005750103431637,0.00016005750103431637
original,APF,template_group,formal-g006,core_mean_s,s/240Hz step,all_primary_common_complete_success_within_stratum,1,1,0.0005657267639586886,0.0005657267639586886,0.0005657267639586886,0.0005657267639586886,0.0005657267639586886
original,APF,template_group,formal-g006,outer_mean_s,s/240Hz step including decision when due,all_primary_common_complete_success_within_stratum,1,1,0.0007196298385072926,0.0007196298385072926,0.0007196298385072926,0.0007196298385072926,0.0007196298385072926
original,APF,template_group,formal-g009,max_error_m,m,all_primary_common_complete_success_within_stratum,4,4,5.3938244756554756e-05,5.4829526308429835e-05,6.614064278669952e-05,3.8523058125645787e-05,6.757086828371356e-05
original,APF,template_group,formal-g009,rmse_m,m,all_primary_common_complete_success_within_stratum,4,4,3.795692964380958e-05,3.71366691671153e-05,4.509430645873604e-05,3.113068744454752e-05,4.6423692796460193e-05
original,APF,template_group,formal-g009,endpoint_error_m,m,all_primary_common_complete_success_within_stratum,4,4,2.7243150740668354e-05,2.7267532786072793e-05,3.0385395314316442e-05,2.3800289779359612e-05,3.0637247611168214e-05
original,APF,template_group,formal-g009,minimum_external_distance_m,m,all_primary_common_complete_success_within_stratum,4,4,0.01909164544601507,0.019852668995918595,0.031690209664933335,0.0030027841526193977,0.03365845963960369
original,APF,template_group,formal-g009,minimum_self_distance_m,m,all_primary_common_complete_success_within_stratum,4,4,0.01981121667098605,0.01975374869215912,0.019949177419992633,0.01975370791670756,0.019983661382918405
original,APF,template_group,formal-g009,command_smoothness_rms_rad_s2,rad/s^2,all_primary_common_complete_success_within_stratum,4,4,0.23288632475185417,0.23846337395225936,0.26621681956847437,0.18447064230850949,0.27014790879438844
original,APF,template_group,formal-g009,max_actual_arm_velocity_rad_s,rad/s,all_primary_common_complete_success_within_stratum,4,4,0.19832478359856198,0.2044677869100382,0.20446786162292083,0.17989568675674927,0.20446787381742226
original,APF,template_group,formal-g009,speed_saturated_fraction,fraction,all_primary_common_complete_success_within_stratum,4,4,0.0,0.0,0.0,0.0,0.0
original,APF,template_group,formal-g009,soft_limited_fraction,fraction,all_primary_common_complete_success_within_stratum,4,4,0.0,0.0,0.0,0.0,0.0
original,APF,template_group,formal-g009,raw_policy_component_clip_fraction,fraction,all_primary_common_complete_success_within_stratum,4,0,,,,,
original,APF,template_group,formal-g009,raw_policy_decisions_with_clip_fraction,fraction,all_primary_common_complete_success_within_stratum,4,0,,,,,
original,APF,template_group,formal-g009,u_component_clip_fraction,fraction,all_primary_common_complete_success_within_stratum,4,4,0.0472470238095238,0.04873511904761904,0.054799107142857136,0.035714285714285705,0.055803571428571425
original,APF,template_group,formal-g009,u_decisions_with_clip_fraction,fraction,all_primary_common_complete_success_within_stratum,4,4,0.19270833333333334,0.20833333333333331,0.23802083333333335,0.11458333333333333,0.23958333333333334
original,APF,template_group,formal-g009,mean_u_abs_rad_s,rad/s,all_primary_common_complete_success_within_stratum,4,4,0.028662549154321135,0.029147233718105445,0.031128233299315636,0.02498095146903348,0.03137477771204017
original,APF,template_group,formal-g009,provider_mean_s,s/48Hz decision,all_primary_common_complete_success_within_stratum,4,4,0.00014683172759077934,0.00014824545291958202,0.0001868014938509077,9.974191607398097e-05,0.00019109408844997233
original,APF,template_group,formal-g009,core_mean_s,s/240Hz step,all_primary_common_complete_success_within_stratum,4,4,0.0005602281946721632,0.0005602270907578107,0.0005626359522830171,0.0005575925399474121,0.0005628660572256194
original,APF,template_group,formal-g009,outer_mean_s,s/240Hz step including decision when due,all_primary_common_complete_success_within_stratum,4,4,0.0006683646852138737,0.0006668350301803609,0.0006767121563583107,0.0006618877094145621,0.0006779009710802104
original,APF,template_group,formal-g010,max_error_m,m,all_primary_common_complete_success_within_stratum,12,12,3.712115717224669e-05,3.934382481573374e-05,4.463381994632505e-05,2.7445242652652944e-05,4.5068138294048864e-05
original,APF,template_group,formal-g010,rmse_m,m,all_primary_common_complete_success_within_stratum,12,12,2.768905178992269e-05,2.7952185158949817e-05,3.0600509852236275e-05,1.9090864082538308e-05,3.122540713680154e-05
original,APF,template_group,formal-g010,endpoint_error_m,m,all_primary_common_complete_success_within_stratum,12,12,3.4933485378784656e-05,3.697820092305766e-05,4.34124936148686e-05,2.4461983920701687e-05,4.414417238183893e-05
original,APF,template_group,formal-g010,minimum_external_distance_m,m,all_primary_common_complete_success_within_stratum,12,0,,,,,
original,APF,template_group,formal-g010,minimum_self_distance_m,m,all_primary_common_complete_success_within_stratum,12,12,0.020127731966783604,0.02014944071147365,0.020154933643945418,0.019934656870863855,0.020154933643945418
original,APF,template_group,formal-g010,command_smoothness_rms_rad_s2,rad/s^2,all_primary_common_complete_success_within_stratum,12,12,0.02327551132522167,0.021683681801233833,0.03464095907519704,0.014549207832114674,0.04027724066792363
original,APF,template_group,formal-g010,max_actual_arm_velocity_rad_s,rad/s,all_primary_common_complete_success_within_stratum,12,12,0.03284808706237314,0.029968478798286652,0.04697227516670706,0.020866954926651304,0.05597168963479543
original,APF,template_group,formal-g010,speed_saturated_fraction,fraction,all_primary_common_complete_success_within_stratum,12,12,0.0,0.0,0.0,0.0,0.0
original,APF,template_group,formal-g010,soft_limited_fraction,fraction,all_primary_common_complete_success_within_stratum,12,12,0.0,0.0,0.0,0.0,0.0
original,APF,template_group,formal-g010,raw_policy_component_clip_fraction,fraction,all_primary_common_complete_success_within_stratum,12,0,,,,,
original,APF,template_group,formal-g010,raw_policy_decisions_with_clip_fraction,fraction,all_primary_common_complete_success_within_stratum,12,0,,,,,
original,APF,template_group,formal-g010,u_component_clip_fraction,fraction,all_primary_common_complete_success_within_stratum,12,12,0.0,0.0,0.0,0.0,0.0
original,APF,template_group,formal-g010,u_decisions_with_clip_fraction,fraction,all_primary_common_complete_success_within_stratum,12,12,0.0,0.0,0.0,0.0,0.0
original,APF,template_group,formal-g010,mean_u_abs_rad_s,rad/s,all_primary_common_complete_success_within_stratum,12,12,0.0,0.0,0.0,0.0,0.0
original,APF,template_group,formal-g010,provider_mean_s,s/48Hz decision,all_primary_common_complete_success_within_stratum,12,12,2.7339648384996606e-05,2.7419275814584882e-05,2.7607040908605996e-05,2.7027134971528238e-05,2.7637900984700536e-05
original,APF,template_group,formal-g010,core_mean_s,s/240Hz step,all_primary_common_complete_success_within_stratum,12,12,0.0005381033854645365,0.000537776733881401,0.0005434718061398295,0.0005318453490266013,0.00054578672813174
original,APF,template_group,formal-g010,outer_mean_s,s/240Hz step including decision when due,all_primary_common_complete_success_within_stratum,12,12,0.0005658115429203766,0.0005654895754029592,0.0005711778875289989,0.0005593449188684948,0.0005734088196732046
original,APF,template_group,formal-g013,max_error_m,m,all_primary_common_complete_success_within_stratum,9,9,8.530542855391071e-05,8.35670214678223e-05,0.00010836257739565297,5.522976267615683e-05,0.00011185183953912071
original,APF,template_group,formal-g013,rmse_m,m,all_primary_common_complete_success_within_stratum,9,9,6.873623893913939e-05,6.300044376116644e-05,9.745647106334015e-05,4.253630095049927e-05,0.00010020410087317858
original,APF,template_group,formal-g013,endpoint_error_m,m,all_primary_common_complete_success_within_stratum,9,9,5.7948643691289156e-05,5.11800400188122e-05,9.05780284472776e-05,2.7522009977678922e-05,9.281521863775494e-05
original,APF,template_group,formal-g013,minimum_external_distance_m,m,all_primary_common_complete_success_within_stratum,9,9,0.027670664644160195,0.03166965680758933,0.044639926713754434,0.007525038627461525,0.04815674961120697
original,APF,template_group,formal-g013,minimum_self_distance_m,m,all_primary_common_complete_success_within_stratum,9,9,0.019902398479169508,0.020078732033856336,0.020153440458918495,0.01960838823329996,0.020154933643945418
original,APF,template_group,formal-g013,command_smoothness_rms_rad_s2,rad/s^2,all_primary_common_complete_success_within_stratum,9,9,0.15719245418546848,0.13010413743162488,0.28141209162307657,0.060202101119516814,0.2950047721196979
original,APF,template_group,formal-g013,max_actual_arm_velocity_rad_s,rad/s,all_primary_common_complete_success_within_stratum,9,9,0.10957111753231404,0.10862545772629383,0.14582643619812805,0.060063893893481574,0.1498174483062723
original,APF,template_group,formal-g013,speed_saturated_fraction,fraction,all_primary_common_complete_success_within_stratum,9,9,0.0,0.0,0.0,0.0,0.0
original,APF,template_group,formal-g013,soft_limited_fraction,fraction,all_primary_common_complete_success_within_stratum,9,9,0.0,0.0,0.0,0.0,0.0
original,APF,template_group,formal-g013,raw_policy_component_clip_fraction,fraction,all_primary_common_complete_success_within_stratum,9,0,,,,,
original,APF,template_group,formal-g013,raw_policy_decisions_with_clip_fraction,fraction,all_primary_common_complete_success_within_stratum,9,0,,,,,
original,APF,template_group,formal-g013,u_component_clip_fraction,fraction,all_primary_common_complete_success_within_stratum,9,9,0.1846891534391534,0.10119047619047618,0.5075892857142855,0.019345238095238096,0.5602678571428569
original,APF,template_group,formal-g013,u_decisions_with_clip_fraction,fraction,all_primary_common_complete_success_within_stratum,9,9,0.5850694444444445,0.4635416666666667,1.0,0.13541666666666666,1.0
original,APF,template_group,formal-g013,mean_u_abs_rad_s,rad/s,all_primary_common_complete_success_within_stratum,9,9,0.06542324659783401,0.05144568045258979,0.12557399815514173,0.022261602632916492,0.12955398790610068
original,APF,template_group,formal-g013,provider_mean_s,s/48Hz decision,all_primary_common_complete_success_within_stratum,9,9,0.00013276138292894757,0.00012516189561514088,0.00016156199514322605,0.00011190607779099082,0.00016194894700068593
original,APF,template_group,formal-g013,core_mean_s,s/240Hz step,all_primary_common_complete_success_within_stratum,9,9,0.0005647196507669393,0.0005649711281118168,0.0005719103995064263,0.0005563378044826095,0.000572283168564051
original,APF,template_group,formal-g013,outer_mean_s,s/240Hz step including decision when due,all_primary_common_complete_success_within_stratum,9,9,0.0006836966964783643,0.0006855870186124473,0.0006922030111430407,0.0006671373059513523,0.0006925935408313914
original,APF,template_group,formal-g015,max_error_m,m,all_primary_common_complete_success_within_stratum,12,12,3.1634715537153795e-05,3.06427492281917e-05,3.674384935580724e-05,2.892054063500162e-05,3.79240406083148e-05
original,APF,template_group,formal-g015,rmse_m,m,all_primary_common_complete_success_within_stratum,12,12,2.5715372272724356e-05,2.5394590614188403e-05,2.901935899575997e-05,2.3515403727703207e-05,2.9965207101706497e-05
original,APF,template_group,formal-g015,endpoint_error_m,m,all_primary_common_complete_success_within_stratum,12,12,2.8752564629792816e-05,2.956957821343983e-05,3.5551420028394734e-05,2.2222439370590195e-05,3.761456879807003e-05
original,APF,template_group,formal-g015,minimum_external_distance_m,m,all_primary_common_complete_success_within_stratum,12,0,,,,,
original,APF,template_group,formal-g015,minimum_self_distance_m,m,all_primary_common_complete_success_within_stratum,12,12,0.019871848710949113,0.019855286323348723,0.020040376728664502,0.01975377340171998,0.02007779231586186
original,APF,template_group,formal-g015,command_smoothness_rms_rad_s2,rad/s^2,all_primary_common_complete_success_within_stratum,12,12,0.04281118911726964,0.04282572838557103,0.05721499220910214,0.025703429103473518,0.06239303708370971
original,APF,template_group,formal-g015,max_actual_arm_velocity_rad_s,rad/s,all_primary_common_complete_success_within_stratum,12,12,0.05666456965096075,0.056873117309567844,0.07703894244062924,0.03336822786128245,0.08720321653565924
original,APF,template_group,formal-g015,speed_saturated_fraction,fraction,all_primary_common_complete_success_within_stratum,12,12,0.0,0.0,0.0,0.0,0.0
original,APF,template_group,formal-g015,soft_limited_fraction,fraction,all_primary_common_complete_success_within_stratum,12,12,0.0,0.0,0.0,0.0,0.0
original,APF,template_group,formal-g015,raw_policy_component_clip_fraction,fraction,all_primary_common_complete_success_within_stratum,12,0,,,,,
original,APF,template_group,formal-g015,raw_policy_decisions_with_clip_fraction,fraction,all_primary_common_complete_success_within_stratum,12,0,,,,,
original,APF,template_group,formal-g015,u_component_clip_fraction,fraction,all_primary_common_complete_success_within_stratum,12,12,0.0,0.0,0.0,0.0,0.0
original,APF,template_group,formal-g015,u_decisions_with_clip_fraction,fraction,all_primary_common_complete_success_within_stratum,12,12,0.0,0.0,0.0,0.0,0.0
original,APF,template_group,formal-g015,mean_u_abs_rad_s,rad/s,all_primary_common_complete_success_within_stratum,12,12,0.0,0.0,0.0,0.0,0.0
original,APF,template_group,formal-g015,provider_mean_s,s/48Hz decision,all_primary_common_complete_success_within_stratum,12,12,2.7343144874218215e-05,2.7446140923833202e-05,2.780196019784853e-05,2.672002059019481e-05,2.788082800483001e-05
original,APF,template_group,formal-g015,core_mean_s,s/240Hz step,all_primary_common_complete_success_within_stratum,12,12,0.0005359667927349518,0.0005369898447800855,0.0005394569104646507,0.0005293491344218638,0.0005396206294183988
original,APF,template_group,formal-g015,outer_mean_s,s/240Hz step including decision when due,all_primary_common_complete_success_within_stratum,12,12,0.0005636581125347422,0.0005646693998490567,0.000567280092106254,0.0005568358405677524,0.000567307406799955
original,APF,template_group,formal-g021,max_error_m,m,all_primary_common_complete_success_within_stratum,12,12,5.2705363455789524e-05,5.044009333208055e-05,6.998862102558946e-05,3.921661467071351e-05,7.05247149782731e-05
original,APF,template_group,formal-g021,rmse_m,m,all_primary_common_complete_success_within_stratum,12,12,4.354696102397569e-05,4.256424170393118e-05,5.3028404993806924e-05,3.574064149485393e-05,5.580607744675404e-05
original,APF,template_group,formal-g021,endpoint_error_m,m,all_primary_common_complete_success_within_stratum,12,12,3.7343555689538477e-05,3.621922379207992e-05,4.870667485933357e-05,3.060886151348822e-05,5.439561494070487e-05
original,APF,template_group,formal-g021,minimum_external_distance_m,m,all_primary_common_complete_success_within_stratum,12,12,0.028769199560259532,0.02930715883603903,0.04556451348242746,0.005389593533349557,0.0474224588032051
original,APF,template_group,formal-g021,minimum_self_distance_m,m,all_primary_common_complete_success_within_stratum,12,12,0.019830795526181205,0.019753781833963615,0.020121716055893475,0.019686138467030448,0.020144059063011838
original,APF,template_group,formal-g021,command_smoothness_rms_rad_s2,rad/s^2,all_primary_common_complete_success_within_stratum,12,12,0.12344575080085017,0.11581378454510913,0.23995143254546714,0.03138568587935588,0.2735034198905363
original,APF,template_group,formal-g021,max_actual_arm_velocity_rad_s,rad/s,all_primary_common_complete_success_within_stratum,12,12,0.09888775583852748,0.08138254113057788,0.16891787551973086,0.04705092797001637,0.19575098863821863
original,APF,template_group,formal-g021,speed_saturated_fraction,fraction,all_primary_common_complete_success_within_stratum,12,12,0.0,0.0,0.0,0.0,0.0
original,APF,template_group,formal-g021,soft_limited_fraction,fraction,all_primary_common_complete_success_within_stratum,12,12,0.0,0.0,0.0,0.0,0.0
original,APF,template_group,formal-g021,raw_policy_component_clip_fraction,fraction,all_primary_common_complete_success_within_stratum,12,0,,,,,
original,APF,template_group,formal-g021,raw_policy_decisions_with_clip_fraction,fraction,all_primary_common_complete_success_within_stratum,12,0,,,,,
original,APF,template_group,formal-g021,u_component_clip_fraction,fraction,all_primary_common_complete_success_within_stratum,12,12,0.05059523809523808,0.051339285714285705,0.0993303571428571,0.0,0.11160714285714284
original,APF,template_group,formal-g021,u_decisions_with_clip_fraction,fraction,all_primary_common_complete_success_within_stratum,12,12,0.3315972222222222,0.3046875,0.6723958333333332,0.0,0.78125
original,APF,template_group,formal-g021,mean_u_abs_rad_s,rad/s,all_primary_common_complete_success_within_stratum,12,12,0.03421643074683497,0.03328248473601757,0.05050969291501433,0.02000664705038478,0.05683588839593778
original,APF,template_group,formal-g021,provider_mean_s,s/48Hz decision,all_primary_common_complete_success_within_stratum,12,12,0.00013920115492283003,0.00014305303970256017,0.00014916836584385841,0.00011596206263675413,0.0001514103121280641
original,APF,template_group,formal-g021,core_mean_s,s/240Hz step,all_primary_common_complete_success_within_stratum,12,12,0.0005555339332014834,0.0005563930600070914,0.0005656324343575155,0.0005460610291720513,0.0005731152428021839
original,APF,template_group,formal-g021,outer_mean_s,s/240Hz step including decision when due,all_primary_common_complete_success_within_stratum,12,12,0.0006507441614758135,0.0006493872722254916,0.0006645725166496656,0.0006413157000073018,0.0006742886437981118
original,APF,template_group,formal-g022,max_error_m,m,all_primary_common_complete_success_within_stratum,2,2,5.268274751540514e-05,5.268274751540514e-05,6.314013319321157e-05,4.106343009562022e-05,6.430206493519006e-05
original,APF,template_group,formal-g022,rmse_m,m,all_primary_common_complete_success_within_stratum,2,2,4.517507323206296e-05,4.517507323206296e-05,5.338055189168066e-05,3.605787472137663e-05,5.429227174274929e-05
original,APF,template_group,formal-g022,endpoint_error_m,m,all_primary_common_complete_success_within_stratum,2,2,3.847951095045942e-05,3.847951095045942e-05,4.618589071622565e-05,2.9916866766274724e-05,4.704215513464412e-05
original,APF,template_group,formal-g022,minimum_external_distance_m,m,all_primary_common_complete_success_within_stratum,2,2,0.0059932929726883855,0.0059932929726883855,0.00929422785325432,0.0023255875498373463,0.009660998395539425
original,APF,template_group,formal-g022,minimum_self_distance_m,m,all_primary_common_complete_success_within_stratum,2,2,0.01976438743873155,0.01976438743873155,0.019791176402167255,0.019734621923802986,0.01979415295366011
original,APF,template_group,formal-g022,command_smoothness_rms_rad_s2,rad/s^2,all_primary_common_complete_success_within_stratum,2,2,0.19987311257011225,0.19987311257011225,0.2315977148604123,0.1646235544697789,0.23512267067044565
original,APF,template_group,formal-g022,max_actual_arm_velocity_rad_s,rad/s,all_primary_common_complete_success_within_stratum,2,2,0.16787425098674563,0.16787425098674563,0.2008084400468691,0.13128070758660845,0.2044677943868828
original,APF,template_group,formal-g022,speed_saturated_fraction,fraction,all_primary_common_complete_success_within_stratum,2,2,0.0,0.0,0.0,0.0,0.0
original,APF,template_group,formal-g022,soft_limited_fraction,fraction,all_primary_common_complete_success_within_stratum,2,2,0.0,0.0,0.0,0.0,0.0
original,APF,template_group,formal-g022,raw_policy_component_clip_fraction,fraction,all_primary_common_complete_success_within_stratum,2,0,,,,,
original,APF,template_group,formal-g022,raw_policy_decisions_with_clip_fraction,fraction,all_primary_common_complete_success_within_stratum,2,0,,,,,
original,APF,template_group,formal-g022,u_component_clip_fraction,fraction,all_primary_common_complete_success_within_stratum,2,2,0.07700892857142856,0.07700892857142856,0.09609374999999998,0.055803571428571425,0.0982142857142857
original,APF,template_group,formal-g022,u_decisions_with_clip_fraction,fraction,all_primary_common_complete_success_within_stratum,2,2,0.4427083333333333,0.4427083333333333,0.6630208333333333,0.19791666666666666,0.6875
original,APF,template_group,formal-g022,mean_u_abs_rad_s,rad/s,all_primary_common_complete_success_within_stratum,2,2,0.03939969386805703,0.03939969386805703,0.04710564079764399,0.030837530612960403,0.04796185712315365
original,APF,template_group,formal-g022,provider_mean_s,s/48Hz decision,all_primary_common_complete_success_within_stratum,2,2,0.0001213824633244561,0.0001213824633244561,0.0001423623775356949,9.807144753419077e-05,0.0001446934791147214
original,APF,template_group,formal-g022,core_mean_s,s/240Hz step,all_primary_common_complete_success_within_stratum,2,2,0.0005665131771669014,0.0005665131771669014,0.0005671153670194448,0.0005658440773307423,0.0005671822770030606
original,APF,template_group,formal-g022,outer_mean_s,s/240Hz step including decision when due,all_primary_common_complete_success_within_stratum,2,2,0.0006701081965199288,0.0006701081965199288,0.0006738275699209831,0.0006659755594076463,0.0006742408336322114
original,APF,template_group,formal-g024,max_error_m,m,all_primary_common_complete_success_within_stratum,3,3,5.1176486847227144e-05,4.9946679841896394e-05,5.679222923441499e-05,4.602993486620132e-05,5.755284583358372e-05
original,APF,template_group,formal-g024,rmse_m,m,all_primary_common_complete_success_within_stratum,3,3,4.048922907403548e-05,3.9326556733737625e-05,4.3652412900432684e-05,3.8008066902747786e-05,4.413306358562103e-05
original,APF,template_group,formal-g024,endpoint_error_m,m,all_primary_common_complete_success_within_stratum,3,3,3.413509886354185e-05,3.655795944154796e-05,3.8724167713607674e-05,2.6882479627463283e-05,3.8964857521614306e-05
original,APF,template_group,formal-g024,minimum_external_distance_m,m,all_primary_common_complete_success_within_stratum,3,3,0.03406584138651333,0.041742737205152064,0.04322339413553511,0.01706687538214359,0.043387911572244336
original,APF,template_group,formal-g024,minimum_self_distance_m,m,all_primary_common_complete_success_within_stratum,3,3,0.019870323998970048,0.01985266108338652,0.019989387880748326,0.019753731166401764,0.02000457974712186
original,APF,template_group,formal-g024,command_smoothness_rms_rad_s2,rad/s^2,all_primary_common_complete_success_within_stratum,3,3,0.17645009258279756,0.1888745510897167,0.199137185287465,0.14019824868257239,0.20027747797610368
original,APF,template_group,formal-g024,max_actual_arm_velocity_rad_s,rad/s,all_primary_common_complete_success_within_stratum,3,3,0.15864795466831044,0.15704199016174686,0.20676829275455688,0.10660843635609316,0.21229343748709134
original,APF,template_group,formal-g024,speed_saturated_fraction,fraction,all_primary_common_complete_success_within_stratum,3,3,0.0,0.0,0.0,0.0,0.0
original,APF,template_group,formal-g024,soft_limited_fraction,fraction,all_primary_common_complete_success_within_stratum,3,3,0.0,0.0,0.0,0.0,0.0
original,APF,template_group,formal-g024,raw_policy_component_clip_fraction,fraction,all_primary_common_complete_success_within_stratum,3,0,,,,,
original,APF,template_group,formal-g024,raw_policy_decisions_with_clip_fraction,fraction,all_primary_common_complete_success_within_stratum,3,0,,,,,
original,APF,template_group,formal-g024,u_component_clip_fraction,fraction,all_primary_common_complete_success_within_stratum,3,3,0.04067460317460317,0.03348214285714285,0.06495535714285713,0.020089285714285712,0.06845238095238095
original,APF,template_group,formal-g024,u_decisions_with_clip_fraction,fraction,all_primary_common_complete_success_within_stratum,3,3,0.19097222222222224,0.14583333333333334,0.2723958333333333,0.140625,0.2864583333333333
original,APF,template_group,formal-g024,mean_u_abs_rad_s,rad/s,all_primary_common_complete_success_within_stratum,3,3,0.044252576347548526,0.044925238350179635,0.05320898346428744,0.033703091104388745,0.0541293995880772
original,APF,template_group,formal-g024,provider_mean_s,s/48Hz decision,all_primary_common_complete_success_within_stratum,3,3,0.00014205413918312438,0.0001391522553149116,0.00018768186309898736,9.393612049279909e-05,0.00019307404174166246
original,APF,template_group,formal-g024,core_mean_s,s/240Hz step,all_primary_common_complete_success_within_stratum,3,3,0.0005777820160346892,0.0005761443699308681,0.0005809792045162491,0.0005756852698141302,0.0005815164083590692
original,APF,template_group,formal-g024,outer_mean_s,s/240Hz step including decision when due,all_primary_common_complete_success_within_stratum,3,3,0.0007384490500195777,0.0007363648241759317,0.0007508240365010957,0.0007265517102344651,0.0007524306156483362
original,APF,template_group,formal-g026,max_error_m,m,all_primary_common_complete_success_within_stratum,1,1,7.409085581851765e-05,7.409085581851765e-05,7.409085581851765e-05,7.409085581851765e-05,7.409085581851765e-05
original,APF,template_group,formal-g026,rmse_m,m,all_primary_common_complete_success_within_stratum,1,1,5.160968597635364e-05,5.160968597635364e-05,5.160968597635364e-05,5.160968597635364e-05,5.160968597635364e-05
original,APF,template_group,formal-g026,endpoint_error_m,m,all_primary_common_complete_success_within_stratum,1,1,3.763126889849357e-05,3.763126889849357e-05,3.763126889849357e-05,3.763126889849357e-05,3.763126889849357e-05
original,APF,template_group,formal-g026,minimum_external_distance_m,m,all_primary_common_complete_success_within_stratum,1,1,0.03421877065869988,0.03421877065869988,0.03421877065869988,0.03421877065869988,0.03421877065869988
original,APF,template_group,formal-g026,minimum_self_distance_m,m,all_primary_common_complete_success_within_stratum,1,1,0.01960968924245994,0.01960968924245994,0.01960968924245994,0.01960968924245994,0.01960968924245994
original,APF,template_group,formal-g026,command_smoothness_rms_rad_s2,rad/s^2,all_primary_common_complete_success_within_stratum,1,1,0.27299458407613797,0.27299458407613797,0.27299458407613797,0.27299458407613797,0.27299458407613797
original,APF,template_group,formal-g026,max_actual_arm_velocity_rad_s,rad/s,all_primary_common_complete_success_within_stratum,1,1,0.14766995519700035,0.14766995519700035,0.14766995519700035,0.14766995519700035,0.14766995519700035
original,APF,template_group,formal-g026,speed_saturated_fraction,fraction,all_primary_common_complete_success_within_stratum,1,1,0.0,0.0,0.0,0.0,0.0
original,APF,template_group,formal-g026,soft_limited_fraction,fraction,all_primary_common_complete_success_within_stratum,1,1,0.0,0.0,0.0,0.0,0.0
original,APF,template_group,formal-g026,raw_policy_component_clip_fraction,fraction,all_primary_common_complete_success_within_stratum,1,0,,,,,
original,APF,template_group,formal-g026,raw_policy_decisions_with_clip_fraction,fraction,all_primary_common_complete_success_within_stratum,1,0,,,,,
original,APF,template_group,formal-g026,u_component_clip_fraction,fraction,all_primary_common_complete_success_within_stratum,1,1,0.03720238095238095,0.03720238095238095,0.03720238095238095,0.03720238095238095,0.03720238095238095
original,APF,template_group,formal-g026,u_decisions_with_clip_fraction,fraction,all_primary_common_complete_success_within_stratum,1,1,0.15104166666666666,0.15104166666666666,0.15104166666666666,0.15104166666666666,0.15104166666666666
original,APF,template_group,formal-g026,mean_u_abs_rad_s,rad/s,all_primary_common_complete_success_within_stratum,1,1,0.020541587260292243,0.020541587260292243,0.020541587260292243,0.020541587260292243,0.020541587260292243
original,APF,template_group,formal-g026,provider_mean_s,s/48Hz decision,all_primary_common_complete_success_within_stratum,1,1,0.0001277962348164389,0.0001277962348164389,0.0001277962348164389,0.0001277962348164389,0.0001277962348164389
original,APF,template_group,formal-g026,core_mean_s,s/240Hz step,all_primary_common_complete_success_within_stratum,1,1,0.0005592280787974839,0.0005592280787974839,0.0005592280787974839,0.0005592280787974839,0.0005592280787974839
original,APF,template_group,formal-g026,outer_mean_s,s/240Hz step including decision when due,all_primary_common_complete_success_within_stratum,1,1,0.0006843654345630057,0.0006843654345630057,0.0006843654345630057,0.0006843654345630057,0.0006843654345630057
original,APF,template_group,formal-g028,max_error_m,m,all_primary_common_complete_success_within_stratum,2,2,3.7081167045031825e-05,3.7081167045031825e-05,4.185441999165675e-05,3.177755265989302e-05,4.238478143017063e-05
original,APF,template_group,formal-g028,rmse_m,m,all_primary_common_complete_success_within_stratum,2,2,2.9501673430447963e-05,2.9501673430447963e-05,3.0504849206678388e-05,2.838703367908082e-05,3.06163131818151e-05
original,APF,template_group,formal-g028,endpoint_error_m,m,all_primary_common_complete_success_within_stratum,2,2,2.8931397505730512e-05,2.8931397505730512e-05,3.102226404755745e-05,2.6608212459256138e-05,3.125458255220488e-05
original,APF,template_group,formal-g028,minimum_external_distance_m,m,all_primary_common_complete_success_within_stratum,2,2,0.024364067717436856,0.024364067717436856,0.024944964876819662,0.02371862642923374,0.025009509005639974
original,APF,template_group,formal-g028,minimum_self_distance_m,m,all_primary_common_complete_success_within_stratum,2,2,0.019904255911346064,0.019904255911346064,0.020036715362650045,0.01975707874323053,0.020051433079461597
original,APF,template_group,formal-g028,command_smoothness_rms_rad_s2,rad/s^2,all_primary_common_complete_success_within_stratum,2,2,0.1626717159369859,0.1626717159369859,0.19072790917363067,0.1314981678962695,0.1938452639777023
original,APF,template_group,formal-g028,max_actual_arm_velocity_rad_s,rad/s,all_primary_common_complete_success_within_stratum,2,2,0.13375008425401735,0.13375008425401735,0.15250215291019525,0.11291445241381971,0.154585716094215
original,APF,template_group,formal-g028,speed_saturated_fraction,fraction,all_primary_common_complete_success_within_stratum,2,2,0.0,0.0,0.0,0.0,0.0
original,APF,template_group,formal-g028,soft_limited_fraction,fraction,all_primary_common_complete_success_within_stratum,2,2,0.0,0.0,0.0,0.0,0.0
original,APF,template_group,formal-g028,raw_policy_component_clip_fraction,fraction,all_primary_common_complete_success_within_stratum,2,0,,,,,
original,APF,template_group,formal-g028,raw_policy_decisions_with_clip_fraction,fraction,all_primary_common_complete_success_within_stratum,2,0,,,,,
original,APF,template_group,formal-g028,u_component_clip_fraction,fraction,all_primary_common_complete_success_within_stratum,2,2,0.10565476190476188,0.10565476190476188,0.15453869047619043,0.0513392857142857,0.15997023809523805
original,APF,template_group,formal-g028,u_decisions_with_clip_fraction,fraction,all_primary_common_complete_success_within_stratum,2,2,0.45572916666666663,0.45572916666666663,0.6361979166666667,0.2552083333333333,0.65625
original,APF,template_group,formal-g028,mean_u_abs_rad_s,rad/s,all_primary_common_complete_success_within_stratum,2,2,0.04883885117171067,0.04883885117171067,0.0650033734598756,0.03087827085152742,0.06679943149189392
original,APF,template_group,formal-g028,provider_mean_s,s/48Hz decision,all_primary_common_complete_success_within_stratum,2,2,0.00020410278144330124,0.00020410278144330124,0.0002347603065080269,0.0001700388647047172,0.0002381666981818853
original,APF,template_group,formal-g028,core_mean_s,s/240Hz step,all_primary_common_complete_success_within_stratum,2,2,0.0005730751934076276,0.0005730751934076276,0.0005754370816286307,0.0005704508731620687,0.0005756995136531865
original,APF,template_group,formal-g028,outer_mean_s,s/240Hz step including decision when due,all_primary_common_complete_success_within_stratum,2,2,0.0007465260843067276,0.0007465260843067276,0.0007551990101304304,0.0007368895000581688,0.0007561626685552862
original,APF,template_group,formal-g032,max_error_m,m,all_primary_common_complete_success_within_stratum,0,0,,,,,
original,APF,template_group,formal-g032,rmse_m,m,all_primary_common_complete_success_within_stratum,0,0,,,,,
original,APF,template_group,formal-g032,endpoint_error_m,m,all_primary_common_complete_success_within_stratum,0,0,,,,,
original,APF,template_group,formal-g032,minimum_external_distance_m,m,all_primary_common_complete_success_within_stratum,0,0,,,,,
original,APF,template_group,formal-g032,minimum_self_distance_m,m,all_primary_common_complete_success_within_stratum,0,0,,,,,
original,APF,template_group,formal-g032,command_smoothness_rms_rad_s2,rad/s^2,all_primary_common_complete_success_within_stratum,0,0,,,,,
original,APF,template_group,formal-g032,max_actual_arm_velocity_rad_s,rad/s,all_primary_common_complete_success_within_stratum,0,0,,,,,
original,APF,template_group,formal-g032,speed_saturated_fraction,fraction,all_primary_common_complete_success_within_stratum,0,0,,,,,
original,APF,template_group,formal-g032,soft_limited_fraction,fraction,all_primary_common_complete_success_within_stratum,0,0,,,,,
original,APF,template_group,formal-g032,raw_policy_component_clip_fraction,fraction,all_primary_common_complete_success_within_stratum,0,0,,,,,
original,APF,template_group,formal-g032,raw_policy_decisions_with_clip_fraction,fraction,all_primary_common_complete_success_within_stratum,0,0,,,,,
original,APF,template_group,formal-g032,u_component_clip_fraction,fraction,all_primary_common_complete_success_within_stratum,0,0,,,,,
original,APF,template_group,formal-g032,u_decisions_with_clip_fraction,fraction,all_primary_common_complete_success_within_stratum,0,0,,,,,
original,APF,template_group,formal-g032,mean_u_abs_rad_s,rad/s,all_primary_common_complete_success_within_stratum,0,0,,,,,
original,APF,template_group,formal-g032,provider_mean_s,s/48Hz decision,all_primary_common_complete_success_within_stratum,0,0,,,,,
original,APF,template_group,formal-g032,core_mean_s,s/240Hz step,all_primary_common_complete_success_within_stratum,0,0,,,,,
original,APF,template_group,formal-g032,outer_mean_s,s/240Hz step including decision when due,all_primary_common_complete_success_within_stratum,0,0,,,,,
original,APF,template_group,formal-g033,max_error_m,m,all_primary_common_complete_success_within_stratum,3,3,0.0001393741243122027,0.0001219616633617128,0.00018630844532431818,0.00010270262181028763,0.00019345808776460768
original,APF,template_group,formal-g033,rmse_m,m,all_primary_common_complete_success_within_stratum,3,3,0.00011402407125502467,9.152203638493984e-05,0.00016262956859286422,8.001977187527831e-05,0.00017053040550485583
original,APF,template_group,formal-g033,endpoint_error_m,m,all_primary_common_complete_success_within_stratum,3,3,7.955677540949316e-05,4.9455701464124254e-05,0.00014049300287437096,3.860636617773463e-05,0.00015060825858662061
original,APF,template_group,formal-g033,minimum_external_distance_m,m,all_primary_common_complete_success_within_stratum,3,3,0.017605479579411897,0.01984192788712845,0.024552470344836833,0.007898646899858364,0.025075863951248875
original,APF,template_group,formal-g033,minimum_self_distance_m,m,all_primary_common_complete_success_within_stratum,3,3,0.019502819161956866,0.01943779533210529,0.0196221648362469,0.01942801181705823,0.019642650336707076
original,APF,template_group,formal-g033,command_smoothness_rms_rad_s2,rad/s^2,all_primary_common_complete_success_within_stratum,3,3,0.17541728514332433,0.17114179842305563,0.22627761829717577,0.12270623650150606,0.23240382050541133
original,APF,template_group,formal-g033,max_actual_arm_velocity_rad_s,rad/s,all_primary_common_complete_success_within_stratum,3,3,0.1070765483436964,0.10420389889748446,0.1134412218696729,0.1025581550447998,0.11446759108880494
original,APF,template_group,formal-g033,speed_saturated_fraction,fraction,all_primary_common_complete_success_within_stratum,3,3,0.0,0.0,0.0,0.0,0.0
original,APF,template_group,formal-g033,soft_limited_fraction,fraction,all_primary_common_complete_success_within_stratum,3,3,0.0,0.0,0.0,0.0,0.0
original,APF,template_group,formal-g033,raw_policy_component_clip_fraction,fraction,all_primary_common_complete_success_within_stratum,3,0,,,,,
original,APF,template_group,formal-g033,raw_policy_decisions_with_clip_fraction,fraction,all_primary_common_complete_success_within_stratum,3,0,,,,,
original,APF,template_group,formal-g033,u_component_clip_fraction,fraction,all_primary_common_complete_success_within_stratum,3,3,0.4501488095238095,0.3854166666666665,0.636532738095238,0.3005952380952381,0.6644345238095237
original,APF,template_group,formal-g033,u_decisions_with_clip_fraction,fraction,all_primary_common_complete_success_within_stratum,3,3,0.9270833333333334,0.96875,0.996875,0.8125,1.0
original,APF,template_group,formal-g033,mean_u_abs_rad_s,rad/s,all_primary_common_complete_success_within_stratum,3,3,0.1272613257526046,0.11161224401714863,0.1663988022866823,0.0976855355907014,0.1724861976499638
original,APF,template_group,formal-g033,provider_mean_s,s/48Hz decision,all_primary_common_complete_success_within_stratum,3,3,0.00020350499805014502,0.00018997661436515045,0.00023237270379468099,0.00018345499938732246,0.00023708338039796217
original,APF,template_group,formal-g033,core_mean_s,s/240Hz step,all_primary_common_complete_success_within_stratum,3,3,0.0005503166961009103,0.0005484410403369111,0.0005545912712432255,0.0005472344177330039,0.0005552746302328159
original,APF,template_group,formal-g033,outer_mean_s,s/240Hz step including decision when due,all_primary_common_complete_success_within_stratum,3,3,0.0006864457128560592,0.0006863394655283628,0.0006883826360217426,0.0006843880180743629,0.0006886096549654515
original,APF,template_group,formal-g034,max_error_m,m,all_primary_common_complete_success_within_stratum,1,1,6.071477702132071e-05,6.071477702132071e-05,6.071477702132071e-05,6.071477702132071e-05,6.071477702132071e-05
original,APF,template_group,formal-g034,rmse_m,m,all_primary_common_complete_success_within_stratum,1,1,4.875712111262587e-05,4.875712111262587e-05,4.875712111262587e-05,4.875712111262587e-05,4.875712111262587e-05
original,APF,template_group,formal-g034,endpoint_error_m,m,all_primary_common_complete_success_within_stratum,1,1,4.487494382054418e-05,4.487494382054418e-05,4.487494382054418e-05,4.487494382054418e-05,4.487494382054418e-05
original,APF,template_group,formal-g034,minimum_external_distance_m,m,all_primary_common_complete_success_within_stratum,1,1,0.005081010300474947,0.005081010300474947,0.005081010300474947,0.005081010300474947,0.005081010300474947
original,APF,template_group,formal-g034,minimum_self_distance_m,m,all_primary_common_complete_success_within_stratum,1,1,0.020144249531449915,0.020144249531449915,0.020144249531449915,0.020144249531449915,0.020144249531449915
original,APF,template_group,formal-g034,command_smoothness_rms_rad_s2,rad/s^2,all_primary_common_complete_success_within_stratum,1,1,0.18338577815490148,0.18338577815490148,0.18338577815490148,0.18338577815490148,0.18338577815490148
original,APF,template_group,formal-g034,max_actual_arm_velocity_rad_s,rad/s,all_primary_common_complete_success_within_stratum,1,1,0.16335966647808375,0.16335966647808375,0.16335966647808375,0.16335966647808375,0.16335966647808375
original,APF,template_group,formal-g034,speed_saturated_fraction,fraction,all_primary_common_complete_success_within_stratum,1,1,0.0,0.0,0.0,0.0,0.0
original,APF,template_group,formal-g034,soft_limited_fraction,fraction,all_primary_common_complete_success_within_stratum,1,1,0.0,0.0,0.0,0.0,0.0
original,APF,template_group,formal-g034,raw_policy_component_clip_fraction,fraction,all_primary_common_complete_success_within_stratum,1,0,,,,,
original,APF,template_group,formal-g034,raw_policy_decisions_with_clip_fraction,fraction,all_primary_common_complete_success_within_stratum,1,0,,,,,
original,APF,template_group,formal-g034,u_component_clip_fraction,fraction,all_primary_common_complete_success_within_stratum,1,1,0.18154761904761904,0.18154761904761904,0.18154761904761904,0.18154761904761904,0.18154761904761904
original,APF,template_group,formal-g034,u_decisions_with_clip_fraction,fraction,all_primary_common_complete_success_within_stratum,1,1,0.484375,0.484375,0.484375,0.484375,0.484375
original,APF,template_group,formal-g034,mean_u_abs_rad_s,rad/s,all_primary_common_complete_success_within_stratum,1,1,0.05434996181500126,0.05434996181500126,0.05434996181500126,0.05434996181500126,0.05434996181500126
original,APF,template_group,formal-g034,provider_mean_s,s/48Hz decision,all_primary_common_complete_success_within_stratum,1,1,0.00014535834460123928,0.00014535834460123928,0.00014535834460123928,0.00014535834460123928,0.00014535834460123928
original,APF,template_group,formal-g034,core_mean_s,s/240Hz step,all_primary_common_complete_success_within_stratum,1,1,0.0005806752198016814,0.0005806752198016814,0.0005806752198016814,0.0005806752198016814,0.0005806752198016814
original,APF,template_group,formal-g034,outer_mean_s,s/240Hz step including decision when due,all_primary_common_complete_success_within_stratum,1,1,0.0007424029259558059,0.0007424029259558059,0.0007424029259558059,0.0007424029259558059,0.0007424029259558059
original,APF,template_group,formal-g040,max_error_m,m,all_primary_common_complete_success_within_stratum,12,12,4.918915117533805e-05,4.851309949563995e-05,6.40939904431536e-05,3.3126771213669384e-05,6.467299124203063e-05
original,APF,template_group,formal-g040,rmse_m,m,all_primary_common_complete_success_within_stratum,12,12,4.0493529435327576e-05,4.169208598509779e-05,4.532532938344429e-05,3.087092078123566e-05,4.5683339925108274e-05
original,APF,template_group,formal-g040,endpoint_error_m,m,all_primary_common_complete_success_within_stratum,12,12,3.463710488820768e-05,3.4607433801574526e-05,4.051945426500072e-05,2.5995213106306088e-05,4.30903633886011e-05
original,APF,template_group,formal-g040,minimum_external_distance_m,m,all_primary_common_complete_success_within_stratum,12,0,,,,,
original,APF,template_group,formal-g040,minimum_self_distance_m,m,all_primary_common_complete_success_within_stratum,12,12,0.020003416885975994,0.020046646992103023,0.020148421443809374,0.019717806674796355,0.020154933643945418
original,APF,template_group,formal-g040,command_smoothness_rms_rad_s2,rad/s^2,all_primary_common_complete_success_within_stratum,12,12,0.03284285951792806,0.033557516634340694,0.045741688127490736,0.016687921786469776,0.04661322772056368
original,APF,template_group,formal-g040,max_actual_arm_velocity_rad_s,rad/s,all_primary_common_complete_success_within_stratum,12,12,0.039804400572097,0.03949318760855175,0.059805270953211094,0.016093475103213288,0.0622326103368481
original,APF,template_group,formal-g040,speed_saturated_fraction,fraction,all_primary_common_complete_success_within_stratum,12,12,0.0,0.0,0.0,0.0,0.0
original,APF,template_group,formal-g040,soft_limited_fraction,fraction,all_primary_common_complete_success_within_stratum,12,12,0.0,0.0,0.0,0.0,0.0
original,APF,template_group,formal-g040,raw_policy_component_clip_fraction,fraction,all_primary_common_complete_success_within_stratum,12,0,,,,,
original,APF,template_group,formal-g040,raw_policy_decisions_with_clip_fraction,fraction,all_primary_common_complete_success_within_stratum,12,0,,,,,
original,APF,template_group,formal-g040,u_component_clip_fraction,fraction,all_primary_common_complete_success_within_stratum,12,12,0.0,0.0,0.0,0.0,0.0
original,APF,template_group,formal-g040,u_decisions_with_clip_fraction,fraction,all_primary_common_complete_success_within_stratum,12,12,0.0,0.0,0.0,0.0,0.0
original,APF,template_group,formal-g040,mean_u_abs_rad_s,rad/s,all_primary_common_complete_success_within_stratum,12,12,0.0,0.0,0.0,0.0,0.0
original,APF,template_group,formal-g040,provider_mean_s,s/48Hz decision,all_primary_common_complete_success_within_stratum,12,12,2.7440135947169136e-05,2.7262695084573352e-05,2.8198494510434104e-05,2.7015546947950497e-05,2.8654109125151688e-05
original,APF,template_group,formal-g040,core_mean_s,s/240Hz step,all_primary_common_complete_success_within_stratum,12,12,0.0005323078878619628,0.00053217607495147,0.0005404087433635141,0.0005232670146142482,0.0005454980826016254
original,APF,template_group,formal-g040,outer_mean_s,s/240Hz step including decision when due,all_primary_common_complete_success_within_stratum,12,12,0.000560090354426595,0.0005596863557608836,0.0005686183235404012,0.000551106457487549,0.0005742332550198626
original,APF,template_group,formal-g044,max_error_m,m,all_primary_common_complete_success_within_stratum,3,3,6.847839833679771e-05,7.237423908791351e-05,7.600434472504926e-05,5.665326612663754e-05,7.640768979584213e-05
original,APF,template_group,formal-g044,rmse_m,m,all_primary_common_complete_success_within_stratum,3,3,5.3437645445446104e-05,5.664738111706228e-05,5.877566326305407e-05,4.465341616222287e-05,5.901213905705316e-05
original,APF,template_group,formal-g044,endpoint_error_m,m,all_primary_common_complete_success_within_stratum,3,3,3.975420920184398e-05,3.749965037571174e-05,4.7184410998399215e-05,3.3502481717789056e-05,4.8260495512031155e-05
original,APF,template_group,formal-g044,minimum_external_distance_m,m,all_primary_common_complete_success_within_stratum,3,3,0.01770634170103648,0.023692561522580577,0.024320440429602276,0.0050362588279241755,0.024390204752604686
original,APF,template_group,formal-g044,minimum_self_distance_m,m,all_primary_common_complete_success_within_stratum,3,3,0.01977104010687813,0.019749908531209497,0.019934041194797657,0.019608711409784117,0.019954500379640784
original,APF,template_group,formal-g044,command_smoothness_rms_rad_s2,rad/s^2,all_primary_common_complete_success_within_stratum,3,3,0.1878384548102374,0.23509508554731065,0.23638353106463073,0.09189358720573525,0.2365266916776663
original,APF,template_group,formal-g044,max_actual_arm_velocity_rad_s,rad/s,all_primary_common_complete_success_within_stratum,3,3,0.17427498544566597,0.19910250229033452,0.21166599434073208,0.11066051614477597,0.21306193790188735
original,APF,template_group,formal-g044,speed_saturated_fraction,fraction,all_primary_common_complete_success_within_stratum,3,3,0.0,0.0,0.0,0.0,0.0
original,APF,template_group,formal-g044,soft_limited_fraction,fraction,all_primary_common_complete_success_within_stratum,3,3,0.0,0.0,0.0,0.0,0.0
original,APF,template_group,formal-g044,raw_policy_component_clip_fraction,fraction,all_primary_common_complete_success_within_stratum,3,0,,,,,
original,APF,template_group,formal-g044,raw_policy_decisions_with_clip_fraction,fraction,all_primary_common_complete_success_within_stratum,3,0,,,,,
original,APF,template_group,formal-g044,u_component_clip_fraction,fraction,all_primary_common_complete_success_within_stratum,3,3,0.11731150793650792,0.13392857142857142,0.15468749999999998,0.061011904761904746,0.1569940476190476
original,APF,template_group,formal-g044,u_decisions_with_clip_fraction,fraction,all_primary_common_complete_success_within_stratum,3,3,0.3888888888888889,0.3854166666666667,0.5166666666666666,0.25,0.53125
original,APF,template_group,formal-g044,mean_u_abs_rad_s,rad/s,all_primary_common_complete_success_within_stratum,3,3,0.052573671695627405,0.05590513522045689,0.06186101871599823,0.039293096317589184,0.06252278354883616
original,APF,template_group,formal-g044,provider_mean_s,s/48Hz decision,all_primary_common_complete_success_within_stratum,3,3,0.0001518212674101152,0.00014814441624366737,0.00015996282304513444,0.0001460434066302696,0.00016127597935640856
original,APF,template_group,formal-g044,core_mean_s,s/240Hz step,all_primary_common_complete_success_within_stratum,3,3,0.0005705278074300521,0.0005709794877172196,0.0005785815063669967,0.000561177759467076,0.0005794261751058609
original,APF,template_group,formal-g044,outer_mean_s,s/240Hz step including decision when due,all_primary_common_complete_success_within_stratum,3,3,0.0007297203259996523,0.0007327209043372326,0.0007444451524346125,0.0007106922269940697,0.0007457478466676548
original,APF,template_group,formal-g051,max_error_m,m,all_primary_common_complete_success_within_stratum,10,10,6.558698778760882e-05,6.757923803369034e-05,7.352654822829018e-05,4.4453353298976984e-05,7.431904034920844e-05
original,APF,template_group,formal-g051,rmse_m,m,all_primary_common_complete_success_within_stratum,10,10,4.700301873485629e-05,4.8558674813167156e-05,5.413869419440313e-05,2.6316663217832768e-05,5.451570335499758e-05
original,APF,template_group,formal-g051,endpoint_error_m,m,all_primary_common_complete_success_within_stratum,10,10,3.262475384627722e-05,2.77736106348646e-05,5.307018138001704e-05,2.1548642766274462e-05,5.933974608033457e-05
original,APF,template_group,formal-g051,minimum_external_distance_m,m,all_primary_common_complete_success_within_stratum,10,10,0.026867729886599835,0.021447997138222118,0.04673575498418551,0.012881021317325936,0.04941017423657798
original,APF,template_group,formal-g051,minimum_self_distance_m,m,all_primary_common_complete_success_within_stratum,10,10,0.019958118655710042,0.019933955420302657,0.020148424078519644,0.01978016687756573,0.020154755866196368
original,APF,template_group,formal-g051,command_smoothness_rms_rad_s2,rad/s^2,all_primary_common_complete_success_within_stratum,10,10,0.1690393127111036,0.17045664871221367,0.20205528519791965,0.09377376366841024,0.20481284133108105
original,APF,template_group,formal-g051,max_actual_arm_velocity_rad_s,rad/s,all_primary_common_complete_success_within_stratum,10,10,0.12955202160359441,0.11906765740486416,0.1796856013813714,0.09390528919439968,0.19248767455887444
original,APF,template_group,formal-g051,speed_saturated_fraction,fraction,all_primary_common_complete_success_within_stratum,10,10,0.0,0.0,0.0,0.0,0.0
original,APF,template_group,formal-g051,soft_limited_fraction,fraction,all_primary_common_complete_success_within_stratum,10,10,0.0,0.0,0.0,0.0,0.0
original,APF,template_group,formal-g051,raw_policy_component_clip_fraction,fraction,all_primary_common_complete_success_within_stratum,10,0,,,,,
original,APF,template_group,formal-g051,raw_policy_decisions_with_clip_fraction,fraction,all_primary_common_complete_success_within_stratum,10,0,,,,,
original,APF,template_group,formal-g051,u_component_clip_fraction,fraction,all_primary_common_complete_success_within_stratum,10,10,0.08005952380952379,0.08482142857142855,0.12518601190476183,0.026041666666666668,0.13690476190476186
original,APF,template_group,formal-g051,u_decisions_with_clip_fraction,fraction,all_primary_common_complete_success_within_stratum,10,10,0.3588541666666667,0.3359375,0.5252604166666667,0.17708333333333334,0.5416666666666666
original,APF,template_group,formal-g051,mean_u_abs_rad_s,rad/s,all_primary_common_complete_success_within_stratum,10,10,0.04365601402808592,0.043812376997172234,0.0650322884818186,0.029322001102143707,0.07661911178617911
original,APF,template_group,formal-g051,provider_mean_s,s/48Hz decision,all_primary_common_complete_success_within_stratum,10,10,0.00012155921790508728,0.00011764397921372922,0.00016131421675330177,9.447888010072347e-05,0.00017576203602705695
original,APF,template_group,formal-g051,core_mean_s,s/240Hz step,all_primary_common_complete_success_within_stratum,10,10,0.0005684385922616761,0.0005664020916886633,0.0005813405868790748,0.0005544075300501088,0.0005819491134995285
original,APF,template_group,formal-g051,outer_mean_s,s/240Hz step including decision when due,all_primary_common_complete_success_within_stratum,10,10,0.0007069686239962418,0.0006996264189259213,0.0007448409758861392,0.0006754083406879848,0.0007508005532902947
original,APF,template_group,formal-g053,max_error_m,m,all_primary_common_complete_success_within_stratum,1,1,5.9637742029061336e-05,5.9637742029061336e-05,5.9637742029061336e-05,5.9637742029061336e-05,5.9637742029061336e-05
original,APF,template_group,formal-g053,rmse_m,m,all_primary_common_complete_success_within_stratum,1,1,4.6064474732423475e-05,4.6064474732423475e-05,4.6064474732423475e-05,4.6064474732423475e-05,4.6064474732423475e-05
original,APF,template_group,formal-g053,endpoint_error_m,m,all_primary_common_complete_success_within_stratum,1,1,2.6319760397919896e-05,2.6319760397919896e-05,2.6319760397919896e-05,2.6319760397919896e-05,2.6319760397919896e-05
original,APF,template_group,formal-g053,minimum_external_distance_m,m,all_primary_common_complete_success_within_stratum,1,1,0.027501150167020802,0.027501150167020802,0.027501150167020802,0.027501150167020802,0.027501150167020802
original,APF,template_group,formal-g053,minimum_self_distance_m,m,all_primary_common_complete_success_within_stratum,1,1,0.019836050790378923,0.019836050790378923,0.019836050790378923,0.019836050790378923,0.019836050790378923
original,APF,template_group,formal-g053,command_smoothness_rms_rad_s2,rad/s^2,all_primary_common_complete_success_within_stratum,1,1,0.2675229031860555,0.2675229031860555,0.2675229031860555,0.2675229031860555,0.2675229031860555
original,APF,template_group,formal-g053,max_actual_arm_velocity_rad_s,rad/s,all_primary_common_complete_success_within_stratum,1,1,0.20732026035375437,0.20732026035375437,0.20732026035375437,0.20732026035375437,0.20732026035375437
original,APF,template_group,formal-g053,speed_saturated_fraction,fraction,all_primary_common_complete_success_within_stratum,1,1,0.0,0.0,0.0,0.0,0.0
original,APF,template_group,formal-g053,soft_limited_fraction,fraction,all_primary_common_complete_success_within_stratum,1,1,0.0,0.0,0.0,0.0,0.0
original,APF,template_group,formal-g053,raw_policy_component_clip_fraction,fraction,all_primary_common_complete_success_within_stratum,1,0,,,,,
original,APF,template_group,formal-g053,raw_policy_decisions_with_clip_fraction,fraction,all_primary_common_complete_success_within_stratum,1,0,,,,,
original,APF,template_group,formal-g053,u_component_clip_fraction,fraction,all_primary_common_complete_success_within_stratum,1,1,0.06547619047619047,0.06547619047619047,0.06547619047619047,0.06547619047619047,0.06547619047619047
original,APF,template_group,formal-g053,u_decisions_with_clip_fraction,fraction,all_primary_common_complete_success_within_stratum,1,1,0.18229166666666666,0.18229166666666666,0.18229166666666666,0.18229166666666666,0.18229166666666666
original,APF,template_group,formal-g053,mean_u_abs_rad_s,rad/s,all_primary_common_complete_success_within_stratum,1,1,0.03978122779097254,0.03978122779097254,0.03978122779097254,0.03978122779097254,0.03978122779097254
original,APF,template_group,formal-g053,provider_mean_s,s/48Hz decision,all_primary_common_complete_success_within_stratum,1,1,0.00019123322969486858,0.00019123322969486858,0.00019123322969486858,0.00019123322969486858,0.00019123322969486858
original,APF,template_group,formal-g053,core_mean_s,s/240Hz step,all_primary_common_complete_success_within_stratum,1,1,0.0005906008521075516,0.0005906008521075516,0.0005906008521075516,0.0005906008521075516,0.0005906008521075516
original,APF,template_group,formal-g053,outer_mean_s,s/240Hz step including decision when due,all_primary_common_complete_success_within_stratum,1,1,0.000752775707390659,0.000752775707390659,0.000752775707390659,0.000752775707390659,0.000752775707390659
original,APF,template_group,formal-g054,max_error_m,m,all_primary_common_complete_success_within_stratum,2,2,7.813072741039452e-05,7.813072741039452e-05,9.246310012628859e-05,6.220586883717887e-05,9.405558598361017e-05
original,APF,template_group,formal-g054,rmse_m,m,all_primary_common_complete_success_within_stratum,2,2,6.505250566116348e-05,6.505250566116348e-05,7.633325096603768e-05,5.2518344211303274e-05,7.75866671110237e-05
original,APF,template_group,formal-g054,endpoint_error_m,m,all_primary_common_complete_success_within_stratum,2,2,6.147474723991402e-05,6.147474723991402e-05,6.688118192112764e-05,5.546759759412108e-05,6.748189688570694e-05
original,APF,template_group,formal-g054,minimum_external_distance_m,m,all_primary_common_complete_success_within_stratum,2,2,0.027638575949147717,0.027638575949147717,0.029349279669682413,0.025737794037442502,0.029539357860852933
original,APF,template_group,formal-g054,minimum_self_distance_m,m,all_primary_common_complete_success_within_stratum,2,2,0.019667548673788372,0.019667548673788372,0.01969604896576256,0.01963588168270594,0.019699215664870803
original,APF,template_group,formal-g054,command_smoothness_rms_rad_s2,rad/s^2,all_primary_common_complete_success_within_stratum,2,2,0.07090736815027271,0.07090736815027271,0.07717108996271416,0.06394767724756001,0.07786705905298542
original,APF,template_group,formal-g054,max_actual_arm_velocity_rad_s,rad/s,all_primary_common_complete_success_within_stratum,2,2,0.08340898219937229,0.08340898219937229,0.08731313757099593,0.07907103178645712,0.08774693261228744
original,APF,template_group,formal-g054,speed_saturated_fraction,fraction,all_primary_common_complete_success_within_stratum,2,2,0.0,0.0,0.0,0.0,0.0
original,APF,template_group,formal-g054,soft_limited_fraction,fraction,all_primary_common_complete_success_within_stratum,2,2,0.0,0.0,0.0,0.0,0.0
original,APF,template_group,formal-g054,raw_policy_component_clip_fraction,fraction,all_primary_common_complete_success_within_stratum,2,0,,,,,
original,APF,template_group,formal-g054,raw_policy_decisions_with_clip_fraction,fraction,all_primary_common_complete_success_within_stratum,2,0,,,,,
original,APF,template_group,formal-g054,u_component_clip_fraction,fraction,all_primary_common_complete_success_within_stratum,2,2,0.37313988095238093,0.37313988095238093,0.4230282738095238,0.31770833333333326,0.42857142857142855
original,APF,template_group,formal-g054,u_decisions_with_clip_fraction,fraction,all_primary_common_complete_success_within_stratum,2,2,1.0,1.0,1.0,1.0,1.0
original,APF,template_group,formal-g054,mean_u_abs_rad_s,rad/s,all_primary_common_complete_success_within_stratum,2,2,0.10174449742016575,0.10174449742016575,0.1029415168449354,0.10041447583708837,0.10307451900324313
original,APF,template_group,formal-g054,provider_mean_s,s/48Hz decision,all_primary_common_complete_success_within_stratum,2,2,0.00020518763047524163,0.00020518763047524163,0.0002348357444210099,0.00017224528164661024,0.00023812997930387306
original,APF,template_group,formal-g054,core_mean_s,s/240Hz step,all_primary_common_complete_success_within_stratum,2,2,0.0005758610917155238,0.0005758610917155238,0.0005791393537924705,0.0005722185782966942,0.0005795036051343534
original,APF,template_group,formal-g054,outer_mean_s,s/240Hz step including decision when due,all_primary_common_complete_success_within_stratum,2,2,0.000748942087435959,0.000748942087435959,0.000758090541423068,0.0007387771385613935,0.0007591070363105245
original,APF,template_group,formal-g057,max_error_m,m,all_primary_common_complete_success_within_stratum,2,2,7.32397950409781e-05,7.32397950409781e-05,7.617297773399896e-05,6.99807031598438e-05,7.64988869221124e-05
original,APF,template_group,formal-g057,rmse_m,m,all_primary_common_complete_success_within_stratum,2,2,4.939001977418297e-05,4.939001977418297e-05,5.280985079345689e-05,4.5590207530545275e-05,5.3189832017820656e-05
original,APF,template_group,formal-g057,endpoint_error_m,m,all_primary_common_complete_success_within_stratum,2,2,2.9999041513329512e-05,2.9999041513329512e-05,3.052728618322127e-05,2.941210299122755e-05,3.058598003543147e-05
original,APF,template_group,formal-g057,minimum_external_distance_m,m,all_primary_common_complete_success_within_stratum,2,2,0.0032816393393286444,0.0032816393393286444,0.003511117706696345,0.003026663375586755,0.003536615303070534
original,APF,template_group,formal-g057,minimum_self_distance_m,m,all_primary_common_complete_success_within_stratum,2,2,0.019830628738324467,0.019830628738324467,0.020030283276497682,0.01960879036257645,0.020052467114072485
original,APF,template_group,formal-g057,command_smoothness_rms_rad_s2,rad/s^2,all_primary_common_complete_success_within_stratum,2,2,0.33947494671529876,0.33947494671529876,0.3542089624465615,0.3231038181250068,0.3558460753055907
original,APF,template_group,formal-g057,max_actual_arm_velocity_rad_s,rad/s,all_primary_common_complete_success_within_stratum,2,2,0.20676078036542966,0.20676078036542966,0.20857748210112553,0.20474222288132313,0.20877933784953617
original,APF,template_group,formal-g057,speed_saturated_fraction,fraction,all_primary_common_complete_success_within_stratum,2,2,0.0,0.0,0.0,0.0,0.0
original,APF,template_group,formal-g057,soft_limited_fraction,fraction,all_primary_common_complete_success_within_stratum,2,2,0.0,0.0,0.0,0.0,0.0
original,APF,template_group,formal-g057,raw_policy_component_clip_fraction,fraction,all_primary_common_complete_success_within_stratum,2,0,,,,,
original,APF,template_group,formal-g057,raw_policy_decisions_with_clip_fraction,fraction,all_primary_common_complete_success_within_stratum,2,0,,,,,
original,APF,template_group,formal-g057,u_component_clip_fraction,fraction,all_primary_common_complete_success_within_stratum,2,2,0.08221726190476189,0.08221726190476189,0.08523065476190475,0.07886904761904762,0.08556547619047618
original,APF,template_group,formal-g057,u_decisions_with_clip_fraction,fraction,all_primary_common_complete_success_within_stratum,2,2,0.24479166666666666,0.24479166666666666,0.26822916666666663,0.21875,0.2708333333333333
original,APF,template_group,formal-g057,mean_u_abs_rad_s,rad/s,all_primary_common_complete_success_within_stratum,2,2,0.03400503443112256,0.03400503443112256,0.03435576546680619,0.03361533328036296,0.03439473558188215
original,APF,template_group,formal-g057,provider_mean_s,s/48Hz decision,all_primary_common_complete_success_within_stratum,2,2,0.00013256061220090487,0.00013256061220090487,0.00013875410106720663,0.00012567895790501402,0.00013944226649679573
original,APF,template_group,formal-g057,core_mean_s,s/240Hz step,all_primary_common_complete_success_within_stratum,2,2,0.0005623798499376183,0.0005623798499376183,0.0005625362626900217,0.0005622060579905034,0.0005625536418847332
original,APF,template_group,formal-g057,outer_mean_s,s/240Hz step including decision when due,all_primary_common_complete_success_within_stratum,2,2,0.0006840848224859049,0.0006840848224859049,0.0006974241054202442,0.0006692633970033057,0.0006989062479685041
original,PPO_best_550901,category,far,max_error_m,m,all_primary_common_complete_success_within_stratum,36,36,7.643719697859689e-05,7.219414453350724e-05,9.822592512800037e-05,6.306429373074611e-05,0.00010060613032057172
original,PPO_best_550901,category,far,rmse_m,m,all_primary_common_complete_success_within_stratum,36,36,5.972491429618676e-05,5.866469717116744e-05,7.140290416624495e-05,4.66250311219684e-05,7.171667533051523e-05
original,PPO_best_550901,category,far,endpoint_error_m,m,all_primary_common_complete_success_within_stratum,36,36,3.7729364457797794e-05,3.6591115825336615e-05,4.223235249162885e-05,3.3685629855455634e-05,4.7794096365982424e-05
original,PPO_best_550901,category,far,minimum_external_distance_m,m,all_primary_common_complete_success_within_stratum,36,0,,,,,
original,PPO_best_550901,category,far,minimum_self_distance_m,m,all_primary_common_complete_success_within_stratum,36,36,0.019643424065126106,0.019616068211314147,0.019772615092108627,0.0195393465654774,0.01977792751892602
original,PPO_best_550901,category,far,command_smoothness_rms_rad_s2,rad/s^2,all_primary_common_complete_success_within_stratum,36,36,0.1750901648479562,0.17513962459291108,0.18150994174132057,0.16788727917069146,0.18624238136155102
original,PPO_best_550901,category,far,max_actual_arm_velocity_rad_s,rad/s,all_primary_common_complete_success_within_stratum,36,36,0.2639576048175867,0.25954820538096646,0.29215485920821394,0.25157830326784336,0.29775953460727056
original,PPO_best_550901,category,far,speed_saturated_fraction,fraction,all_primary_common_complete_success_within_stratum,36,36,0.0,0.0,0.0,0.0,0.0
original,PPO_best_550901,category,far,soft_limited_fraction,fraction,all_primary_common_complete_success_within_stratum,36,36,0.0,0.0,0.0,0.0,0.0
original,PPO_best_550901,category,far,raw_policy_component_clip_fraction,fraction,all_primary_common_complete_success_within_stratum,36,36,0.4285714285714286,0.42857142857142855,0.42857142857142855,0.42857142857142855,0.42857142857142855
original,PPO_best_550901,category,far,raw_policy_decisions_with_clip_fraction,fraction,all_primary_common_complete_success_within_stratum,36,36,1.0,1.0,1.0,1.0,1.0
original,PPO_best_550901,category,far,u_component_clip_fraction,fraction,all_primary_common_complete_success_within_stratum,36,36,0.0,0.0,0.0,0.0,0.0
original,PPO_best_550901,category,far,u_decisions_with_clip_fraction,fraction,all_primary_common_complete_success_within_stratum,36,36,0.0,0.0,0.0,0.0,0.0
original,PPO_best_550901,category,far,mean_u_abs_rad_s,rad/s,all_primary_common_complete_success_within_stratum,36,36,0.13737001911276286,0.13692955987727534,0.13964280456116068,0.1353712115725059,0.139824853398438
original,PPO_best_550901,category,far,provider_mean_s,s/48Hz decision,all_primary_common_complete_success_within_stratum,36,36,0.000261046741092775,0.00025785045844865334,0.00027852236676532505,0.0002523161197890052,0.0003133396609579601
original,PPO_best_550901,category,far,core_mean_s,s/240Hz step,all_primary_common_complete_success_within_stratum,36,36,0.0005573940474231744,0.0005566092504674695,0.000562114651961565,0.000549278664478455,0.0005770269893067355
original,PPO_best_550901,category,far,outer_mean_s,s/240Hz step including decision when due,all_primary_common_complete_success_within_stratum,36,36,0.0006324269164872895,0.0006309484817090076,0.0006409325828826695,0.0006224897509279496,0.0006636948246978136
original,PPO_best_550901,category,near_link,max_error_m,m,all_primary_common_complete_success_within_stratum,51,51,6.018570726362396e-05,5.881548802531406e-05,8.883015284609776e-05,2.703241892960183e-05,9.396914937941432e-05
original,PPO_best_550901,category,near_link,rmse_m,m,all_primary_common_complete_success_within_stratum,51,51,4.3391975964601804e-05,4.271752397321146e-05,6.214107099449965e-05,1.7011943210629748e-05,6.976863735724367e-05
original,PPO_best_550901,category,near_link,endpoint_error_m,m,all_primary_common_complete_success_within_stratum,51,51,4.779285753092232e-05,4.740962155235571e-05,6.587555900057013e-05,1.906781042858648e-05,7.083230161390329e-05
original,PPO_best_550901,category,near_link,minimum_external_distance_m,m,all_primary_common_complete_success_within_stratum,51,51,0.029281857343899008,0.028658158716403356,0.047789604207206036,0.005389593533349557,0.049725540706937355
original,PPO_best_550901,category,near_link,minimum_self_distance_m,m,all_primary_common_complete_success_within_stratum,51,51,0.01955744104937305,0.019544160714691033,0.01984442945858875,0.019345197719088443,0.020044494277275234
original,PPO_best_550901,category,near_link,command_smoothness_rms_rad_s2,rad/s^2,all_primary_common_complete_success_within_stratum,51,51,0.5469876042071588,0.4297868425017118,1.1751302536224077,0.1930189667686329,1.2659070500671383
original,PPO_best_550901,category,near_link,max_actual_arm_velocity_rad_s,rad/s,all_primary_common_complete_success_within_stratum,51,51,0.23371741337750865,0.2209870563088719,0.2862905286581815,0.16188037495548635,0.2974691764075725
original,PPO_best_550901,category,near_link,speed_saturated_fraction,fraction,all_primary_common_complete_success_within_stratum,51,51,0.0,0.0,0.0,0.0,0.0
original,PPO_best_550901,category,near_link,soft_limited_fraction,fraction,all_primary_common_complete_success_within_stratum,51,51,0.0,0.0,0.0,0.0,0.0
original,PPO_best_550901,category,near_link,raw_policy_component_clip_fraction,fraction,all_primary_common_complete_success_within_stratum,51,51,0.26698179271708683,0.15327380952380948,0.5710565476190474,0.030505952380952373,0.5714285714285713
original,PPO_best_550901,category,near_link,raw_policy_decisions_with_clip_fraction,fraction,all_primary_common_complete_success_within_stratum,51,51,0.7678717320261438,1.0,1.0,0.15625,1.0
original,PPO_best_550901,category,near_link,u_component_clip_fraction,fraction,all_primary_common_complete_success_within_stratum,51,51,0.0,0.0,0.0,0.0,0.0
original,PPO_best_550901,category,near_link,u_decisions_with_clip_fraction,fraction,all_primary_common_complete_success_within_stratum,51,51,0.0,0.0,0.0,0.0,0.0
original,PPO_best_550901,category,near_link,mean_u_abs_rad_s,rad/s,all_primary_common_complete_success_within_stratum,51,51,0.12287104663507684,0.11426538787338705,0.16137323632061626,0.06891259953166202,0.1660895116915483
original,PPO_best_550901,category,near_link,provider_mean_s,s/48Hz decision,all_primary_common_complete_success_within_stratum,51,51,0.0003104314023834246,0.0003088983335146622,0.0003315524660365554,0.000280243891287076,0.00037781839576685644
original,PPO_best_550901,category,near_link,core_mean_s,s/240Hz step,all_primary_common_complete_success_within_stratum,51,51,0.0005833377930221283,0.0005821301219081457,0.0005921926923823169,0.0005689259302319745,0.0006283151353576007
original,PPO_best_550901,category,near_link,outer_mean_s,s/240Hz step including decision when due,all_primary_common_complete_success_within_stratum,51,51,0.0007399191893366116,0.0007355206575084594,0.0007863278486714383,0.0006899911268040645,0.0007927595583926935
original,PPO_best_550901,category,tight_layout,max_error_m,m,all_primary_common_complete_success_within_stratum,17,17,6.704856941297189e-05,7.184470509396067e-05,8.723081586306015e-05,3.28185919958222e-05,9.769607951275906e-05
original,PPO_best_550901,category,tight_layout,rmse_m,m,all_primary_common_complete_success_within_stratum,17,17,5.120086022387406e-05,5.1266697056285516e-05,7.237374565927732e-05,2.385978846126055e-05,7.526169842073007e-05
original,PPO_best_550901,category,tight_layout,endpoint_error_m,m,all_primary_common_complete_success_within_stratum,17,17,5.4882309976689384e-05,5.739451897494194e-05,7.521458852106118e-05,3.216887603367948e-05,7.783114241427187e-05
original,PPO_best_550901,category,tight_layout,minimum_external_distance_m,m,all_primary_common_complete_success_within_stratum,17,17,0.018540193576527003,0.019168544850035843,0.04207177207857052,0.0023255875498373463,0.043387911572244336
original,PPO_best_550901,category,tight_layout,minimum_self_distance_m,m,all_primary_common_complete_success_within_stratum,17,17,0.019634322655509167,0.019620718715037594,0.019807243977272973,0.019542926842727362,0.019955349985275643
original,PPO_best_550901,category,tight_layout,command_smoothness_rms_rad_s2,rad/s^2,all_primary_common_complete_success_within_stratum,17,17,0.2508383106265165,0.19525258680665372,0.7705849714207814,0.07147065548255592,0.9289515106619151
original,PPO_best_550901,category,tight_layout,max_actual_arm_velocity_rad_s,rad/s,all_primary_common_complete_success_within_stratum,17,17,0.25206553630227163,0.25803429690907553,0.2971893524950517,0.18665466792647809,0.30706408447472067
original,PPO_best_550901,category,tight_layout,speed_saturated_fraction,fraction,all_primary_common_complete_success_within_stratum,17,17,0.0,0.0,0.0,0.0,0.0
original,PPO_best_550901,category,tight_layout,soft_limited_fraction,fraction,all_primary_common_complete_success_within_stratum,17,17,0.0,0.0,0.0,0.0,0.0
original,PPO_best_550901,category,tight_layout,raw_policy_component_clip_fraction,fraction,all_primary_common_complete_success_within_stratum,17,17,0.4650297619047618,0.5066964285714285,0.6385416666666666,0.1421130952380952,0.6569940476190476
original,PPO_best_550901,category,tight_layout,raw_policy_decisions_with_clip_fraction,fraction,all_primary_common_complete_success_within_stratum,17,17,0.9996936274509802,1.0,1.0,0.9947916666666666,1.0
original,PPO_best_550901,category,tight_layout,u_component_clip_fraction,fraction,all_primary_common_complete_success_within_stratum,17,17,0.0,0.0,0.0,0.0,0.0
original,PPO_best_550901,category,tight_layout,u_decisions_with_clip_fraction,fraction,all_primary_common_complete_success_within_stratum,17,17,0.0,0.0,0.0,0.0,0.0
original,PPO_best_550901,category,tight_layout,mean_u_abs_rad_s,rad/s,all_primary_common_complete_success_within_stratum,17,17,0.15284524923923776,0.16659994806063227,0.17283347411347286,0.08477752369501451,0.1728517077774519
original,PPO_best_550901,category,tight_layout,provider_mean_s,s/48Hz decision,all_primary_common_complete_success_within_stratum,17,17,0.0003195664470579276,0.0003251405785249517,0.0003594356895064266,0.00028624574467054725,0.0003604557604527751
original,PPO_best_550901,category,tight_layout,core_mean_s,s/240Hz step,all_primary_common_complete_success_within_stratum,17,17,0.0005875913131960402,0.0005904911128557917,0.0006003718290200292,0.0005697877719891645,0.0006004598248030864
original,PPO_best_550901,category,tight_layout,outer_mean_s,s/240Hz step including decision when due,all_primary_common_complete_success_within_stratum,17,17,0.0007583937269195233,0.0007778557386548831,0.0008037557371759855,0.0007025936967390104,0.0008080148773387918
original,PPO_best_550901,template_group,formal-g003,max_error_m,m,all_primary_common_complete_success_within_stratum,12,12,5.3552315343294146e-05,5.602588376820828e-05,7.339902330617098e-05,2.703241892960183e-05,7.396458369934722e-05
original,PPO_best_550901,template_group,formal-g003,rmse_m,m,all_primary_common_complete_success_within_stratum,12,12,3.6223485677187895e-05,3.7725053430427436e-05,5.627220105169589e-05,1.7011943210629748e-05,5.7559618140953024e-05
original,PPO_best_550901,template_group,formal-g003,endpoint_error_m,m,all_primary_common_complete_success_within_stratum,12,12,5.154080720966789e-05,5.602588376820828e-05,7.018238438574817e-05,1.906781042858648e-05,7.083230161390329e-05
original,PPO_best_550901,template_group,formal-g003,minimum_external_distance_m,m,all_primary_common_complete_success_within_stratum,12,12,0.03344579710738065,0.033515027396874085,0.047812171599278266,0.016779510135819728,0.049725540706937355
original,PPO_best_550901,template_group,formal-g003,minimum_self_distance_m,m,all_primary_common_complete_success_within_stratum,12,12,0.01955626969674797,0.01947076462756818,0.019838416996249744,0.019387928856465952,0.019904554081978817
original,PPO_best_550901,template_group,formal-g003,command_smoothness_rms_rad_s2,rad/s^2,all_primary_common_complete_success_within_stratum,12,12,0.6319096614417479,0.5350135086280813,1.1860329966478274,0.22462845450787136,1.2659070500671383
original,PPO_best_550901,template_group,formal-g003,max_actual_arm_velocity_rad_s,rad/s,all_primary_common_complete_success_within_stratum,12,12,0.21601353980009963,0.2173907847934061,0.22023367261024657,0.20788496469157447,0.22075741513697014
original,PPO_best_550901,template_group,formal-g003,speed_saturated_fraction,fraction,all_primary_common_complete_success_within_stratum,12,12,0.0,0.0,0.0,0.0,0.0
original,PPO_best_550901,template_group,formal-g003,soft_limited_fraction,fraction,all_primary_common_complete_success_within_stratum,12,12,0.0,0.0,0.0,0.0,0.0
original,PPO_best_550901,template_group,formal-g003,raw_policy_component_clip_fraction,fraction,all_primary_common_complete_success_within_stratum,12,12,0.09486607142857141,0.09188988095238093,0.15286458333333328,0.030505952380952373,0.15327380952380948
original,PPO_best_550901,template_group,formal-g003,raw_policy_decisions_with_clip_fraction,fraction,all_primary_common_complete_success_within_stratum,12,12,0.5017361111111112,0.44010416666666663,0.9856770833333334,0.15625,1.0
original,PPO_best_550901,template_group,formal-g003,u_component_clip_fraction,fraction,all_primary_common_complete_success_within_stratum,12,12,0.0,0.0,0.0,0.0,0.0
original,PPO_best_550901,template_group,formal-g003,u_decisions_with_clip_fraction,fraction,all_primary_common_complete_success_within_stratum,12,12,0.0,0.0,0.0,0.0,0.0
original,PPO_best_550901,template_group,formal-g003,mean_u_abs_rad_s,rad/s,all_primary_common_complete_success_within_stratum,12,12,0.10258964585023239,0.10435323118331977,0.11801746640060584,0.06891259953166202,0.12516552885949966
original,PPO_best_550901,template_group,formal-g003,provider_mean_s,s/48Hz decision,all_primary_common_complete_success_within_stratum,12,12,0.00031663617000453494,0.00031487144265914446,0.00033192308523742516,0.00030004558311702567,0.00033978617170760117
original,PPO_best_550901,template_group,formal-g003,core_mean_s,s/240Hz step,all_primary_common_complete_success_within_stratum,12,12,0.0005843043914031417,0.0005835398370512242,0.000592145925671351,0.0005767561105585628,0.0005926603594919774
original,PPO_best_550901,template_group,formal-g003,outer_mean_s,s/240Hz step including decision when due,all_primary_common_complete_success_within_stratum,12,12,0.0007567762162466351,0.0007543886806843148,0.0007875412449205517,0.0007261821823552358,0.0007914267480524965
original,PPO_best_550901,template_group,formal-g006,max_error_m,m,all_primary_common_complete_success_within_stratum,1,1,5.331130880592913e-05,5.331130880592913e-05,5.331130880592913e-05,5.331130880592913e-05,5.331130880592913e-05
original,PPO_best_550901,template_group,formal-g006,rmse_m,m,all_primary_common_complete_success_within_stratum,1,1,3.4196909676036825e-05,3.4196909676036825e-05,3.4196909676036825e-05,3.4196909676036825e-05,3.4196909676036825e-05
original,PPO_best_550901,template_group,formal-g006,endpoint_error_m,m,all_primary_common_complete_success_within_stratum,1,1,5.326928594914071e-05,5.326928594914071e-05,5.326928594914071e-05,5.326928594914071e-05,5.326928594914071e-05
original,PPO_best_550901,template_group,formal-g006,minimum_external_distance_m,m,all_primary_common_complete_success_within_stratum,1,1,0.013644399431133547,0.013644399431133547,0.013644399431133547,0.013644399431133547,0.013644399431133547
original,PPO_best_550901,template_group,formal-g006,minimum_self_distance_m,m,all_primary_common_complete_success_within_stratum,1,1,0.019607074858421995,0.019607074858421995,0.019607074858421995,0.019607074858421995,0.019607074858421995
original,PPO_best_550901,template_group,formal-g006,command_smoothness_rms_rad_s2,rad/s^2,all_primary_common_complete_success_within_stratum,1,1,0.19958618203087808,0.19958618203087808,0.19958618203087808,0.19958618203087808,0.19958618203087808
original,PPO_best_550901,template_group,formal-g006,max_actual_arm_velocity_rad_s,rad/s,all_primary_common_complete_success_within_stratum,1,1,0.23606339083663933,0.23606339083663933,0.23606339083663933,0.23606339083663933,0.23606339083663933
original,PPO_best_550901,template_group,formal-g006,speed_saturated_fraction,fraction,all_primary_common_complete_success_within_stratum,1,1,0.0,0.0,0.0,0.0,0.0
original,PPO_best_550901,template_group,formal-g006,soft_limited_fraction,fraction,all_primary_common_complete_success_within_stratum,1,1,0.0,0.0,0.0,0.0,0.0
original,PPO_best_550901,template_group,formal-g006,raw_policy_component_clip_fraction,fraction,all_primary_common_complete_success_within_stratum,1,1,0.5178571428571427,0.5178571428571427,0.5178571428571427,0.5178571428571427,0.5178571428571427
original,PPO_best_550901,template_group,formal-g006,raw_policy_decisions_with_clip_fraction,fraction,all_primary_common_complete_success_within_stratum,1,1,1.0,1.0,1.0,1.0,1.0
original,PPO_best_550901,template_group,formal-g006,u_component_clip_fraction,fraction,all_primary_common_complete_success_within_stratum,1,1,0.0,0.0,0.0,0.0,0.0
original,PPO_best_550901,template_group,formal-g006,u_decisions_with_clip_fraction,fraction,all_primary_common_complete_success_within_stratum,1,1,0.0,0.0,0.0,0.0,0.0
original,PPO_best_550901,template_group,formal-g006,mean_u_abs_rad_s,rad/s,all_primary_common_complete_success_within_stratum,1,1,0.1660895116915483,0.1660895116915483,0.1660895116915483,0.1660895116915483,0.1660895116915483
original,PPO_best_550901,template_group,formal-g006,provider_mean_s,s/48Hz decision,all_primary_common_complete_success_within_stratum,1,1,0.00032058422940887493,0.00032058422940887493,0.00032058422940887493,0.00032058422940887493,0.00032058422940887493
original,PPO_best_550901,template_group,formal-g006,core_mean_s,s/240Hz step,all_primary_common_complete_success_within_stratum,1,1,0.000583373213824719,0.000583373213824719,0.000583373213824719,0.000583373213824719,0.000583373213824719
original,PPO_best_550901,template_group,formal-g006,outer_mean_s,s/240Hz step including decision when due,all_primary_common_complete_success_within_stratum,1,1,0.0007550519887445262,0.0007550519887445262,0.0007550519887445262,0.0007550519887445262,0.0007550519887445262
original,PPO_best_550901,template_group,formal-g009,max_error_m,m,all_primary_common_complete_success_within_stratum,4,4,8.253364191869487e-05,8.215032247087958e-05,8.43531637291348e-05,8.121942278238484e-05,8.461449995063543e-05
original,PPO_best_550901,template_group,formal-g009,rmse_m,m,all_primary_common_complete_success_within_stratum,4,4,6.834701961223969e-05,6.755829023813458e-05,7.105811862819225e-05,6.661974050377552e-05,7.165175746891413e-05
original,PPO_best_550901,template_group,formal-g009,endpoint_error_m,m,all_primary_common_complete_success_within_stratum,4,4,5.561630536872981e-05,5.5821279433325606e-05,5.8580703907806295e-05,5.2032631947603336e-05,5.879003066066471e-05
original,PPO_best_550901,template_group,formal-g009,minimum_external_distance_m,m,all_primary_common_complete_success_within_stratum,4,4,0.01909164544601507,0.019852668995918595,0.031690209664933335,0.0030027841526193977,0.03365845963960369
original,PPO_best_550901,template_group,formal-g009,minimum_self_distance_m,m,all_primary_common_complete_success_within_stratum,4,4,0.019553295487235958,0.01955028256276351,0.019567296220900535,0.019542926842727362,0.019569689980689454
original,PPO_best_550901,template_group,formal-g009,command_smoothness_rms_rad_s2,rad/s^2,all_primary_common_complete_success_within_stratum,4,4,0.23849960396390912,0.2505649833706175,0.25757016079335493,0.19525258680665372,0.25761586230774774
original,PPO_best_550901,template_group,formal-g009,max_actual_arm_velocity_rad_s,rad/s,all_primary_common_complete_success_within_stratum,4,4,0.25615339336364634,0.2550321812190489,0.2620265431250785,0.2518181538532908,0.26273105716319667
original,PPO_best_550901,template_group,formal-g009,speed_saturated_fraction,fraction,all_primary_common_complete_success_within_stratum,4,4,0.0,0.0,0.0,0.0,0.0
original,PPO_best_550901,template_group,formal-g009,soft_limited_fraction,fraction,all_primary_common_complete_success_within_stratum,4,4,0.0,0.0,0.0,0.0,0.0
original,PPO_best_550901,template_group,formal-g009,raw_policy_component_clip_fraction,fraction,all_primary_common_complete_success_within_stratum,4,4,0.4970238095238095,0.5130208333333333,0.53203125,0.42857142857142855,0.5334821428571428
original,PPO_best_550901,template_group,formal-g009,raw_policy_decisions_with_clip_fraction,fraction,all_primary_common_complete_success_within_stratum,4,4,1.0,1.0,1.0,1.0,1.0
original,PPO_best_550901,template_group,formal-g009,u_component_clip_fraction,fraction,all_primary_common_complete_success_within_stratum,4,4,0.0,0.0,0.0,0.0,0.0
original,PPO_best_550901,template_group,formal-g009,u_decisions_with_clip_fraction,fraction,all_primary_common_complete_success_within_stratum,4,4,0.0,0.0,0.0,0.0,0.0
original,PPO_best_550901,template_group,formal-g009,mean_u_abs_rad_s,rad/s,all_primary_common_complete_success_within_stratum,4,4,0.17015670340264305,0.17222636832101712,0.17284828896545584,0.163322369191086,0.1728517077774519
original,PPO_best_550901,template_group,formal-g009,provider_mean_s,s/48Hz decision,all_primary_common_complete_success_within_stratum,4,4,0.0003141969894121151,0.0003015278332441085,0.0003513155428966759,0.0002945516193904041,0.0003591806717698394
original,PPO_best_550901,template_group,formal-g009,core_mean_s,s/240Hz step,all_primary_common_complete_success_within_stratum,4,4,0.000578017581763864,0.0005749893416047295,0.000590061429521332,0.0005697877719891645,0.0005923038718568326
original,PPO_best_550901,template_group,formal-g009,outer_mean_s,s/240Hz step including decision when due,all_primary_common_complete_success_within_stratum,4,4,0.0007167487231943899,0.0007111751838237979,0.0007382029122451665,0.0007025936967390104,0.0007420508283909537
original,PPO_best_550901,template_group,formal-g010,max_error_m,m,all_primary_common_complete_success_within_stratum,12,12,7.348127331963035e-05,7.219414453350724e-05,8.069420433766483e-05,6.85331945792352e-05,8.091677832195961e-05
original,PPO_best_550901,template_group,formal-g010,rmse_m,m,all_primary_common_complete_success_within_stratum,12,12,5.9196766655723105e-05,5.866469717116744e-05,6.262433512187864e-05,5.681008380258978e-05,6.273100429887473e-05
original,PPO_best_550901,template_group,formal-g010,endpoint_error_m,m,all_primary_common_complete_success_within_stratum,12,12,3.572357056894314e-05,3.601745782003581e-05,3.649001555561774e-05,3.392649162638103e-05,3.67436595730785e-05
original,PPO_best_550901,template_group,formal-g010,minimum_external_distance_m,m,all_primary_common_complete_success_within_stratum,12,0,,,,,
original,PPO_best_550901,template_group,formal-g010,minimum_self_distance_m,m,all_primary_common_complete_success_within_stratum,12,12,0.019631214860908273,0.019612510053145852,0.019729722220012427,0.01954020762272566,0.01976282604253502
original,PPO_best_550901,template_group,formal-g010,command_smoothness_rms_rad_s2,rad/s^2,all_primary_common_complete_success_within_stratum,12,12,0.17177506041492907,0.1726916980557134,0.17525446007946757,0.16788727917069146,0.17613352076545225
original,PPO_best_550901,template_group,formal-g010,max_actual_arm_velocity_rad_s,rad/s,all_primary_common_complete_success_within_stratum,12,12,0.2592636945562799,0.25954820538096646,0.26668437310512205,0.25164189826534594,0.2695143863443602
original,PPO_best_550901,template_group,formal-g010,speed_saturated_fraction,fraction,all_primary_common_complete_success_within_stratum,12,12,0.0,0.0,0.0,0.0,0.0
original,PPO_best_550901,template_group,formal-g010,soft_limited_fraction,fraction,all_primary_common_complete_success_within_stratum,12,12,0.0,0.0,0.0,0.0,0.0
original,PPO_best_550901,template_group,formal-g010,raw_policy_component_clip_fraction,fraction,all_primary_common_complete_success_within_stratum,12,12,0.4285714285714286,0.42857142857142855,0.42857142857142855,0.42857142857142855,0.42857142857142855
original,PPO_best_550901,template_group,formal-g010,raw_policy_decisions_with_clip_fraction,fraction,all_primary_common_complete_success_within_stratum,12,12,1.0,1.0,1.0,1.0,1.0
original,PPO_best_550901,template_group,formal-g010,u_component_clip_fraction,fraction,all_primary_common_complete_success_within_stratum,12,12,0.0,0.0,0.0,0.0,0.0
original,PPO_best_550901,template_group,formal-g010,u_decisions_with_clip_fraction,fraction,all_primary_common_complete_success_within_stratum,12,12,0.0,0.0,0.0,0.0,0.0
original,PPO_best_550901,template_group,formal-g010,mean_u_abs_rad_s,rad/s,all_primary_common_complete_success_within_stratum,12,12,0.13626987720665978,0.136414012799616,0.13676730729839098,0.1353712115725059,0.13678474481483655
original,PPO_best_550901,template_group,formal-g010,provider_mean_s,s/48Hz decision,all_primary_common_complete_success_within_stratum,12,12,0.000263812140455381,0.00025870926329692645,0.0002934300906948313,0.00025380466642369964,0.0003133396609579601
original,PPO_best_550901,template_group,formal-g010,core_mean_s,s/240Hz step,all_primary_common_complete_success_within_stratum,12,12,0.0005598608042709606,0.0005584794015627873,0.0005688957030042729,0.0005537559450961756,0.0005770269893067355
original,PPO_best_550901,template_group,formal-g010,outer_mean_s,s/240Hz step including decision when due,all_primary_common_complete_success_within_stratum,12,12,0.0006355027209009577,0.0006328731157585329,0.0006510299226094199,0.0006271587219240852,0.0006636948246978136
original,PPO_best_550901,template_group,formal-g013,max_error_m,m,all_primary_common_complete_success_within_stratum,9,9,5.6416785498346675e-05,5.743995358712329e-05,6.62212692562738e-05,4.2047612709161625e-05,6.81671621341144e-05
original,PPO_best_550901,template_group,formal-g013,rmse_m,m,all_primary_common_complete_success_within_stratum,9,9,4.2267845665546786e-05,4.134557417321075e-05,5.371402778663442e-05,2.714883751615408e-05,5.453375464138777e-05
original,PPO_best_550901,template_group,formal-g013,endpoint_error_m,m,all_primary_common_complete_success_within_stratum,9,9,5.054010517774031e-05,5.1858554507339246e-05,6.150765317383337e-05,3.590050099919045e-05,6.330242993951292e-05
original,PPO_best_550901,template_group,formal-g013,minimum_external_distance_m,m,all_primary_common_complete_success_within_stratum,9,9,0.03141693808316671,0.03476394940960778,0.04463116617199088,0.016915773199234152,0.04815674961120697
original,PPO_best_550901,template_group,formal-g013,minimum_self_distance_m,m,all_primary_common_complete_success_within_stratum,9,9,0.019508765828600505,0.01950821683128924,0.019674688443565777,0.019345197719088443,0.019711082097696127
original,PPO_best_550901,template_group,formal-g013,command_smoothness_rms_rad_s2,rad/s^2,all_primary_common_complete_success_within_stratum,9,9,0.6521360596891755,0.5216750768175443,1.1759476236412616,0.26229754402408356,1.179217103716677
original,PPO_best_550901,template_group,formal-g013,max_actual_arm_velocity_rad_s,rad/s,all_primary_common_complete_success_within_stratum,9,9,0.2333477791871722,0.25448361927465835,0.27888465413559244,0.16347472466440383,0.28288130731022093
original,PPO_best_550901,template_group,formal-g013,speed_saturated_fraction,fraction,all_primary_common_complete_success_within_stratum,9,9,0.0,0.0,0.0,0.0,0.0
original,PPO_best_550901,template_group,formal-g013,soft_limited_fraction,fraction,all_primary_common_complete_success_within_stratum,9,9,0.0,0.0,0.0,0.0,0.0
original,PPO_best_550901,template_group,formal-g013,raw_policy_component_clip_fraction,fraction,all_primary_common_complete_success_within_stratum,9,9,0.30993716931216925,0.32217261904761896,0.4891369047619047,0.05729166666666665,0.4947916666666666
original,PPO_best_550901,template_group,formal-g013,raw_policy_decisions_with_clip_fraction,fraction,all_primary_common_complete_success_within_stratum,9,9,0.9334490740740742,1.0,1.0,0.4010416666666667,1.0
original,PPO_best_550901,template_group,formal-g013,u_component_clip_fraction,fraction,all_primary_common_complete_success_within_stratum,9,9,0.0,0.0,0.0,0.0,0.0
original,PPO_best_550901,template_group,formal-g013,u_decisions_with_clip_fraction,fraction,all_primary_common_complete_success_within_stratum,9,9,0.0,0.0,0.0,0.0,0.0
original,PPO_best_550901,template_group,formal-g013,mean_u_abs_rad_s,rad/s,all_primary_common_complete_success_within_stratum,9,9,0.12344562712394344,0.12991358455481183,0.15109243049241958,0.06923684401831236,0.1511805991309562
original,PPO_best_550901,template_group,formal-g013,provider_mean_s,s/48Hz decision,all_primary_common_complete_success_within_stratum,9,9,0.00031384744881035186,0.0003040384268994482,0.0003541462684552243,0.00029802816629853623,0.00037781839576685644
original,PPO_best_550901,template_group,formal-g013,core_mean_s,s/240Hz step,all_primary_common_complete_success_within_stratum,9,9,0.0005882597714591814,0.0005847307072447923,0.0006125537845158153,0.0005757657627024552,0.0006283151353576007
original,PPO_best_550901,template_group,formal-g013,outer_mean_s,s/240Hz step including decision when due,all_primary_common_complete_success_within_stratum,9,9,0.0007382919581198587,0.0007350181424650752,0.000767190991988779,0.0007214406966340903,0.0007824137867676957
original,PPO_best_550901,template_group,formal-g015,max_error_m,m,all_primary_common_complete_success_within_stratum,12,12,6.432267816942896e-05,6.415343895145715e-05,6.579124298426692e-05,6.306429373074611e-05,6.583284290206255e-05
original,PPO_best_550901,template_group,formal-g015,rmse_m,m,all_primary_common_complete_success_within_stratum,12,12,5.149527617594743e-05,5.204738801072168e-05,5.3846759962478255e-05,4.66250311219684e-05,5.47486553446042e-05
original,PPO_best_550901,template_group,formal-g015,endpoint_error_m,m,all_primary_common_complete_success_within_stratum,12,12,3.704863734459255e-05,3.6425720935878634e-05,4.3485796758872354e-05,3.3685629855455634e-05,4.7794096365982424e-05
original,PPO_best_550901,template_group,formal-g015,minimum_external_distance_m,m,all_primary_common_complete_success_within_stratum,12,0,,,,,
original,PPO_best_550901,template_group,formal-g015,minimum_self_distance_m,m,all_primary_common_complete_success_within_stratum,12,12,0.019575738066515313,0.01956227393842698,0.019621965869201702,0.0195393465654774,0.0196267966879572
original,PPO_best_550901,template_group,formal-g015,command_smoothness_rms_rad_s2,rad/s^2,all_primary_common_complete_success_within_stratum,12,12,0.17794733504860274,0.17763827305293492,0.18444946595889306,0.17304887245828338,0.18624238136155102
original,PPO_best_550901,template_group,formal-g015,max_actual_arm_velocity_rad_s,rad/s,all_primary_common_complete_success_within_stratum,12,12,0.25272746090419274,0.251712110517966,0.2564533671024476,0.25157830326784336,0.2574556829717031
original,PPO_best_550901,template_group,formal-g015,speed_saturated_fraction,fraction,all_primary_common_complete_success_within_stratum,12,12,0.0,0.0,0.0,0.0,0.0
original,PPO_best_550901,template_group,formal-g015,soft_limited_fraction,fraction,all_primary_common_complete_success_within_stratum,12,12,0.0,0.0,0.0,0.0,0.0
original,PPO_best_550901,template_group,formal-g015,raw_policy_component_clip_fraction,fraction,all_primary_common_complete_success_within_stratum,12,12,0.4285714285714286,0.42857142857142855,0.42857142857142855,0.42857142857142855,0.42857142857142855
original,PPO_best_550901,template_group,formal-g015,raw_policy_decisions_with_clip_fraction,fraction,all_primary_common_complete_success_within_stratum,12,12,1.0,1.0,1.0,1.0,1.0
original,PPO_best_550901,template_group,formal-g015,u_component_clip_fraction,fraction,all_primary_common_complete_success_within_stratum,12,12,0.0,0.0,0.0,0.0,0.0
original,PPO_best_550901,template_group,formal-g015,u_decisions_with_clip_fraction,fraction,all_primary_common_complete_success_within_stratum,12,12,0.0,0.0,0.0,0.0,0.0
original,PPO_best_550901,template_group,formal-g015,mean_u_abs_rad_s,rad/s,all_primary_common_complete_success_within_stratum,12,12,0.13896089519728863,0.1389068720263562,0.13978934091560188,0.13766546136522223,0.139824853398438
original,PPO_best_550901,template_group,formal-g015,provider_mean_s,s/48Hz decision,all_primary_common_complete_success_within_stratum,12,12,0.00026041984849851154,0.00025757149429258186,0.00027326699879874167,0.0002546767550484219,0.0002826681401681223
original,PPO_best_550901,template_group,formal-g015,core_mean_s,s/240Hz step,all_primary_common_complete_success_within_stratum,12,12,0.0005569921731433978,0.000556891588439612,0.0005612899231202088,0.0005526174144809677,0.0005620719251510309
original,PPO_best_550901,template_group,formal-g015,outer_mean_s,s/240Hz step including decision when due,all_primary_common_complete_success_within_stratum,12,12,0.0006319108375894049,0.0006313494826902873,0.0006386126662240106,0.0006266156947125031,0.000641727141555748
original,PPO_best_550901,template_group,formal-g021,max_error_m,m,all_primary_common_complete_success_within_stratum,12,12,8.065449341253837e-05,7.912939812805424e-05,8.980177092057017e-05,7.355938683951643e-05,9.073396991665375e-05
original,PPO_best_550901,template_group,formal-g021,rmse_m,m,all_primary_common_complete_success_within_stratum,12,12,5.8629806687479704e-05,5.916708949886611e-05,6.351065114969095e-05,5.309215082463908e-05,6.48267172690804e-05
original,PPO_best_550901,template_group,formal-g021,endpoint_error_m,m,all_primary_common_complete_success_within_stratum,12,12,4.731840157556457e-05,4.55508234321334e-05,5.670188936843806e-05,4.153216378108319e-05,5.7765080573759795e-05
original,PPO_best_550901,template_group,formal-g021,minimum_external_distance_m,m,all_primary_common_complete_success_within_stratum,12,12,0.02876798274009075,0.02930715883603903,0.04555648246931348,0.005389593533349557,0.0474224588032051
original,PPO_best_550901,template_group,formal-g021,minimum_self_distance_m,m,all_primary_common_complete_success_within_stratum,12,12,0.019573919823889434,0.019573037040316307,0.019632151137062535,0.019538941640086217,0.019671809293893533
original,PPO_best_550901,template_group,formal-g021,command_smoothness_rms_rad_s2,rad/s^2,all_primary_common_complete_success_within_stratum,12,12,0.3199426930293902,0.3019603023906097,0.39770983441871166,0.23677507888233615,0.39925529555521894
original,PPO_best_550901,template_group,formal-g021,max_actual_arm_velocity_rad_s,rad/s,all_primary_common_complete_success_within_stratum,12,12,0.2792255666592437,0.2776850514720276,0.29353846137814815,0.2674616646971619,0.2974691764075725
original,PPO_best_550901,template_group,formal-g021,speed_saturated_fraction,fraction,all_primary_common_complete_success_within_stratum,12,12,0.0,0.0,0.0,0.0,0.0
original,PPO_best_550901,template_group,formal-g021,soft_limited_fraction,fraction,all_primary_common_complete_success_within_stratum,12,12,0.0,0.0,0.0,0.0,0.0
original,PPO_best_550901,template_group,formal-g021,raw_policy_component_clip_fraction,fraction,all_primary_common_complete_success_within_stratum,12,12,0.5429687499999999,0.5636160714285713,0.5714285714285713,0.4583333333333332,0.5714285714285713
original,PPO_best_550901,template_group,formal-g021,raw_policy_decisions_with_clip_fraction,fraction,all_primary_common_complete_success_within_stratum,12,12,1.0,1.0,1.0,1.0,1.0
original,PPO_best_550901,template_group,formal-g021,u_component_clip_fraction,fraction,all_primary_common_complete_success_within_stratum,12,12,0.0,0.0,0.0,0.0,0.0
original,PPO_best_550901,template_group,formal-g021,u_decisions_with_clip_fraction,fraction,all_primary_common_complete_success_within_stratum,12,12,0.0,0.0,0.0,0.0,0.0
original,PPO_best_550901,template_group,formal-g021,mean_u_abs_rad_s,rad/s,all_primary_common_complete_success_within_stratum,12,12,0.15345545691960735,0.15394439364719714,0.16462641625166205,0.13600096132390066,0.16580403960875367
original,PPO_best_550901,template_group,formal-g021,provider_mean_s,s/48Hz decision,all_primary_common_complete_success_within_stratum,12,12,0.00029456838598207463,0.00029501692464843166,0.0003145765846435703,0.000280243891287076,0.0003329975825181464
original,PPO_best_550901,template_group,formal-g021,core_mean_s,s/240Hz step,all_primary_common_complete_success_within_stratum,12,12,0.0005755077072080895,0.0005758791068728897,0.0005801469973478864,0.0005689259302319745,0.0005805037630428463
original,PPO_best_550901,template_group,formal-g021,outer_mean_s,s/240Hz step including decision when due,all_primary_common_complete_success_within_stratum,12,12,0.0007001309386952117,0.0007002153146155857,0.0007111586206474385,0.0006899911268040645,0.0007118087516725306
original,PPO_best_550901,template_group,formal-g022,max_error_m,m,all_primary_common_complete_success_within_stratum,2,2,8.928981700004205e-05,8.928981700004205e-05,9.685545326148735e-05,8.088355448732505e-05,9.769607951275906e-05
original,PPO_best_550901,template_group,formal-g022,rmse_m,m,all_primary_common_complete_success_within_stratum,2,2,6.904314460735452e-05,6.904314460735452e-05,7.463984303939251e-05,6.282459079397897e-05,7.526169842073007e-05
original,PPO_best_550901,template_group,formal-g022,endpoint_error_m,m,all_primary_common_complete_success_within_stratum,2,2,5.8570947353686305e-05,5.8570947353686305e-05,5.8953913995311615e-05,5.814542886299152e-05,5.899646584438109e-05
original,PPO_best_550901,template_group,formal-g022,minimum_external_distance_m,m,all_primary_common_complete_success_within_stratum,2,2,0.0059932929726883855,0.0059932929726883855,0.00929422785325432,0.0023255875498373463,0.009660998395539425
original,PPO_best_550901,template_group,formal-g022,minimum_self_distance_m,m,all_primary_common_complete_success_within_stratum,2,2,0.019583161036455077,0.019583161036455077,0.019615044381471464,0.01954773509754798,0.019618586975362173
original,PPO_best_550901,template_group,formal-g022,command_smoothness_rms_rad_s2,rad/s^2,all_primary_common_complete_success_within_stratum,2,2,0.24666761852084726,0.24666761852084726,0.29700441639847397,0.19073784310126202,0.3025973939404325
original,PPO_best_550901,template_group,formal-g022,max_actual_arm_velocity_rad_s,rad/s,all_primary_common_complete_success_within_stratum,2,2,0.2904996456174077,0.2904996456174077,0.2942985671118618,0.286278621734681,0.2947206695001345
original,PPO_best_550901,template_group,formal-g022,speed_saturated_fraction,fraction,all_primary_common_complete_success_within_stratum,2,2,0.0,0.0,0.0,0.0,0.0
original,PPO_best_550901,template_group,formal-g022,soft_limited_fraction,fraction,all_primary_common_complete_success_within_stratum,2,2,0.0,0.0,0.0,0.0,0.0
original,PPO_best_550901,template_group,formal-g022,raw_policy_component_clip_fraction,fraction,all_primary_common_complete_success_within_stratum,2,2,0.5390624999999999,0.5390624999999999,0.5681919642857142,0.5066964285714285,0.5714285714285713
original,PPO_best_550901,template_group,formal-g022,raw_policy_decisions_with_clip_fraction,fraction,all_primary_common_complete_success_within_stratum,2,2,1.0,1.0,1.0,1.0,1.0
original,PPO_best_550901,template_group,formal-g022,u_component_clip_fraction,fraction,all_primary_common_complete_success_within_stratum,2,2,0.0,0.0,0.0,0.0,0.0
original,PPO_best_550901,template_group,formal-g022,u_decisions_with_clip_fraction,fraction,all_primary_common_complete_success_within_stratum,2,2,0.0,0.0,0.0,0.0,0.0
original,PPO_best_550901,template_group,formal-g022,mean_u_abs_rad_s,rad/s,all_primary_common_complete_success_within_stratum,2,2,0.16676309143492418,0.16676309143492418,0.16714158648109462,0.1663425413836237,0.16718364148622467
original,PPO_best_550901,template_group,formal-g022,provider_mean_s,s/48Hz decision,all_primary_common_complete_success_within_stratum,2,2,0.0002905892552386528,0.0002905892552386528,0.0002944984147499478,0.00028624574467054725,0.00029493276580675837
original,PPO_best_550901,template_group,formal-g022,core_mean_s,s/240Hz step,all_primary_common_complete_success_within_stratum,2,2,0.000583322176597297,0.000583322176597297,0.0005835892238754544,0.0005830254573993443,0.0005836188957952497
original,PPO_best_550901,template_group,formal-g022,outer_mean_s,s/240Hz step including decision when due,all_primary_common_complete_success_within_stratum,2,2,0.0007153363432280458,0.0007153363432280458,0.0007158130331390566,0.000714806687771367,0.0007158659986847245
original,PPO_best_550901,template_group,formal-g024,max_error_m,m,all_primary_common_complete_success_within_stratum,3,3,4.0221020800345645e-05,4.2366783285794875e-05,4.516659673605735e-05,3.28185919958222e-05,4.5477687119419846e-05
original,PPO_best_550901,template_group,formal-g024,rmse_m,m,all_primary_common_complete_success_within_stratum,3,3,2.8936376335412647e-05,2.6130312972518777e-05,3.575015611246463e-05,2.385978846126055e-05,3.681902757245862e-05
original,PPO_best_550901,template_group,formal-g024,endpoint_error_m,m,all_primary_common_complete_success_within_stratum,3,3,3.620881530736102e-05,3.7592610022505256e-05,3.873772488155902e-05,3.216887603367948e-05,3.8864959865898325e-05
original,PPO_best_550901,template_group,formal-g024,minimum_external_distance_m,m,all_primary_common_complete_success_within_stratum,3,3,0.03406584138651333,0.041742737205152064,0.04322339413553511,0.01706687538214359,0.043387911572244336
original,PPO_best_550901,template_group,formal-g024,minimum_self_distance_m,m,all_primary_common_complete_success_within_stratum,3,3,0.019779184053019816,0.019770217475272307,0.01993683673427531,0.019611984698511498,0.019955349985275643
original,PPO_best_550901,template_group,formal-g024,command_smoothness_rms_rad_s2,rad/s^2,all_primary_common_complete_success_within_stratum,3,3,0.2123370114256992,0.21894701367341507,0.23508665180717403,0.18118407567053524,0.23687994493314726
original,PPO_best_550901,template_group,formal-g024,max_actual_arm_velocity_rad_s,rad/s,all_primary_common_complete_success_within_stratum,3,3,0.19965576657558684,0.20504415228215717,0.20704604679452845,0.18665466792647809,0.20726847951812527
original,PPO_best_550901,template_group,formal-g024,speed_saturated_fraction,fraction,all_primary_common_complete_success_within_stratum,3,3,0.0,0.0,0.0,0.0,0.0
original,PPO_best_550901,template_group,formal-g024,soft_limited_fraction,fraction,all_primary_common_complete_success_within_stratum,3,3,0.0,0.0,0.0,0.0,0.0
original,PPO_best_550901,template_group,formal-g024,raw_policy_component_clip_fraction,fraction,all_primary_common_complete_success_within_stratum,3,3,0.18253968253968253,0.14285714285714282,0.2506696428571428,0.1421130952380952,0.2626488095238095
original,PPO_best_550901,template_group,formal-g024,raw_policy_decisions_with_clip_fraction,fraction,all_primary_common_complete_success_within_stratum,3,3,0.9982638888888888,1.0,1.0,0.9947916666666666,1.0
original,PPO_best_550901,template_group,formal-g024,u_component_clip_fraction,fraction,all_primary_common_complete_success_within_stratum,3,3,0.0,0.0,0.0,0.0,0.0
original,PPO_best_550901,template_group,formal-g024,u_decisions_with_clip_fraction,fraction,all_primary_common_complete_success_within_stratum,3,3,0.0,0.0,0.0,0.0,0.0
original,PPO_best_550901,template_group,formal-g024,mean_u_abs_rad_s,rad/s,all_primary_common_complete_success_within_stratum,3,3,0.09121839090923517,0.08616672240016106,0.10105650620929305,0.08477752369501451,0.10271092663252994
original,PPO_best_550901,template_group,formal-g024,provider_mean_s,s/48Hz decision,all_primary_common_complete_success_within_stratum,3,3,0.0003393965175241141,0.00033119983352965693,0.0003575301677604633,0.00032653395858991036,0.0003604557604527751
original,PPO_best_550901,template_group,formal-g024,core_mean_s,s/240Hz step,all_primary_common_complete_success_within_stratum,3,3,0.0005982898100026229,0.0005975342956541378,0.0006001672718881915,0.0005968753095506447,0.0006004598248030864
original,PPO_best_550901,template_group,formal-g024,outer_mean_s,s/240Hz step including decision when due,all_primary_common_complete_success_within_stratum,3,3,0.0008002118926671957,0.0007965943684818436,0.000806872826453097,0.0007960264321809519,0.0008080148773387918
original,PPO_best_550901,template_group,formal-g026,max_error_m,m,all_primary_common_complete_success_within_stratum,1,1,5.298363807955262e-05,5.298363807955262e-05,5.298363807955262e-05,5.298363807955262e-05,5.298363807955262e-05
original,PPO_best_550901,template_group,formal-g026,rmse_m,m,all_primary_common_complete_success_within_stratum,1,1,4.161117688215257e-05,4.161117688215257e-05,4.161117688215257e-05,4.161117688215257e-05,4.161117688215257e-05
original,PPO_best_550901,template_group,formal-g026,endpoint_error_m,m,all_primary_common_complete_success_within_stratum,1,1,3.472903307455459e-05,3.472903307455459e-05,3.472903307455459e-05,3.472903307455459e-05,3.472903307455459e-05
original,PPO_best_550901,template_group,formal-g026,minimum_external_distance_m,m,all_primary_common_complete_success_within_stratum,1,1,0.03421877065869988,0.03421877065869988,0.03421877065869988,0.03421877065869988,0.03421877065869988
original,PPO_best_550901,template_group,formal-g026,minimum_self_distance_m,m,all_primary_common_complete_success_within_stratum,1,1,0.019563678831820364,0.019563678831820364,0.019563678831820364,0.019563678831820364,0.019563678831820364
original,PPO_best_550901,template_group,formal-g026,command_smoothness_rms_rad_s2,rad/s^2,all_primary_common_complete_success_within_stratum,1,1,1.1262599887553415,1.1262599887553415,1.1262599887553415,1.1262599887553415,1.1262599887553415
original,PPO_best_550901,template_group,formal-g026,max_actual_arm_velocity_rad_s,rad/s,all_primary_common_complete_success_within_stratum,1,1,0.2788183627998483,0.2788183627998483,0.2788183627998483,0.2788183627998483,0.2788183627998483
original,PPO_best_550901,template_group,formal-g026,speed_saturated_fraction,fraction,all_primary_common_complete_success_within_stratum,1,1,0.0,0.0,0.0,0.0,0.0
original,PPO_best_550901,template_group,formal-g026,soft_limited_fraction,fraction,all_primary_common_complete_success_within_stratum,1,1,0.0,0.0,0.0,0.0,0.0
original,PPO_best_550901,template_group,formal-g026,raw_policy_component_clip_fraction,fraction,all_primary_common_complete_success_within_stratum,1,1,0.5327380952380952,0.5327380952380952,0.5327380952380952,0.5327380952380952,0.5327380952380952
original,PPO_best_550901,template_group,formal-g026,raw_policy_decisions_with_clip_fraction,fraction,all_primary_common_complete_success_within_stratum,1,1,1.0,1.0,1.0,1.0,1.0
original,PPO_best_550901,template_group,formal-g026,u_component_clip_fraction,fraction,all_primary_common_complete_success_within_stratum,1,1,0.0,0.0,0.0,0.0,0.0
original,PPO_best_550901,template_group,formal-g026,u_decisions_with_clip_fraction,fraction,all_primary_common_complete_success_within_stratum,1,1,0.0,0.0,0.0,0.0,0.0
original,PPO_best_550901,template_group,formal-g026,mean_u_abs_rad_s,rad/s,all_primary_common_complete_success_within_stratum,1,1,0.15576648339351995,0.15576648339351995,0.15576648339351995,0.15576648339351995,0.15576648339351995
original,PPO_best_550901,template_group,formal-g026,provider_mean_s,s/48Hz decision,all_primary_common_complete_success_within_stratum,1,1,0.0002938600520489369,0.0002938600520489369,0.0002938600520489369,0.0002938600520489369,0.0002938600520489369
original,PPO_best_550901,template_group,formal-g026,core_mean_s,s/240Hz step,all_primary_common_complete_success_within_stratum,1,1,0.0005766414411937148,0.0005766414411937148,0.0005766414411937148,0.0005766414411937148,0.0005766414411937148
original,PPO_best_550901,template_group,formal-g026,outer_mean_s,s/240Hz step including decision when due,all_primary_common_complete_success_within_stratum,1,1,0.0007127964793198771,0.0007127964793198771,0.0007127964793198771,0.0007127964793198771,0.0007127964793198771
original,PPO_best_550901,template_group,formal-g028,max_error_m,m,all_primary_common_complete_success_within_stratum,2,2,5.260896748450455e-05,5.260896748450455e-05,5.6881587734746755e-05,4.7861611650902095e-05,5.7356323318107e-05
original,PPO_best_550901,template_group,formal-g028,rmse_m,m,all_primary_common_complete_success_within_stratum,2,2,3.721767964813602e-05,3.721767964813602e-05,4.2307756954738135e-05,3.15620381963559e-05,4.287332109991615e-05
original,PPO_best_550901,template_group,formal-g028,endpoint_error_m,m,all_primary_common_complete_success_within_stratum,2,2,5.0135631962881596e-05,5.0135631962881596e-05,5.4167686575168e-05,4.565557128256336e-05,5.4615692643199826e-05
original,PPO_best_550901,template_group,formal-g028,minimum_external_distance_m,m,all_primary_common_complete_success_within_stratum,2,2,0.022514446983459467,0.022514446983459467,0.02359820848465631,0.021310267537685196,0.02371862642923374
original,PPO_best_550901,template_group,formal-g028,minimum_self_distance_m,m,all_primary_common_complete_success_within_stratum,2,2,0.0198194412664649,0.0198194412664649,0.0200219889761942,0.019594388255654564,0.020044494277275234
original,PPO_best_550901,template_group,formal-g028,command_smoothness_rms_rad_s2,rad/s^2,all_primary_common_complete_success_within_stratum,2,2,0.6922790917830992,0.6922790917830992,1.141613204296119,0.1930189667686329,1.1915392167975656
original,PPO_best_550901,template_group,formal-g028,max_actual_arm_velocity_rad_s,rad/s,all_primary_common_complete_success_within_stratum,2,2,0.21051200464992378,0.21051200464992378,0.22261349554826537,0.19706590365176646,0.2239581056480811
original,PPO_best_550901,template_group,formal-g028,speed_saturated_fraction,fraction,all_primary_common_complete_success_within_stratum,2,2,0.0,0.0,0.0,0.0,0.0
original,PPO_best_550901,template_group,formal-g028,soft_limited_fraction,fraction,all_primary_common_complete_success_within_stratum,2,2,0.0,0.0,0.0,0.0,0.0
original,PPO_best_550901,template_group,formal-g028,raw_policy_component_clip_fraction,fraction,all_primary_common_complete_success_within_stratum,2,2,0.25111607142857134,0.25111607142857134,0.3492187499999998,0.1421130952380952,0.36011904761904745
original,PPO_best_550901,template_group,formal-g028,raw_policy_decisions_with_clip_fraction,fraction,all_primary_common_complete_success_within_stratum,2,2,0.921875,0.921875,0.9874999999999999,0.8489583333333334,0.9947916666666666
original,PPO_best_550901,template_group,formal-g028,u_component_clip_fraction,fraction,all_primary_common_complete_success_within_stratum,2,2,0.0,0.0,0.0,0.0,0.0
original,PPO_best_550901,template_group,formal-g028,u_decisions_with_clip_fraction,fraction,all_primary_common_complete_success_within_stratum,2,2,0.0,0.0,0.0,0.0,0.0
original,PPO_best_550901,template_group,formal-g028,mean_u_abs_rad_s,rad/s,all_primary_common_complete_success_within_stratum,2,2,0.11683850557719347,0.11683850557719347,0.13554187598508655,0.09605698290175671,0.13762002825263023
original,PPO_best_550901,template_group,formal-g028,provider_mean_s,s/48Hz decision,all_primary_common_complete_success_within_stratum,2,2,0.0003260438698286331,0.0003260438698286331,0.00032880991632661485,0.00032297048483087565,0.0003291172548263906
original,PPO_best_550901,template_group,formal-g028,core_mean_s,s/240Hz step,all_primary_common_complete_success_within_stratum,2,2,0.0005890909552969484,0.0005890909552969484,0.000590540684958493,0.0005874801445618989,0.0005907017660319979
original,PPO_best_550901,template_group,formal-g028,outer_mean_s,s/240Hz step including decision when due,all_primary_common_complete_success_within_stratum,2,2,0.0007854544597800365,0.0007854544597800365,0.0007858591473420043,0.0007850048069334056,0.0007859041126266675
original,PPO_best_550901,template_group,formal-g032,max_error_m,m,all_primary_common_complete_success_within_stratum,0,0,,,,,
original,PPO_best_550901,template_group,formal-g032,rmse_m,m,all_primary_common_complete_success_within_stratum,0,0,,,,,
original,PPO_best_550901,template_group,formal-g032,endpoint_error_m,m,all_primary_common_complete_success_within_stratum,0,0,,,,,
original,PPO_best_550901,template_group,formal-g032,minimum_external_distance_m,m,all_primary_common_complete_success_within_stratum,0,0,,,,,
original,PPO_best_550901,template_group,formal-g032,minimum_self_distance_m,m,all_primary_common_complete_success_within_stratum,0,0,,,,,
original,PPO_best_550901,template_group,formal-g032,command_smoothness_rms_rad_s2,rad/s^2,all_primary_common_complete_success_within_stratum,0,0,,,,,
original,PPO_best_550901,template_group,formal-g032,max_actual_arm_velocity_rad_s,rad/s,all_primary_common_complete_success_within_stratum,0,0,,,,,
original,PPO_best_550901,template_group,formal-g032,speed_saturated_fraction,fraction,all_primary_common_complete_success_within_stratum,0,0,,,,,
original,PPO_best_550901,template_group,formal-g032,soft_limited_fraction,fraction,all_primary_common_complete_success_within_stratum,0,0,,,,,
original,PPO_best_550901,template_group,formal-g032,raw_policy_component_clip_fraction,fraction,all_primary_common_complete_success_within_stratum,0,0,,,,,
original,PPO_best_550901,template_group,formal-g032,raw_policy_decisions_with_clip_fraction,fraction,all_primary_common_complete_success_within_stratum,0,0,,,,,
original,PPO_best_550901,template_group,formal-g032,u_component_clip_fraction,fraction,all_primary_common_complete_success_within_stratum,0,0,,,,,
original,PPO_best_550901,template_group,formal-g032,u_decisions_with_clip_fraction,fraction,all_primary_common_complete_success_within_stratum,0,0,,,,,
original,PPO_best_550901,template_group,formal-g032,mean_u_abs_rad_s,rad/s,all_primary_common_complete_success_within_stratum,0,0,,,,,
original,PPO_best_550901,template_group,formal-g032,provider_mean_s,s/48Hz decision,all_primary_common_complete_success_within_stratum,0,0,,,,,
original,PPO_best_550901,template_group,formal-g032,core_mean_s,s/240Hz step,all_primary_common_complete_success_within_stratum,0,0,,,,,
original,PPO_best_550901,template_group,formal-g032,outer_mean_s,s/240Hz step including decision when due,all_primary_common_complete_success_within_stratum,0,0,,,,,
original,PPO_best_550901,template_group,formal-g033,max_error_m,m,all_primary_common_complete_success_within_stratum,3,3,7.8535805832467e-05,7.176903878783672e-05,9.174913832025657e-05,6.986922933014995e-05,9.396914937941432e-05
original,PPO_best_550901,template_group,formal-g033,rmse_m,m,all_primary_common_complete_success_within_stratum,3,3,5.827877198457442e-05,5.65114319461631e-05,6.844291681613562e-05,4.855624665031647e-05,6.976863735724367e-05
original,PPO_best_550901,template_group,formal-g033,endpoint_error_m,m,all_primary_common_complete_success_within_stratum,3,3,5.1965883663663985e-05,5.500583143183283e-05,6.154068667064002e-05,3.8625037861984974e-05,6.226678169717416e-05
original,PPO_best_550901,template_group,formal-g033,minimum_external_distance_m,m,all_primary_common_complete_success_within_stratum,3,3,0.025009501700324246,0.025075863951248875,0.02829992923988791,0.021294482433320508,0.028658158716403356
original,PPO_best_550901,template_group,formal-g033,minimum_self_distance_m,m,all_primary_common_complete_success_within_stratum,3,3,0.019424575984098098,0.019443731268878578,0.01947926006051392,0.019346788979386756,0.019483207704028956
original,PPO_best_550901,template_group,formal-g033,command_smoothness_rms_rad_s2,rad/s^2,all_primary_common_complete_success_within_stratum,3,3,0.3706241097444493,0.3696790828694682,0.3798163795422161,0.36125050052469154,0.3809427458391881
original,PPO_best_550901,template_group,formal-g033,max_actual_arm_velocity_rad_s,rad/s,all_primary_common_complete_success_within_stratum,3,3,0.21766539188598996,0.22272448865787575,0.22531720321052864,0.20466640439482622,0.22560528260526785
original,PPO_best_550901,template_group,formal-g033,speed_saturated_fraction,fraction,all_primary_common_complete_success_within_stratum,3,3,0.0,0.0,0.0,0.0,0.0
original,PPO_best_550901,template_group,formal-g033,soft_limited_fraction,fraction,all_primary_common_complete_success_within_stratum,3,3,0.0,0.0,0.0,0.0,0.0
original,PPO_best_550901,template_group,formal-g033,raw_policy_component_clip_fraction,fraction,all_primary_common_complete_success_within_stratum,3,3,0.06671626984126983,0.06026785714285712,0.07968749999999998,0.05803571428571427,0.08184523809523808
original,PPO_best_550901,template_group,formal-g033,raw_policy_decisions_with_clip_fraction,fraction,all_primary_common_complete_success_within_stratum,3,3,0.3888888888888889,0.40625,0.434375,0.3229166666666667,0.4375
original,PPO_best_550901,template_group,formal-g033,u_component_clip_fraction,fraction,all_primary_common_complete_success_within_stratum,3,3,0.0,0.0,0.0,0.0,0.0
original,PPO_best_550901,template_group,formal-g033,u_decisions_with_clip_fraction,fraction,all_primary_common_complete_success_within_stratum,3,3,0.0,0.0,0.0,0.0,0.0
original,PPO_best_550901,template_group,formal-g033,mean_u_abs_rad_s,rad/s,all_primary_common_complete_success_within_stratum,3,3,0.1263560345618143,0.12129959270491131,0.14145134155305902,0.11407808622212282,0.14369042475840876
original,PPO_best_550901,template_group,formal-g033,provider_mean_s,s/48Hz decision,all_primary_common_complete_success_within_stratum,3,3,0.0003085890499884651,0.0003078799525913685,0.00031170084615344726,0.0003057618074914596,0.0003121253898825671
original,PPO_best_550901,template_group,formal-g033,core_mean_s,s/240Hz step,all_primary_common_complete_success_within_stratum,3,3,0.0005797523960760979,0.0005803493342227739,0.0005814078177218108,0.0005773824270060383,0.0005815254269994815
original,PPO_best_550901,template_group,formal-g033,outer_mean_s,s/240Hz step including decision when due,all_primary_common_complete_success_within_stratum,3,3,0.0007321671428801185,0.0007343027012818008,0.0007343258716233929,0.0007278702812527627,0.000734328446105792
original,PPO_best_550901,template_group,formal-g034,max_error_m,m,all_primary_common_complete_success_within_stratum,1,1,8.05925660929616e-05,8.05925660929616e-05,8.05925660929616e-05,8.05925660929616e-05,8.05925660929616e-05
original,PPO_best_550901,template_group,formal-g034,rmse_m,m,all_primary_common_complete_success_within_stratum,1,1,6.924528139776687e-05,6.924528139776687e-05,6.924528139776687e-05,6.924528139776687e-05,6.924528139776687e-05
original,PPO_best_550901,template_group,formal-g034,endpoint_error_m,m,all_primary_common_complete_success_within_stratum,1,1,7.783114241427187e-05,7.783114241427187e-05,7.783114241427187e-05,7.783114241427187e-05,7.783114241427187e-05
original,PPO_best_550901,template_group,formal-g034,minimum_external_distance_m,m,all_primary_common_complete_success_within_stratum,1,1,0.005081010300474947,0.005081010300474947,0.005081010300474947,0.005081010300474947,0.005081010300474947
original,PPO_best_550901,template_group,formal-g034,minimum_self_distance_m,m,all_primary_common_complete_success_within_stratum,1,1,0.01963821923357891,0.01963821923357891,0.01963821923357891,0.01963821923357891,0.01963821923357891
original,PPO_best_550901,template_group,formal-g034,command_smoothness_rms_rad_s2,rad/s^2,all_primary_common_complete_success_within_stratum,1,1,0.09067473139032152,0.09067473139032152,0.09067473139032152,0.09067473139032152,0.09067473139032152
original,PPO_best_550901,template_group,formal-g034,max_actual_arm_velocity_rad_s,rad/s,all_primary_common_complete_success_within_stratum,1,1,0.30706408447472067,0.30706408447472067,0.30706408447472067,0.30706408447472067,0.30706408447472067
original,PPO_best_550901,template_group,formal-g034,speed_saturated_fraction,fraction,all_primary_common_complete_success_within_stratum,1,1,0.0,0.0,0.0,0.0,0.0
original,PPO_best_550901,template_group,formal-g034,soft_limited_fraction,fraction,all_primary_common_complete_success_within_stratum,1,1,0.0,0.0,0.0,0.0,0.0
original,PPO_best_550901,template_group,formal-g034,raw_policy_component_clip_fraction,fraction,all_primary_common_complete_success_within_stratum,1,1,0.47842261904761907,0.47842261904761907,0.47842261904761907,0.47842261904761907,0.47842261904761907
original,PPO_best_550901,template_group,formal-g034,raw_policy_decisions_with_clip_fraction,fraction,all_primary_common_complete_success_within_stratum,1,1,1.0,1.0,1.0,1.0,1.0
original,PPO_best_550901,template_group,formal-g034,u_component_clip_fraction,fraction,all_primary_common_complete_success_within_stratum,1,1,0.0,0.0,0.0,0.0,0.0
original,PPO_best_550901,template_group,formal-g034,u_decisions_with_clip_fraction,fraction,all_primary_common_complete_success_within_stratum,1,1,0.0,0.0,0.0,0.0,0.0
original,PPO_best_550901,template_group,formal-g034,mean_u_abs_rad_s,rad/s,all_primary_common_complete_success_within_stratum,1,1,0.16659994806063227,0.16659994806063227,0.16659994806063227,0.16659994806063227,0.16659994806063227
original,PPO_best_550901,template_group,formal-g034,provider_mean_s,s/48Hz decision,all_primary_common_complete_success_within_stratum,1,1,0.00033735522439807636,0.00033735522439807636,0.00033735522439807636,0.00033735522439807636,0.00033735522439807636
original,PPO_best_550901,template_group,formal-g034,core_mean_s,s/240Hz step,all_primary_common_complete_success_within_stratum,1,1,0.0006003498300742649,0.0006003498300742649,0.0006003498300742649,0.0006003498300742649,0.0006003498300742649
original,PPO_best_550901,template_group,formal-g034,outer_mean_s,s/240Hz step including decision when due,all_primary_common_complete_success_within_stratum,1,1,0.0008026909521352839,0.0008026909521352839,0.0008026909521352839,0.0008026909521352839,0.0008026909521352839
original,PPO_best_550901,template_group,formal-g040,max_error_m,m,all_primary_common_complete_success_within_stratum,12,12,9.150763944673137e-05,9.221305896862255e-05,9.931656999610573e-05,7.875106621617147e-05,0.00010060613032057172
original,PPO_best_550901,template_group,formal-g040,rmse_m,m,all_primary_common_complete_success_within_stratum,12,12,6.848270005688978e-05,6.94731121265524e-05,7.165206545410244e-05,6.266462833986664e-05,7.171667533051523e-05
original,PPO_best_550901,template_group,formal-g040,endpoint_error_m,m,all_primary_common_complete_success_within_stratum,12,12,4.0415885459857676e-05,4.0485874063031944e-05,4.2384585301911185e-05,3.8155801731122046e-05,4.280322553018761e-05
original,PPO_best_550901,template_group,formal-g040,minimum_external_distance_m,m,all_primary_common_complete_success_within_stratum,12,0,,,,,
original,PPO_best_550901,template_group,formal-g040,minimum_self_distance_m,m,all_primary_common_complete_success_within_stratum,12,12,0.01972331926795473,0.019751809142603573,0.019775734124468376,0.019604977721637717,0.01977792751892602
original,PPO_best_550901,template_group,formal-g040,command_smoothness_rms_rad_s2,rad/s^2,all_primary_common_complete_success_within_stratum,12,12,0.17554809908033672,0.17599734989679103,0.1791386258497456,0.16910178719447133,0.1800824169782672
original,PPO_best_550901,template_group,formal-g040,max_actual_arm_velocity_rad_s,rad/s,all_primary_common_complete_success_within_stratum,12,12,0.2798816589922874,0.276138700802516,0.2965036872318787,0.26894207310772117,0.29775953460727056
original,PPO_best_550901,template_group,formal-g040,speed_saturated_fraction,fraction,all_primary_common_complete_success_within_stratum,12,12,0.0,0.0,0.0,0.0,0.0
original,PPO_best_550901,template_group,formal-g040,soft_limited_fraction,fraction,all_primary_common_complete_success_within_stratum,12,12,0.0,0.0,0.0,0.0,0.0
original,PPO_best_550901,template_group,formal-g040,raw_policy_component_clip_fraction,fraction,all_primary_common_complete_success_within_stratum,12,12,0.4285714285714286,0.42857142857142855,0.42857142857142855,0.42857142857142855,0.42857142857142855
original,PPO_best_550901,template_group,formal-g040,raw_policy_decisions_with_clip_fraction,fraction,all_primary_common_complete_success_within_stratum,12,12,1.0,1.0,1.0,1.0,1.0
original,PPO_best_550901,template_group,formal-g040,u_component_clip_fraction,fraction,all_primary_common_complete_success_within_stratum,12,12,0.0,0.0,0.0,0.0,0.0
original,PPO_best_550901,template_group,formal-g040,u_decisions_with_clip_fraction,fraction,all_primary_common_complete_success_within_stratum,12,12,0.0,0.0,0.0,0.0,0.0
original,PPO_best_550901,template_group,formal-g040,mean_u_abs_rad_s,rad/s,all_primary_common_complete_success_within_stratum,12,12,0.1368792849343403,0.13692955987727534,0.13784641064082584,0.13598103465157604,0.1380938028184963
original,PPO_best_550901,template_group,formal-g040,provider_mean_s,s/48Hz decision,all_primary_common_complete_success_within_stratum,12,12,0.0002589082343244324,0.00025826858329007035,0.00026733618474281687,0.0002523161197890052,0.0002679298126319433
original,PPO_best_550901,template_group,formal-g040,core_mean_s,s/240Hz step,all_primary_common_complete_success_within_stratum,12,12,0.0005553291648551648,0.0005553054332419075,0.0005592933593015914,0.000549278664478455,0.0005609816541285302
original,PPO_best_550901,template_group,formal-g040,outer_mean_s,s/240Hz step including decision when due,all_primary_common_complete_success_within_stratum,12,12,0.0006298671909715064,0.0006297577209503894,0.0006356752779720409,0.0006224897509279496,0.0006374324604166759
original,PPO_best_550901,template_group,formal-g044,max_error_m,m,all_primary_common_complete_success_within_stratum,3,3,6.282343285991903e-05,6.398088149247302e-05,6.650743112876076e-05,5.7701258221158e-05,6.678815886612606e-05
original,PPO_best_550901,template_group,formal-g044,rmse_m,m,all_primary_common_complete_success_within_stratum,3,3,4.0718659231080015e-05,4.0164787070783673e-05,4.3616061172630225e-05,3.799165454962096e-05,4.39995360728354e-05
original,PPO_best_550901,template_group,formal-g044,endpoint_error_m,m,all_primary_common_complete_success_within_stratum,3,3,6.27099687978817e-05,6.398088149247302e-05,6.650743112876076e-05,5.7360866035046024e-05,6.678815886612606e-05
original,PPO_best_550901,template_group,formal-g044,minimum_external_distance_m,m,all_primary_common_complete_success_within_stratum,3,3,0.01770634170103648,0.023692561522580577,0.024320440429602276,0.0050362588279241755,0.024390204752604686
original,PPO_best_550901,template_group,formal-g044,minimum_self_distance_m,m,all_primary_common_complete_success_within_stratum,3,3,0.019628374672373338,0.019631465245683453,0.01963553884247146,0.01961766730709976,0.019635991464336797
original,PPO_best_550901,template_group,formal-g044,command_smoothness_rms_rad_s2,rad/s^2,all_primary_common_complete_success_within_stratum,3,3,0.07725199911299664,0.07948886201601234,0.08066571805798073,0.07147065548255592,0.08079647984042167
original,PPO_best_550901,template_group,formal-g044,max_actual_arm_velocity_rad_s,rad/s,all_primary_common_complete_success_within_stratum,3,3,0.2442816161407413,0.2426490700507407,0.24810374495620977,0.24148595842577675,0.24870981994570632
original,PPO_best_550901,template_group,formal-g044,speed_saturated_fraction,fraction,all_primary_common_complete_success_within_stratum,3,3,0.0,0.0,0.0,0.0,0.0
original,PPO_best_550901,template_group,formal-g044,soft_limited_fraction,fraction,all_primary_common_complete_success_within_stratum,3,3,0.0,0.0,0.0,0.0,0.0
original,PPO_best_550901,template_group,formal-g044,raw_policy_component_clip_fraction,fraction,all_primary_common_complete_success_within_stratum,3,3,0.5523313492063492,0.5647321428571427,0.5660714285714284,0.5260416666666665,0.566220238095238
original,PPO_best_550901,template_group,formal-g044,raw_policy_decisions_with_clip_fraction,fraction,all_primary_common_complete_success_within_stratum,3,3,1.0,1.0,1.0,1.0,1.0
original,PPO_best_550901,template_group,formal-g044,u_component_clip_fraction,fraction,all_primary_common_complete_success_within_stratum,3,3,0.0,0.0,0.0,0.0,0.0
original,PPO_best_550901,template_group,formal-g044,u_decisions_with_clip_fraction,fraction,all_primary_common_complete_success_within_stratum,3,3,0.0,0.0,0.0,0.0,0.0
original,PPO_best_550901,template_group,formal-g044,mean_u_abs_rad_s,rad/s,all_primary_common_complete_success_within_stratum,3,3,0.1668391137987667,0.1678853277277778,0.1679756318821317,0.16464634799146247,0.1679856656770599
original,PPO_best_550901,template_group,formal-g044,provider_mean_s,s/48Hz decision,all_primary_common_complete_success_within_stratum,3,3,0.0003281470732064109,0.0003289779948166445,0.0003301881811315373,0.0003251405785249517,0.0003303226462776365
original,PPO_best_550901,template_group,formal-g044,core_mean_s,s/240Hz step,all_primary_common_complete_success_within_stratum,3,3,0.0005904645759983396,0.0005904911128557917,0.0005919104159359752,0.0005888344988610091,0.0005920681162782178
original,PPO_best_550901,template_group,formal-g044,outer_mean_s,s/240Hz step including decision when due,all_primary_common_complete_success_within_stratum,3,3,0.0007866987232268406,0.0007909435058688056,0.0007912615832280305,0.0007778557386548831,0.0007912969251568332
original,PPO_best_550901,template_group,formal-g051,max_error_m,m,all_primary_common_complete_success_within_stratum,10,10,4.340868500443955e-05,4.341393757845416e-05,5.827248474796616e-05,2.8885169219680547e-05,6.0836829270584024e-05
original,PPO_best_550901,template_group,formal-g051,rmse_m,m,all_primary_common_complete_success_within_stratum,10,10,3.105941049451839e-05,3.0025575015250785e-05,4.3010995026145324e-05,2.1654269039678112e-05,4.576487147561659e-05
original,PPO_best_550901,template_group,formal-g051,endpoint_error_m,m,all_primary_common_complete_success_within_stratum,10,10,3.9657911939952104e-05,3.994720454145496e-05,5.8270453321289635e-05,2.179954470888906e-05,6.0833135767535796e-05
original,PPO_best_550901,template_group,formal-g051,minimum_external_distance_m,m,all_primary_common_complete_success_within_stratum,10,10,0.026867729886599835,0.021447997138222118,0.04673575498418551,0.012881021317325936,0.04941017423657798
original,PPO_best_550901,template_group,formal-g051,minimum_self_distance_m,m,all_primary_common_complete_success_within_stratum,10,10,0.019560548537617677,0.01949363726829335,0.019856389722565766,0.019425644522532468,0.019972298632163404
original,PPO_best_550901,template_group,formal-g051,command_smoothness_rms_rad_s2,rad/s^2,all_primary_common_complete_success_within_stratum,10,10,0.5771384660286863,0.46993126968351595,1.0893378346193459,0.20642823444177927,1.1681297400373731
original,PPO_best_550901,template_group,formal-g051,max_actual_arm_velocity_rad_s,rad/s,all_primary_common_complete_success_within_stratum,10,10,0.20815467605108365,0.21680135411585477,0.22168540091652672,0.16188037495548635,0.2219544468416433
original,PPO_best_550901,template_group,formal-g051,speed_saturated_fraction,fraction,all_primary_common_complete_success_within_stratum,10,10,0.0,0.0,0.0,0.0,0.0
original,PPO_best_550901,template_group,formal-g051,soft_limited_fraction,fraction,all_primary_common_complete_success_within_stratum,10,10,0.0,0.0,0.0,0.0,0.0
original,PPO_best_550901,template_group,formal-g051,raw_policy_component_clip_fraction,fraction,all_primary_common_complete_success_within_stratum,10,10,0.12596726190476187,0.12239583333333329,0.23065476190476186,0.05282738095238094,0.23065476190476186
original,PPO_best_550901,template_group,formal-g051,raw_policy_decisions_with_clip_fraction,fraction,all_primary_common_complete_success_within_stratum,10,10,0.6729166666666667,0.8567708333333333,1.0,0.21354166666666666,1.0
original,PPO_best_550901,template_group,formal-g051,u_component_clip_fraction,fraction,all_primary_common_complete_success_within_stratum,10,10,0.0,0.0,0.0,0.0,0.0
original,PPO_best_550901,template_group,formal-g051,u_decisions_with_clip_fraction,fraction,all_primary_common_complete_success_within_stratum,10,10,0.0,0.0,0.0,0.0,0.0
original,PPO_best_550901,template_group,formal-g051,mean_u_abs_rad_s,rad/s,all_primary_common_complete_success_within_stratum,10,10,0.10446930377741366,0.10645111860829362,0.1137475949448223,0.08564804967830977,0.11426538787338705
original,PPO_best_550901,template_group,formal-g051,provider_mean_s,s/48Hz decision,all_primary_common_complete_success_within_stratum,10,10,0.00031633334885251927,0.0003163570257053531,0.00032892816881258113,0.00030431794236089144,0.00033010734955496446
original,PPO_best_550901,template_group,formal-g051,core_mean_s,s/240Hz step,all_primary_common_complete_success_within_stratum,10,10,0.0005871845700236614,0.0005871011634023186,0.0005923096988158249,0.0005800917198484967,0.0005942735260759946
original,PPO_best_550901,template_group,formal-g051,outer_mean_s,s/240Hz step including decision when due,all_primary_common_complete_success_within_stratum,10,10,0.000760580455210705,0.0007562382790410993,0.0007900291117569698,0.0007315825697939241,0.0007927595583926935
original,PPO_best_550901,template_group,formal-g053,max_error_m,m,all_primary_common_complete_success_within_stratum,1,1,7.003114649342426e-05,7.003114649342426e-05,7.003114649342426e-05,7.003114649342426e-05,7.003114649342426e-05
original,PPO_best_550901,template_group,formal-g053,rmse_m,m,all_primary_common_complete_success_within_stratum,1,1,5.86667880753911e-05,5.86667880753911e-05,5.86667880753911e-05,5.86667880753911e-05,5.86667880753911e-05
original,PPO_best_550901,template_group,formal-g053,endpoint_error_m,m,all_primary_common_complete_success_within_stratum,1,1,5.5517928714614005e-05,5.5517928714614005e-05,5.5517928714614005e-05,5.5517928714614005e-05,5.5517928714614005e-05
original,PPO_best_550901,template_group,formal-g053,minimum_external_distance_m,m,all_primary_common_complete_success_within_stratum,1,1,0.027459055596968845,0.027459055596968845,0.027459055596968845,0.027459055596968845,0.027459055596968845
original,PPO_best_550901,template_group,formal-g053,minimum_self_distance_m,m,all_primary_common_complete_success_within_stratum,1,1,0.019599477261328872,0.019599477261328872,0.019599477261328872,0.019599477261328872,0.019599477261328872
original,PPO_best_550901,template_group,formal-g053,command_smoothness_rms_rad_s2,rad/s^2,all_primary_common_complete_success_within_stratum,1,1,1.0112536798362286,1.0112536798362286,1.0112536798362286,1.0112536798362286,1.0112536798362286
original,PPO_best_550901,template_group,formal-g053,max_actual_arm_velocity_rad_s,rad/s,all_primary_common_complete_success_within_stratum,1,1,0.20614009295112917,0.20614009295112917,0.20614009295112917,0.20614009295112917,0.20614009295112917
original,PPO_best_550901,template_group,formal-g053,speed_saturated_fraction,fraction,all_primary_common_complete_success_within_stratum,1,1,0.0,0.0,0.0,0.0,0.0
original,PPO_best_550901,template_group,formal-g053,soft_limited_fraction,fraction,all_primary_common_complete_success_within_stratum,1,1,0.0,0.0,0.0,0.0,0.0
original,PPO_best_550901,template_group,formal-g053,raw_policy_component_clip_fraction,fraction,all_primary_common_complete_success_within_stratum,1,1,0.15997023809523805,0.15997023809523805,0.15997023809523805,0.15997023809523805,0.15997023809523805
original,PPO_best_550901,template_group,formal-g053,raw_policy_decisions_with_clip_fraction,fraction,all_primary_common_complete_success_within_stratum,1,1,1.0,1.0,1.0,1.0,1.0
original,PPO_best_550901,template_group,formal-g053,u_component_clip_fraction,fraction,all_primary_common_complete_success_within_stratum,1,1,0.0,0.0,0.0,0.0,0.0
original,PPO_best_550901,template_group,formal-g053,u_decisions_with_clip_fraction,fraction,all_primary_common_complete_success_within_stratum,1,1,0.0,0.0,0.0,0.0,0.0
original,PPO_best_550901,template_group,formal-g053,mean_u_abs_rad_s,rad/s,all_primary_common_complete_success_within_stratum,1,1,0.10357735333631615,0.10357735333631615,0.10357735333631615,0.10357735333631615,0.10357735333631615
original,PPO_best_550901,template_group,formal-g053,provider_mean_s,s/48Hz decision,all_primary_common_complete_success_within_stratum,1,1,0.0003172871508165069,0.0003172871508165069,0.0003172871508165069,0.0003172871508165069,0.0003172871508165069
original,PPO_best_550901,template_group,formal-g053,core_mean_s,s/240Hz step,all_primary_common_complete_success_within_stratum,1,1,0.0005888448635838965,0.0005888448635838965,0.0005888448635838965,0.0005888448635838965,0.0005888448635838965
original,PPO_best_550901,template_group,formal-g053,outer_mean_s,s/240Hz step including decision when due,all_primary_common_complete_success_within_stratum,1,1,0.0007673018054144147,0.0007673018054144147,0.0007673018054144147,0.0007673018054144147,0.0007673018054144147
original,PPO_best_550901,template_group,formal-g054,max_error_m,m,all_primary_common_complete_success_within_stratum,2,2,7.32025775708596e-05,7.32025775708596e-05,7.442466280006862e-05,7.184470509396067e-05,7.45604500477585e-05
original,PPO_best_550901,template_group,formal-g054,rmse_m,m,all_primary_common_complete_success_within_stratum,2,2,5.2083837346039426e-05,5.2083837346039426e-05,5.2819263606817944e-05,5.1266697056285516e-05,5.2900977635793336e-05
original,PPO_best_550901,template_group,formal-g054,endpoint_error_m,m,all_primary_common_complete_success_within_stratum,2,2,7.32025775708596e-05,7.32025775708596e-05,7.442466280006862e-05,7.184470509396067e-05,7.45604500477585e-05
original,PPO_best_550901,template_group,formal-g054,minimum_external_distance_m,m,all_primary_common_complete_success_within_stratum,2,2,0.02993464241487019,0.02993464241487019,0.03371180595455511,0.025737794037442502,0.03413149079229788
original,PPO_best_550901,template_group,formal-g054,minimum_self_distance_m,m,all_primary_common_complete_success_within_stratum,2,2,0.01963991631002477,0.01963991631002477,0.01964002644075393,0.019639793942547924,0.019640038677501616
original,PPO_best_550901,template_group,formal-g054,command_smoothness_rms_rad_s2,rad/s^2,all_primary_common_complete_success_within_stratum,2,2,0.09876550873731377,0.09876550873731377,0.10117237333545341,0.09609121473938083,0.1014398027352467
original,PPO_best_550901,template_group,formal-g054,max_actual_arm_velocity_rad_s,rad/s,all_primary_common_complete_success_within_stratum,2,2,0.2589419297184782,0.2589419297184782,0.2595999654903897,0.25821077886079863,0.2596730805761577
original,PPO_best_550901,template_group,formal-g054,speed_saturated_fraction,fraction,all_primary_common_complete_success_within_stratum,2,2,0.0,0.0,0.0,0.0,0.0
original,PPO_best_550901,template_group,formal-g054,soft_limited_fraction,fraction,all_primary_common_complete_success_within_stratum,2,2,0.0,0.0,0.0,0.0,0.0
original,PPO_best_550901,template_group,formal-g054,raw_policy_component_clip_fraction,fraction,all_primary_common_complete_success_within_stratum,2,2,0.6454613095238095,0.6454613095238095,0.6558407738095238,0.6339285714285714,0.6569940476190476
original,PPO_best_550901,template_group,formal-g054,raw_policy_decisions_with_clip_fraction,fraction,all_primary_common_complete_success_within_stratum,2,2,1.0,1.0,1.0,1.0,1.0
original,PPO_best_550901,template_group,formal-g054,u_component_clip_fraction,fraction,all_primary_common_complete_success_within_stratum,2,2,0.0,0.0,0.0,0.0,0.0
original,PPO_best_550901,template_group,formal-g054,u_decisions_with_clip_fraction,fraction,all_primary_common_complete_success_within_stratum,2,2,0.0,0.0,0.0,0.0,0.0
original,PPO_best_550901,template_group,formal-g054,mean_u_abs_rad_s,rad/s,all_primary_common_complete_success_within_stratum,2,2,0.16816420017767952,0.16816420017767952,0.16818474415992524,0.16814137353073982,0.1681870268246192
original,PPO_best_550901,template_group,formal-g054,provider_mean_s,s/48Hz decision,all_primary_common_complete_success_within_stratum,2,2,0.0003253759479472743,0.0003253759479472743,0.0003262403653404059,0.0003244154841771281,0.00032633641171742056
original,PPO_best_550901,template_group,formal-g054,core_mean_s,s/240Hz step,all_primary_common_complete_success_within_stratum,2,2,0.0005925912561148531,0.0005925912561148531,0.0005930349702627306,0.0005920982403949893,0.000593084271834717
original,PPO_best_550901,template_group,formal-g054,outer_mean_s,s/240Hz step including decision when due,all_primary_common_complete_success_within_stratum,2,2,0.000790738402884017,0.000790738402884017,0.0007918870757293916,0.0007894620997224896,0.0007920147060455444
original,PPO_best_550901,template_group,formal-g057,max_error_m,m,all_primary_common_complete_success_within_stratum,2,2,4.749019806509194e-05,4.749019806509194e-05,4.815509131291017e-05,4.675142778973835e-05,4.822896834044553e-05
original,PPO_best_550901,template_group,formal-g057,rmse_m,m,all_primary_common_complete_success_within_stratum,2,2,3.828109667643375e-05,3.828109667643375e-05,3.9972080586741e-05,3.6402225664981264e-05,4.015996768788625e-05
original,PPO_best_550901,template_group,formal-g057,endpoint_error_m,m,all_primary_common_complete_success_within_stratum,2,2,3.619975177485421e-05,3.619975177485421e-05,3.6579809401617016e-05,3.5777465522895534e-05,3.662203802681288e-05
original,PPO_best_550901,template_group,formal-g057,minimum_external_distance_m,m,all_primary_common_complete_success_within_stratum,2,2,0.0032816393393286444,0.0032816393393286444,0.003511117706696345,0.003026663375586755,0.003536615303070534
original,PPO_best_550901,template_group,formal-g057,minimum_self_distance_m,m,all_primary_common_complete_success_within_stratum,2,2,0.019631626545996973,0.019631626545996973,0.019641443593860414,0.019620718715037594,0.01964253437695635
original,PPO_best_550901,template_group,formal-g057,command_smoothness_rms_rad_s2,rad/s^2,all_primary_common_complete_success_within_stratum,2,2,0.8299724236362066,0.8299724236362066,0.9190536019593442,0.7309933366104981,0.9289515106619151
original,PPO_best_550901,template_group,formal-g057,max_actual_arm_velocity_rad_s,rad/s,all_primary_common_complete_success_within_stratum,2,2,0.26137058019427795,0.26137058019427795,0.2633841668623025,0.2591332616742506,0.26360789871430523
original,PPO_best_550901,template_group,formal-g057,speed_saturated_fraction,fraction,all_primary_common_complete_success_within_stratum,2,2,0.0,0.0,0.0,0.0,0.0
original,PPO_best_550901,template_group,formal-g057,soft_limited_fraction,fraction,all_primary_common_complete_success_within_stratum,2,2,0.0,0.0,0.0,0.0,0.0
original,PPO_best_550901,template_group,formal-g057,raw_policy_component_clip_fraction,fraction,all_primary_common_complete_success_within_stratum,2,2,0.43266369047619047,0.43266369047619047,0.43701636904761904,0.42782738095238093,0.4375
original,PPO_best_550901,template_group,formal-g057,raw_policy_decisions_with_clip_fraction,fraction,all_primary_common_complete_success_within_stratum,2,2,1.0,1.0,1.0,1.0,1.0
original,PPO_best_550901,template_group,formal-g057,u_component_clip_fraction,fraction,all_primary_common_complete_success_within_stratum,2,2,0.0,0.0,0.0,0.0,0.0
original,PPO_best_550901,template_group,formal-g057,u_decisions_with_clip_fraction,fraction,all_primary_common_complete_success_within_stratum,2,2,0.0,0.0,0.0,0.0,0.0
original,PPO_best_550901,template_group,formal-g057,mean_u_abs_rad_s,rad/s,all_primary_common_complete_success_within_stratum,2,2,0.15355768902331224,0.15355768902331224,0.15520123645074949,0.15173152521504865,0.15538385283157585
original,PPO_best_550901,template_group,formal-g057,provider_mean_s,s/48Hz decision,all_primary_common_complete_success_within_stratum,2,2,0.00030196261968740146,0.00030196261968740146,0.0003102880412598097,0.00029271215127361455,0.00031121308810118836
original,PPO_best_550901,template_group,formal-g057,core_mean_s,s/240Hz step,all_primary_common_complete_success_within_stratum,2,2,0.0005792710718878879,0.0005792710718878879,0.0005813806990113336,0.0005769270417507262,0.0005816151020250497
original,PPO_best_550901,template_group,formal-g057,outer_mean_s,s/240Hz step including decision when due,all_primary_common_complete_success_within_stratum,2,2,0.0007250630864064078,0.0007250630864064078,0.0007420128622493393,0.0007062300021364839,0.0007438961706763318
original,PPO_best_551901,category,far,max_error_m,m,all_primary_common_complete_success_within_stratum,36,36,7.141766301433873e-05,7.183105862733574e-05,7.765264155549561e-05,6.306964415333517e-05,8.018429766215702e-05
original,PPO_best_551901,category,far,rmse_m,m,all_primary_common_complete_success_within_stratum,36,36,4.149090578382724e-05,4.184201389868836e-05,4.8844066638994035e-05,3.2887509177441427e-05,4.99020248375834e-05
original,PPO_best_551901,category,far,endpoint_error_m,m,all_primary_common_complete_success_within_stratum,36,36,7.129093101227749e-05,7.183105862733574e-05,7.765264155549561e-05,6.261652100685319e-05,8.018429766215702e-05
original,PPO_best_551901,category,far,minimum_external_distance_m,m,all_primary_common_complete_success_within_stratum,36,0,,,,,
original,PPO_best_551901,category,far,minimum_self_distance_m,m,all_primary_common_complete_success_within_stratum,36,36,0.01893580700059217,0.01932942683638002,0.019647533067087202,0.016799513960960945,0.01967380515510085
original,PPO_best_551901,category,far,command_smoothness_rms_rad_s2,rad/s^2,all_primary_common_complete_success_within_stratum,36,36,0.12795092035519456,0.12574433104874402,0.13795849641261948,0.1196736798345375,0.14610915654529008
original,PPO_best_551901,category,far,max_actual_arm_velocity_rad_s,rad/s,all_primary_common_complete_success_within_stratum,36,36,0.26975826137778774,0.2693101395052321,0.28041981925220993,0.2593691549627117,0.2894377329656554
original,PPO_best_551901,category,far,speed_saturated_fraction,fraction,all_primary_common_complete_success_within_stratum,36,36,0.0,0.0,0.0,0.0,0.0
original,PPO_best_551901,category,far,soft_limited_fraction,fraction,all_primary_common_complete_success_within_stratum,36,36,0.0,0.0,0.0,0.0,0.0
original,PPO_best_551901,category,far,raw_policy_component_clip_fraction,fraction,all_primary_common_complete_success_within_stratum,36,36,0.7142857142857144,0.7142857142857143,0.7142857142857143,0.7142857142857143,0.7142857142857143
original,PPO_best_551901,category,far,raw_policy_decisions_with_clip_fraction,fraction,all_primary_common_complete_success_within_stratum,36,36,1.0,1.0,1.0,1.0,1.0
original,PPO_best_551901,category,far,u_component_clip_fraction,fraction,all_primary_common_complete_success_within_stratum,36,36,0.0,0.0,0.0,0.0,0.0
original,PPO_best_551901,category,far,u_decisions_with_clip_fraction,fraction,all_primary_common_complete_success_within_stratum,36,36,0.0,0.0,0.0,0.0,0.0
original,PPO_best_551901,category,far,mean_u_abs_rad_s,rad/s,all_primary_common_complete_success_within_stratum,36,36,0.15614092675902788,0.15604634634773468,0.15801076415879098,0.1540757091150486,0.15862294048946793
original,PPO_best_551901,category,far,provider_mean_s,s/48Hz decision,all_primary_common_complete_success_within_stratum,36,36,0.00026319236053074776,0.00026147146290137846,0.0002728947360045216,0.0002542691879625636,0.0003108201713833599
original,PPO_best_551901,category,far,core_mean_s,s/240Hz step,all_primary_common_complete_success_within_stratum,36,36,0.0005637062568144689,0.0005590641097266294,0.0005761967696988298,0.0005544632083910983,0.0006664165685227393
original,PPO_best_551901,category,far,outer_mean_s,s/240Hz step including decision when due,all_primary_common_complete_success_within_stratum,36,36,0.0006392311786347211,0.000634042168136754,0.0006560000931358444,0.0006288864488093774,0.0007422690894145489
original,PPO_best_551901,category,near_link,max_error_m,m,all_primary_common_complete_success_within_stratum,51,51,6.664714917276587e-05,6.63369800685297e-05,0.00010602106077207052,3.471285027995454e-05,0.00011176130919264031
original,PPO_best_551901,category,near_link,rmse_m,m,all_primary_common_complete_success_within_stratum,51,51,4.891154463607343e-05,4.98625313534281e-05,7.605904016674028e-05,2.243630177482459e-05,7.84772959310371e-05
original,PPO_best_551901,category,near_link,endpoint_error_m,m,all_primary_common_complete_success_within_stratum,51,51,5.064967651876866e-05,4.0950756899252075e-05,0.00010602106077207052,2.067974786130568e-05,0.00011170751347133216
original,PPO_best_551901,category,near_link,minimum_external_distance_m,m,all_primary_common_complete_success_within_stratum,51,51,0.029218864383741012,0.027431086204137964,0.047789604207206036,0.005389593533349557,0.049725540706937355
original,PPO_best_551901,category,near_link,minimum_self_distance_m,m,all_primary_common_complete_success_within_stratum,51,51,0.019409629878609797,0.019579023580598674,0.019841334528396194,0.01708121238349214,0.01997325073936116
original,PPO_best_551901,category,near_link,command_smoothness_rms_rad_s2,rad/s^2,all_primary_common_complete_success_within_stratum,51,51,0.7946066440375157,0.5756225286943548,1.6105806705883294,0.13336538119894498,6.621537526632518
original,PPO_best_551901,category,near_link,max_actual_arm_velocity_rad_s,rad/s,all_primary_common_complete_success_within_stratum,51,51,0.26471656781372893,0.26256991734194846,0.29525874799819196,0.19997307557242774,0.31636574912266496
original,PPO_best_551901,category,near_link,speed_saturated_fraction,fraction,all_primary_common_complete_success_within_stratum,51,51,0.0,0.0,0.0,0.0,0.0
original,PPO_best_551901,category,near_link,soft_limited_fraction,fraction,all_primary_common_complete_success_within_stratum,51,51,0.0,0.0,0.0,0.0,0.0
original,PPO_best_551901,category,near_link,raw_policy_component_clip_fraction,fraction,all_primary_common_complete_success_within_stratum,51,51,0.3108222455648926,0.27008928571428564,0.599330357142857,0.14285714285714282,0.7061011904761904
original,PPO_best_551901,category,near_link,raw_policy_decisions_with_clip_fraction,fraction,all_primary_common_complete_success_within_stratum,51,51,0.9962214052287582,1.0,1.0,0.8697916666666666,1.0
original,PPO_best_551901,category,near_link,u_component_clip_fraction,fraction,all_primary_common_complete_success_within_stratum,51,51,0.0,0.0,0.0,0.0,0.0
original,PPO_best_551901,category,near_link,u_decisions_with_clip_fraction,fraction,all_primary_common_complete_success_within_stratum,51,51,0.0,0.0,0.0,0.0,0.0
original,PPO_best_551901,category,near_link,mean_u_abs_rad_s,rad/s,all_primary_common_complete_success_within_stratum,51,51,0.13404644255750425,0.1302369871259933,0.17679347365739798,0.10104929605516927,0.1900782879530674
original,PPO_best_551901,category,near_link,provider_mean_s,s/48Hz decision,all_primary_common_complete_success_within_stratum,51,51,0.0003149044633868043,0.0003137529111730449,0.0003382354220017684,0.0002895258586856168,0.0003558814531364381
original,PPO_best_551901,category,near_link,core_mean_s,s/240Hz step,all_primary_common_complete_success_within_stratum,51,51,0.0005835919132538883,0.0005834774770998289,0.0005939154712905293,0.000563285341786468,0.0006017316084125923
original,PPO_best_551901,category,near_link,outer_mean_s,s/240Hz step including decision when due,all_primary_common_complete_success_within_stratum,51,51,0.0007472062084524342,0.0007461116332099967,0.0007924709817189069,0.0006985792383905694,0.0008037081894447814
original,PPO_best_551901,category,tight_layout,max_error_m,m,all_primary_common_complete_success_within_stratum,17,17,6.470954863875096e-05,6.841814486441424e-05,8.677154070219228e-05,1.914750495896854e-05,0.00011308154594442374
original,PPO_best_551901,category,tight_layout,rmse_m,m,all_primary_common_complete_success_within_stratum,17,17,4.620673199486532e-05,4.4458738247249736e-05,6.838687475303329e-05,1.3094536283188227e-05,8.404969193140086e-05
original,PPO_best_551901,category,tight_layout,endpoint_error_m,m,all_primary_common_complete_success_within_stratum,17,17,5.0461036004244776e-05,5.82675384157246e-05,8.375553782554498e-05,1.0143347394604114e-05,0.00011308154594442374
original,PPO_best_551901,category,tight_layout,minimum_external_distance_m,m,all_primary_common_complete_success_within_stratum,17,17,0.018540193576527003,0.019168544850035843,0.04207177207857052,0.0023255875498373463,0.043387911572244336
original,PPO_best_551901,category,tight_layout,minimum_self_distance_m,m,all_primary_common_complete_success_within_stratum,17,17,0.016385139531901394,0.019577748040411173,0.01981173656688689,0.0037660932996584724,0.019931877218036118
original,PPO_best_551901,category,tight_layout,command_smoothness_rms_rad_s2,rad/s^2,all_primary_common_complete_success_within_stratum,17,17,0.19362294767997035,0.16808672228289295,0.33702429839516607,0.08068244906285203,0.5330249943202022
original,PPO_best_551901,category,tight_layout,max_actual_arm_velocity_rad_s,rad/s,all_primary_common_complete_success_within_stratum,17,17,0.27961852404346704,0.2832113588909847,0.29855040400250116,0.2512197664036517,0.3143858316005401
original,PPO_best_551901,category,tight_layout,speed_saturated_fraction,fraction,all_primary_common_complete_success_within_stratum,17,17,0.0,0.0,0.0,0.0,0.0
original,PPO_best_551901,category,tight_layout,soft_limited_fraction,fraction,all_primary_common_complete_success_within_stratum,17,17,0.0,0.0,0.0,0.0,0.0
original,PPO_best_551901,category,tight_layout,raw_policy_component_clip_fraction,fraction,all_primary_common_complete_success_within_stratum,17,17,0.5342699579831932,0.5014880952380951,0.81875,0.2864583333333332,0.8437499999999999
original,PPO_best_551901,category,tight_layout,raw_policy_decisions_with_clip_fraction,fraction,all_primary_common_complete_success_within_stratum,17,17,1.0,1.0,1.0,1.0,1.0
original,PPO_best_551901,category,tight_layout,u_component_clip_fraction,fraction,all_primary_common_complete_success_within_stratum,17,17,0.0,0.0,0.0,0.0,0.0
original,PPO_best_551901,category,tight_layout,u_decisions_with_clip_fraction,fraction,all_primary_common_complete_success_within_stratum,17,17,0.0,0.0,0.0,0.0,0.0
original,PPO_best_551901,category,tight_layout,mean_u_abs_rad_s,rad/s,all_primary_common_complete_success_within_stratum,17,17,0.1635610778440711,0.15794706305134154,0.1902843527974827,0.1312756084925717,0.19289655265886163
original,PPO_best_551901,category,tight_layout,provider_mean_s,s/48Hz decision,all_primary_common_complete_success_within_stratum,17,17,0.000319997675598072,0.00032320848883197567,0.0003420438335827687,0.00029480397946220666,0.00035262372951668414
original,PPO_best_551901,category,tight_layout,core_mean_s,s/240Hz step,all_primary_common_complete_success_within_stratum,17,17,0.0005867915469827815,0.0005873776780238889,0.0005989301114671737,0.0005700419801542012,0.0005997109831848017
original,PPO_best_551901,category,tight_layout,outer_mean_s,s/240Hz step including decision when due,all_primary_common_complete_success_within_stratum,17,17,0.0007577994507238483,0.0007754065366801418,0.0008006111545243281,0.0007095270968723829,0.0008008630281437946
original,PPO_best_551901,template_group,formal-g003,max_error_m,m,all_primary_common_complete_success_within_stratum,12,12,7.358787755822319e-05,7.053367004311852e-05,8.987385966187243e-05,5.8774304814906236e-05,9.034379762591001e-05
original,PPO_best_551901,template_group,formal-g003,rmse_m,m,all_primary_common_complete_success_within_stratum,12,12,5.7510811091559005e-05,5.668745003553743e-05,6.848298486098683e-05,4.31683380956235e-05,6.945293484885719e-05
original,PPO_best_551901,template_group,formal-g003,endpoint_error_m,m,all_primary_common_complete_success_within_stratum,12,12,3.64163631155228e-05,3.581045122232129e-05,5.384722791704283e-05,2.3637213302376993e-05,5.440817655344639e-05
original,PPO_best_551901,template_group,formal-g003,minimum_external_distance_m,m,all_primary_common_complete_success_within_stratum,12,12,0.03344579710738065,0.033515027396874085,0.047812171599278266,0.016779510135819728,0.049725540706937355
original,PPO_best_551901,template_group,formal-g003,minimum_self_distance_m,m,all_primary_common_complete_success_within_stratum,12,12,0.019624064505993646,0.019597193054696677,0.019725951132005013,0.019538763638043077,0.019731580765267175
original,PPO_best_551901,template_group,formal-g003,command_smoothness_rms_rad_s2,rad/s^2,all_primary_common_complete_success_within_stratum,12,12,0.9654353921548839,0.9676112347900064,1.6104810712593824,0.23441371908914066,1.6115766638777989
original,PPO_best_551901,template_group,formal-g003,max_actual_arm_velocity_rad_s,rad/s,all_primary_common_complete_success_within_stratum,12,12,0.2636824148235851,0.2676037898164697,0.2794108061484836,0.23748823292666357,0.2799942394469431
original,PPO_best_551901,template_group,formal-g003,speed_saturated_fraction,fraction,all_primary_common_complete_success_within_stratum,12,12,0.0,0.0,0.0,0.0,0.0
original,PPO_best_551901,template_group,formal-g003,soft_limited_fraction,fraction,all_primary_common_complete_success_within_stratum,12,12,0.0,0.0,0.0,0.0,0.0
original,PPO_best_551901,template_group,formal-g003,raw_policy_component_clip_fraction,fraction,all_primary_common_complete_success_within_stratum,12,12,0.23939732142857137,0.22619047619047614,0.3274925595238094,0.17113095238095233,0.3467261904761904
original,PPO_best_551901,template_group,formal-g003,raw_policy_decisions_with_clip_fraction,fraction,all_primary_common_complete_success_within_stratum,12,12,1.0,1.0,1.0,1.0,1.0
original,PPO_best_551901,template_group,formal-g003,u_component_clip_fraction,fraction,all_primary_common_complete_success_within_stratum,12,12,0.0,0.0,0.0,0.0,0.0
original,PPO_best_551901,template_group,formal-g003,u_decisions_with_clip_fraction,fraction,all_primary_common_complete_success_within_stratum,12,12,0.0,0.0,0.0,0.0,0.0
original,PPO_best_551901,template_group,formal-g003,mean_u_abs_rad_s,rad/s,all_primary_common_complete_success_within_stratum,12,12,0.121889718955709,0.12346636915532316,0.14121100546927967,0.10380124855721425,0.14329145450998718
original,PPO_best_551901,template_group,formal-g003,provider_mean_s,s/48Hz decision,all_primary_common_complete_success_within_stratum,12,12,0.0003277081924200805,0.0003288376794519839,0.00033806660604417024,0.00031150005816016346,0.00033816232295672916
original,PPO_best_551901,template_group,formal-g003,core_mean_s,s/240Hz step,all_primary_common_complete_success_within_stratum,12,12,0.0005837333951679587,0.0005850670140489456,0.0005901325943667265,0.0005709986122686435,0.0005906863739558806
original,PPO_best_551901,template_group,formal-g003,outer_mean_s,s/240Hz step including decision when due,all_primary_common_complete_success_within_stratum,12,12,0.000766913011839026,0.0007682720684291174,0.0007888759070965534,0.0007372643315496437,0.0007906384417007454
original,PPO_best_551901,template_group,formal-g006,max_error_m,m,all_primary_common_complete_success_within_stratum,1,1,5.725643026374712e-05,5.725643026374712e-05,5.725643026374712e-05,5.725643026374712e-05,5.725643026374712e-05
original,PPO_best_551901,template_group,formal-g006,rmse_m,m,all_primary_common_complete_success_within_stratum,1,1,4.059487114485665e-05,4.059487114485665e-05,4.059487114485665e-05,4.059487114485665e-05,4.059487114485665e-05
original,PPO_best_551901,template_group,formal-g006,endpoint_error_m,m,all_primary_common_complete_success_within_stratum,1,1,2.067974786130568e-05,2.067974786130568e-05,2.067974786130568e-05,2.067974786130568e-05,2.067974786130568e-05
original,PPO_best_551901,template_group,formal-g006,minimum_external_distance_m,m,all_primary_common_complete_success_within_stratum,1,1,0.013644399431133547,0.013644399431133547,0.013644399431133547,0.013644399431133547,0.013644399431133547
original,PPO_best_551901,template_group,formal-g006,minimum_self_distance_m,m,all_primary_common_complete_success_within_stratum,1,1,0.019579023580598674,0.019579023580598674,0.019579023580598674,0.019579023580598674,0.019579023580598674
original,PPO_best_551901,template_group,formal-g006,command_smoothness_rms_rad_s2,rad/s^2,all_primary_common_complete_success_within_stratum,1,1,0.2617753014170957,0.2617753014170957,0.2617753014170957,0.2617753014170957,0.2617753014170957
original,PPO_best_551901,template_group,formal-g006,max_actual_arm_velocity_rad_s,rad/s,all_primary_common_complete_success_within_stratum,1,1,0.31636574912266496,0.31636574912266496,0.31636574912266496,0.31636574912266496,0.31636574912266496
original,PPO_best_551901,template_group,formal-g006,speed_saturated_fraction,fraction,all_primary_common_complete_success_within_stratum,1,1,0.0,0.0,0.0,0.0,0.0
original,PPO_best_551901,template_group,formal-g006,soft_limited_fraction,fraction,all_primary_common_complete_success_within_stratum,1,1,0.0,0.0,0.0,0.0,0.0
original,PPO_best_551901,template_group,formal-g006,raw_policy_component_clip_fraction,fraction,all_primary_common_complete_success_within_stratum,1,1,0.4084821428571428,0.4084821428571428,0.4084821428571428,0.4084821428571428,0.4084821428571428
original,PPO_best_551901,template_group,formal-g006,raw_policy_decisions_with_clip_fraction,fraction,all_primary_common_complete_success_within_stratum,1,1,1.0,1.0,1.0,1.0,1.0
original,PPO_best_551901,template_group,formal-g006,u_component_clip_fraction,fraction,all_primary_common_complete_success_within_stratum,1,1,0.0,0.0,0.0,0.0,0.0
original,PPO_best_551901,template_group,formal-g006,u_decisions_with_clip_fraction,fraction,all_primary_common_complete_success_within_stratum,1,1,0.0,0.0,0.0,0.0,0.0
original,PPO_best_551901,template_group,formal-g006,mean_u_abs_rad_s,rad/s,all_primary_common_complete_success_within_stratum,1,1,0.17016182060109541,0.17016182060109541,0.17016182060109541,0.17016182060109541,0.17016182060109541
original,PPO_best_551901,template_group,formal-g006,provider_mean_s,s/48Hz decision,all_primary_common_complete_success_within_stratum,1,1,0.0003236124843321401,0.0003236124843321401,0.0003236124843321401,0.0003236124843321401,0.0003236124843321401
original,PPO_best_551901,template_group,formal-g006,core_mean_s,s/240Hz step,all_primary_common_complete_success_within_stratum,1,1,0.0005783856712241686,0.0005783856712241686,0.0005783856712241686,0.0005783856712241686,0.0005783856712241686
original,PPO_best_551901,template_group,formal-g006,outer_mean_s,s/240Hz step including decision when due,all_primary_common_complete_success_within_stratum,1,1,0.0007624856509664824,0.0007624856509664824,0.0007624856509664824,0.0007624856509664824,0.0007624856509664824
original,PPO_best_551901,template_group,formal-g009,max_error_m,m,all_primary_common_complete_success_within_stratum,4,4,7.231665199766861e-05,7.120909077353336e-05,7.571113140708472e-05,7.04243906477824e-05,7.642403579582533e-05
original,PPO_best_551901,template_group,formal-g009,rmse_m,m,all_primary_common_complete_success_within_stratum,4,4,4.120964558068663e-05,4.116830137564767e-05,4.466224927705023e-05,3.7472033591507095e-05,4.502994597994407e-05
original,PPO_best_551901,template_group,formal-g009,endpoint_error_m,m,all_primary_common_complete_success_within_stratum,4,4,7.231665199766861e-05,7.120909077353336e-05,7.571113140708472e-05,7.04243906477824e-05,7.642403579582533e-05
original,PPO_best_551901,template_group,formal-g009,minimum_external_distance_m,m,all_primary_common_complete_success_within_stratum,4,4,0.01909164544601507,0.019852668995918595,0.031690209664933335,0.0030027841526193977,0.03365845963960369
original,PPO_best_551901,template_group,formal-g009,minimum_self_distance_m,m,all_primary_common_complete_success_within_stratum,4,4,0.007489746196772039,0.007232751232262471,0.011215796217203635,0.0037660932996584724,0.011727389022904738
original,PPO_best_551901,template_group,formal-g009,command_smoothness_rms_rad_s2,rad/s^2,all_primary_common_complete_success_within_stratum,4,4,0.1438345417229551,0.1514975230238052,0.18715522543936625,0.08068244906285203,0.19166067178135798
original,PPO_best_551901,template_group,formal-g009,max_actual_arm_velocity_rad_s,rad/s,all_primary_common_complete_success_within_stratum,4,4,0.288690931573301,0.2863706013974774,0.3106574334460546,0.2676366918977091,0.3143858316005401
original,PPO_best_551901,template_group,formal-g009,speed_saturated_fraction,fraction,all_primary_common_complete_success_within_stratum,4,4,0.0,0.0,0.0,0.0,0.0
original,PPO_best_551901,template_group,formal-g009,soft_limited_fraction,fraction,all_primary_common_complete_success_within_stratum,4,4,0.0,0.0,0.0,0.0,0.0
original,PPO_best_551901,template_group,formal-g009,raw_policy_component_clip_fraction,fraction,all_primary_common_complete_success_within_stratum,4,4,0.8011532738095238,0.8024553571428572,0.8390624999999999,0.7559523809523808,0.8437499999999999
original,PPO_best_551901,template_group,formal-g009,raw_policy_decisions_with_clip_fraction,fraction,all_primary_common_complete_success_within_stratum,4,4,1.0,1.0,1.0,1.0,1.0
original,PPO_best_551901,template_group,formal-g009,u_component_clip_fraction,fraction,all_primary_common_complete_success_within_stratum,4,4,0.0,0.0,0.0,0.0,0.0
original,PPO_best_551901,template_group,formal-g009,u_decisions_with_clip_fraction,fraction,all_primary_common_complete_success_within_stratum,4,4,0.0,0.0,0.0,0.0,0.0
original,PPO_best_551901,template_group,formal-g009,mean_u_abs_rad_s,rad/s,all_primary_common_complete_success_within_stratum,4,4,0.18844967778727767,0.1883723232895136,0.18946536872713338,0.1874227617379455,0.18963130283213797
original,PPO_best_551901,template_group,formal-g009,provider_mean_s,s/48Hz decision,all_primary_common_complete_success_within_stratum,4,4,0.00030803918997435176,0.00030168859351912636,0.0003299135168807273,0.00029480397946220666,0.00033397559339694755
original,PPO_best_551901,template_group,formal-g009,core_mean_s,s/240Hz step,all_primary_common_complete_success_within_stratum,4,4,0.0005823541385514849,0.0005803937943028359,0.000590279829134488,0.000576870464813813,0.0005917585007864546
original,PPO_best_551901,template_group,formal-g009,outer_mean_s,s/240Hz step including decision when due,all_primary_common_complete_success_within_stratum,4,4,0.0007211889249560954,0.0007194168363488036,0.0007325953227473291,0.0007115707584792592,0.0007343512686475151
original,PPO_best_551901,template_group,formal-g010,max_error_m,m,all_primary_common_complete_success_within_stratum,12,12,7.135269336758213e-05,7.152393831888671e-05,7.281318838358901e-05,6.923898144700308e-05,7.30402517533119e-05
original,PPO_best_551901,template_group,formal-g010,rmse_m,m,all_primary_common_complete_success_within_stratum,12,12,4.4315008586459944e-05,4.370732593088942e-05,4.8536533036309215e-05,4.117211851090642e-05,4.85981572825909e-05
original,PPO_best_551901,template_group,formal-g010,endpoint_error_m,m,all_primary_common_complete_success_within_stratum,12,12,7.135269336758213e-05,7.152393831888671e-05,7.281318838358901e-05,6.923898144700308e-05,7.30402517533119e-05
original,PPO_best_551901,template_group,formal-g010,minimum_external_distance_m,m,all_primary_common_complete_success_within_stratum,12,0,,,,,
original,PPO_best_551901,template_group,formal-g010,minimum_self_distance_m,m,all_primary_common_complete_success_within_stratum,12,12,0.019435435835192267,0.019390806674379788,0.019615473124727237,0.019285852137650848,0.019631654713529477
original,PPO_best_551901,template_group,formal-g010,command_smoothness_rms_rad_s2,rad/s^2,all_primary_common_complete_success_within_stratum,12,12,0.12467095106232334,0.124478838058801,0.13069522473393294,0.1196736798345375,0.13261953729362852
original,PPO_best_551901,template_group,formal-g010,max_actual_arm_velocity_rad_s,rad/s,all_primary_common_complete_success_within_stratum,12,12,0.27249139342091394,0.27118928657513475,0.28043731811555983,0.26491741595663376,0.28067982593434704
original,PPO_best_551901,template_group,formal-g010,speed_saturated_fraction,fraction,all_primary_common_complete_success_within_stratum,12,12,0.0,0.0,0.0,0.0,0.0
original,PPO_best_551901,template_group,formal-g010,soft_limited_fraction,fraction,all_primary_common_complete_success_within_stratum,12,12,0.0,0.0,0.0,0.0,0.0
original,PPO_best_551901,template_group,formal-g010,raw_policy_component_clip_fraction,fraction,all_primary_common_complete_success_within_stratum,12,12,0.7142857142857143,0.7142857142857143,0.7142857142857143,0.7142857142857143,0.7142857142857143
original,PPO_best_551901,template_group,formal-g010,raw_policy_decisions_with_clip_fraction,fraction,all_primary_common_complete_success_within_stratum,12,12,1.0,1.0,1.0,1.0,1.0
original,PPO_best_551901,template_group,formal-g010,u_component_clip_fraction,fraction,all_primary_common_complete_success_within_stratum,12,12,0.0,0.0,0.0,0.0,0.0
original,PPO_best_551901,template_group,formal-g010,u_decisions_with_clip_fraction,fraction,all_primary_common_complete_success_within_stratum,12,12,0.0,0.0,0.0,0.0,0.0
original,PPO_best_551901,template_group,formal-g010,mean_u_abs_rad_s,rad/s,all_primary_common_complete_success_within_stratum,12,12,0.1551921190738785,0.15508694184411848,0.15636869329138703,0.1540757091150486,0.15649330469646625
original,PPO_best_551901,template_group,formal-g010,provider_mean_s,s/48Hz decision,all_primary_common_complete_success_within_stratum,12,12,0.00026053443915922497,0.00025991429928732635,0.00026808852397077013,0.0002542691879625636,0.00026825674945030187
original,PPO_best_551901,template_group,formal-g010,core_mean_s,s/240Hz step,all_primary_common_complete_success_within_stratum,12,12,0.0005689176865227334,0.00056088792225637,0.0006112050374304089,0.00055539209890109,0.0006664165685227393
original,PPO_best_551901,template_group,formal-g010,outer_mean_s,s/240Hz step including decision when due,all_primary_common_complete_success_within_stratum,12,12,0.0006438133862767852,0.0006358206516703527,0.0006875562973497532,0.0006288864488093774,0.0007422690894145489
original,PPO_best_551901,template_group,formal-g013,max_error_m,m,all_primary_common_complete_success_within_stratum,9,9,6.438188376743053e-05,5.330735935262664e-05,0.00011016407728145219,3.71815806169385e-05,0.00011176130919264031
original,PPO_best_551901,template_group,formal-g013,rmse_m,m,all_primary_common_complete_success_within_stratum,9,9,4.857313006213338e-05,4.47425325558991e-05,7.653925334052469e-05,2.4897686729073383e-05,7.84483769477141e-05
original,PPO_best_551901,template_group,formal-g013,endpoint_error_m,m,all_primary_common_complete_success_within_stratum,9,9,5.743998395439857e-05,4.0950756899252075e-05,0.0001101317998486673,3.71815806169385e-05,0.00011170751347133216
original,PPO_best_551901,template_group,formal-g013,minimum_external_distance_m,m,all_primary_common_complete_success_within_stratum,9,9,0.0313017215798649,0.03476394940960778,0.044600447067729254,0.016915773199234152,0.04815674961120697
original,PPO_best_551901,template_group,formal-g013,minimum_self_distance_m,m,all_primary_common_complete_success_within_stratum,9,9,0.019538001300561506,0.019489259539018013,0.019719482106498293,0.019433002463699778,0.019738714050136955
original,PPO_best_551901,template_group,formal-g013,command_smoothness_rms_rad_s2,rad/s^2,all_primary_common_complete_success_within_stratum,9,9,1.5516697825266226,0.7187528749118902,4.81779027777658,0.5756225286943548,6.621537526632518
original,PPO_best_551901,template_group,formal-g013,max_actual_arm_velocity_rad_s,rad/s,all_primary_common_complete_success_within_stratum,9,9,0.2625200873431197,0.26256991734194846,0.2953119811910514,0.2263976411874728,0.29552491396248903
original,PPO_best_551901,template_group,formal-g013,speed_saturated_fraction,fraction,all_primary_common_complete_success_within_stratum,9,9,0.0,0.0,0.0,0.0,0.0
original,PPO_best_551901,template_group,formal-g013,soft_limited_fraction,fraction,all_primary_common_complete_success_within_stratum,9,9,0.0,0.0,0.0,0.0,0.0
original,PPO_best_551901,template_group,formal-g013,raw_policy_component_clip_fraction,fraction,all_primary_common_complete_success_within_stratum,9,9,0.23478835978835974,0.17485119047619044,0.4061011904761905,0.14285714285714282,0.4069940476190476
original,PPO_best_551901,template_group,formal-g013,raw_policy_decisions_with_clip_fraction,fraction,all_primary_common_complete_success_within_stratum,9,9,0.9785879629629629,1.0,1.0,0.8697916666666666,1.0
original,PPO_best_551901,template_group,formal-g013,u_component_clip_fraction,fraction,all_primary_common_complete_success_within_stratum,9,9,0.0,0.0,0.0,0.0,0.0
original,PPO_best_551901,template_group,formal-g013,u_decisions_with_clip_fraction,fraction,all_primary_common_complete_success_within_stratum,9,9,0.0,0.0,0.0,0.0,0.0
original,PPO_best_551901,template_group,formal-g013,mean_u_abs_rad_s,rad/s,all_primary_common_complete_success_within_stratum,9,9,0.1262449349045758,0.1199925967614122,0.15196428777959053,0.11039681721498103,0.1519763187145318
original,PPO_best_551901,template_group,formal-g013,provider_mean_s,s/48Hz decision,all_primary_common_complete_success_within_stratum,9,9,0.0003052462665925338,0.00030506780224944424,0.00031533657556792605,0.00029469665120511007,0.000317114609060809
original,PPO_best_551901,template_group,formal-g013,core_mean_s,s/240Hz step,all_primary_common_complete_success_within_stratum,9,9,0.0005829247511192752,0.0005839671928849081,0.0005885256785222736,0.0005742820247026732,0.0005888375961148995
original,PPO_best_551901,template_group,formal-g013,outer_mean_s,s/240Hz step including decision when due,all_primary_common_complete_success_within_stratum,9,9,0.0007346114119189695,0.0007385654894126977,0.0007429467028123327,0.0007135109179216669,0.0007430554666219299
original,PPO_best_551901,template_group,formal-g015,max_error_m,m,all_primary_common_complete_success_within_stratum,12,12,6.884457094862462e-05,6.748181785466226e-05,7.748980370285827e-05,6.306964415333517e-05,8.018429766215702e-05
original,PPO_best_551901,template_group,formal-g015,rmse_m,m,all_primary_common_complete_success_within_stratum,12,12,3.656833089876982e-05,3.678613912486648e-05,3.9416714085722265e-05,3.2887509177441427e-05,3.94463555226828e-05
original,PPO_best_551901,template_group,formal-g015,endpoint_error_m,m,all_primary_common_complete_success_within_stratum,12,12,6.846437494244092e-05,6.709014440143314e-05,7.748980370285827e-05,6.261652100685319e-05,8.018429766215702e-05
original,PPO_best_551901,template_group,formal-g015,minimum_external_distance_m,m,all_primary_common_complete_success_within_stratum,12,0,,,,,
original,PPO_best_551901,template_group,formal-g015,minimum_self_distance_m,m,all_primary_common_complete_success_within_stratum,12,12,0.017859292828379687,0.018023865768501023,0.018455200508575145,0.016799513960960945,0.018562615492999597
original,PPO_best_551901,template_group,formal-g015,command_smoothness_rms_rad_s2,rad/s^2,all_primary_common_complete_success_within_stratum,12,12,0.13532016976701433,0.13423942480042914,0.142013457187854,0.1309341312379565,0.14610915654529008
original,PPO_best_551901,template_group,formal-g015,max_actual_arm_velocity_rad_s,rad/s,all_primary_common_complete_success_within_stratum,12,12,0.2761494201118535,0.27657866190752073,0.2844302125315353,0.2676125137258418,0.2894377329656554
original,PPO_best_551901,template_group,formal-g015,speed_saturated_fraction,fraction,all_primary_common_complete_success_within_stratum,12,12,0.0,0.0,0.0,0.0,0.0
original,PPO_best_551901,template_group,formal-g015,soft_limited_fraction,fraction,all_primary_common_complete_success_within_stratum,12,12,0.0,0.0,0.0,0.0,0.0
original,PPO_best_551901,template_group,formal-g015,raw_policy_component_clip_fraction,fraction,all_primary_common_complete_success_within_stratum,12,12,0.7142857142857143,0.7142857142857143,0.7142857142857143,0.7142857142857143,0.7142857142857143
original,PPO_best_551901,template_group,formal-g015,raw_policy_decisions_with_clip_fraction,fraction,all_primary_common_complete_success_within_stratum,12,12,1.0,1.0,1.0,1.0,1.0
original,PPO_best_551901,template_group,formal-g015,u_component_clip_fraction,fraction,all_primary_common_complete_success_within_stratum,12,12,0.0,0.0,0.0,0.0,0.0
original,PPO_best_551901,template_group,formal-g015,u_decisions_with_clip_fraction,fraction,all_primary_common_complete_success_within_stratum,12,12,0.0,0.0,0.0,0.0,0.0
original,PPO_best_551901,template_group,formal-g015,mean_u_abs_rad_s,rad/s,all_primary_common_complete_success_within_stratum,12,12,0.1557841971061573,0.1558047112141226,0.15641435101389928,0.1550308816450914,0.1565120837945003
original,PPO_best_551901,template_group,formal-g015,provider_mean_s,s/48Hz decision,all_primary_common_complete_success_within_stratum,12,12,0.00026648074860228615,0.0002632357240296793,0.000288022488371098,0.0002556770724974437,0.0003108201713833599
original,PPO_best_551901,template_group,formal-g015,core_mean_s,s/240Hz step,all_primary_common_complete_success_within_stratum,12,12,0.0005610382110312963,0.0005577258665956228,0.0005781639587704982,0.0005544632083910983,0.0005955892376126333
original,PPO_best_551901,template_group,formal-g015,outer_mean_s,s/240Hz step including decision when due,all_primary_common_complete_success_within_stratum,12,12,0.0006373232927355983,0.000632680789923749,0.0006593099435538836,0.0006297368499720809,0.0006823165158493794
original,PPO_best_551901,template_group,formal-g021,max_error_m,m,all_primary_common_complete_success_within_stratum,12,12,4.832208469217228e-05,4.44631733038563e-05,6.650996080372924e-05,3.471285027995454e-05,6.672138170230645e-05
original,PPO_best_551901,template_group,formal-g021,rmse_m,m,all_primary_common_complete_success_within_stratum,12,12,2.780939918254855e-05,2.559595333858627e-05,3.627776485580434e-05,2.243630177482459e-05,3.928285973505624e-05
original,PPO_best_551901,template_group,formal-g021,endpoint_error_m,m,all_primary_common_complete_success_within_stratum,12,12,4.818490419530262e-05,4.44631733038563e-05,6.650996080372924e-05,3.314551144233907e-05,6.672138170230645e-05
original,PPO_best_551901,template_group,formal-g021,minimum_external_distance_m,m,all_primary_common_complete_success_within_stratum,12,12,0.028769116113728274,0.02930715883603903,0.04556396273532114,0.005389593533349557,0.0474224588032051
original,PPO_best_551901,template_group,formal-g021,minimum_self_distance_m,m,all_primary_common_complete_success_within_stratum,12,12,0.018708214693727312,0.01896647163335872,0.019668234232303853,0.01708121238349214,0.01974416301555587
original,PPO_best_551901,template_group,formal-g021,command_smoothness_rms_rad_s2,rad/s^2,all_primary_common_complete_success_within_stratum,12,12,0.2726801852500191,0.2484951626017139,0.3803772612311845,0.2215529722759707,0.39537872998478396
original,PPO_best_551901,template_group,formal-g021,max_actual_arm_velocity_rad_s,rad/s,all_primary_common_complete_success_within_stratum,12,12,0.2588333474418967,0.2582451678540835,0.26201744784624537,0.2576518834316796,0.2660129132348407
original,PPO_best_551901,template_group,formal-g021,speed_saturated_fraction,fraction,all_primary_common_complete_success_within_stratum,12,12,0.0,0.0,0.0,0.0,0.0
original,PPO_best_551901,template_group,formal-g021,soft_limited_fraction,fraction,all_primary_common_complete_success_within_stratum,12,12,0.0,0.0,0.0,0.0,0.0
original,PPO_best_551901,template_group,formal-g021,raw_policy_component_clip_fraction,fraction,all_primary_common_complete_success_within_stratum,12,12,0.49274553571428575,0.45721726190476186,0.7024181547619047,0.3095238095238095,0.7061011904761904
original,PPO_best_551901,template_group,formal-g021,raw_policy_decisions_with_clip_fraction,fraction,all_primary_common_complete_success_within_stratum,12,12,1.0,1.0,1.0,1.0,1.0
original,PPO_best_551901,template_group,formal-g021,u_component_clip_fraction,fraction,all_primary_common_complete_success_within_stratum,12,12,0.0,0.0,0.0,0.0,0.0
original,PPO_best_551901,template_group,formal-g021,u_decisions_with_clip_fraction,fraction,all_primary_common_complete_success_within_stratum,12,12,0.0,0.0,0.0,0.0,0.0
original,PPO_best_551901,template_group,formal-g021,mean_u_abs_rad_s,rad/s,all_primary_common_complete_success_within_stratum,12,12,0.16610997375684802,0.16117086164193184,0.18879934057371603,0.1411701356669385,0.1900782879530674
original,PPO_best_551901,template_group,formal-g021,provider_mean_s,s/48Hz decision,all_primary_common_complete_success_within_stratum,12,12,0.0002957257702860261,0.00029588245024569915,0.00030150769017230533,0.0002895258586856168,0.0003034741719905772
original,PPO_best_551901,template_group,formal-g021,core_mean_s,s/240Hz step,all_primary_common_complete_success_within_stratum,12,12,0.0005800167554374032,0.0005808645417043105,0.0005839455239985606,0.0005727096074830721,0.0005845175813192327
original,PPO_best_551901,template_group,formal-g021,outer_mean_s,s/240Hz step including decision when due,all_primary_common_complete_success_within_stratum,12,12,0.000704892975868966,0.0007048841565089484,0.0007117610466025326,0.0006985792383905694,0.0007130145126514738
original,PPO_best_551901,template_group,formal-g022,max_error_m,m,all_primary_common_complete_success_within_stratum,2,2,6.38428238255914e-05,6.38428238255914e-05,6.796061276053195e-05,5.9267502786768545e-05,6.841814486441424e-05
original,PPO_best_551901,template_group,formal-g022,rmse_m,m,all_primary_common_complete_success_within_stratum,2,2,4.277652002149284e-05,4.277652002149284e-05,4.4290516424674045e-05,4.109430179573595e-05,4.4458738247249736e-05
original,PPO_best_551901,template_group,formal-g022,endpoint_error_m,m,all_primary_common_complete_success_within_stratum,2,2,6.38428238255914e-05,6.38428238255914e-05,6.796061276053195e-05,5.9267502786768545e-05,6.841814486441424e-05
original,PPO_best_551901,template_group,formal-g022,minimum_external_distance_m,m,all_primary_common_complete_success_within_stratum,2,2,0.0059932929726883855,0.0059932929726883855,0.00929422785325432,0.0023255875498373463,0.009660998395539425
original,PPO_best_551901,template_group,formal-g022,minimum_self_distance_m,m,all_primary_common_complete_success_within_stratum,2,2,0.016290204500743578,0.016290204500743578,0.01659432562378634,0.015952292141807177,0.01662811685967998
original,PPO_best_551901,template_group,formal-g022,command_smoothness_rms_rad_s2,rad/s^2,all_primary_common_complete_success_within_stratum,2,2,0.21783404134048,0.21783404134048,0.2810051161065645,0.14764395826705276,0.28802412441390723
original,PPO_best_551901,template_group,formal-g022,max_actual_arm_velocity_rad_s,rad/s,all_primary_common_complete_success_within_stratum,2,2,0.27319129598026715,0.27319129598026715,0.2860371060069111,0.25891817372844056,0.2874644182320938
original,PPO_best_551901,template_group,formal-g022,speed_saturated_fraction,fraction,all_primary_common_complete_success_within_stratum,2,2,0.0,0.0,0.0,0.0,0.0
original,PPO_best_551901,template_group,formal-g022,soft_limited_fraction,fraction,all_primary_common_complete_success_within_stratum,2,2,0.0,0.0,0.0,0.0,0.0
original,PPO_best_551901,template_group,formal-g022,raw_policy_component_clip_fraction,fraction,all_primary_common_complete_success_within_stratum,2,2,0.6878720238095237,0.6878720238095237,0.707626488095238,0.665922619047619,0.7098214285714285
original,PPO_best_551901,template_group,formal-g022,raw_policy_decisions_with_clip_fraction,fraction,all_primary_common_complete_success_within_stratum,2,2,1.0,1.0,1.0,1.0,1.0
original,PPO_best_551901,template_group,formal-g022,u_component_clip_fraction,fraction,all_primary_common_complete_success_within_stratum,2,2,0.0,0.0,0.0,0.0,0.0
original,PPO_best_551901,template_group,formal-g022,u_decisions_with_clip_fraction,fraction,all_primary_common_complete_success_within_stratum,2,2,0.0,0.0,0.0,0.0,0.0
original,PPO_best_551901,template_group,formal-g022,mean_u_abs_rad_s,rad/s,all_primary_common_complete_success_within_stratum,2,2,0.1874887823482,0.1874887823482,0.19235577562779546,0.18208101203753835,0.19289655265886163
original,PPO_best_551901,template_group,formal-g022,provider_mean_s,s/48Hz decision,all_primary_common_complete_success_within_stratum,2,2,0.00029744453869777016,0.00029744453869777016,0.0002996539893426113,0.00029498959353683557,0.00029989948385870474
original,PPO_best_551901,template_group,formal-g022,core_mean_s,s/240Hz step,all_primary_common_complete_success_within_stratum,2,2,0.0005903248791961839,0.0005903248791961839,0.0005929773602512493,0.0005873776780238889,0.0005932720803684787
original,PPO_best_551901,template_group,formal-g022,outer_mean_s,s/240Hz step including decision when due,all_primary_common_complete_success_within_stratum,2,2,0.0007231648348958212,0.0007231648348958212,0.0007255921306856787,0.0007204678395737573,0.0007258618302178851
original,PPO_best_551901,template_group,formal-g024,max_error_m,m,all_primary_common_complete_success_within_stratum,3,3,8.34296562850545e-05,7.40656310420527e-05,0.00010917995445418663,6.314179186868705e-05,0.00011308154594442374
original,PPO_best_551901,template_group,formal-g024,rmse_m,m,all_primary_common_complete_success_within_stratum,3,3,6.515889590622226e-05,5.8534622397337965e-05,8.149818497799456e-05,5.2892373389927966e-05,8.404969193140086e-05
original,PPO_best_551901,template_group,formal-g024,endpoint_error_m,m,all_primary_common_complete_success_within_stratum,3,3,8.009757054206101e-05,7.130292941168606e-05,0.00010890368429114997,5.590823627007325e-05,0.00011308154594442374
original,PPO_best_551901,template_group,formal-g024,minimum_external_distance_m,m,all_primary_common_complete_success_within_stratum,3,3,0.03406584138651333,0.041742737205152064,0.04322339413553511,0.01706687538214359,0.043387911572244336
original,PPO_best_551901,template_group,formal-g024,minimum_self_distance_m,m,all_primary_common_complete_success_within_stratum,3,3,0.019752481655419925,0.019781701404099586,0.019916859636642463,0.019543866344124076,0.019931877218036118
original,PPO_best_551901,template_group,formal-g024,command_smoothness_rms_rad_s2,rad/s^2,all_primary_common_complete_success_within_stratum,3,3,0.19246535608187632,0.1958751052874539,0.22791280135129408,0.15004841759978757,0.23147254535838743
original,PPO_best_551901,template_group,formal-g024,max_actual_arm_velocity_rad_s,rad/s,all_primary_common_complete_success_within_stratum,3,3,0.2845416418000278,0.28338379775023437,0.28721260308719315,0.28260310174743813,0.2876380259024108
original,PPO_best_551901,template_group,formal-g024,speed_saturated_fraction,fraction,all_primary_common_complete_success_within_stratum,3,3,0.0,0.0,0.0,0.0,0.0
original,PPO_best_551901,template_group,formal-g024,soft_limited_fraction,fraction,all_primary_common_complete_success_within_stratum,3,3,0.0,0.0,0.0,0.0,0.0
original,PPO_best_551901,template_group,formal-g024,raw_policy_component_clip_fraction,fraction,all_primary_common_complete_success_within_stratum,3,3,0.30580357142857134,0.2879464285714285,0.3374999999999999,0.2864583333333332,0.3430059523809523
original,PPO_best_551901,template_group,formal-g024,raw_policy_decisions_with_clip_fraction,fraction,all_primary_common_complete_success_within_stratum,3,3,1.0,1.0,1.0,1.0,1.0
original,PPO_best_551901,template_group,formal-g024,u_component_clip_fraction,fraction,all_primary_common_complete_success_within_stratum,3,3,0.0,0.0,0.0,0.0,0.0
original,PPO_best_551901,template_group,formal-g024,u_decisions_with_clip_fraction,fraction,all_primary_common_complete_success_within_stratum,3,3,0.0,0.0,0.0,0.0,0.0
original,PPO_best_551901,template_group,formal-g024,mean_u_abs_rad_s,rad/s,all_primary_common_complete_success_within_stratum,3,3,0.13688981894510874,0.1373739764870455,0.14155528231884265,0.1312756084925717,0.142019871855709
original,PPO_best_551901,template_group,formal-g024,provider_mean_s,s/48Hz decision,all_primary_common_complete_success_within_stratum,3,3,0.00033438156611332996,0.0003341734438132941,0.00033529360986600906,0.00033355318176594057,0.00033541807276075514
original,PPO_best_551901,template_group,formal-g024,core_mean_s,s/240Hz step,all_primary_common_complete_success_within_stratum,3,3,0.0005980141590852225,0.0005980777845100723,0.0005995476633173288,0.0005962537095607937,0.0005997109831848017
original,PPO_best_551901,template_group,formal-g024,outer_mean_s,s/240Hz step including decision when due,all_primary_common_complete_success_within_stratum,3,3,0.0007985461879191766,0.0007984847117010456,0.0008006251964995197,0.0007962908239126894,0.0008008630281437946
original,PPO_best_551901,template_group,formal-g026,max_error_m,m,all_primary_common_complete_success_within_stratum,1,1,4.636388072517122e-05,4.636388072517122e-05,4.636388072517122e-05,4.636388072517122e-05,4.636388072517122e-05
original,PPO_best_551901,template_group,formal-g026,rmse_m,m,all_primary_common_complete_success_within_stratum,1,1,2.94846250020089e-05,2.94846250020089e-05,2.94846250020089e-05,2.94846250020089e-05,2.94846250020089e-05
original,PPO_best_551901,template_group,formal-g026,endpoint_error_m,m,all_primary_common_complete_success_within_stratum,1,1,2.2185582213860505e-05,2.2185582213860505e-05,2.2185582213860505e-05,2.2185582213860505e-05,2.2185582213860505e-05
original,PPO_best_551901,template_group,formal-g026,minimum_external_distance_m,m,all_primary_common_complete_success_within_stratum,1,1,0.03421877065869988,0.03421877065869988,0.03421877065869988,0.03421877065869988,0.03421877065869988
original,PPO_best_551901,template_group,formal-g026,minimum_self_distance_m,m,all_primary_common_complete_success_within_stratum,1,1,0.019573880815094757,0.019573880815094757,0.019573880815094757,0.019573880815094757,0.019573880815094757
original,PPO_best_551901,template_group,formal-g026,command_smoothness_rms_rad_s2,rad/s^2,all_primary_common_complete_success_within_stratum,1,1,0.35884519677054955,0.35884519677054955,0.35884519677054955,0.35884519677054955,0.35884519677054955
original,PPO_best_551901,template_group,formal-g026,max_actual_arm_velocity_rad_s,rad/s,all_primary_common_complete_success_within_stratum,1,1,0.300616811507822,0.300616811507822,0.300616811507822,0.300616811507822,0.300616811507822
original,PPO_best_551901,template_group,formal-g026,speed_saturated_fraction,fraction,all_primary_common_complete_success_within_stratum,1,1,0.0,0.0,0.0,0.0,0.0
original,PPO_best_551901,template_group,formal-g026,soft_limited_fraction,fraction,all_primary_common_complete_success_within_stratum,1,1,0.0,0.0,0.0,0.0,0.0
original,PPO_best_551901,template_group,formal-g026,raw_policy_component_clip_fraction,fraction,all_primary_common_complete_success_within_stratum,1,1,0.5267857142857142,0.5267857142857142,0.5267857142857142,0.5267857142857142,0.5267857142857142
original,PPO_best_551901,template_group,formal-g026,raw_policy_decisions_with_clip_fraction,fraction,all_primary_common_complete_success_within_stratum,1,1,1.0,1.0,1.0,1.0,1.0
original,PPO_best_551901,template_group,formal-g026,u_component_clip_fraction,fraction,all_primary_common_complete_success_within_stratum,1,1,0.0,0.0,0.0,0.0,0.0
original,PPO_best_551901,template_group,formal-g026,u_decisions_with_clip_fraction,fraction,all_primary_common_complete_success_within_stratum,1,1,0.0,0.0,0.0,0.0,0.0
original,PPO_best_551901,template_group,formal-g026,mean_u_abs_rad_s,rad/s,all_primary_common_complete_success_within_stratum,1,1,0.16482507127026716,0.16482507127026716,0.16482507127026716,0.16482507127026716,0.16482507127026716
original,PPO_best_551901,template_group,formal-g026,provider_mean_s,s/48Hz decision,all_primary_common_complete_success_within_stratum,1,1,0.0003558814531364381,0.0003558814531364381,0.0003558814531364381,0.0003558814531364381,0.0003558814531364381
original,PPO_best_551901,template_group,formal-g026,core_mean_s,s/240Hz step,all_primary_common_complete_success_within_stratum,1,1,0.0005903285939287647,0.0005903285939287647,0.0005903285939287647,0.0005903285939287647,0.0005903285939287647
original,PPO_best_551901,template_group,formal-g026,outer_mean_s,s/240Hz step including decision when due,all_primary_common_complete_success_within_stratum,1,1,0.0007627604814691343,0.0007627604814691343,0.0007627604814691343,0.0007627604814691343,0.0007627604814691343
original,PPO_best_551901,template_group,formal-g028,max_error_m,m,all_primary_common_complete_success_within_stratum,2,2,9.095776442100291e-05,9.095776442100291e-05,0.00010294227935862421,7.76416367125348e-05,0.00010427389212947103
original,PPO_best_551901,template_group,formal-g028,rmse_m,m,all_primary_common_complete_success_within_stratum,2,2,6.235652131888429e-05,6.235652131888429e-05,7.130698940218535e-05,5.2411556781883114e-05,7.230148585588547e-05
original,PPO_best_551901,template_group,formal-g028,endpoint_error_m,m,all_primary_common_complete_success_within_stratum,2,2,9.095776442100291e-05,9.095776442100291e-05,0.00010294227935862421,7.76416367125348e-05,0.00010427389212947103
original,PPO_best_551901,template_group,formal-g028,minimum_external_distance_m,m,all_primary_common_complete_success_within_stratum,2,2,0.023181577795392816,0.023181577795392816,0.023664921565849647,0.022644529161551893,0.02371862642923374
original,PPO_best_551901,template_group,formal-g028,minimum_self_distance_m,m,all_primary_common_complete_success_within_stratum,2,2,0.019800798693318158,0.019800798693318158,0.01992473530644468,0.0196630913453998,0.019938506041236516
original,PPO_best_551901,template_group,formal-g028,command_smoothness_rms_rad_s2,rad/s^2,all_primary_common_complete_success_within_stratum,2,2,0.14401727091335909,0.14401727091335909,0.15360397165633177,0.13336538119894498,0.1546691606277732
original,PPO_best_551901,template_group,formal-g028,max_actual_arm_velocity_rad_s,rad/s,all_primary_common_complete_success_within_stratum,2,2,0.23899284156245387,0.23899284156245387,0.2741106309534774,0.19997307557242774,0.27801260755248
original,PPO_best_551901,template_group,formal-g028,speed_saturated_fraction,fraction,all_primary_common_complete_success_within_stratum,2,2,0.0,0.0,0.0,0.0,0.0
original,PPO_best_551901,template_group,formal-g028,soft_limited_fraction,fraction,all_primary_common_complete_success_within_stratum,2,2,0.0,0.0,0.0,0.0,0.0
original,PPO_best_551901,template_group,formal-g028,raw_policy_component_clip_fraction,fraction,all_primary_common_complete_success_within_stratum,2,2,0.25186011904761896,0.25186011904761896,0.27898065476190465,0.22172619047619038,0.2819940476190475
original,PPO_best_551901,template_group,formal-g028,raw_policy_decisions_with_clip_fraction,fraction,all_primary_common_complete_success_within_stratum,2,2,1.0,1.0,1.0,1.0,1.0
original,PPO_best_551901,template_group,formal-g028,u_component_clip_fraction,fraction,all_primary_common_complete_success_within_stratum,2,2,0.0,0.0,0.0,0.0,0.0
original,PPO_best_551901,template_group,formal-g028,u_decisions_with_clip_fraction,fraction,all_primary_common_complete_success_within_stratum,2,2,0.0,0.0,0.0,0.0,0.0
original,PPO_best_551901,template_group,formal-g028,mean_u_abs_rad_s,rad/s,all_primary_common_complete_success_within_stratum,2,2,0.12584001949816453,0.12584001949816453,0.13635280934996746,0.11415914188505019,0.1375208971112789
original,PPO_best_551901,template_group,formal-g028,provider_mean_s,s/48Hz decision,all_primary_common_complete_success_within_stratum,2,2,0.00032662669498980296,0.00032662669498980296,0.000329849433213288,0.0003230458747414862,0.0003302075152381197
original,PPO_best_551901,template_group,formal-g028,core_mean_s,s/240Hz step,all_primary_common_complete_success_within_stratum,2,2,0.0005983224587756316,0.0005983224587756316,0.0006007340532581414,0.0005956429093506207,0.0006010020082006425
original,PPO_best_551901,template_group,formal-g028,outer_mean_s,s/240Hz step including decision when due,all_primary_common_complete_success_within_stratum,2,2,0.0007970594173457358,0.0007970594173457358,0.0008014908575751179,0.0007921355948686445,0.000801983239822827
original,PPO_best_551901,template_group,formal-g032,max_error_m,m,all_primary_common_complete_success_within_stratum,0,0,,,,,
original,PPO_best_551901,template_group,formal-g032,rmse_m,m,all_primary_common_complete_success_within_stratum,0,0,,,,,
original,PPO_best_551901,template_group,formal-g032,endpoint_error_m,m,all_primary_common_complete_success_within_stratum,0,0,,,,,
original,PPO_best_551901,template_group,formal-g032,minimum_external_distance_m,m,all_primary_common_complete_success_within_stratum,0,0,,,,,
original,PPO_best_551901,template_group,formal-g032,minimum_self_distance_m,m,all_primary_common_complete_success_within_stratum,0,0,,,,,
original,PPO_best_551901,template_group,formal-g032,command_smoothness_rms_rad_s2,rad/s^2,all_primary_common_complete_success_within_stratum,0,0,,,,,
original,PPO_best_551901,template_group,formal-g032,max_actual_arm_velocity_rad_s,rad/s,all_primary_common_complete_success_within_stratum,0,0,,,,,
original,PPO_best_551901,template_group,formal-g032,speed_saturated_fraction,fraction,all_primary_common_complete_success_within_stratum,0,0,,,,,
original,PPO_best_551901,template_group,formal-g032,soft_limited_fraction,fraction,all_primary_common_complete_success_within_stratum,0,0,,,,,
original,PPO_best_551901,template_group,formal-g032,raw_policy_component_clip_fraction,fraction,all_primary_common_complete_success_within_stratum,0,0,,,,,
original,PPO_best_551901,template_group,formal-g032,raw_policy_decisions_with_clip_fraction,fraction,all_primary_common_complete_success_within_stratum,0,0,,,,,
original,PPO_best_551901,template_group,formal-g032,u_component_clip_fraction,fraction,all_primary_common_complete_success_within_stratum,0,0,,,,,
original,PPO_best_551901,template_group,formal-g032,u_decisions_with_clip_fraction,fraction,all_primary_common_complete_success_within_stratum,0,0,,,,,
original,PPO_best_551901,template_group,formal-g032,mean_u_abs_rad_s,rad/s,all_primary_common_complete_success_within_stratum,0,0,,,,,
original,PPO_best_551901,template_group,formal-g032,provider_mean_s,s/48Hz decision,all_primary_common_complete_success_within_stratum,0,0,,,,,
original,PPO_best_551901,template_group,formal-g032,core_mean_s,s/240Hz step,all_primary_common_complete_success_within_stratum,0,0,,,,,
original,PPO_best_551901,template_group,formal-g032,outer_mean_s,s/240Hz step including decision when due,all_primary_common_complete_success_within_stratum,0,0,,,,,
original,PPO_best_551901,template_group,formal-g033,max_error_m,m,all_primary_common_complete_success_within_stratum,3,3,8.488990985094345e-05,7.91559907266691e-05,9.67376229331288e-05,7.682260120342585e-05,9.869113762273544e-05
original,PPO_best_551901,template_group,formal-g033,rmse_m,m,all_primary_common_complete_success_within_stratum,3,3,6.444877540147009e-05,5.747902946779597e-05,7.63461641101456e-05,5.7424784332874295e-05,7.844251240374001e-05
original,PPO_best_551901,template_group,formal-g033,endpoint_error_m,m,all_primary_common_complete_success_within_stratum,3,3,4.15470996719177e-05,3.9316053074939464e-05,4.779538878831763e-05,3.658770873989842e-05,4.8737537200915205e-05
original,PPO_best_551901,template_group,formal-g033,minimum_external_distance_m,m,all_primary_common_complete_success_within_stratum,3,3,0.024600477529569117,0.025075863951248875,0.027195563978849056,0.021294482433320508,0.027431086204137964
original,PPO_best_551901,template_group,formal-g033,minimum_self_distance_m,m,all_primary_common_complete_success_within_stratum,3,3,0.01966293390257828,0.019643450724859138,0.019721806619604803,0.019614838152743605,0.0197305128301321
original,PPO_best_551901,template_group,formal-g033,command_smoothness_rms_rad_s2,rad/s^2,all_primary_common_complete_success_within_stratum,3,3,1.0604411682842172,1.0461988531983466,1.0911824586257577,1.038944014647724,1.0961806370065812
original,PPO_best_551901,template_group,formal-g033,max_actual_arm_velocity_rad_s,rad/s,all_primary_common_complete_success_within_stratum,3,3,0.270270025267556,0.2704872123231749,0.2772627815737657,0.2623072408778839,0.27801562260160917
original,PPO_best_551901,template_group,formal-g033,speed_saturated_fraction,fraction,all_primary_common_complete_success_within_stratum,3,3,0.0,0.0,0.0,0.0,0.0
original,PPO_best_551901,template_group,formal-g033,soft_limited_fraction,fraction,all_primary_common_complete_success_within_stratum,3,3,0.0,0.0,0.0,0.0,0.0
original,PPO_best_551901,template_group,formal-g033,raw_policy_component_clip_fraction,fraction,all_primary_common_complete_success_within_stratum,3,3,0.24181547619047614,0.2559523809523809,0.269345238095238,0.19866071428571422,0.27083333333333326
original,PPO_best_551901,template_group,formal-g033,raw_policy_decisions_with_clip_fraction,fraction,all_primary_common_complete_success_within_stratum,3,3,1.0,1.0,1.0,1.0,1.0
original,PPO_best_551901,template_group,formal-g033,u_component_clip_fraction,fraction,all_primary_common_complete_success_within_stratum,3,3,0.0,0.0,0.0,0.0,0.0
original,PPO_best_551901,template_group,formal-g033,u_decisions_with_clip_fraction,fraction,all_primary_common_complete_success_within_stratum,3,3,0.0,0.0,0.0,0.0,0.0
original,PPO_best_551901,template_group,formal-g033,mean_u_abs_rad_s,rad/s,all_primary_common_complete_success_within_stratum,3,3,0.11159225060250648,0.11356548205280671,0.11950232453486978,0.10104929605516927,0.12016197369954346
original,PPO_best_551901,template_group,formal-g033,provider_mean_s,s/48Hz decision,all_primary_common_complete_success_within_stratum,3,3,0.0003105994218104671,0.00030924827562254603,0.000313302447617995,0.00030879707863581035,0.0003137529111730449
original,PPO_best_551901,template_group,formal-g033,core_mean_s,s/240Hz step,all_primary_common_complete_success_within_stratum,3,3,0.0005714231226041495,0.000575043145863674,0.0005758511067324435,0.000563285341786468,0.0005759408801623067
original,PPO_best_551901,template_group,formal-g033,outer_mean_s,s/240Hz step including decision when due,all_primary_common_complete_success_within_stratum,3,3,0.0007405096790130808,0.000745570252198983,0.0007524953276803596,0.0007226940043286353,0.0007532647805116237
original,PPO_best_551901,template_group,formal-g034,max_error_m,m,all_primary_common_complete_success_within_stratum,1,1,5.4157979861751366e-05,5.4157979861751366e-05,5.4157979861751366e-05,5.4157979861751366e-05,5.4157979861751366e-05
original,PPO_best_551901,template_group,formal-g034,rmse_m,m,all_primary_common_complete_success_within_stratum,1,1,4.2182540363274014e-05,4.2182540363274014e-05,4.2182540363274014e-05,4.2182540363274014e-05,4.2182540363274014e-05
original,PPO_best_551901,template_group,formal-g034,endpoint_error_m,m,all_primary_common_complete_success_within_stratum,1,1,1.9057788358509432e-05,1.9057788358509432e-05,1.9057788358509432e-05,1.9057788358509432e-05,1.9057788358509432e-05
original,PPO_best_551901,template_group,formal-g034,minimum_external_distance_m,m,all_primary_common_complete_success_within_stratum,1,1,0.005081010300474947,0.005081010300474947,0.005081010300474947,0.005081010300474947,0.005081010300474947
original,PPO_best_551901,template_group,formal-g034,minimum_self_distance_m,m,all_primary_common_complete_success_within_stratum,1,1,0.019603666045580913,0.019603666045580913,0.019603666045580913,0.019603666045580913,0.019603666045580913
original,PPO_best_551901,template_group,formal-g034,command_smoothness_rms_rad_s2,rad/s^2,all_primary_common_complete_success_within_stratum,1,1,0.16808672228289295,0.16808672228289295,0.16808672228289295,0.16808672228289295,0.16808672228289295
original,PPO_best_551901,template_group,formal-g034,max_actual_arm_velocity_rad_s,rad/s,all_primary_common_complete_success_within_stratum,1,1,0.26202311063927913,0.26202311063927913,0.26202311063927913,0.26202311063927913,0.26202311063927913
original,PPO_best_551901,template_group,formal-g034,speed_saturated_fraction,fraction,all_primary_common_complete_success_within_stratum,1,1,0.0,0.0,0.0,0.0,0.0
original,PPO_best_551901,template_group,formal-g034,soft_limited_fraction,fraction,all_primary_common_complete_success_within_stratum,1,1,0.0,0.0,0.0,0.0,0.0
original,PPO_best_551901,template_group,formal-g034,raw_policy_component_clip_fraction,fraction,all_primary_common_complete_success_within_stratum,1,1,0.3392857142857142,0.3392857142857142,0.3392857142857142,0.3392857142857142,0.3392857142857142
original,PPO_best_551901,template_group,formal-g034,raw_policy_decisions_with_clip_fraction,fraction,all_primary_common_complete_success_within_stratum,1,1,1.0,1.0,1.0,1.0,1.0
original,PPO_best_551901,template_group,formal-g034,u_component_clip_fraction,fraction,all_primary_common_complete_success_within_stratum,1,1,0.0,0.0,0.0,0.0,0.0
original,PPO_best_551901,template_group,formal-g034,u_decisions_with_clip_fraction,fraction,all_primary_common_complete_success_within_stratum,1,1,0.0,0.0,0.0,0.0,0.0
original,PPO_best_551901,template_group,formal-g034,mean_u_abs_rad_s,rad/s,all_primary_common_complete_success_within_stratum,1,1,0.151840713886278,0.151840713886278,0.151840713886278,0.151840713886278,0.151840713886278
original,PPO_best_551901,template_group,formal-g034,provider_mean_s,s/48Hz decision,all_primary_common_complete_success_within_stratum,1,1,0.0003393988595992899,0.0003393988595992899,0.0003393988595992899,0.0003393988595992899,0.0003393988595992899
original,PPO_best_551901,template_group,formal-g034,core_mean_s,s/240Hz step,all_primary_common_complete_success_within_stratum,1,1,0.0005987348935377667,0.0005987348935377667,0.0005987348935377667,0.0005987348935377667,0.0005987348935377667
original,PPO_best_551901,template_group,formal-g034,outer_mean_s,s/240Hz step including decision when due,all_primary_common_complete_success_within_stratum,1,1,0.0008005481861194615,0.0008005481861194615,0.0008005481861194615,0.0008005481861194615,0.0008005481861194615
original,PPO_best_551901,template_group,formal-g040,max_error_m,m,all_primary_common_complete_success_within_stratum,12,12,7.405572472680944e-05,7.309932248216705e-05,7.77011375100726e-05,7.15326831604646e-05,7.783450138515936e-05
original,PPO_best_551901,template_group,formal-g040,rmse_m,m,all_primary_common_complete_success_within_stratum,12,12,4.358937786625195e-05,4.321801172642329e-05,4.972589826642442e-05,3.85498359148261e-05,4.99020248375834e-05
original,PPO_best_551901,template_group,formal-g040,endpoint_error_m,m,all_primary_common_complete_success_within_stratum,12,12,7.405572472680944e-05,7.309932248216705e-05,7.77011375100726e-05,7.15326831604646e-05,7.783450138515936e-05
original,PPO_best_551901,template_group,formal-g040,minimum_external_distance_m,m,all_primary_common_complete_success_within_stratum,12,0,,,,,
original,PPO_best_551901,template_group,formal-g040,minimum_self_distance_m,m,all_primary_common_complete_success_within_stratum,12,12,0.019512692338204542,0.019560131126544106,0.019667620287755934,0.019266962317235348,0.01967380515510085
original,PPO_best_551901,template_group,formal-g040,command_smoothness_rms_rad_s2,rad/s^2,all_primary_common_complete_success_within_stratum,12,12,0.12386164023624596,0.12422991438451628,0.12632610151027238,0.11995853821857745,0.12646907368071242
original,PPO_best_551901,template_group,formal-g040,max_actual_arm_velocity_rad_s,rad/s,all_primary_common_complete_success_within_stratum,12,12,0.2606339706005956,0.26049360701108604,0.26189249158967093,0.2593691549627117,0.26205720071780797
original,PPO_best_551901,template_group,formal-g040,speed_saturated_fraction,fraction,all_primary_common_complete_success_within_stratum,12,12,0.0,0.0,0.0,0.0,0.0
original,PPO_best_551901,template_group,formal-g040,soft_limited_fraction,fraction,all_primary_common_complete_success_within_stratum,12,12,0.0,0.0,0.0,0.0,0.0
original,PPO_best_551901,template_group,formal-g040,raw_policy_component_clip_fraction,fraction,all_primary_common_complete_success_within_stratum,12,12,0.7142857142857143,0.7142857142857143,0.7142857142857143,0.7142857142857143,0.7142857142857143
original,PPO_best_551901,template_group,formal-g040,raw_policy_decisions_with_clip_fraction,fraction,all_primary_common_complete_success_within_stratum,12,12,1.0,1.0,1.0,1.0,1.0
original,PPO_best_551901,template_group,formal-g040,u_component_clip_fraction,fraction,all_primary_common_complete_success_within_stratum,12,12,0.0,0.0,0.0,0.0,0.0
original,PPO_best_551901,template_group,formal-g040,u_decisions_with_clip_fraction,fraction,all_primary_common_complete_success_within_stratum,12,12,0.0,0.0,0.0,0.0,0.0
original,PPO_best_551901,template_group,formal-g040,mean_u_abs_rad_s,rad/s,all_primary_common_complete_success_within_stratum,12,12,0.15744646409704785,0.15747910723051367,0.1586188914698626,0.15633927542172993,0.15862294048946793
original,PPO_best_551901,template_group,formal-g040,provider_mean_s,s/48Hz decision,all_primary_common_complete_success_within_stratum,12,12,0.00026256189383073227,0.0002592443047433335,0.0002738337870255236,0.00025495031134899665,0.0002764161773332792
original,PPO_best_551901,template_group,formal-g040,core_mean_s,s/240Hz step,all_primary_common_complete_success_within_stratum,12,12,0.000561162872889377,0.0005605898774471523,0.0005671181816857521,0.0005562433159108575,0.0005697326137275619
original,PPO_best_551901,template_group,formal-g040,outer_mean_s,s/240Hz step including decision when due,all_primary_common_complete_success_within_stratum,12,12,0.0006365568568917801,0.0006354181896616258,0.0006440717468808543,0.0006306361865275297,0.0006472279522313328
original,PPO_best_551901,template_group,formal-g044,max_error_m,m,all_primary_common_complete_success_within_stratum,3,3,5.6872071415390874e-05,6.458925200526186e-05,6.495053855424798e-05,4.103628073677544e-05,6.499068150413534e-05
original,PPO_best_551901,template_group,formal-g044,rmse_m,m,all_primary_common_complete_success_within_stratum,3,3,4.456809643477643e-05,4.907884750854682e-05,5.203148244366125e-05,3.2265888803775143e-05,5.23595529920073e-05
original,PPO_best_551901,template_group,formal-g044,endpoint_error_m,m,all_primary_common_complete_success_within_stratum,3,3,2.2383540931042298e-05,2.4273155611005546e-05,3.188802336986606e-05,1.0143347394604114e-05,3.273411978751723e-05
original,PPO_best_551901,template_group,formal-g044,minimum_external_distance_m,m,all_primary_common_complete_success_within_stratum,3,3,0.01770634170103648,0.023692561522580577,0.024320440429602276,0.0050362588279241755,0.024390204752604686
original,PPO_best_551901,template_group,formal-g044,minimum_self_distance_m,m,all_primary_common_complete_success_within_stratum,3,3,0.019591828803416225,0.019589752559075385,0.01959591972520148,0.01958912888529113,0.019596604965882156
original,PPO_best_551901,template_group,formal-g044,command_smoothness_rms_rad_s2,rad/s^2,all_primary_common_complete_success_within_stratum,3,3,0.15528957423602718,0.1519529210315283,0.17098047760671684,0.1408211511170377,0.17309465055951556
original,PPO_best_551901,template_group,formal-g044,max_actual_arm_velocity_rad_s,rad/s,all_primary_common_complete_success_within_stratum,3,3,0.28641794521691827,0.28483740308065414,0.29361613270075765,0.2798248854671093,0.2945915471029914
original,PPO_best_551901,template_group,formal-g044,speed_saturated_fraction,fraction,all_primary_common_complete_success_within_stratum,3,3,0.0,0.0,0.0,0.0,0.0
original,PPO_best_551901,template_group,formal-g044,soft_limited_fraction,fraction,all_primary_common_complete_success_within_stratum,3,3,0.0,0.0,0.0,0.0,0.0
original,PPO_best_551901,template_group,formal-g044,raw_policy_component_clip_fraction,fraction,all_primary_common_complete_success_within_stratum,3,3,0.5195932539682538,0.5215773809523808,0.5343005952380953,0.5014880952380951,0.5357142857142857
original,PPO_best_551901,template_group,formal-g044,raw_policy_decisions_with_clip_fraction,fraction,all_primary_common_complete_success_within_stratum,3,3,1.0,1.0,1.0,1.0,1.0
original,PPO_best_551901,template_group,formal-g044,u_component_clip_fraction,fraction,all_primary_common_complete_success_within_stratum,3,3,0.0,0.0,0.0,0.0,0.0
original,PPO_best_551901,template_group,formal-g044,u_decisions_with_clip_fraction,fraction,all_primary_common_complete_success_within_stratum,3,3,0.0,0.0,0.0,0.0,0.0
original,PPO_best_551901,template_group,formal-g044,mean_u_abs_rad_s,rad/s,all_primary_common_complete_success_within_stratum,3,3,0.1577382831080329,0.15794706305134154,0.16046818113531033,0.1545194809058947,0.1607483053668624
original,PPO_best_551901,template_group,formal-g044,provider_mean_s,s/48Hz decision,all_primary_common_complete_success_within_stratum,3,3,0.0003383001927027686,0.00033906835975964594,0.0003512681925409803,0.00032320848883197567,0.00035262372951668414
original,PPO_best_551901,template_group,formal-g044,core_mean_s,s/240Hz step,all_primary_common_complete_success_within_stratum,3,3,0.00058518876676822,0.0005847007004679956,0.0005886810053319398,0.0005817423384087306,0.0005891232614279337
original,PPO_best_551901,template_group,formal-g044,outer_mean_s,s/240Hz step including decision when due,all_primary_common_complete_success_within_stratum,3,3,0.0007827146176370863,0.000778485553973951,0.0007926751414288446,0.0007754065366801418,0.0007942517622571662
original,PPO_best_551901,template_group,formal-g051,max_error_m,m,all_primary_common_complete_success_within_stratum,10,10,7.375635923857465e-05,6.821676532887543e-05,0.00010386604036346462,5.581085340479232e-05,0.00010786034414054678
original,PPO_best_551901,template_group,formal-g051,rmse_m,m,all_primary_common_complete_success_within_stratum,10,10,5.772781700652176e-05,5.4652748353566715e-05,7.48294781879487e-05,4.656437307533912e-05,7.84772959310371e-05
original,PPO_best_551901,template_group,formal-g051,endpoint_error_m,m,all_primary_common_complete_success_within_stratum,10,10,6.247833866887005e-05,5.444933790408368e-05,0.00010380923292732357,2.7885157505068502e-05,0.00010786034414054678
original,PPO_best_551901,template_group,formal-g051,minimum_external_distance_m,m,all_primary_common_complete_success_within_stratum,10,10,0.026867729886599835,0.021447997138222118,0.04673575498418551,0.012881021317325936,0.04941017423657798
original,PPO_best_551901,template_group,formal-g051,minimum_self_distance_m,m,all_primary_common_complete_success_within_stratum,10,10,0.019634520747796876,0.01960395187801838,0.019857561955889082,0.01945787375624116,0.019962539399105098
original,PPO_best_551901,template_group,formal-g051,command_smoothness_rms_rad_s2,rad/s^2,all_primary_common_complete_success_within_stratum,10,10,0.7465415056418377,0.9333814824032788,1.2602419269962366,0.15082025822087528,1.2725736220523356
original,PPO_best_551901,template_group,formal-g051,max_actual_arm_velocity_rad_s,rad/s,all_primary_common_complete_success_within_stratum,10,10,0.2674559131813845,0.26928650122093134,0.29167702243088905,0.23051013466418874,0.2933788711053062
original,PPO_best_551901,template_group,formal-g051,speed_saturated_fraction,fraction,all_primary_common_complete_success_within_stratum,10,10,0.0,0.0,0.0,0.0,0.0
original,PPO_best_551901,template_group,formal-g051,soft_limited_fraction,fraction,all_primary_common_complete_success_within_stratum,10,10,0.0,0.0,0.0,0.0,0.0
original,PPO_best_551901,template_group,formal-g051,raw_policy_component_clip_fraction,fraction,all_primary_common_complete_success_within_stratum,10,10,0.24672619047619043,0.25632440476190466,0.33266369047619027,0.14285714285714282,0.38020833333333326
original,PPO_best_551901,template_group,formal-g051,raw_policy_decisions_with_clip_fraction,fraction,all_primary_common_complete_success_within_stratum,10,10,1.0,1.0,1.0,1.0,1.0
original,PPO_best_551901,template_group,formal-g051,u_component_clip_fraction,fraction,all_primary_common_complete_success_within_stratum,10,10,0.0,0.0,0.0,0.0,0.0
original,PPO_best_551901,template_group,formal-g051,u_decisions_with_clip_fraction,fraction,all_primary_common_complete_success_within_stratum,10,10,0.0,0.0,0.0,0.0,0.0
original,PPO_best_551901,template_group,formal-g051,mean_u_abs_rad_s,rad/s,all_primary_common_complete_success_within_stratum,10,10,0.12036184355270096,0.11909962568935867,0.13769302283654855,0.10656062976999064,0.13991825582925232
original,PPO_best_551901,template_group,formal-g051,provider_mean_s,s/48Hz decision,all_primary_common_complete_success_within_stratum,10,10,0.00032490735520696035,0.00032471213008496613,0.00034025719658454064,0.00030986042179392825,0.0003418515674790494
original,PPO_best_551901,template_group,formal-g051,core_mean_s,s/240Hz step,all_primary_common_complete_success_within_stratum,10,10,0.0005880046424863395,0.0005877142867575458,0.0005969537783607848,0.0005806867895140991,0.0006017316084125923
original,PPO_best_551901,template_group,formal-g051,outer_mean_s,s/240Hz step including decision when due,all_primary_common_complete_success_within_stratum,10,10,0.0007715918393235673,0.0007659591296411843,0.0007988023700507559,0.0007498326721512664,0.0008037081894447814
original,PPO_best_551901,template_group,formal-g053,max_error_m,m,all_primary_common_complete_success_within_stratum,1,1,7.887894512993722e-05,7.887894512993722e-05,7.887894512993722e-05,7.887894512993722e-05,7.887894512993722e-05
original,PPO_best_551901,template_group,formal-g053,rmse_m,m,all_primary_common_complete_success_within_stratum,1,1,6.807104753699126e-05,6.807104753699126e-05,6.807104753699126e-05,6.807104753699126e-05,6.807104753699126e-05
original,PPO_best_551901,template_group,formal-g053,endpoint_error_m,m,all_primary_common_complete_success_within_stratum,1,1,7.6752894516084e-05,7.6752894516084e-05,7.6752894516084e-05,7.6752894516084e-05,7.6752894516084e-05
original,PPO_best_551901,template_group,formal-g053,minimum_external_distance_m,m,all_primary_common_complete_success_within_stratum,1,1,0.02516257356337573,0.02516257356337573,0.02516257356337573,0.02516257356337573,0.02516257356337573
original,PPO_best_551901,template_group,formal-g053,minimum_self_distance_m,m,all_primary_common_complete_success_within_stratum,1,1,0.01997325073936116,0.01997325073936116,0.01997325073936116,0.01997325073936116,0.01997325073936116
original,PPO_best_551901,template_group,formal-g053,command_smoothness_rms_rad_s2,rad/s^2,all_primary_common_complete_success_within_stratum,1,1,0.1471302730294636,0.1471302730294636,0.1471302730294636,0.1471302730294636,0.1471302730294636
original,PPO_best_551901,template_group,formal-g053,max_actual_arm_velocity_rad_s,rad/s,all_primary_common_complete_success_within_stratum,1,1,0.28733757385440906,0.28733757385440906,0.28733757385440906,0.28733757385440906,0.28733757385440906
original,PPO_best_551901,template_group,formal-g053,speed_saturated_fraction,fraction,all_primary_common_complete_success_within_stratum,1,1,0.0,0.0,0.0,0.0,0.0
original,PPO_best_551901,template_group,formal-g053,soft_limited_fraction,fraction,all_primary_common_complete_success_within_stratum,1,1,0.0,0.0,0.0,0.0,0.0
original,PPO_best_551901,template_group,formal-g053,raw_policy_component_clip_fraction,fraction,all_primary_common_complete_success_within_stratum,1,1,0.32142857142857134,0.32142857142857134,0.32142857142857134,0.32142857142857134,0.32142857142857134
original,PPO_best_551901,template_group,formal-g053,raw_policy_decisions_with_clip_fraction,fraction,all_primary_common_complete_success_within_stratum,1,1,1.0,1.0,1.0,1.0,1.0
original,PPO_best_551901,template_group,formal-g053,u_component_clip_fraction,fraction,all_primary_common_complete_success_within_stratum,1,1,0.0,0.0,0.0,0.0,0.0
original,PPO_best_551901,template_group,formal-g053,u_decisions_with_clip_fraction,fraction,all_primary_common_complete_success_within_stratum,1,1,0.0,0.0,0.0,0.0,0.0
original,PPO_best_551901,template_group,formal-g053,mean_u_abs_rad_s,rad/s,all_primary_common_complete_success_within_stratum,1,1,0.11910572553862861,0.11910572553862861,0.11910572553862861,0.11910572553862861,0.11910572553862861
original,PPO_best_551901,template_group,formal-g053,provider_mean_s,s/48Hz decision,all_primary_common_complete_success_within_stratum,1,1,0.00031808453597174474,0.00031808453597174474,0.00031808453597174474,0.00031808453597174474,0.00031808453597174474
original,PPO_best_551901,template_group,formal-g053,core_mean_s,s/240Hz step,all_primary_common_complete_success_within_stratum,1,1,0.0005921880332304378,0.0005921880332304378,0.0005921880332304378,0.0005921880332304378,0.0005921880332304378
original,PPO_best_551901,template_group,formal-g053,outer_mean_s,s/240Hz step including decision when due,all_primary_common_complete_success_within_stratum,1,1,0.0007775296739055193,0.0007775296739055193,0.0007775296739055193,0.0007775296739055193,0.0007775296739055193
original,PPO_best_551901,template_group,formal-g054,max_error_m,m,all_primary_common_complete_success_within_stratum,2,2,7.645328305679391e-05,7.645328305679391e-05,7.981996375815038e-05,7.271252672195341e-05,8.019403939163443e-05
original,PPO_best_551901,template_group,formal-g054,rmse_m,m,all_primary_common_complete_success_within_stratum,2,2,6.422887092801469e-05,6.422887092801469e-05,6.444694050539874e-05,6.398657139758797e-05,6.447117045844142e-05
original,PPO_best_551901,template_group,formal-g054,endpoint_error_m,m,all_primary_common_complete_success_within_stratum,2,2,4.338840186784125e-05,4.338840186784125e-05,5.677962476093626e-05,2.85092653199579e-05,5.82675384157246e-05
original,PPO_best_551901,template_group,formal-g054,minimum_external_distance_m,m,all_primary_common_complete_success_within_stratum,2,2,0.02993464241487019,0.02993464241487019,0.03371180595455511,0.025737794037442502,0.03413149079229788
original,PPO_best_551901,template_group,formal-g054,minimum_self_distance_m,m,all_primary_common_complete_success_within_stratum,2,2,0.01961492489526983,0.01961492489526983,0.01962781089637283,0.019600607116266495,0.019629242674273163
original,PPO_best_551901,template_group,formal-g054,command_smoothness_rms_rad_s2,rad/s^2,all_primary_common_complete_success_within_stratum,2,2,0.17115128658877354,0.17115128658877354,0.17395215439314546,0.16803921125058252,0.17426336192696457
original,PPO_best_551901,template_group,formal-g054,max_actual_arm_velocity_rad_s,rad/s,all_primary_common_complete_success_within_stratum,2,2,0.2570509255835348,0.2570509255835348,0.2622989688454296,0.2512197664036517,0.2628820847634179
original,PPO_best_551901,template_group,formal-g054,speed_saturated_fraction,fraction,all_primary_common_complete_success_within_stratum,2,2,0.0,0.0,0.0,0.0,0.0
original,PPO_best_551901,template_group,formal-g054,soft_limited_fraction,fraction,all_primary_common_complete_success_within_stratum,2,2,0.0,0.0,0.0,0.0,0.0
original,PPO_best_551901,template_group,formal-g054,raw_policy_component_clip_fraction,fraction,all_primary_common_complete_success_within_stratum,2,2,0.40029761904761896,0.40029761904761896,0.4223958333333333,0.3757440476190475,0.42485119047619047
original,PPO_best_551901,template_group,formal-g054,raw_policy_decisions_with_clip_fraction,fraction,all_primary_common_complete_success_within_stratum,2,2,1.0,1.0,1.0,1.0,1.0
original,PPO_best_551901,template_group,formal-g054,u_component_clip_fraction,fraction,all_primary_common_complete_success_within_stratum,2,2,0.0,0.0,0.0,0.0,0.0
original,PPO_best_551901,template_group,formal-g054,u_decisions_with_clip_fraction,fraction,all_primary_common_complete_success_within_stratum,2,2,0.0,0.0,0.0,0.0,0.0
original,PPO_best_551901,template_group,formal-g054,mean_u_abs_rad_s,rad/s,all_primary_common_complete_success_within_stratum,2,2,0.152609772035586,0.152609772035586,0.15363739594484546,0.15146796769196436,0.15375157637920764
original,PPO_best_551901,template_group,formal-g054,provider_mean_s,s/48Hz decision,all_primary_common_complete_success_within_stratum,2,2,0.000326047315335624,0.000326047315335624,0.0003296962266783036,0.00032199296939931327,0.0003301016612719347
original,PPO_best_551901,template_group,formal-g054,core_mean_s,s/240Hz step,all_primary_common_complete_success_within_stratum,2,2,0.0005861154582513942,0.0005861154582513942,0.0005898937022917986,0.0005819174093176116,0.0005903135071851769
original,PPO_best_551901,template_group,formal-g054,outer_mean_s,s/240Hz step including decision when due,all_primary_common_complete_success_within_stratum,2,2,0.000783865702737785,0.000783865702737785,0.0007882669911373341,0.0007789753822938413,0.0007887560231817285
original,PPO_best_551901,template_group,formal-g057,max_error_m,m,all_primary_common_complete_success_within_stratum,2,2,2.7570171070116815e-05,2.7570171070116815e-05,3.515057057015026e-05,1.914750495896854e-05,3.5992837181265085e-05
original,PPO_best_551901,template_group,formal-g057,rmse_m,m,all_primary_common_complete_success_within_stratum,2,2,1.7650781152339457e-05,1.7650781152339457e-05,2.175140153457556e-05,1.3094536283188227e-05,2.2207026021490683e-05
original,PPO_best_551901,template_group,formal-g057,endpoint_error_m,m,all_primary_common_complete_success_within_stratum,2,2,1.3803714958401056e-05,1.3803714958401056e-05,1.5227456930382093e-05,1.2221779433977683e-05,1.538565048282443e-05
original,PPO_best_551901,template_group,formal-g057,minimum_external_distance_m,m,all_primary_common_complete_success_within_stratum,2,2,0.0032816393393286444,0.0032816393393286444,0.003511117706696345,0.003026663375586755,0.003536615303070534
original,PPO_best_551901,template_group,formal-g057,minimum_self_distance_m,m,all_primary_common_complete_success_within_stratum,2,2,0.0195707655205597,0.0195707655205597,0.019577049788426025,0.019563783000708226,0.019577748040411173
original,PPO_best_551901,template_group,formal-g057,command_smoothness_rms_rad_s2,rad/s^2,all_primary_common_complete_success_within_stratum,2,2,0.3634648872862828,0.3634648872862828,0.5160689836168103,0.1939047802523633,0.5330249943202022
original,PPO_best_551901,template_group,formal-g057,max_actual_arm_velocity_rad_s,rad/s,all_primary_common_complete_success_within_stratum,2,2,0.2816824338140075,0.2816824338140075,0.28731748763691883,0.2754212628996616,0.2879436047283534
original,PPO_best_551901,template_group,formal-g057,speed_saturated_fraction,fraction,all_primary_common_complete_success_within_stratum,2,2,0.0,0.0,0.0,0.0,0.0
original,PPO_best_551901,template_group,formal-g057,soft_limited_fraction,fraction,all_primary_common_complete_success_within_stratum,2,2,0.0,0.0,0.0,0.0,0.0
original,PPO_best_551901,template_group,formal-g057,raw_policy_component_clip_fraction,fraction,all_primary_common_complete_success_within_stratum,2,2,0.4430803571428571,0.4430803571428571,0.45546875000000003,0.4293154761904761,0.45684523809523814
original,PPO_best_551901,template_group,formal-g057,raw_policy_decisions_with_clip_fraction,fraction,all_primary_common_complete_success_within_stratum,2,2,1.0,1.0,1.0,1.0,1.0
original,PPO_best_551901,template_group,formal-g057,u_component_clip_fraction,fraction,all_primary_common_complete_success_within_stratum,2,2,0.0,0.0,0.0,0.0,0.0
original,PPO_best_551901,template_group,formal-g057,u_decisions_with_clip_fraction,fraction,all_primary_common_complete_success_within_stratum,2,2,0.0,0.0,0.0,0.0,0.0
original,PPO_best_551901,template_group,formal-g057,mean_u_abs_rad_s,rad/s,all_primary_common_complete_success_within_stratum,2,2,0.15540874169341154,0.15540874169341154,0.15834942465381963,0.152141316181847,0.15867616720497607
original,PPO_best_551901,template_group,formal-g057,provider_mean_s,s/48Hz decision,all_primary_common_complete_success_within_stratum,2,2,0.00030168794057772175,0.00030168794057772175,0.00030177432912523725,0.0003015919533027045,0.000301783927852739
original,PPO_best_551901,template_group,formal-g057,core_mean_s,s/240Hz step,all_primary_common_complete_success_within_stratum,2,2,0.0005724076992540479,0.0005724076992540479,0.0005745368464439101,0.0005700419801542012,0.0005747734183538948
original,PPO_best_551901,template_group,formal-g057,outer_mean_s,s/240Hz step including decision when due,all_primary_common_complete_success_within_stratum,2,2,0.0007197216422127894,0.0007197216422127894,0.0007288967330191554,0.0007095270968723829,0.000729916187553196
original,PPO_best_552901,category,far,max_error_m,m,all_primary_common_complete_success_within_stratum,36,36,4.9726438436158484e-05,4.895023813865582e-05,5.760788726299046e-05,4.341534104068668e-05,5.983060084226967e-05
original,PPO_best_552901,category,far,rmse_m,m,all_primary_common_complete_success_within_stratum,36,36,4.196651303314796e-05,4.1493553432582427e-05,4.730571295248475e-05,3.60280726133535e-05,4.8113332545547995e-05
original,PPO_best_552901,category,far,endpoint_error_m,m,all_primary_common_complete_success_within_stratum,36,36,4.429336293415056e-05,4.427738667857883e-05,4.8647732991900876e-05,3.887786202109643e-05,4.9766198466926755e-05
original,PPO_best_552901,category,far,minimum_external_distance_m,m,all_primary_common_complete_success_within_stratum,36,0,,,,,
original,PPO_best_552901,category,far,minimum_self_distance_m,m,all_primary_common_complete_success_within_stratum,36,36,0.019759591669371832,0.019751785588349502,0.01997502820423374,0.019572011179351485,0.01997625596425412
original,PPO_best_552901,category,far,command_smoothness_rms_rad_s2,rad/s^2,all_primary_common_complete_success_within_stratum,36,36,0.04543206671091349,0.04324315999624818,0.06190016268055902,0.03163800437222553,0.07161471979294223
original,PPO_best_552901,category,far,max_actual_arm_velocity_rad_s,rad/s,all_primary_common_complete_success_within_stratum,36,36,0.14838127865602752,0.14730596498696746,0.15524713012618657,0.14547808039924018,0.16680713192804472
original,PPO_best_552901,category,far,speed_saturated_fraction,fraction,all_primary_common_complete_success_within_stratum,36,36,0.0,0.0,0.0,0.0,0.0
original,PPO_best_552901,category,far,soft_limited_fraction,fraction,all_primary_common_complete_success_within_stratum,36,36,0.0,0.0,0.0,0.0,0.0
original,PPO_best_552901,category,far,raw_policy_component_clip_fraction,fraction,all_primary_common_complete_success_within_stratum,36,36,0.14147238756613756,0.14285714285714282,0.14285714285714282,0.11681547619047615,0.14285714285714282
original,PPO_best_552901,category,far,raw_policy_decisions_with_clip_fraction,fraction,all_primary_common_complete_success_within_stratum,36,36,0.9903067129629631,1.0,1.0,0.8177083333333334,1.0
original,PPO_best_552901,category,far,u_component_clip_fraction,fraction,all_primary_common_complete_success_within_stratum,36,36,0.0,0.0,0.0,0.0,0.0
original,PPO_best_552901,category,far,u_decisions_with_clip_fraction,fraction,all_primary_common_complete_success_within_stratum,36,36,0.0,0.0,0.0,0.0,0.0
original,PPO_best_552901,category,far,mean_u_abs_rad_s,rad/s,all_primary_common_complete_success_within_stratum,36,36,0.060386330663905946,0.060334496257599395,0.0610517970551016,0.0595025749680298,0.06117144260677465
original,PPO_best_552901,category,far,provider_mean_s,s/48Hz decision,all_primary_common_complete_success_within_stratum,36,36,0.0002651568084557025,0.00025928516360333254,0.0003135882425340242,0.000252019536901571,0.00036207553678953747
original,PPO_best_552901,category,far,core_mean_s,s/240Hz step,all_primary_common_complete_success_within_stratum,36,36,0.000550513314611315,0.0005496344294897426,0.0005609410187882228,0.0005369300039546942,0.000586345612631097
original,PPO_best_552901,category,far,outer_mean_s,s/240Hz step including decision when due,all_primary_common_complete_success_within_stratum,36,36,0.0006265024272920528,0.000624214562170285,0.000647344036318979,0.0006098040737924748,0.0006831155488422762
original,PPO_best_552901,category,near_link,max_error_m,m,all_primary_common_complete_success_within_stratum,51,51,5.1559716565668955e-05,5.104140702605456e-05,6.751137023993859e-05,3.01744547987865e-05,6.926822794879042e-05
original,PPO_best_552901,category,near_link,rmse_m,m,all_primary_common_complete_success_within_stratum,51,51,4.0657729060381206e-05,3.9616633179907426e-05,5.4806600756616576e-05,2.6854158201232002e-05,5.636486083774726e-05
original,PPO_best_552901,category,near_link,endpoint_error_m,m,all_primary_common_complete_success_within_stratum,51,51,3.59903534588229e-05,3.4451397409634056e-05,5.476936394463378e-05,1.3404435133312058e-05,5.730084009806966e-05
original,PPO_best_552901,category,near_link,minimum_external_distance_m,m,all_primary_common_complete_success_within_stratum,51,51,0.02899539632957969,0.028658158716403356,0.047789604207206036,0.005389593533349557,0.049725540706937355
original,PPO_best_552901,category,near_link,minimum_self_distance_m,m,all_primary_common_complete_success_within_stratum,51,51,0.019737394104026872,0.019717183208315947,0.019973112972470636,0.01944603838825877,0.019980411301969946
original,PPO_best_552901,category,near_link,command_smoothness_rms_rad_s2,rad/s^2,all_primary_common_complete_success_within_stratum,51,51,0.16248824987410543,0.08342809929343398,0.4007907207926925,0.03306431221756593,0.6402362721197791
original,PPO_best_552901,category,near_link,max_actual_arm_velocity_rad_s,rad/s,all_primary_common_complete_success_within_stratum,51,51,0.14714685039988767,0.16690435136787912,0.19698824318129837,0.06321057237477366,0.19991159747264153
original,PPO_best_552901,category,near_link,speed_saturated_fraction,fraction,all_primary_common_complete_success_within_stratum,51,51,0.0,0.0,0.0,0.0,0.0
original,PPO_best_552901,category,near_link,soft_limited_fraction,fraction,all_primary_common_complete_success_within_stratum,51,51,0.0,0.0,0.0,0.0,0.0
original,PPO_best_552901,category,near_link,raw_policy_component_clip_fraction,fraction,all_primary_common_complete_success_within_stratum,51,51,0.03723155929038281,0.0,0.14285714285714282,0.0,0.14285714285714282
original,PPO_best_552901,category,near_link,raw_policy_decisions_with_clip_fraction,fraction,all_primary_common_complete_success_within_stratum,51,51,0.26062091503267976,0.0,1.0,0.0,1.0
original,PPO_best_552901,category,near_link,u_component_clip_fraction,fraction,all_primary_common_complete_success_within_stratum,51,51,0.0,0.0,0.0,0.0,0.0
original,PPO_best_552901,category,near_link,u_decisions_with_clip_fraction,fraction,all_primary_common_complete_success_within_stratum,51,51,0.0,0.0,0.0,0.0,0.0
original,PPO_best_552901,category,near_link,mean_u_abs_rad_s,rad/s,all_primary_common_complete_success_within_stratum,51,51,0.060426371898513055,0.06363627694746746,0.07687909969418322,0.026944228370779286,0.0879378090604275
original,PPO_best_552901,category,near_link,provider_mean_s,s/48Hz decision,all_primary_common_complete_success_within_stratum,51,51,0.0003140092755776315,0.00031131254756170773,0.0003467838857507862,0.0002849784630901316,0.0003833215363708102
original,PPO_best_552901,category,near_link,core_mean_s,s/240Hz step,all_primary_common_complete_success_within_stratum,51,51,0.0005737163961179713,0.0005736051936764853,0.0005892380490119347,0.0005572627136947024,0.0006124944416114886
original,PPO_best_552901,category,near_link,outer_mean_s,s/240Hz step including decision when due,all_primary_common_complete_success_within_stratum,51,51,0.0007369970468023454,0.00073466560623577,0.000793539228023595,0.0006821362491336913,0.0008258027509934133
original,PPO_best_552901,category,tight_layout,max_error_m,m,all_primary_common_complete_success_within_stratum,17,17,5.7489655963172924e-05,5.778026405903023e-05,6.85538887590423e-05,4.207649545519755e-05,6.869121778051762e-05
original,PPO_best_552901,category,tight_layout,rmse_m,m,all_primary_common_complete_success_within_stratum,17,17,4.668345347099815e-05,4.718707502785394e-05,5.355893331460871e-05,3.430379263685858e-05,5.456808098283924e-05
original,PPO_best_552901,category,tight_layout,endpoint_error_m,m,all_primary_common_complete_success_within_stratum,17,17,4.5449240790331763e-05,4.509834187243205e-05,5.533253950410124e-05,2.160236450098312e-05,5.69982596615215e-05
original,PPO_best_552901,category,tight_layout,minimum_external_distance_m,m,all_primary_common_complete_success_within_stratum,17,17,0.018540193576527003,0.019168544850035843,0.04207177207857052,0.0023255875498373463,0.043387911572244336
original,PPO_best_552901,category,tight_layout,minimum_self_distance_m,m,all_primary_common_complete_success_within_stratum,17,17,0.019686050104283002,0.01965608922395446,0.019932958274585598,0.019432711980917707,0.01996786303818536
original,PPO_best_552901,category,tight_layout,command_smoothness_rms_rad_s2,rad/s^2,all_primary_common_complete_success_within_stratum,17,17,0.12536583914549262,0.07393201727762445,0.24939026203092485,0.04757315202285477,0.26250432531528123
original,PPO_best_552901,category,tight_layout,max_actual_arm_velocity_rad_s,rad/s,all_primary_common_complete_success_within_stratum,17,17,0.17506409868963324,0.1798218893602377,0.2163198301359349,0.11686455590823629,0.21811293085481936
original,PPO_best_552901,category,tight_layout,speed_saturated_fraction,fraction,all_primary_common_complete_success_within_stratum,17,17,0.0,0.0,0.0,0.0,0.0
original,PPO_best_552901,category,tight_layout,soft_limited_fraction,fraction,all_primary_common_complete_success_within_stratum,17,17,0.0,0.0,0.0,0.0,0.0
original,PPO_best_552901,category,tight_layout,raw_policy_component_clip_fraction,fraction,all_primary_common_complete_success_within_stratum,17,17,0.08727240896358542,0.0,0.2342261904761904,0.0,0.23958333333333326
original,PPO_best_552901,category,tight_layout,raw_policy_decisions_with_clip_fraction,fraction,all_primary_common_complete_success_within_stratum,17,17,0.4598651960784314,0.0,1.0,0.0,1.0
original,PPO_best_552901,category,tight_layout,u_component_clip_fraction,fraction,all_primary_common_complete_success_within_stratum,17,17,0.0,0.0,0.0,0.0,0.0
original,PPO_best_552901,category,tight_layout,u_decisions_with_clip_fraction,fraction,all_primary_common_complete_success_within_stratum,17,17,0.0,0.0,0.0,0.0,0.0
original,PPO_best_552901,category,tight_layout,mean_u_abs_rad_s,rad/s,all_primary_common_complete_success_within_stratum,17,17,0.07830363737593056,0.08103968085211126,0.09275286386410396,0.04633829305793847,0.09553637231722298
original,PPO_best_552901,category,tight_layout,provider_mean_s,s/48Hz decision,all_primary_common_complete_success_within_stratum,17,17,0.0003204449674909733,0.00032387035472917586,0.0003441013326967853,0.00029149512458085763,0.00034758170310548547
original,PPO_best_552901,category,tight_layout,core_mean_s,s/240Hz step,all_primary_common_complete_success_within_stratum,17,17,0.0005872176110357281,0.0005847508208110715,0.0006107140858299923,0.0005703634905936876,0.0006778475156806963
original,PPO_best_552901,category,tight_layout,outer_mean_s,s/240Hz step including decision when due,all_primary_common_complete_success_within_stratum,17,17,0.0007594395520246669,0.0007823965780668611,0.0008059320196480257,0.000705870006307426,0.0008386488780161017
original,PPO_best_552901,template_group,formal-g003,max_error_m,m,all_primary_common_complete_success_within_stratum,12,12,4.205732039657862e-05,4.292995685414316e-05,4.7643093666783264e-05,3.01744547987865e-05,4.847824455650776e-05
original,PPO_best_552901,template_group,formal-g003,rmse_m,m,all_primary_common_complete_success_within_stratum,12,12,3.2442334013130894e-05,3.2350302025620686e-05,3.6868410682723465e-05,2.6854158201232002e-05,3.861559268383685e-05
original,PPO_best_552901,template_group,formal-g003,endpoint_error_m,m,all_primary_common_complete_success_within_stratum,12,12,2.488787905645528e-05,2.463306374155023e-05,3.394620139240757e-05,1.740995362393805e-05,3.4451397409634056e-05
original,PPO_best_552901,template_group,formal-g003,minimum_external_distance_m,m,all_primary_common_complete_success_within_stratum,12,12,0.03344579710738065,0.033515027396874085,0.047812171599278266,0.016779510135819728,0.049725540706937355
original,PPO_best_552901,template_group,formal-g003,minimum_self_distance_m,m,all_primary_common_complete_success_within_stratum,12,12,0.019733552118738607,0.01965546283106706,0.019968124958150524,0.019572123461388063,0.019969845921698502
original,PPO_best_552901,template_group,formal-g003,command_smoothness_rms_rad_s2,rad/s^2,all_primary_common_complete_success_within_stratum,12,12,0.14173267381890645,0.06748723003161058,0.34427494567300504,0.05545622039255252,0.3520913899279518
original,PPO_best_552901,template_group,formal-g003,max_actual_arm_velocity_rad_s,rad/s,all_primary_common_complete_success_within_stratum,12,12,0.1375136095990205,0.1318319620143823,0.1765409927638688,0.10286822181770679,0.18233830469021164
original,PPO_best_552901,template_group,formal-g003,speed_saturated_fraction,fraction,all_primary_common_complete_success_within_stratum,12,12,0.0,0.0,0.0,0.0,0.0
original,PPO_best_552901,template_group,formal-g003,soft_limited_fraction,fraction,all_primary_common_complete_success_within_stratum,12,12,0.0,0.0,0.0,0.0,0.0
original,PPO_best_552901,template_group,formal-g003,raw_policy_component_clip_fraction,fraction,all_primary_common_complete_success_within_stratum,12,12,0.0,0.0,0.0,0.0,0.0
original,PPO_best_552901,template_group,formal-g003,raw_policy_decisions_with_clip_fraction,fraction,all_primary_common_complete_success_within_stratum,12,12,0.0,0.0,0.0,0.0,0.0
original,PPO_best_552901,template_group,formal-g003,u_component_clip_fraction,fraction,all_primary_common_complete_success_within_stratum,12,12,0.0,0.0,0.0,0.0,0.0
original,PPO_best_552901,template_group,formal-g003,u_decisions_with_clip_fraction,fraction,all_primary_common_complete_success_within_stratum,12,12,0.0,0.0,0.0,0.0,0.0
original,PPO_best_552901,template_group,formal-g003,mean_u_abs_rad_s,rad/s,all_primary_common_complete_success_within_stratum,12,12,0.059897059795490815,0.05866575004006985,0.06905131901193748,0.04880748658213721,0.06956684895173697
original,PPO_best_552901,template_group,formal-g003,provider_mean_s,s/48Hz decision,all_primary_common_complete_success_within_stratum,12,12,0.00032196848691354616,0.00031887575748138863,0.0003496558078988225,0.0003030673694865982,0.0003790589992149762
original,PPO_best_552901,template_group,formal-g003,core_mean_s,s/240Hz step,all_primary_common_complete_success_within_stratum,12,12,0.0005753775982018143,0.0005755581588346104,0.0005838290862129724,0.0005652872721687648,0.0005907211615370519
original,PPO_best_552901,template_group,formal-g003,outer_mean_s,s/240Hz step including decision when due,all_primary_common_complete_success_within_stratum,12,12,0.0007581440343617235,0.0007593512683949182,0.000787249737241685,0.0007206433479344317,0.0008015856154846309
original,PPO_best_552901,template_group,formal-g006,max_error_m,m,all_primary_common_complete_success_within_stratum,1,1,6.28752756537773e-05,6.28752756537773e-05,6.28752756537773e-05,6.28752756537773e-05,6.28752756537773e-05
original,PPO_best_552901,template_group,formal-g006,rmse_m,m,all_primary_common_complete_success_within_stratum,1,1,4.839266457197564e-05,4.839266457197564e-05,4.839266457197564e-05,4.839266457197564e-05,4.839266457197564e-05
original,PPO_best_552901,template_group,formal-g006,endpoint_error_m,m,all_primary_common_complete_success_within_stratum,1,1,4.9207377446194855e-05,4.9207377446194855e-05,4.9207377446194855e-05,4.9207377446194855e-05,4.9207377446194855e-05
original,PPO_best_552901,template_group,formal-g006,minimum_external_distance_m,m,all_primary_common_complete_success_within_stratum,1,1,0.013644399431133547,0.013644399431133547,0.013644399431133547,0.013644399431133547,0.013644399431133547
original,PPO_best_552901,template_group,formal-g006,minimum_self_distance_m,m,all_primary_common_complete_success_within_stratum,1,1,0.019628431641340552,0.019628431641340552,0.019628431641340552,0.019628431641340552,0.019628431641340552
original,PPO_best_552901,template_group,formal-g006,command_smoothness_rms_rad_s2,rad/s^2,all_primary_common_complete_success_within_stratum,1,1,0.24105581635373186,0.24105581635373186,0.24105581635373186,0.24105581635373186,0.24105581635373186
original,PPO_best_552901,template_group,formal-g006,max_actual_arm_velocity_rad_s,rad/s,all_primary_common_complete_success_within_stratum,1,1,0.15759107930151833,0.15759107930151833,0.15759107930151833,0.15759107930151833,0.15759107930151833
original,PPO_best_552901,template_group,formal-g006,speed_saturated_fraction,fraction,all_primary_common_complete_success_within_stratum,1,1,0.0,0.0,0.0,0.0,0.0
original,PPO_best_552901,template_group,formal-g006,soft_limited_fraction,fraction,all_primary_common_complete_success_within_stratum,1,1,0.0,0.0,0.0,0.0,0.0
original,PPO_best_552901,template_group,formal-g006,raw_policy_component_clip_fraction,fraction,all_primary_common_complete_success_within_stratum,1,1,0.0,0.0,0.0,0.0,0.0
original,PPO_best_552901,template_group,formal-g006,raw_policy_decisions_with_clip_fraction,fraction,all_primary_common_complete_success_within_stratum,1,1,0.0,0.0,0.0,0.0,0.0
original,PPO_best_552901,template_group,formal-g006,u_component_clip_fraction,fraction,all_primary_common_complete_success_within_stratum,1,1,0.0,0.0,0.0,0.0,0.0
original,PPO_best_552901,template_group,formal-g006,u_decisions_with_clip_fraction,fraction,all_primary_common_complete_success_within_stratum,1,1,0.0,0.0,0.0,0.0,0.0
original,PPO_best_552901,template_group,formal-g006,mean_u_abs_rad_s,rad/s,all_primary_common_complete_success_within_stratum,1,1,0.08078540715255908,0.08078540715255908,0.08078540715255908,0.08078540715255908,0.08078540715255908
original,PPO_best_552901,template_group,formal-g006,provider_mean_s,s/48Hz decision,all_primary_common_complete_success_within_stratum,1,1,0.00032363048944716866,0.00032363048944716866,0.00032363048944716866,0.00032363048944716866,0.00032363048944716866
original,PPO_best_552901,template_group,formal-g006,core_mean_s,s/240Hz step,all_primary_common_complete_success_within_stratum,1,1,0.0005877549364868174,0.0005877549364868174,0.0005877549364868174,0.0005877549364868174,0.0005877549364868174
original,PPO_best_552901,template_group,formal-g006,outer_mean_s,s/240Hz step including decision when due,all_primary_common_complete_success_within_stratum,1,1,0.0007684806936443541,0.0007684806936443541,0.0007684806936443541,0.0007684806936443541,0.0007684806936443541
original,PPO_best_552901,template_group,formal-g009,max_error_m,m,all_primary_common_complete_success_within_stratum,4,4,6.113698185316693e-05,6.049977183159055e-05,6.736855702204791e-05,5.502882724581313e-05,6.851955650367348e-05
original,PPO_best_552901,template_group,formal-g009,rmse_m,m,all_primary_common_complete_success_within_stratum,4,4,5.115442829621898e-05,5.058755238797468e-05,5.4030792893026426e-05,4.8874527426087315e-05,5.456808098283924e-05
original,PPO_best_552901,template_group,formal-g009,endpoint_error_m,m,all_primary_common_complete_success_within_stratum,4,4,4.423687784838406e-05,4.356654265366165e-05,4.7909960431378224e-05,4.140829767384423e-05,4.840612841236873e-05
original,PPO_best_552901,template_group,formal-g009,minimum_external_distance_m,m,all_primary_common_complete_success_within_stratum,4,4,0.01909164544601507,0.019852668995918595,0.031690209664933335,0.0030027841526193977,0.03365845963960369
original,PPO_best_552901,template_group,formal-g009,minimum_self_distance_m,m,all_primary_common_complete_success_within_stratum,4,4,0.019627393592873087,0.019602114541294333,0.019715609456467043,0.01957347502781645,0.019731870261087234
original,PPO_best_552901,template_group,formal-g009,command_smoothness_rms_rad_s2,rad/s^2,all_primary_common_complete_success_within_stratum,4,4,0.19859482631434736,0.24175845934841148,0.2456379095173144,0.06475064035073072,0.24611174620983578
original,PPO_best_552901,template_group,formal-g009,max_actual_arm_velocity_rad_s,rad/s,all_primary_common_complete_success_within_stratum,4,4,0.2039296157969047,0.20440506752578047,0.2056257499157921,0.20106950365037626,0.20583882448568164
original,PPO_best_552901,template_group,formal-g009,speed_saturated_fraction,fraction,all_primary_common_complete_success_within_stratum,4,4,0.0,0.0,0.0,0.0,0.0
original,PPO_best_552901,template_group,formal-g009,soft_limited_fraction,fraction,all_primary_common_complete_success_within_stratum,4,4,0.0,0.0,0.0,0.0,0.0
original,PPO_best_552901,template_group,formal-g009,raw_policy_component_clip_fraction,fraction,all_primary_common_complete_success_within_stratum,4,4,0.2096354166666666,0.22805059523809518,0.23857886904761896,0.14285714285714282,0.23958333333333326
original,PPO_best_552901,template_group,formal-g009,raw_policy_decisions_with_clip_fraction,fraction,all_primary_common_complete_success_within_stratum,4,4,1.0,1.0,1.0,1.0,1.0
original,PPO_best_552901,template_group,formal-g009,u_component_clip_fraction,fraction,all_primary_common_complete_success_within_stratum,4,4,0.0,0.0,0.0,0.0,0.0
original,PPO_best_552901,template_group,formal-g009,u_decisions_with_clip_fraction,fraction,all_primary_common_complete_success_within_stratum,4,4,0.0,0.0,0.0,0.0,0.0
original,PPO_best_552901,template_group,formal-g009,mean_u_abs_rad_s,rad/s,all_primary_common_complete_success_within_stratum,4,4,0.08929272989483122,0.08922081601733572,0.09164825239712844,0.08667230079382925,0.0920569867508242
original,PPO_best_552901,template_group,formal-g009,provider_mean_s,s/48Hz decision,all_primary_common_complete_success_within_stratum,4,4,0.00029942830563337947,0.0003004357626347579,0.00030469637736511385,0.00029149512458085763,0.0003053465726831443
original,PPO_best_552901,template_group,formal-g009,core_mean_s,s/240Hz step,all_primary_common_complete_success_within_stratum,4,4,0.0005732574896948487,0.0005738031071208145,0.0005749458598810028,0.0005703634905936876,0.0005750602539440782
original,PPO_best_552901,template_group,formal-g009,outer_mean_s,s/240Hz step including decision when due,all_primary_common_complete_success_within_stratum,4,4,0.0007115624975237248,0.0007122474257812428,0.0007154068671510079,0.000705870006307426,0.0007158851322249878
original,PPO_best_552901,template_group,formal-g010,max_error_m,m,all_primary_common_complete_success_within_stratum,12,12,4.581949154775791e-05,4.547835138968821e-05,4.980270386855441e-05,4.341534104068668e-05,5.0628162966656185e-05
original,PPO_best_552901,template_group,formal-g010,rmse_m,m,all_primary_common_complete_success_within_stratum,12,12,3.8334505631617985e-05,3.831940697591657e-05,4.012660171221351e-05,3.60280726133535e-05,4.0522297014525146e-05
original,PPO_best_552901,template_group,formal-g010,endpoint_error_m,m,all_primary_common_complete_success_within_stratum,12,12,4.515852216634885e-05,4.476716734873286e-05,4.912947361433374e-05,4.300008870073234e-05,4.9766198466926755e-05
original,PPO_best_552901,template_group,formal-g010,minimum_external_distance_m,m,all_primary_common_complete_success_within_stratum,12,0,,,,,
original,PPO_best_552901,template_group,formal-g010,minimum_self_distance_m,m,all_primary_common_complete_success_within_stratum,12,12,0.01976711229995684,0.01975325696400793,0.01989580668730897,0.019583441241969902,0.019936099080717175
original,PPO_best_552901,template_group,formal-g010,command_smoothness_rms_rad_s2,rad/s^2,all_primary_common_complete_success_within_stratum,12,12,0.03715899100273176,0.03518993694840658,0.04623987153762006,0.03163800437222553,0.050750735364820575
original,PPO_best_552901,template_group,formal-g010,max_actual_arm_velocity_rad_s,rad/s,all_primary_common_complete_success_within_stratum,12,12,0.14667216942034753,0.14668351907771043,0.1476964805354708,0.14547808039924018,0.1480141518468442
original,PPO_best_552901,template_group,formal-g010,speed_saturated_fraction,fraction,all_primary_common_complete_success_within_stratum,12,12,0.0,0.0,0.0,0.0,0.0
original,PPO_best_552901,template_group,formal-g010,soft_limited_fraction,fraction,all_primary_common_complete_success_within_stratum,12,12,0.0,0.0,0.0,0.0,0.0
original,PPO_best_552901,template_group,formal-g010,raw_policy_component_clip_fraction,fraction,all_primary_common_complete_success_within_stratum,12,12,0.14285714285714282,0.14285714285714282,0.14285714285714282,0.14285714285714282,0.14285714285714282
original,PPO_best_552901,template_group,formal-g010,raw_policy_decisions_with_clip_fraction,fraction,all_primary_common_complete_success_within_stratum,12,12,1.0,1.0,1.0,1.0,1.0
original,PPO_best_552901,template_group,formal-g010,u_component_clip_fraction,fraction,all_primary_common_complete_success_within_stratum,12,12,0.0,0.0,0.0,0.0,0.0
original,PPO_best_552901,template_group,formal-g010,u_decisions_with_clip_fraction,fraction,all_primary_common_complete_success_within_stratum,12,12,0.0,0.0,0.0,0.0,0.0
original,PPO_best_552901,template_group,formal-g010,mean_u_abs_rad_s,rad/s,all_primary_common_complete_success_within_stratum,12,12,0.0601477755454927,0.06021129806149041,0.06051877344254449,0.0595025749680298,0.0605457550796148
original,PPO_best_552901,template_group,formal-g010,provider_mean_s,s/48Hz decision,all_primary_common_complete_success_within_stratum,12,12,0.0002684468232890443,0.0002595086950426169,0.00031212249427502067,0.00025357760485652153,0.00036207553678953747
original,PPO_best_552901,template_group,formal-g010,core_mean_s,s/240Hz step,all_primary_common_complete_success_within_stratum,12,12,0.0005546336998552054,0.0005520592650555045,0.0005702533110888907,0.0005469541386901256,0.000586345612631097
original,PPO_best_552901,template_group,formal-g010,outer_mean_s,s/240Hz step including decision when due,all_primary_common_complete_success_within_stratum,12,12,0.0006313402064291848,0.0006271268265133282,0.0006564741641735357,0.0006210641112829763,0.0006831155488422762
original,PPO_best_552901,template_group,formal-g013,max_error_m,m,all_primary_common_complete_success_within_stratum,9,9,5.539925788687167e-05,5.3129642139888543e-05,6.662950991062951e-05,4.675357432821056e-05,6.822255575508418e-05
original,PPO_best_552901,template_group,formal-g013,rmse_m,m,all_primary_common_complete_success_within_stratum,9,9,4.4963866310864865e-05,4.375923373020654e-05,5.537123975731078e-05,3.6917063993253824e-05,5.636486083774726e-05
original,PPO_best_552901,template_group,formal-g013,endpoint_error_m,m,all_primary_common_complete_success_within_stratum,9,9,3.942170502618424e-05,4.1864188308882835e-05,4.964639783435158e-05,2.504037019408662e-05,5.056541322348989e-05
original,PPO_best_552901,template_group,formal-g013,minimum_external_distance_m,m,all_primary_common_complete_success_within_stratum,9,9,0.02940311479670368,0.03212901919597916,0.04407720583357798,0.011845399510628601,0.04815674961120697
original,PPO_best_552901,template_group,formal-g013,minimum_self_distance_m,m,all_primary_common_complete_success_within_stratum,9,9,0.019843050500383777,0.01992513336353917,0.019979789482274066,0.01944603838825877,0.019980411301969946
original,PPO_best_552901,template_group,formal-g013,command_smoothness_rms_rad_s2,rad/s^2,all_primary_common_complete_success_within_stratum,9,9,0.2793867015128039,0.3224297196925723,0.5591666466792012,0.03306431221756593,0.6402362721197791
original,PPO_best_552901,template_group,formal-g013,max_actual_arm_velocity_rad_s,rad/s,all_primary_common_complete_success_within_stratum,9,9,0.12006560086423332,0.10683897414640045,0.1868306386450945,0.06321057237477366,0.18778289500248688
original,PPO_best_552901,template_group,formal-g013,speed_saturated_fraction,fraction,all_primary_common_complete_success_within_stratum,9,9,0.0,0.0,0.0,0.0,0.0
original,PPO_best_552901,template_group,formal-g013,soft_limited_fraction,fraction,all_primary_common_complete_success_within_stratum,9,9,0.0,0.0,0.0,0.0,0.0
original,PPO_best_552901,template_group,formal-g013,raw_policy_component_clip_fraction,fraction,all_primary_common_complete_success_within_stratum,9,9,0.011904761904761902,0.0,0.05089285714285713,0.0,0.052083333333333315
original,PPO_best_552901,template_group,formal-g013,raw_policy_decisions_with_clip_fraction,fraction,all_primary_common_complete_success_within_stratum,9,9,0.08333333333333333,0.0,0.35624999999999996,0.0,0.3645833333333333
original,PPO_best_552901,template_group,formal-g013,u_component_clip_fraction,fraction,all_primary_common_complete_success_within_stratum,9,9,0.0,0.0,0.0,0.0,0.0
original,PPO_best_552901,template_group,formal-g013,u_decisions_with_clip_fraction,fraction,all_primary_common_complete_success_within_stratum,9,9,0.0,0.0,0.0,0.0,0.0
original,PPO_best_552901,template_group,formal-g013,mean_u_abs_rad_s,rad/s,all_primary_common_complete_success_within_stratum,9,9,0.04904052090615748,0.04872897621604525,0.07712681250657798,0.027030501652292777,0.07811766375615704
original,PPO_best_552901,template_group,formal-g013,provider_mean_s,s/48Hz decision,all_primary_common_complete_success_within_stratum,9,9,0.00031244787040426064,0.00030850591141036904,0.0003422418969876162,0.00029290379097801633,0.00035710497445506917
original,PPO_best_552901,template_group,formal-g013,core_mean_s,s/240Hz step,all_primary_common_complete_success_within_stratum,9,9,0.0005727404868156118,0.0005707990469242456,0.0005822016199150919,0.0005656738027028041,0.0005842223414523081
original,PPO_best_552901,template_group,formal-g013,outer_mean_s,s/240Hz step including decision when due,all_primary_common_complete_success_within_stratum,9,9,0.0007268349030592044,0.0007250326146428658,0.0007484035997701237,0.0007065294540704296,0.0007536816814384413
original,PPO_best_552901,template_group,formal-g015,max_error_m,m,all_primary_common_complete_success_within_stratum,12,12,5.1323572537001976e-05,5.0947742529818426e-05,5.9098598414332487e-05,4.3631745947389005e-05,5.983060084226967e-05
original,PPO_best_552901,template_group,formal-g015,rmse_m,m,all_primary_common_complete_success_within_stratum,12,12,4.3412094037071116e-05,4.3409440617580423e-05,4.697850780627748e-05,3.9985269589342574e-05,4.730165960711649e-05
original,PPO_best_552901,template_group,formal-g015,endpoint_error_m,m,all_primary_common_complete_success_within_stratum,12,12,4.103969005138454e-05,4.097481490338387e-05,4.289340578284769e-05,3.887786202109643e-05,4.327253526770838e-05
original,PPO_best_552901,template_group,formal-g015,minimum_external_distance_m,m,all_primary_common_complete_success_within_stratum,12,0,,,,,
original,PPO_best_552901,template_group,formal-g015,minimum_self_distance_m,m,all_primary_common_complete_success_within_stratum,12,12,0.019589480502131714,0.019576800208453263,0.01962553633595802,0.019572011179351485,0.01964200168684127
original,PPO_best_552901,template_group,formal-g015,command_smoothness_rms_rad_s2,rad/s^2,all_primary_common_complete_success_within_stratum,12,12,0.05353366879026825,0.053105731230267086,0.06636418208467862,0.03882159450164948,0.07161471979294223
original,PPO_best_552901,template_group,formal-g015,max_actual_arm_velocity_rad_s,rad/s,all_primary_common_complete_success_within_stratum,12,12,0.15162220126912793,0.14981773511528262,0.161138612579677,0.14653215347977241,0.16680713192804472
original,PPO_best_552901,template_group,formal-g015,speed_saturated_fraction,fraction,all_primary_common_complete_success_within_stratum,12,12,0.0,0.0,0.0,0.0,0.0
original,PPO_best_552901,template_group,formal-g015,soft_limited_fraction,fraction,all_primary_common_complete_success_within_stratum,12,12,0.0,0.0,0.0,0.0,0.0
original,PPO_best_552901,template_group,formal-g015,raw_policy_component_clip_fraction,fraction,all_primary_common_complete_success_within_stratum,12,12,0.14285714285714282,0.14285714285714282,0.14285714285714282,0.14285714285714282,0.14285714285714282
original,PPO_best_552901,template_group,formal-g015,raw_policy_decisions_with_clip_fraction,fraction,all_primary_common_complete_success_within_stratum,12,12,1.0,1.0,1.0,1.0,1.0
original,PPO_best_552901,template_group,formal-g015,u_component_clip_fraction,fraction,all_primary_common_complete_success_within_stratum,12,12,0.0,0.0,0.0,0.0,0.0
original,PPO_best_552901,template_group,formal-g015,u_decisions_with_clip_fraction,fraction,all_primary_common_complete_success_within_stratum,12,12,0.0,0.0,0.0,0.0,0.0
original,PPO_best_552901,template_group,formal-g015,mean_u_abs_rad_s,rad/s,all_primary_common_complete_success_within_stratum,12,12,0.06047033289831321,0.0603412897327438,0.06107908079508759,0.0597686110136454,0.061154111080049055
original,PPO_best_552901,template_group,formal-g015,provider_mean_s,s/48Hz decision,all_primary_common_complete_success_within_stratum,12,12,0.00026546991639659403,0.00026104116640605446,0.00029164849370696776,0.0002564447765962541,0.00031847879722590733
original,PPO_best_552901,template_group,formal-g015,core_mean_s,s/240Hz step,all_primary_common_complete_success_within_stratum,12,12,0.000551106662813557,0.0005502171001277626,0.0005611666919723272,0.0005429450857263873,0.0005668295966340035
original,PPO_best_552901,template_group,formal-g015,outer_mean_s,s/240Hz step including decision when due,all_primary_common_complete_success_within_stratum,12,12,0.000627166833327111,0.0006247168146122325,0.000642672159963998,0.0006177994992867753,0.0006540909273250388
original,PPO_best_552901,template_group,formal-g021,max_error_m,m,all_primary_common_complete_success_within_stratum,12,12,6.0942372928404764e-05,6.140717781736882e-05,6.745963182069826e-05,5.585114362981323e-05,6.80287544323418e-05
original,PPO_best_552901,template_group,formal-g021,rmse_m,m,all_primary_common_complete_success_within_stratum,12,12,4.955296295635329e-05,4.861274708632081e-05,5.577835693873384e-05,4.4477838249705665e-05,5.583453462581431e-05
original,PPO_best_552901,template_group,formal-g021,endpoint_error_m,m,all_primary_common_complete_success_within_stratum,12,12,5.3571834516637115e-05,5.38675896713783e-05,5.7093546305086005e-05,4.656433562835541e-05,5.730084009806966e-05
original,PPO_best_552901,template_group,formal-g021,minimum_external_distance_m,m,all_primary_common_complete_success_within_stratum,12,12,0.02874911289091371,0.02930715883603903,0.04543194146474504,0.005389593533349557,0.0474224588032051
original,PPO_best_552901,template_group,formal-g021,minimum_self_distance_m,m,all_primary_common_complete_success_within_stratum,12,12,0.019702098369513695,0.019674426374408065,0.01985704382690724,0.01957214398738425,0.019866032326895468
original,PPO_best_552901,template_group,formal-g021,command_smoothness_rms_rad_s2,rad/s^2,all_primary_common_complete_success_within_stratum,12,12,0.09905970356148842,0.0714688180242106,0.215406570390819,0.060191625797061866,0.22386006296652114
original,PPO_best_552901,template_group,formal-g021,max_actual_arm_velocity_rad_s,rad/s,all_primary_common_complete_success_within_stratum,12,12,0.18390805388395637,0.18440860465532177,0.1981261578738953,0.1655678045184986,0.1985716765796913
original,PPO_best_552901,template_group,formal-g021,speed_saturated_fraction,fraction,all_primary_common_complete_success_within_stratum,12,12,0.0,0.0,0.0,0.0,0.0
original,PPO_best_552901,template_group,formal-g021,soft_limited_fraction,fraction,all_primary_common_complete_success_within_stratum,12,12,0.0,0.0,0.0,0.0,0.0
original,PPO_best_552901,template_group,formal-g021,raw_policy_component_clip_fraction,fraction,all_primary_common_complete_success_within_stratum,12,12,0.14279513888888884,0.14285714285714282,0.14285714285714282,0.1421130952380952,0.14285714285714282
original,PPO_best_552901,template_group,formal-g021,raw_policy_decisions_with_clip_fraction,fraction,all_primary_common_complete_success_within_stratum,12,12,0.9995659722222222,1.0,1.0,0.9947916666666666,1.0
original,PPO_best_552901,template_group,formal-g021,u_component_clip_fraction,fraction,all_primary_common_complete_success_within_stratum,12,12,0.0,0.0,0.0,0.0,0.0
original,PPO_best_552901,template_group,formal-g021,u_decisions_with_clip_fraction,fraction,all_primary_common_complete_success_within_stratum,12,12,0.0,0.0,0.0,0.0,0.0
original,PPO_best_552901,template_group,formal-g021,mean_u_abs_rad_s,rad/s,all_primary_common_complete_success_within_stratum,12,12,0.06882368016236681,0.06816043813951615,0.07400941359799791,0.061072905862515445,0.07436345891397823
original,PPO_best_552901,template_group,formal-g021,provider_mean_s,s/48Hz decision,all_primary_common_complete_success_within_stratum,12,12,0.0002946795612122817,0.00029333470846874354,0.0003059858677033844,0.0002849784630901316,0.00031077175026439363
original,PPO_best_552901,template_group,formal-g021,core_mean_s,s/240Hz step,all_primary_common_complete_success_within_stratum,12,12,0.0005640401750371084,0.0005631948370137252,0.000571783023029487,0.0005575712344276933,0.0005731589593021151
original,PPO_best_552901,template_group,formal-g021,outer_mean_s,s/240Hz step including decision when due,all_primary_common_complete_success_within_stratum,12,12,0.0006920690999638484,0.000688585998856676,0.0007070535459903719,0.0006821362491336913,0.0007106226539841979
original,PPO_best_552901,template_group,formal-g022,max_error_m,m,all_primary_common_complete_success_within_stratum,2,2,5.394657474210523e-05,5.394657474210523e-05,5.571184659936948e-05,5.198516156736716e-05,5.590798791684329e-05
original,PPO_best_552901,template_group,formal-g022,rmse_m,m,all_primary_common_complete_success_within_stratum,2,2,4.623567512749831e-05,4.623567512749831e-05,4.709193503781838e-05,4.528427522714269e-05,4.718707502785394e-05
original,PPO_best_552901,template_group,formal-g022,endpoint_error_m,m,all_primary_common_complete_success_within_stratum,2,2,4.780491284497262e-05,4.780491284497262e-05,5.085800373388404e-05,4.4412589635071035e-05,5.11972360548742e-05
original,PPO_best_552901,template_group,formal-g022,minimum_external_distance_m,m,all_primary_common_complete_success_within_stratum,2,2,0.0059932929726883855,0.0059932929726883855,0.00929422785325432,0.0023255875498373463,0.009660998395539425
original,PPO_best_552901,template_group,formal-g022,minimum_self_distance_m,m,all_primary_common_complete_success_within_stratum,2,2,0.019680207766021304,0.019680207766021304,0.01970191445388146,0.01965608922395446,0.019704326308088146
original,PPO_best_552901,template_group,formal-g022,command_smoothness_rms_rad_s2,rad/s^2,all_primary_common_complete_success_within_stratum,2,2,0.14853106341526529,0.14853106341526529,0.210848897564588,0.07928902547157338,0.2177731013589572
original,PPO_best_552901,template_group,formal-g022,max_actual_arm_velocity_rad_s,rad/s,all_primary_common_complete_success_within_stratum,2,2,0.19784672215822574,0.19784672215822574,0.21406907167641495,0.1798218893602377,0.21587155495621377
original,PPO_best_552901,template_group,formal-g022,speed_saturated_fraction,fraction,all_primary_common_complete_success_within_stratum,2,2,0.0,0.0,0.0,0.0,0.0
original,PPO_best_552901,template_group,formal-g022,soft_limited_fraction,fraction,all_primary_common_complete_success_within_stratum,2,2,0.0,0.0,0.0,0.0,0.0
original,PPO_best_552901,template_group,formal-g022,raw_policy_component_clip_fraction,fraction,all_primary_common_complete_success_within_stratum,2,2,0.15959821428571425,0.15959821428571425,0.17466517857142852,0.14285714285714282,0.17633928571428567
original,PPO_best_552901,template_group,formal-g022,raw_policy_decisions_with_clip_fraction,fraction,all_primary_common_complete_success_within_stratum,2,2,1.0,1.0,1.0,1.0,1.0
original,PPO_best_552901,template_group,formal-g022,u_component_clip_fraction,fraction,all_primary_common_complete_success_within_stratum,2,2,0.0,0.0,0.0,0.0,0.0
original,PPO_best_552901,template_group,formal-g022,u_decisions_with_clip_fraction,fraction,all_primary_common_complete_success_within_stratum,2,2,0.0,0.0,0.0,0.0,0.0
original,PPO_best_552901,template_group,formal-g022,mean_u_abs_rad_s,rad/s,all_primary_common_complete_success_within_stratum,2,2,0.07991153085424144,0.07991153085424144,0.08504886237949817,0.07420338471506728,0.08561967699341559
original,PPO_best_552901,template_group,formal-g022,provider_mean_s,s/48Hz decision,all_primary_common_complete_success_within_stratum,2,2,0.00029837766642989055,0.00029837766642989055,0.00030286719947601645,0.0002933892963786396,0.0003033660364811415
original,PPO_best_552901,template_group,formal-g022,core_mean_s,s/240Hz step,all_primary_common_complete_success_within_stratum,2,2,0.0005727103967956282,0.0005727103967956282,0.0005731728476280296,0.0005721965625374044,0.0005732242310538519
original,PPO_best_552901,template_group,formal-g022,outer_mean_s,s/240Hz step including decision when due,all_primary_common_complete_success_within_stratum,2,2,0.0007113446165931236,0.0007113446165931236,0.0007119354805627154,0.0007106881010713551,0.0007120011321148922
original,PPO_best_552901,template_group,formal-g024,max_error_m,m,all_primary_common_complete_success_within_stratum,3,3,4.5521079916312656e-05,4.485901504031835e-05,4.9150857832111696e-05,4.207649545519755e-05,4.962772925342207e-05
original,PPO_best_552901,template_group,formal-g024,rmse_m,m,all_primary_common_complete_success_within_stratum,3,3,3.871992443291978e-05,3.611326349510152e-05,4.477977179962946e-05,3.430379263685858e-05,4.574271716679924e-05
original,PPO_best_552901,template_group,formal-g024,endpoint_error_m,m,all_primary_common_complete_success_within_stratum,3,3,3.301993236377407e-05,3.435059080707236e-05,4.223121668564728e-05,2.160236450098312e-05,4.310684178326672e-05
original,PPO_best_552901,template_group,formal-g024,minimum_external_distance_m,m,all_primary_common_complete_success_within_stratum,3,3,0.03406584138651333,0.041742737205152064,0.04322339413553511,0.01706687538214359,0.043387911572244336
original,PPO_best_552901,template_group,formal-g024,minimum_self_distance_m,m,all_primary_common_complete_success_within_stratum,3,3,0.019731983998525788,0.01972793203049615,0.01977244372785724,0.019690630493072743,0.019777389472008473
original,PPO_best_552901,template_group,formal-g024,command_smoothness_rms_rad_s2,rad/s^2,all_primary_common_complete_success_within_stratum,3,3,0.06170664127040008,0.06482830774254415,0.0679224589803632,0.052025362506313025,0.06826625356234309
original,PPO_best_552901,template_group,formal-g024,max_actual_arm_velocity_rad_s,rad/s,all_primary_common_complete_success_within_stratum,3,3,0.11997383120695422,0.11868912103627001,0.12379994711234772,0.11686455590823629,0.12436781667635635
original,PPO_best_552901,template_group,formal-g024,speed_saturated_fraction,fraction,all_primary_common_complete_success_within_stratum,3,3,0.0,0.0,0.0,0.0,0.0
original,PPO_best_552901,template_group,formal-g024,soft_limited_fraction,fraction,all_primary_common_complete_success_within_stratum,3,3,0.0,0.0,0.0,0.0,0.0
original,PPO_best_552901,template_group,formal-g024,raw_policy_component_clip_fraction,fraction,all_primary_common_complete_success_within_stratum,3,3,0.0,0.0,0.0,0.0,0.0
original,PPO_best_552901,template_group,formal-g024,raw_policy_decisions_with_clip_fraction,fraction,all_primary_common_complete_success_within_stratum,3,3,0.0,0.0,0.0,0.0,0.0
original,PPO_best_552901,template_group,formal-g024,u_component_clip_fraction,fraction,all_primary_common_complete_success_within_stratum,3,3,0.0,0.0,0.0,0.0,0.0
original,PPO_best_552901,template_group,formal-g024,u_decisions_with_clip_fraction,fraction,all_primary_common_complete_success_within_stratum,3,3,0.0,0.0,0.0,0.0,0.0
original,PPO_best_552901,template_group,formal-g024,mean_u_abs_rad_s,rad/s,all_primary_common_complete_success_within_stratum,3,3,0.05488143596767692,0.05750291183053161,0.06047308389615777,0.04633829305793847,0.060803103014560676
original,PPO_best_552901,template_group,formal-g024,provider_mean_s,s/48Hz decision,all_primary_common_complete_success_within_stratum,3,3,0.00032924987145735137,0.0003261560670277201,0.0003365664800564142,0.00032387035472917586,0.00033772319261515804
original,PPO_best_552901,template_group,formal-g024,core_mean_s,s/240Hz step,all_primary_common_complete_success_within_stratum,3,3,0.0005861893677269513,0.0005858387627085904,0.0005877645439659318,0.0005847508208110715,0.000587978519661192
original,PPO_best_552901,template_group,formal-g024,outer_mean_s,s/240Hz step including decision when due,all_primary_common_complete_success_within_stratum,3,3,0.0007851779170727646,0.000784152240006127,0.0007885016638313876,0.0007823965780668611,0.0007889849331453054
original,PPO_best_552901,template_group,formal-g026,max_error_m,m,all_primary_common_complete_success_within_stratum,1,1,6.926822794879042e-05,6.926822794879042e-05,6.926822794879042e-05,6.926822794879042e-05,6.926822794879042e-05
original,PPO_best_552901,template_group,formal-g026,rmse_m,m,all_primary_common_complete_success_within_stratum,1,1,5.386281145299903e-05,5.386281145299903e-05,5.386281145299903e-05,5.386281145299903e-05,5.386281145299903e-05
original,PPO_best_552901,template_group,formal-g026,endpoint_error_m,m,all_primary_common_complete_success_within_stratum,1,1,5.086352127790264e-05,5.086352127790264e-05,5.086352127790264e-05,5.086352127790264e-05,5.086352127790264e-05
original,PPO_best_552901,template_group,formal-g026,minimum_external_distance_m,m,all_primary_common_complete_success_within_stratum,1,1,0.03421877065869988,0.03421877065869988,0.03421877065869988,0.03421877065869988,0.03421877065869988
original,PPO_best_552901,template_group,formal-g026,minimum_self_distance_m,m,all_primary_common_complete_success_within_stratum,1,1,0.01958773155777979,0.01958773155777979,0.01958773155777979,0.01958773155777979,0.01958773155777979
original,PPO_best_552901,template_group,formal-g026,command_smoothness_rms_rad_s2,rad/s^2,all_primary_common_complete_success_within_stratum,1,1,0.24531875688626223,0.24531875688626223,0.24531875688626223,0.24531875688626223,0.24531875688626223
original,PPO_best_552901,template_group,formal-g026,max_actual_arm_velocity_rad_s,rad/s,all_primary_common_complete_success_within_stratum,1,1,0.19991159747264153,0.19991159747264153,0.19991159747264153,0.19991159747264153,0.19991159747264153
original,PPO_best_552901,template_group,formal-g026,speed_saturated_fraction,fraction,all_primary_common_complete_success_within_stratum,1,1,0.0,0.0,0.0,0.0,0.0
original,PPO_best_552901,template_group,formal-g026,soft_limited_fraction,fraction,all_primary_common_complete_success_within_stratum,1,1,0.0,0.0,0.0,0.0,0.0
original,PPO_best_552901,template_group,formal-g026,raw_policy_component_clip_fraction,fraction,all_primary_common_complete_success_within_stratum,1,1,0.07812499999999999,0.07812499999999999,0.07812499999999999,0.07812499999999999,0.07812499999999999
original,PPO_best_552901,template_group,formal-g026,raw_policy_decisions_with_clip_fraction,fraction,all_primary_common_complete_success_within_stratum,1,1,0.546875,0.546875,0.546875,0.546875,0.546875
original,PPO_best_552901,template_group,formal-g026,u_component_clip_fraction,fraction,all_primary_common_complete_success_within_stratum,1,1,0.0,0.0,0.0,0.0,0.0
original,PPO_best_552901,template_group,formal-g026,u_decisions_with_clip_fraction,fraction,all_primary_common_complete_success_within_stratum,1,1,0.0,0.0,0.0,0.0,0.0
original,PPO_best_552901,template_group,formal-g026,mean_u_abs_rad_s,rad/s,all_primary_common_complete_success_within_stratum,1,1,0.0879378090604275,0.0879378090604275,0.0879378090604275,0.0879378090604275,0.0879378090604275
original,PPO_best_552901,template_group,formal-g026,provider_mean_s,s/48Hz decision,all_primary_common_complete_success_within_stratum,1,1,0.0003136935414052762,0.0003136935414052762,0.0003136935414052762,0.0003136935414052762,0.0003136935414052762
original,PPO_best_552901,template_group,formal-g026,core_mean_s,s/240Hz step,all_primary_common_complete_success_within_stratum,1,1,0.000575320587298241,0.000575320587298241,0.000575320587298241,0.000575320587298241,0.000575320587298241
original,PPO_best_552901,template_group,formal-g026,outer_mean_s,s/240Hz step including decision when due,all_primary_common_complete_success_within_stratum,1,1,0.00073466560623577,0.00073466560623577,0.00073466560623577,0.00073466560623577,0.00073466560623577
original,PPO_best_552901,template_group,formal-g028,max_error_m,m,all_primary_common_complete_success_within_stratum,2,2,4.8858276633961396e-05,4.8858276633961396e-05,4.958346747750466e-05,4.805250903002443e-05,4.9664044237898356e-05
original,PPO_best_552901,template_group,formal-g028,rmse_m,m,all_primary_common_complete_success_within_stratum,2,2,4.046817499876917e-05,4.046817499876917e-05,4.169538565296105e-05,3.910460760522263e-05,4.1831742392315706e-05
original,PPO_best_552901,template_group,formal-g028,endpoint_error_m,m,all_primary_common_complete_success_within_stratum,2,2,4.617651428904997e-05,4.617651428904997e-05,4.8667927781030604e-05,4.3408277075738155e-05,4.894475150236179e-05
original,PPO_best_552901,template_group,formal-g028,minimum_external_distance_m,m,all_primary_common_complete_success_within_stratum,2,2,0.024364067717436856,0.024364067717436856,0.024944964876819662,0.02371862642923374,0.025009509005639974
original,PPO_best_552901,template_group,formal-g028,minimum_self_distance_m,m,all_primary_common_complete_success_within_stratum,2,2,0.019749864951241796,0.019749864951241796,0.01977927851987506,0.019717183208315947,0.019782546694167645
original,PPO_best_552901,template_group,formal-g028,command_smoothness_rms_rad_s2,rad/s^2,all_primary_common_complete_success_within_stratum,2,2,0.05559945950199963,0.05559945950199963,0.06567942156870694,0.04439950165010262,0.06679941735389665
original,PPO_best_552901,template_group,formal-g028,max_actual_arm_velocity_rad_s,rad/s,all_primary_common_complete_success_within_stratum,2,2,0.08932916376694482,0.08932916376694482,0.10361312241168331,0.07345809860612426,0.10520022892776537
original,PPO_best_552901,template_group,formal-g028,speed_saturated_fraction,fraction,all_primary_common_complete_success_within_stratum,2,2,0.0,0.0,0.0,0.0,0.0
original,PPO_best_552901,template_group,formal-g028,soft_limited_fraction,fraction,all_primary_common_complete_success_within_stratum,2,2,0.0,0.0,0.0,0.0,0.0
original,PPO_best_552901,template_group,formal-g028,raw_policy_component_clip_fraction,fraction,all_primary_common_complete_success_within_stratum,2,2,0.0,0.0,0.0,0.0,0.0
original,PPO_best_552901,template_group,formal-g028,raw_policy_decisions_with_clip_fraction,fraction,all_primary_common_complete_success_within_stratum,2,2,0.0,0.0,0.0,0.0,0.0
original,PPO_best_552901,template_group,formal-g028,u_component_clip_fraction,fraction,all_primary_common_complete_success_within_stratum,2,2,0.0,0.0,0.0,0.0,0.0
original,PPO_best_552901,template_group,formal-g028,u_decisions_with_clip_fraction,fraction,all_primary_common_complete_success_within_stratum,2,2,0.0,0.0,0.0,0.0,0.0
original,PPO_best_552901,template_group,formal-g028,mean_u_abs_rad_s,rad/s,all_primary_common_complete_success_within_stratum,2,2,0.03888072662555801,0.03888072662555801,0.04962357505485887,0.026944228370779286,0.05081722488033674
original,PPO_best_552901,template_group,formal-g028,provider_mean_s,s/48Hz decision,all_primary_common_complete_success_within_stratum,2,2,0.0003329014812152309,0.0003329014812152309,0.0003352185617586656,0.0003303269472780812,0.00033547601515238057
original,PPO_best_552901,template_group,formal-g028,core_mean_s,s/240Hz step,all_primary_common_complete_success_within_stratum,2,2,0.0005923257543903067,0.0005923257543903067,0.0005965655490748152,0.0005876148714075195,0.000597036637373094
original,PPO_best_552901,template_group,formal-g028,outer_mean_s,s/240Hz step including decision when due,all_primary_common_complete_success_within_stratum,2,2,0.000793539228023595,0.000793539228023595,0.0007983810049298275,0.0007881594759055587,0.0007989189801416312
original,PPO_best_552901,template_group,formal-g032,max_error_m,m,all_primary_common_complete_success_within_stratum,0,0,,,,,
original,PPO_best_552901,template_group,formal-g032,rmse_m,m,all_primary_common_complete_success_within_stratum,0,0,,,,,
original,PPO_best_552901,template_group,formal-g032,endpoint_error_m,m,all_primary_common_complete_success_within_stratum,0,0,,,,,
original,PPO_best_552901,template_group,formal-g032,minimum_external_distance_m,m,all_primary_common_complete_success_within_stratum,0,0,,,,,
original,PPO_best_552901,template_group,formal-g032,minimum_self_distance_m,m,all_primary_common_complete_success_within_stratum,0,0,,,,,
original,PPO_best_552901,template_group,formal-g032,command_smoothness_rms_rad_s2,rad/s^2,all_primary_common_complete_success_within_stratum,0,0,,,,,
original,PPO_best_552901,template_group,formal-g032,max_actual_arm_velocity_rad_s,rad/s,all_primary_common_complete_success_within_stratum,0,0,,,,,
original,PPO_best_552901,template_group,formal-g032,speed_saturated_fraction,fraction,all_primary_common_complete_success_within_stratum,0,0,,,,,
original,PPO_best_552901,template_group,formal-g032,soft_limited_fraction,fraction,all_primary_common_complete_success_within_stratum,0,0,,,,,
original,PPO_best_552901,template_group,formal-g032,raw_policy_component_clip_fraction,fraction,all_primary_common_complete_success_within_stratum,0,0,,,,,
original,PPO_best_552901,template_group,formal-g032,raw_policy_decisions_with_clip_fraction,fraction,all_primary_common_complete_success_within_stratum,0,0,,,,,
original,PPO_best_552901,template_group,formal-g032,u_component_clip_fraction,fraction,all_primary_common_complete_success_within_stratum,0,0,,,,,
original,PPO_best_552901,template_group,formal-g032,u_decisions_with_clip_fraction,fraction,all_primary_common_complete_success_within_stratum,0,0,,,,,
original,PPO_best_552901,template_group,formal-g032,mean_u_abs_rad_s,rad/s,all_primary_common_complete_success_within_stratum,0,0,,,,,
original,PPO_best_552901,template_group,formal-g032,provider_mean_s,s/48Hz decision,all_primary_common_complete_success_within_stratum,0,0,,,,,
original,PPO_best_552901,template_group,formal-g032,core_mean_s,s/240Hz step,all_primary_common_complete_success_within_stratum,0,0,,,,,
original,PPO_best_552901,template_group,formal-g032,outer_mean_s,s/240Hz step including decision when due,all_primary_common_complete_success_within_stratum,0,0,,,,,
original,PPO_best_552901,template_group,formal-g033,max_error_m,m,all_primary_common_complete_success_within_stratum,3,3,4.821516777356869e-05,4.802259493129664e-05,5.1925680153007295e-05,4.42635521006565e-05,5.235935628875293e-05
original,PPO_best_552901,template_group,formal-g033,rmse_m,m,all_primary_common_complete_success_within_stratum,3,3,3.539703178995834e-05,3.5804580976778125e-05,3.6546683232237e-05,3.3757375354697806e-05,3.66291390383991e-05
original,PPO_best_552901,template_group,formal-g033,endpoint_error_m,m,all_primary_common_complete_success_within_stratum,3,3,2.246909996683015e-05,1.9030126813475996e-05,2.9549183895439127e-05,1.7659205071357205e-05,3.0717968015657254e-05
original,PPO_best_552901,template_group,formal-g033,minimum_external_distance_m,m,all_primary_common_complete_success_within_stratum,3,3,0.025009501700324246,0.025075863951248875,0.02829992923988791,0.021294482433320508,0.028658158716403356
original,PPO_best_552901,template_group,formal-g033,minimum_self_distance_m,m,all_primary_common_complete_success_within_stratum,3,3,0.019874755955118322,0.01990599526777708,0.01993436995831747,0.01978074989586704,0.01993752270171085
original,PPO_best_552901,template_group,formal-g033,command_smoothness_rms_rad_s2,rad/s^2,all_primary_common_complete_success_within_stratum,3,3,0.23997014588454738,0.2721428981158766,0.3454998114236902,0.09411695996876272,0.3536505795690028
original,PPO_best_552901,template_group,formal-g033,max_actual_arm_velocity_rad_s,rad/s,all_primary_common_complete_success_within_stratum,3,3,0.1736038098138429,0.17128354699480397,0.18128033213987016,0.1671367964018472,0.18239108604487753
original,PPO_best_552901,template_group,formal-g033,speed_saturated_fraction,fraction,all_primary_common_complete_success_within_stratum,3,3,0.0,0.0,0.0,0.0,0.0
original,PPO_best_552901,template_group,formal-g033,soft_limited_fraction,fraction,all_primary_common_complete_success_within_stratum,3,3,0.0,0.0,0.0,0.0,0.0
original,PPO_best_552901,template_group,formal-g033,raw_policy_component_clip_fraction,fraction,all_primary_common_complete_success_within_stratum,3,3,0.0,0.0,0.0,0.0,0.0
original,PPO_best_552901,template_group,formal-g033,raw_policy_decisions_with_clip_fraction,fraction,all_primary_common_complete_success_within_stratum,3,3,0.0,0.0,0.0,0.0,0.0
original,PPO_best_552901,template_group,formal-g033,u_component_clip_fraction,fraction,all_primary_common_complete_success_within_stratum,3,3,0.0,0.0,0.0,0.0,0.0
original,PPO_best_552901,template_group,formal-g033,u_decisions_with_clip_fraction,fraction,all_primary_common_complete_success_within_stratum,3,3,0.0,0.0,0.0,0.0,0.0
original,PPO_best_552901,template_group,formal-g033,mean_u_abs_rad_s,rad/s,all_primary_common_complete_success_within_stratum,3,3,0.06889607319394671,0.06861413084750113,0.0712948568752472,0.06648137341156446,0.07159271532277454
original,PPO_best_552901,template_group,formal-g033,provider_mean_s,s/48Hz decision,all_primary_common_complete_success_within_stratum,3,3,0.00031235285943391017,0.0003107356820540493,0.0003176521265080131,0.00030790227591144986,0.00031842062033623125
original,PPO_best_552901,template_group,formal-g033,core_mean_s,s/240Hz step,all_primary_common_complete_success_within_stratum,3,3,0.0005636220416262303,0.0005660585052889171,0.000567396265834456,0.0005572627136947024,0.0005675449058950714
original,PPO_best_552901,template_group,formal-g033,outer_mean_s,s/240Hz step including decision when due,all_primary_common_complete_success_within_stratum,3,3,0.0007250778678755725,0.0007322133666548325,0.0007330380655457703,0.0007098905382160107,0.0007331296987558745
original,PPO_best_552901,template_group,formal-g034,max_error_m,m,all_primary_common_complete_success_within_stratum,1,1,5.5535821220007594e-05,5.5535821220007594e-05,5.5535821220007594e-05,5.5535821220007594e-05,5.5535821220007594e-05
original,PPO_best_552901,template_group,formal-g034,rmse_m,m,all_primary_common_complete_success_within_stratum,1,1,4.6089041098568564e-05,4.6089041098568564e-05,4.6089041098568564e-05,4.6089041098568564e-05,4.6089041098568564e-05
original,PPO_best_552901,template_group,formal-g034,endpoint_error_m,m,all_primary_common_complete_success_within_stratum,1,1,4.816358599424247e-05,4.816358599424247e-05,4.816358599424247e-05,4.816358599424247e-05,4.816358599424247e-05
original,PPO_best_552901,template_group,formal-g034,minimum_external_distance_m,m,all_primary_common_complete_success_within_stratum,1,1,0.005081010300474947,0.005081010300474947,0.005081010300474947,0.005081010300474947,0.005081010300474947
original,PPO_best_552901,template_group,formal-g034,minimum_self_distance_m,m,all_primary_common_complete_success_within_stratum,1,1,0.019924232083685656,0.019924232083685656,0.019924232083685656,0.019924232083685656,0.019924232083685656
original,PPO_best_552901,template_group,formal-g034,command_smoothness_rms_rad_s2,rad/s^2,all_primary_common_complete_success_within_stratum,1,1,0.06599832005605133,0.06599832005605133,0.06599832005605133,0.06599832005605133,0.06599832005605133
original,PPO_best_552901,template_group,formal-g034,max_actual_arm_velocity_rad_s,rad/s,all_primary_common_complete_success_within_stratum,1,1,0.1706446951394007,0.1706446951394007,0.1706446951394007,0.1706446951394007,0.1706446951394007
original,PPO_best_552901,template_group,formal-g034,speed_saturated_fraction,fraction,all_primary_common_complete_success_within_stratum,1,1,0.0,0.0,0.0,0.0,0.0
original,PPO_best_552901,template_group,formal-g034,soft_limited_fraction,fraction,all_primary_common_complete_success_within_stratum,1,1,0.0,0.0,0.0,0.0,0.0
original,PPO_best_552901,template_group,formal-g034,raw_policy_component_clip_fraction,fraction,all_primary_common_complete_success_within_stratum,1,1,0.0,0.0,0.0,0.0,0.0
original,PPO_best_552901,template_group,formal-g034,raw_policy_decisions_with_clip_fraction,fraction,all_primary_common_complete_success_within_stratum,1,1,0.0,0.0,0.0,0.0,0.0
original,PPO_best_552901,template_group,formal-g034,u_component_clip_fraction,fraction,all_primary_common_complete_success_within_stratum,1,1,0.0,0.0,0.0,0.0,0.0
original,PPO_best_552901,template_group,formal-g034,u_decisions_with_clip_fraction,fraction,all_primary_common_complete_success_within_stratum,1,1,0.0,0.0,0.0,0.0,0.0
original,PPO_best_552901,template_group,formal-g034,mean_u_abs_rad_s,rad/s,all_primary_common_complete_success_within_stratum,1,1,0.06741354227720184,0.06741354227720184,0.06741354227720184,0.06741354227720184,0.06741354227720184
original,PPO_best_552901,template_group,formal-g034,provider_mean_s,s/48Hz decision,all_primary_common_complete_success_within_stratum,1,1,0.000336761609939155,0.000336761609939155,0.000336761609939155,0.000336761609939155,0.000336761609939155
original,PPO_best_552901,template_group,formal-g034,core_mean_s,s/240Hz step,all_primary_common_complete_success_within_stratum,1,1,0.0005918515207516369,0.0005918515207516369,0.0005918515207516369,0.0005918515207516369,0.0005918515207516369
original,PPO_best_552901,template_group,formal-g034,outer_mean_s,s/240Hz step including decision when due,all_primary_common_complete_success_within_stratum,1,1,0.0007917668258869525,0.0007917668258869525,0.0007917668258869525,0.0007917668258869525,0.0007917668258869525
original,PPO_best_552901,template_group,formal-g040,max_error_m,m,all_primary_common_complete_success_within_stratum,12,12,5.2036251223715545e-05,5.226548348404124e-05,5.708923252378779e-05,4.596538720862487e-05,5.73106205716775e-05
original,PPO_best_552901,template_group,formal-g040,rmse_m,m,all_primary_common_complete_success_within_stratum,12,12,4.415293943075476e-05,4.3975925952318935e-05,4.7675829789220836e-05,4.080827910192877e-05,4.8113332545547995e-05
original,PPO_best_552901,template_group,formal-g040,endpoint_error_m,m,all_primary_common_complete_success_within_stratum,12,12,4.668187658471825e-05,4.7262357223004225e-05,4.842825425355753e-05,4.278650947747761e-05,4.876538121733059e-05
original,PPO_best_552901,template_group,formal-g040,minimum_external_distance_m,m,all_primary_common_complete_success_within_stratum,12,0,,,,,
original,PPO_best_552901,template_group,formal-g040,minimum_self_distance_m,m,all_primary_common_complete_success_within_stratum,12,12,0.019922182206026946,0.019945694901070326,0.019976090702180416,0.019771460331237604,0.01997625596425412
original,PPO_best_552901,template_group,formal-g040,command_smoothness_rms_rad_s2,rad/s^2,all_primary_common_complete_success_within_stratum,12,12,0.04560354033974043,0.04602858275952494,0.05715415609953928,0.03388068703160443,0.05769024630336747
original,PPO_best_552901,template_group,formal-g040,max_actual_arm_velocity_rad_s,rad/s,all_primary_common_complete_success_within_stratum,12,12,0.14684946527860707,0.14683453529578422,0.14803835138791185,0.14569178765518181,0.14810468378793193
original,PPO_best_552901,template_group,formal-g040,speed_saturated_fraction,fraction,all_primary_common_complete_success_within_stratum,12,12,0.0,0.0,0.0,0.0,0.0
original,PPO_best_552901,template_group,formal-g040,soft_limited_fraction,fraction,all_primary_common_complete_success_within_stratum,12,12,0.0,0.0,0.0,0.0,0.0
original,PPO_best_552901,template_group,formal-g040,raw_policy_component_clip_fraction,fraction,all_primary_common_complete_success_within_stratum,12,12,0.13870287698412695,0.14285714285714282,0.14285714285714282,0.11681547619047615,0.14285714285714282
original,PPO_best_552901,template_group,formal-g040,raw_policy_decisions_with_clip_fraction,fraction,all_primary_common_complete_success_within_stratum,12,12,0.970920138888889,1.0,1.0,0.8177083333333334,1.0
original,PPO_best_552901,template_group,formal-g040,u_component_clip_fraction,fraction,all_primary_common_complete_success_within_stratum,12,12,0.0,0.0,0.0,0.0,0.0
original,PPO_best_552901,template_group,formal-g040,u_decisions_with_clip_fraction,fraction,all_primary_common_complete_success_within_stratum,12,12,0.0,0.0,0.0,0.0,0.0
original,PPO_best_552901,template_group,formal-g040,mean_u_abs_rad_s,rad/s,all_primary_common_complete_success_within_stratum,12,12,0.06054088354791193,0.06062343384328414,0.060988771184818776,0.060008904200887114,0.06117144260677465
original,PPO_best_552901,template_group,formal-g040,provider_mean_s,s/48Hz decision,all_primary_common_complete_success_within_stratum,12,12,0.00026155368568146916,0.0002571703460413725,0.000285058276563177,0.000252019536901571,0.0003119580576367298
original,PPO_best_552901,template_group,formal-g040,core_mean_s,s/240Hz step,all_primary_common_complete_success_within_stratum,12,12,0.0005457995811651825,0.0005455448509868196,0.0005539959000589078,0.0005369300039546942,0.0005589781595062959
original,PPO_best_552901,template_group,formal-g040,outer_mean_s,s/240Hz step including decision when due,all_primary_common_complete_success_within_stratum,12,12,0.0006210002421198624,0.0006195808729216878,0.0006343406521758273,0.0006098040737924748,0.0006450950726502924
original,PPO_best_552901,template_group,formal-g044,max_error_m,m,all_primary_common_complete_success_within_stratum,3,3,5.838912110432346e-05,5.8185406932819384e-05,5.910006378229064e-05,5.778026405903023e-05,5.920169232112078e-05
original,PPO_best_552901,template_group,formal-g044,rmse_m,m,all_primary_common_complete_success_within_stratum,3,3,4.71099071156468e-05,4.644418691861098e-05,4.87083006236586e-05,4.592566561522108e-05,4.8959868813108334e-05
original,PPO_best_552901,template_group,formal-g044,endpoint_error_m,m,all_primary_common_complete_success_within_stratum,3,3,5.0305316291859234e-05,5.3828118359160594e-05,5.668124553128541e-05,4.00895708548956e-05,5.69982596615215e-05
original,PPO_best_552901,template_group,formal-g044,minimum_external_distance_m,m,all_primary_common_complete_success_within_stratum,3,3,0.01770634170103648,0.023692561522580577,0.024320440429602276,0.0050362588279241755,0.024390204752604686
original,PPO_best_552901,template_group,formal-g044,minimum_self_distance_m,m,all_primary_common_complete_success_within_stratum,3,3,0.019622545304890934,0.019625055834410925,0.01962925200356148,0.01961286183568367,0.01962971824457821
original,PPO_best_552901,template_group,formal-g044,command_smoothness_rms_rad_s2,rad/s^2,all_primary_common_complete_success_within_stratum,3,3,0.07317530203572438,0.07185214367259714,0.07791413874548281,0.06908606868099477,0.07858769375358121
original,PPO_best_552901,template_group,formal-g044,max_actual_arm_velocity_rad_s,rad/s,all_primary_common_complete_success_within_stratum,3,3,0.17329203153057282,0.16411031082656502,0.19329326632852042,0.1592299668253046,0.1965358169398488
original,PPO_best_552901,template_group,formal-g044,speed_saturated_fraction,fraction,all_primary_common_complete_success_within_stratum,3,3,0.0,0.0,0.0,0.0,0.0
original,PPO_best_552901,template_group,formal-g044,soft_limited_fraction,fraction,all_primary_common_complete_success_within_stratum,3,3,0.0,0.0,0.0,0.0,0.0
original,PPO_best_552901,template_group,formal-g044,raw_policy_component_clip_fraction,fraction,all_primary_common_complete_success_within_stratum,3,3,0.0,0.0,0.0,0.0,0.0
original,PPO_best_552901,template_group,formal-g044,raw_policy_decisions_with_clip_fraction,fraction,all_primary_common_complete_success_within_stratum,3,3,0.0,0.0,0.0,0.0,0.0
original,PPO_best_552901,template_group,formal-g044,u_component_clip_fraction,fraction,all_primary_common_complete_success_within_stratum,3,3,0.0,0.0,0.0,0.0,0.0
original,PPO_best_552901,template_group,formal-g044,u_decisions_with_clip_fraction,fraction,all_primary_common_complete_success_within_stratum,3,3,0.0,0.0,0.0,0.0,0.0
original,PPO_best_552901,template_group,formal-g044,mean_u_abs_rad_s,rad/s,all_primary_common_complete_success_within_stratum,3,3,0.0816333717156672,0.08103968085211126,0.09058844645970525,0.07221101387878576,0.09164942041610458
original,PPO_best_552901,template_group,formal-g044,provider_mean_s,s/48Hz decision,all_primary_common_complete_success_within_stratum,3,3,0.00033570879905811226,0.00034081967244977324,0.00034299008333012654,0.0003230754846299533,0.00034323124009461026
original,PPO_best_552901,template_group,formal-g044,core_mean_s,s/240Hz step,all_primary_common_complete_success_within_stratum,3,3,0.0005857203022413968,0.0005880306294329784,0.0005905150529406455,0.0005783391772941589,0.000590791099997053
original,PPO_best_552901,template_group,formal-g044,outer_mean_s,s/240Hz step including decision when due,all_primary_common_complete_success_within_stratum,3,3,0.0007830141681349939,0.0007900937253149702,0.0007937430103781177,0.0007648002925937665,0.0007941484864962453
original,PPO_best_552901,template_group,formal-g051,max_error_m,m,all_primary_common_complete_success_within_stratum,10,10,4.650565845439417e-05,4.6415828849266384e-05,5.388950666733729e-05,3.755130941378896e-05,5.489352372985288e-05
original,PPO_best_552901,template_group,formal-g051,rmse_m,m,all_primary_common_complete_success_within_stratum,10,10,3.48179159310055e-05,3.51645702201616e-05,4.0157417153197146e-05,2.940204132528492e-05,4.059987676770692e-05
original,PPO_best_552901,template_group,formal-g051,endpoint_error_m,m,all_primary_common_complete_success_within_stratum,10,10,2.442966322741734e-05,2.4069423790683965e-05,3.520502680681864e-05,1.3404435133312058e-05,3.61691945237889e-05
original,PPO_best_552901,template_group,formal-g051,minimum_external_distance_m,m,all_primary_common_complete_success_within_stratum,10,10,0.026867729886599835,0.021447997138222118,0.04673575498418551,0.012881021317325936,0.04941017423657798
original,PPO_best_552901,template_group,formal-g051,minimum_self_distance_m,m,all_primary_common_complete_success_within_stratum,10,10,0.01967120967463699,0.019655042052876315,0.01984034131221107,0.01957093225979492,0.01988348444199036
original,PPO_best_552901,template_group,formal-g051,command_smoothness_rms_rad_s2,rad/s^2,all_primary_common_complete_success_within_stratum,10,10,0.13867485157078102,0.06524337254666235,0.401426473862322,0.05625424764441215,0.47979723615143005
original,PPO_best_552901,template_group,formal-g051,max_actual_arm_velocity_rad_s,rad/s,all_primary_common_complete_success_within_stratum,10,10,0.13713588895973,0.12978549761861444,0.17908326840274436,0.09502582260108865,0.18350041637960005
original,PPO_best_552901,template_group,formal-g051,speed_saturated_fraction,fraction,all_primary_common_complete_success_within_stratum,10,10,0.0,0.0,0.0,0.0,0.0
original,PPO_best_552901,template_group,formal-g051,soft_limited_fraction,fraction,all_primary_common_complete_success_within_stratum,10,10,0.0,0.0,0.0,0.0,0.0
original,PPO_best_552901,template_group,formal-g051,raw_policy_component_clip_fraction,fraction,all_primary_common_complete_success_within_stratum,10,10,0.0,0.0,0.0,0.0,0.0
original,PPO_best_552901,template_group,formal-g051,raw_policy_decisions_with_clip_fraction,fraction,all_primary_common_complete_success_within_stratum,10,10,0.0,0.0,0.0,0.0,0.0
original,PPO_best_552901,template_group,formal-g051,u_component_clip_fraction,fraction,all_primary_common_complete_success_within_stratum,10,10,0.0,0.0,0.0,0.0,0.0
original,PPO_best_552901,template_group,formal-g051,u_decisions_with_clip_fraction,fraction,all_primary_common_complete_success_within_stratum,10,10,0.0,0.0,0.0,0.0,0.0
original,PPO_best_552901,template_group,formal-g051,mean_u_abs_rad_s,rad/s,all_primary_common_complete_success_within_stratum,10,10,0.05799473002289666,0.05993077674675511,0.07107601024878801,0.034871731405118706,0.07207404387362268
original,PPO_best_552901,template_group,formal-g051,provider_mean_s,s/48Hz decision,all_primary_common_complete_success_within_stratum,10,10,0.0003226017274679786,0.00031807398670480325,0.0003583273788346256,0.00030264827031108627,0.0003833215363708102
original,PPO_best_552901,template_group,formal-g051,core_mean_s,s/240Hz step,all_primary_common_complete_success_within_stratum,10,10,0.0005807809738629052,0.0005769599539538224,0.0005991886645574596,0.0005689875530151767,0.0006124944416114886
original,PPO_best_552901,template_group,formal-g051,outer_mean_s,s/240Hz step including decision when due,all_primary_common_complete_success_within_stratum,10,10,0.0007604790431757161,0.0007508210514743041,0.0008052378209201075,0.0007307723715863783,0.0008258027509934133
original,PPO_best_552901,template_group,formal-g053,max_error_m,m,all_primary_common_complete_success_within_stratum,1,1,5.539375923233278e-05,5.539375923233278e-05,5.539375923233278e-05,5.539375923233278e-05,5.539375923233278e-05
original,PPO_best_552901,template_group,formal-g053,rmse_m,m,all_primary_common_complete_success_within_stratum,1,1,4.736374094540416e-05,4.736374094540416e-05,4.736374094540416e-05,4.736374094540416e-05,4.736374094540416e-05
original,PPO_best_552901,template_group,formal-g053,endpoint_error_m,m,all_primary_common_complete_success_within_stratum,1,1,3.5068258810339815e-05,3.5068258810339815e-05,3.5068258810339815e-05,3.5068258810339815e-05,3.5068258810339815e-05
original,PPO_best_552901,template_group,formal-g053,minimum_external_distance_m,m,all_primary_common_complete_success_within_stratum,1,1,0.027501150167020802,0.027501150167020802,0.027501150167020802,0.027501150167020802,0.027501150167020802
original,PPO_best_552901,template_group,formal-g053,minimum_self_distance_m,m,all_primary_common_complete_success_within_stratum,1,1,0.019739581229560016,0.019739581229560016,0.019739581229560016,0.019739581229560016,0.019739581229560016
original,PPO_best_552901,template_group,formal-g053,command_smoothness_rms_rad_s2,rad/s^2,all_primary_common_complete_success_within_stratum,1,1,0.17867945579395678,0.17867945579395678,0.17867945579395678,0.17867945579395678,0.17867945579395678
original,PPO_best_552901,template_group,formal-g053,max_actual_arm_velocity_rad_s,rad/s,all_primary_common_complete_success_within_stratum,1,1,0.1385076774735705,0.1385076774735705,0.1385076774735705,0.1385076774735705,0.1385076774735705
original,PPO_best_552901,template_group,formal-g053,speed_saturated_fraction,fraction,all_primary_common_complete_success_within_stratum,1,1,0.0,0.0,0.0,0.0,0.0
original,PPO_best_552901,template_group,formal-g053,soft_limited_fraction,fraction,all_primary_common_complete_success_within_stratum,1,1,0.0,0.0,0.0,0.0,0.0
original,PPO_best_552901,template_group,formal-g053,raw_policy_component_clip_fraction,fraction,all_primary_common_complete_success_within_stratum,1,1,0.0,0.0,0.0,0.0,0.0
original,PPO_best_552901,template_group,formal-g053,raw_policy_decisions_with_clip_fraction,fraction,all_primary_common_complete_success_within_stratum,1,1,0.0,0.0,0.0,0.0,0.0
original,PPO_best_552901,template_group,formal-g053,u_component_clip_fraction,fraction,all_primary_common_complete_success_within_stratum,1,1,0.0,0.0,0.0,0.0,0.0
original,PPO_best_552901,template_group,formal-g053,u_decisions_with_clip_fraction,fraction,all_primary_common_complete_success_within_stratum,1,1,0.0,0.0,0.0,0.0,0.0
original,PPO_best_552901,template_group,formal-g053,mean_u_abs_rad_s,rad/s,all_primary_common_complete_success_within_stratum,1,1,0.06261120989954742,0.06261120989954742,0.06261120989954742,0.06261120989954742,0.06261120989954742
original,PPO_best_552901,template_group,formal-g053,provider_mean_s,s/48Hz decision,all_primary_common_complete_success_within_stratum,1,1,0.0003364627970465032,0.0003364627970465032,0.0003364627970465032,0.0003364627970465032,0.0003364627970465032
original,PPO_best_552901,template_group,formal-g053,core_mean_s,s/240Hz step,all_primary_common_complete_success_within_stratum,1,1,0.0005854556457355405,0.0005854556457355405,0.0005854556457355405,0.0005854556457355405,0.0005854556457355405
original,PPO_best_552901,template_group,formal-g053,outer_mean_s,s/240Hz step including decision when due,all_primary_common_complete_success_within_stratum,1,1,0.0007725288561687193,0.0007725288561687193,0.0007725288561687193,0.0007725288561687193,0.0007725288561687193
original,PPO_best_552901,template_group,formal-g054,max_error_m,m,all_primary_common_complete_success_within_stratum,2,2,6.088556483178957e-05,6.088556483178957e-05,6.576866047049122e-05,5.545990301100997e-05,6.631122665256917e-05
original,PPO_best_552901,template_group,formal-g054,rmse_m,m,all_primary_common_complete_success_within_stratum,2,2,4.357380628167788e-05,4.357380628167788e-05,4.9174287593326046e-05,3.735104926873548e-05,4.979656329462029e-05
original,PPO_best_552901,template_group,formal-g054,endpoint_error_m,m,all_primary_common_complete_success_within_stratum,2,2,5.320045515481436e-05,5.320045515481436e-05,5.4744544033753e-05,5.1484800844882526e-05,5.491610946474618e-05
original,PPO_best_552901,template_group,formal-g054,minimum_external_distance_m,m,all_primary_common_complete_success_within_stratum,2,2,0.02993464241487019,0.02993464241487019,0.03371180595455511,0.025737794037442502,0.03413149079229788
original,PPO_best_552901,template_group,formal-g054,minimum_self_distance_m,m,all_primary_common_complete_success_within_stratum,2,2,0.01951251574146444,0.01951251574146444,0.019584339125956498,0.019432711980917707,0.019592319502011173
original,PPO_best_552901,template_group,formal-g054,command_smoothness_rms_rad_s2,rad/s^2,all_primary_common_complete_success_within_stratum,2,2,0.06075258465023961,0.06075258465023961,0.07261407401488597,0.04757315202285477,0.07393201727762445
original,PPO_best_552901,template_group,formal-g054,max_actual_arm_velocity_rad_s,rad/s,all_primary_common_complete_success_within_stratum,2,2,0.14274647328889592,0.14274647328889592,0.14744383572600575,0.1375271816921072,0.14796576488568464
original,PPO_best_552901,template_group,formal-g054,speed_saturated_fraction,fraction,all_primary_common_complete_success_within_stratum,2,2,0.0,0.0,0.0,0.0,0.0
original,PPO_best_552901,template_group,formal-g054,soft_limited_fraction,fraction,all_primary_common_complete_success_within_stratum,2,2,0.0,0.0,0.0,0.0,0.0
original,PPO_best_552901,template_group,formal-g054,raw_policy_component_clip_fraction,fraction,all_primary_common_complete_success_within_stratum,2,2,0.0,0.0,0.0,0.0,0.0
original,PPO_best_552901,template_group,formal-g054,raw_policy_decisions_with_clip_fraction,fraction,all_primary_common_complete_success_within_stratum,2,2,0.0,0.0,0.0,0.0,0.0
original,PPO_best_552901,template_group,formal-g054,u_component_clip_fraction,fraction,all_primary_common_complete_success_within_stratum,2,2,0.0,0.0,0.0,0.0,0.0
original,PPO_best_552901,template_group,formal-g054,u_decisions_with_clip_fraction,fraction,all_primary_common_complete_success_within_stratum,2,2,0.0,0.0,0.0,0.0,0.0
original,PPO_best_552901,template_group,formal-g054,mean_u_abs_rad_s,rad/s,all_primary_common_complete_success_within_stratum,2,2,0.0781060122683855,0.0781060122683855,0.07885447628595146,0.0772743855822011,0.0789376389545699
original,PPO_best_552901,template_group,formal-g054,provider_mean_s,s/48Hz decision,all_primary_common_complete_success_within_stratum,2,2,0.00034127849206318694,0.00034127849206318694,0.0003469513820012556,0.00033497528102088836,0.00034758170310548547
original,PPO_best_552901,template_group,formal-g054,core_mean_s,s/240Hz step,all_primary_common_complete_success_within_stratum,2,2,0.000592535565738217,0.000592535565738217,0.0005937912121044064,0.0005911404031091176,0.0005939307283673163
original,PPO_best_552901,template_group,formal-g054,outer_mean_s,s/240Hz step including decision when due,all_primary_common_complete_success_within_stratum,2,2,0.0007950550096514537,0.0007950550096514537,0.0007974830255155515,0.0007923572142469008,0.0007977528050560068
original,PPO_best_552901,template_group,formal-g057,max_error_m,m,all_primary_common_complete_success_within_stratum,2,2,6.792276026578322e-05,6.792276026578322e-05,6.861437202904417e-05,6.715430275104883e-05,6.869121778051762e-05
original,PPO_best_552901,template_group,formal-g057,rmse_m,m,all_primary_common_complete_success_within_stratum,2,2,5.290174862973596e-05,5.290174862973596e-05,5.326615662076957e-05,5.2496850861920844e-05,5.330664639755108e-05
original,PPO_best_552901,template_group,formal-g057,endpoint_error_m,m,all_primary_common_complete_success_within_stratum,2,2,4.776975704069365e-05,4.776975704069365e-05,5.067454492796908e-05,4.4542214943720966e-05,5.0997299137666345e-05
original,PPO_best_552901,template_group,formal-g057,minimum_external_distance_m,m,all_primary_common_complete_success_within_stratum,2,2,0.0032816393393286444,0.0032816393393286444,0.003511117706696345,0.003026663375586755,0.003536615303070534
original,PPO_best_552901,template_group,formal-g057,minimum_self_distance_m,m,all_primary_common_complete_success_within_stratum,2,2,0.019890005196205682,0.019890005196205682,0.019960077253987393,0.019812147354226005,0.01996786303818536
original,PPO_best_552901,template_group,formal-g057,command_smoothness_rms_rad_s2,rad/s^2,all_primary_common_complete_success_within_stratum,2,2,0.22381425705527525,0.22381425705527525,0.2586353184892806,0.1851241887952693,0.26250432531528123
original,PPO_best_552901,template_group,formal-g057,max_actual_arm_velocity_rad_s,rad/s,all_primary_common_complete_success_within_stratum,2,2,0.21437127014496088,0.21437127014496088,0.21773876478383353,0.21062960943510237,0.21811293085481936
original,PPO_best_552901,template_group,formal-g057,speed_saturated_fraction,fraction,all_primary_common_complete_success_within_stratum,2,2,0.0,0.0,0.0,0.0,0.0
original,PPO_best_552901,template_group,formal-g057,soft_limited_fraction,fraction,all_primary_common_complete_success_within_stratum,2,2,0.0,0.0,0.0,0.0,0.0
original,PPO_best_552901,template_group,formal-g057,raw_policy_component_clip_fraction,fraction,all_primary_common_complete_success_within_stratum,2,2,0.16294642857142855,0.16294642857142855,0.17499999999999996,0.1495535714285714,0.17633928571428567
original,PPO_best_552901,template_group,formal-g057,raw_policy_decisions_with_clip_fraction,fraction,all_primary_common_complete_success_within_stratum,2,2,0.9088541666666667,0.9088541666666667,0.9908854166666666,0.8177083333333334,1.0
original,PPO_best_552901,template_group,formal-g057,u_component_clip_fraction,fraction,all_primary_common_complete_success_within_stratum,2,2,0.0,0.0,0.0,0.0,0.0
original,PPO_best_552901,template_group,formal-g057,u_decisions_with_clip_fraction,fraction,all_primary_common_complete_success_within_stratum,2,2,0.0,0.0,0.0,0.0,0.0
original,PPO_best_552901,template_group,formal-g057,mean_u_abs_rad_s,rad/s,all_primary_common_complete_success_within_stratum,2,2,0.09049893211950327,0.09049893211950327,0.095032628297451,0.08546149192178357,0.09553637231722298
original,PPO_best_552901,template_group,formal-g057,provider_mean_s,s/48Hz decision,all_primary_common_complete_success_within_stratum,2,2,0.00031945064317066374,0.00031945064317066374,0.0003257195255097637,0.0003124852183494416,0.00032641606799188594
original,PPO_best_552901,template_group,formal-g057,core_mean_s,s/240Hz step,all_primary_common_complete_success_within_stratum,2,2,0.0006257984865518059,0.0006257984865518059,0.0006726426127678072,0.0005737494574229155,0.0006778475156806963
original,PPO_best_552901,template_group,formal-g057,outer_mean_s,s/240Hz step including decision when due,all_primary_common_complete_success_within_stratum,2,2,0.0007775400301625268,0.0007775400301625268,0.0008325379932307441,0.000716431182308952,0.0008386488780161017
