dataset,method,stratum_type,stratum,metric,unit,scope,n_common_complete,n,mean,median,p95,min,max
supplementary,tracking,category,far,max_error_m,m,all_primary_common_complete_success_within_stratum,41,41,5.181673697680587e-05,5.0874018028602355e-05,6.703364788804526e-05,3.0564586213060395e-05,7.05824189806437e-05
supplementary,tracking,category,far,rmse_m,m,all_primary_common_complete_success_within_stratum,41,41,4.018146438368309e-05,4.009067166425074e-05,4.989777469105213e-05,2.8336592034906272e-05,5.389031895996831e-05
supplementary,tracking,category,far,endpoint_error_m,m,all_primary_common_complete_success_within_stratum,41,41,3.255801274181075e-05,3.1396293664060736e-05,4.191967164893284e-05,2.47141850364066e-05,4.322135559882149e-05
supplementary,tracking,category,far,minimum_external_distance_m,m,all_primary_common_complete_success_within_stratum,41,0,,,,,
supplementary,tracking,category,far,minimum_self_distance_m,m,all_primary_common_complete_success_within_stratum,41,41,0.019955907286383183,0.020026253928877878,0.020151373710956835,0.019608520628025844,0.020154933643945418
supplementary,tracking,category,far,command_smoothness_rms_rad_s2,rad/s^2,all_primary_common_complete_success_within_stratum,41,41,0.035037714510130165,0.032736092536063334,0.05185830484057753,0.015940417744213863,0.06554381681115022
supplementary,tracking,category,far,max_actual_arm_velocity_rad_s,rad/s,all_primary_common_complete_success_within_stratum,41,41,0.039845488646498055,0.03606925433050434,0.0640781349295978,0.019691601245845926,0.08159868243433507
supplementary,tracking,category,far,speed_saturated_fraction,fraction,all_primary_common_complete_success_within_stratum,41,41,0.0,0.0,0.0,0.0,0.0
supplementary,tracking,category,far,soft_limited_fraction,fraction,all_primary_common_complete_success_within_stratum,41,41,0.0,0.0,0.0,0.0,0.0
supplementary,tracking,category,far,raw_policy_component_clip_fraction,fraction,all_primary_common_complete_success_within_stratum,41,0,,,,,
supplementary,tracking,category,far,raw_policy_decisions_with_clip_fraction,fraction,all_primary_common_complete_success_within_stratum,41,0,,,,,
supplementary,tracking,category,far,u_component_clip_fraction,fraction,all_primary_common_complete_success_within_stratum,41,41,0.0,0.0,0.0,0.0,0.0
supplementary,tracking,category,far,u_decisions_with_clip_fraction,fraction,all_primary_common_complete_success_within_stratum,41,41,0.0,0.0,0.0,0.0,0.0
supplementary,tracking,category,far,mean_u_abs_rad_s,rad/s,all_primary_common_complete_success_within_stratum,41,41,0.0,0.0,0.0,0.0,0.0
supplementary,tracking,category,far,provider_mean_s,s/48Hz decision,all_primary_common_complete_success_within_stratum,41,41,1.3046871298854052e-05,1.297523916340045e-05,1.3453055847397385e-05,1.2661854725593003e-05,1.3741384009335889e-05
supplementary,tracking,category,far,core_mean_s,s/240Hz step,all_primary_common_complete_success_within_stratum,41,41,0.0005254200684921522,0.000524280213782428,0.0005417602846137015,0.0005076638300124614,0.0005422815590767035
supplementary,tracking,category,far,outer_mean_s,s/240Hz step including decision when due,all_primary_common_complete_success_within_stratum,41,41,0.0005502293768386597,0.0005489373094557474,0.000567055824073274,0.0005318555690185651,0.0005674102638598318
supplementary,tracking,category,near_link,max_error_m,m,all_primary_common_complete_success_within_stratum,43,43,4.3343056384499745e-05,3.9720688544175824e-05,6.287128228613544e-05,2.8573726520953393e-05,6.834310939737337e-05
supplementary,tracking,category,near_link,rmse_m,m,all_primary_common_complete_success_within_stratum,43,43,3.3995993350275986e-05,3.233918910418864e-05,4.500067136830733e-05,1.994243783986299e-05,5.2147258700333346e-05
supplementary,tracking,category,near_link,endpoint_error_m,m,all_primary_common_complete_success_within_stratum,43,43,3.194348153700601e-05,3.15978656938961e-05,4.1185480163179196e-05,2.163083610475657e-05,4.2017185430537395e-05
supplementary,tracking,category,near_link,minimum_external_distance_m,m,all_primary_common_complete_success_within_stratum,43,43,0.021320595778131272,0.019464741608568564,0.04290318932538008,0.0021163828593752515,0.04608180513333257
supplementary,tracking,category,near_link,minimum_self_distance_m,m,all_primary_common_complete_success_within_stratum,43,43,0.020021011566853684,0.020041450165087488,0.020154933643945418,0.01960853845491472,0.020154933643945418
supplementary,tracking,category,near_link,command_smoothness_rms_rad_s2,rad/s^2,all_primary_common_complete_success_within_stratum,43,43,0.0348893142683292,0.03343132241248582,0.0530337163901256,0.018203200054285107,0.06088553606249528
supplementary,tracking,category,near_link,max_actual_arm_velocity_rad_s,rad/s,all_primary_common_complete_success_within_stratum,43,43,0.04388849060859886,0.04143285479266917,0.07311762308853713,0.019584753667196607,0.07591445209725431
supplementary,tracking,category,near_link,speed_saturated_fraction,fraction,all_primary_common_complete_success_within_stratum,43,43,0.0,0.0,0.0,0.0,0.0
supplementary,tracking,category,near_link,soft_limited_fraction,fraction,all_primary_common_complete_success_within_stratum,43,43,0.0,0.0,0.0,0.0,0.0
supplementary,tracking,category,near_link,raw_policy_component_clip_fraction,fraction,all_primary_common_complete_success_within_stratum,43,0,,,,,
supplementary,tracking,category,near_link,raw_policy_decisions_with_clip_fraction,fraction,all_primary_common_complete_success_within_stratum,43,0,,,,,
supplementary,tracking,category,near_link,u_component_clip_fraction,fraction,all_primary_common_complete_success_within_stratum,43,43,0.0,0.0,0.0,0.0,0.0
supplementary,tracking,category,near_link,u_decisions_with_clip_fraction,fraction,all_primary_common_complete_success_within_stratum,43,43,0.0,0.0,0.0,0.0,0.0
supplementary,tracking,category,near_link,mean_u_abs_rad_s,rad/s,all_primary_common_complete_success_within_stratum,43,43,0.0,0.0,0.0,0.0,0.0
supplementary,tracking,category,near_link,provider_mean_s,s/48Hz decision,all_primary_common_complete_success_within_stratum,43,43,1.3662237199960783e-05,1.363499040962779e-05,1.4049991811286115e-05,1.3098243622759279e-05,1.4209045730240177e-05
supplementary,tracking,category,near_link,core_mean_s,s/240Hz step,all_primary_common_complete_success_within_stratum,43,43,0.0005612433625435026,0.0005592064621244693,0.0005770842353103945,0.0005426297162254438,0.0005987898246530676
supplementary,tracking,category,near_link,outer_mean_s,s/240Hz step including decision when due,all_primary_common_complete_success_within_stratum,43,43,0.000658653717646514,0.0006545519207672138,0.0007057965754696246,0.0006126201885914876,0.0007210098992497175
supplementary,tracking,category,tight_layout,max_error_m,m,all_primary_common_complete_success_within_stratum,7,7,3.572248299023067e-05,3.472188656602223e-05,4.2227308005982583e-05,3.0879196612403015e-05,4.318129842105725e-05
supplementary,tracking,category,tight_layout,rmse_m,m,all_primary_common_complete_success_within_stratum,7,7,3.1300951761648885e-05,3.08875559841383e-05,3.4699370119491886e-05,2.785408513200912e-05,3.575621226790152e-05
supplementary,tracking,category,tight_layout,endpoint_error_m,m,all_primary_common_complete_success_within_stratum,7,7,3.3314561103964486e-05,3.227054153785416e-05,4.0225838367839705e-05,2.8267727537842856e-05,4.252998245586249e-05
supplementary,tracking,category,tight_layout,minimum_external_distance_m,m,all_primary_common_complete_success_within_stratum,7,7,0.0033112246052465558,0.002154738532502559,0.006545893219852676,0.001072994936429851,0.007200221189195333
supplementary,tracking,category,tight_layout,minimum_self_distance_m,m,all_primary_common_complete_success_within_stratum,7,7,0.020134644101402057,0.020147268761085572,0.02015446833208696,0.02007773429474311,0.020154933643945418
supplementary,tracking,category,tight_layout,command_smoothness_rms_rad_s2,rad/s^2,all_primary_common_complete_success_within_stratum,7,7,0.02031597354051734,0.01858085612034186,0.027124901586042808,0.015336224294912408,0.02762275115689911
supplementary,tracking,category,tight_layout,max_actual_arm_velocity_rad_s,rad/s,all_primary_common_complete_success_within_stratum,7,7,0.025875267836822043,0.024226426323308264,0.03410739714989805,0.019088400524663568,0.03574219231837883
supplementary,tracking,category,tight_layout,speed_saturated_fraction,fraction,all_primary_common_complete_success_within_stratum,7,7,0.0,0.0,0.0,0.0,0.0
supplementary,tracking,category,tight_layout,soft_limited_fraction,fraction,all_primary_common_complete_success_within_stratum,7,7,0.0,0.0,0.0,0.0,0.0
supplementary,tracking,category,tight_layout,raw_policy_component_clip_fraction,fraction,all_primary_common_complete_success_within_stratum,7,0,,,,,
supplementary,tracking,category,tight_layout,raw_policy_decisions_with_clip_fraction,fraction,all_primary_common_complete_success_within_stratum,7,0,,,,,
supplementary,tracking,category,tight_layout,u_component_clip_fraction,fraction,all_primary_common_complete_success_within_stratum,7,7,0.0,0.0,0.0,0.0,0.0
supplementary,tracking,category,tight_layout,u_decisions_with_clip_fraction,fraction,all_primary_common_complete_success_within_stratum,7,7,0.0,0.0,0.0,0.0,0.0
supplementary,tracking,category,tight_layout,mean_u_abs_rad_s,rad/s,all_primary_common_complete_success_within_stratum,7,7,0.0,0.0,0.0,0.0,0.0
supplementary,tracking,category,tight_layout,provider_mean_s,s/48Hz decision,all_primary_common_complete_success_within_stratum,7,7,1.3881877488789282e-05,1.3862161116170077e-05,1.4137187599772006e-05,1.3696927150400976e-05,1.4231848581403028e-05
supplementary,tracking,category,tight_layout,core_mean_s,s/240Hz step,all_primary_common_complete_success_within_stratum,7,7,0.000577050281840673,0.0005743642876647452,0.0006071454522255711,0.0005612090747490583,0.0006198593194615872
supplementary,tracking,category,tight_layout,outer_mean_s,s/240Hz step including decision when due,all_primary_common_complete_success_within_stratum,7,7,0.0006928804530486689,0.0006989590818496557,0.000728756586934954,0.0006553670219849058,0.000733854467701652
supplementary,tracking,template_group,supplement-g000,max_error_m,m,all_primary_common_complete_success_within_stratum,9,9,6.348342537365063e-05,6.495404357751157e-05,6.935244038297405e-05,5.708687428044928e-05,7.05824189806437e-05
supplementary,tracking,template_group,supplement-g000,rmse_m,m,all_primary_common_complete_success_within_stratum,9,9,4.6757967512098615e-05,4.6895540775213886e-05,5.231924293790052e-05,4.147032322851441e-05,5.389031895996831e-05
supplementary,tracking,template_group,supplement-g000,endpoint_error_m,m,all_primary_common_complete_success_within_stratum,9,9,3.2249801477481275e-05,3.223459190152579e-05,3.656629971013572e-05,2.5901612009348566e-05,3.6578485833140056e-05
supplementary,tracking,template_group,supplement-g000,minimum_external_distance_m,m,all_primary_common_complete_success_within_stratum,9,0,,,,,
supplementary,tracking,template_group,supplement-g000,minimum_self_distance_m,m,all_primary_common_complete_success_within_stratum,9,9,0.019723538347263963,0.0196761528817496,0.01990576768656752,0.019608520628025844,0.01990902833351421
supplementary,tracking,template_group,supplement-g000,command_smoothness_rms_rad_s2,rad/s^2,all_primary_common_complete_success_within_stratum,9,9,0.0435791232110494,0.045207539141826805,0.0607921411131545,0.027384415191838336,0.06554381681115022
supplementary,tracking,template_group,supplement-g000,max_actual_arm_velocity_rad_s,rad/s,all_primary_common_complete_success_within_stratum,9,9,0.0544792777761891,0.052150019718610774,0.07578626342018016,0.03463297999731438,0.08159868243433507
supplementary,tracking,template_group,supplement-g000,speed_saturated_fraction,fraction,all_primary_common_complete_success_within_stratum,9,9,0.0,0.0,0.0,0.0,0.0
supplementary,tracking,template_group,supplement-g000,soft_limited_fraction,fraction,all_primary_common_complete_success_within_stratum,9,9,0.0,0.0,0.0,0.0,0.0
supplementary,tracking,template_group,supplement-g000,raw_policy_component_clip_fraction,fraction,all_primary_common_complete_success_within_stratum,9,0,,,,,
supplementary,tracking,template_group,supplement-g000,raw_policy_decisions_with_clip_fraction,fraction,all_primary_common_complete_success_within_stratum,9,0,,,,,
supplementary,tracking,template_group,supplement-g000,u_component_clip_fraction,fraction,all_primary_common_complete_success_within_stratum,9,9,0.0,0.0,0.0,0.0,0.0
supplementary,tracking,template_group,supplement-g000,u_decisions_with_clip_fraction,fraction,all_primary_common_complete_success_within_stratum,9,9,0.0,0.0,0.0,0.0,0.0
supplementary,tracking,template_group,supplement-g000,mean_u_abs_rad_s,rad/s,all_primary_common_complete_success_within_stratum,9,9,0.0,0.0,0.0,0.0,0.0
supplementary,tracking,template_group,supplement-g000,provider_mean_s,s/48Hz decision,all_primary_common_complete_success_within_stratum,9,9,1.3085255331033193e-05,1.2952900760865305e-05,1.3626052744560487e-05,1.266791196030681e-05,1.3741384009335889e-05
supplementary,tracking,template_group,supplement-g000,core_mean_s,s/240Hz step,all_primary_common_complete_success_within_stratum,9,9,0.0005192927878414156,0.0005159875863379663,0.0005374276305762275,0.0005076638300124614,0.0005388442530602333
supplementary,tracking,template_group,supplement-g000,outer_mean_s,s/240Hz step including decision when due,all_primary_common_complete_success_within_stratum,9,9,0.0005441055867541528,0.0005405471604717604,0.0005630142592235643,0.0005318555690185651,0.0005645433568436905
supplementary,tracking,template_group,supplement-g001,max_error_m,m,all_primary_common_complete_success_within_stratum,0,0,,,,,
supplementary,tracking,template_group,supplement-g001,rmse_m,m,all_primary_common_complete_success_within_stratum,0,0,,,,,
supplementary,tracking,template_group,supplement-g001,endpoint_error_m,m,all_primary_common_complete_success_within_stratum,0,0,,,,,
supplementary,tracking,template_group,supplement-g001,minimum_external_distance_m,m,all_primary_common_complete_success_within_stratum,0,0,,,,,
supplementary,tracking,template_group,supplement-g001,minimum_self_distance_m,m,all_primary_common_complete_success_within_stratum,0,0,,,,,
supplementary,tracking,template_group,supplement-g001,command_smoothness_rms_rad_s2,rad/s^2,all_primary_common_complete_success_within_stratum,0,0,,,,,
supplementary,tracking,template_group,supplement-g001,max_actual_arm_velocity_rad_s,rad/s,all_primary_common_complete_success_within_stratum,0,0,,,,,
supplementary,tracking,template_group,supplement-g001,speed_saturated_fraction,fraction,all_primary_common_complete_success_within_stratum,0,0,,,,,
supplementary,tracking,template_group,supplement-g001,soft_limited_fraction,fraction,all_primary_common_complete_success_within_stratum,0,0,,,,,
supplementary,tracking,template_group,supplement-g001,raw_policy_component_clip_fraction,fraction,all_primary_common_complete_success_within_stratum,0,0,,,,,
supplementary,tracking,template_group,supplement-g001,raw_policy_decisions_with_clip_fraction,fraction,all_primary_common_complete_success_within_stratum,0,0,,,,,
supplementary,tracking,template_group,supplement-g001,u_component_clip_fraction,fraction,all_primary_common_complete_success_within_stratum,0,0,,,,,
supplementary,tracking,template_group,supplement-g001,u_decisions_with_clip_fraction,fraction,all_primary_common_complete_success_within_stratum,0,0,,,,,
supplementary,tracking,template_group,supplement-g001,mean_u_abs_rad_s,rad/s,all_primary_common_complete_success_within_stratum,0,0,,,,,
supplementary,tracking,template_group,supplement-g001,provider_mean_s,s/48Hz decision,all_primary_common_complete_success_within_stratum,0,0,,,,,
supplementary,tracking,template_group,supplement-g001,core_mean_s,s/240Hz step,all_primary_common_complete_success_within_stratum,0,0,,,,,
supplementary,tracking,template_group,supplement-g001,outer_mean_s,s/240Hz step including decision when due,all_primary_common_complete_success_within_stratum,0,0,,,,,
supplementary,tracking,template_group,supplement-g002,max_error_m,m,all_primary_common_complete_success_within_stratum,0,0,,,,,
supplementary,tracking,template_group,supplement-g002,rmse_m,m,all_primary_common_complete_success_within_stratum,0,0,,,,,
supplementary,tracking,template_group,supplement-g002,endpoint_error_m,m,all_primary_common_complete_success_within_stratum,0,0,,,,,
supplementary,tracking,template_group,supplement-g002,minimum_external_distance_m,m,all_primary_common_complete_success_within_stratum,0,0,,,,,
supplementary,tracking,template_group,supplement-g002,minimum_self_distance_m,m,all_primary_common_complete_success_within_stratum,0,0,,,,,
supplementary,tracking,template_group,supplement-g002,command_smoothness_rms_rad_s2,rad/s^2,all_primary_common_complete_success_within_stratum,0,0,,,,,
supplementary,tracking,template_group,supplement-g002,max_actual_arm_velocity_rad_s,rad/s,all_primary_common_complete_success_within_stratum,0,0,,,,,
supplementary,tracking,template_group,supplement-g002,speed_saturated_fraction,fraction,all_primary_common_complete_success_within_stratum,0,0,,,,,
supplementary,tracking,template_group,supplement-g002,soft_limited_fraction,fraction,all_primary_common_complete_success_within_stratum,0,0,,,,,
supplementary,tracking,template_group,supplement-g002,raw_policy_component_clip_fraction,fraction,all_primary_common_complete_success_within_stratum,0,0,,,,,
supplementary,tracking,template_group,supplement-g002,raw_policy_decisions_with_clip_fraction,fraction,all_primary_common_complete_success_within_stratum,0,0,,,,,
supplementary,tracking,template_group,supplement-g002,u_component_clip_fraction,fraction,all_primary_common_complete_success_within_stratum,0,0,,,,,
supplementary,tracking,template_group,supplement-g002,u_decisions_with_clip_fraction,fraction,all_primary_common_complete_success_within_stratum,0,0,,,,,
supplementary,tracking,template_group,supplement-g002,mean_u_abs_rad_s,rad/s,all_primary_common_complete_success_within_stratum,0,0,,,,,
supplementary,tracking,template_group,supplement-g002,provider_mean_s,s/48Hz decision,all_primary_common_complete_success_within_stratum,0,0,,,,,
supplementary,tracking,template_group,supplement-g002,core_mean_s,s/240Hz step,all_primary_common_complete_success_within_stratum,0,0,,,,,
supplementary,tracking,template_group,supplement-g002,outer_mean_s,s/240Hz step including decision when due,all_primary_common_complete_success_within_stratum,0,0,,,,,
supplementary,tracking,template_group,supplement-g003,max_error_m,m,all_primary_common_complete_success_within_stratum,7,7,5.6510990639317755e-05,5.889399180212139e-05,6.256326901445475e-05,4.785931946501019e-05,6.30252889219758e-05
supplementary,tracking,template_group,supplement-g003,rmse_m,m,all_primary_common_complete_success_within_stratum,7,7,4.08184938556711e-05,4.2637987963604974e-05,4.400677837053884e-05,3.6829711171193755e-05,4.42986277810882e-05
supplementary,tracking,template_group,supplement-g003,endpoint_error_m,m,all_primary_common_complete_success_within_stratum,7,7,3.0556034891766014e-05,2.9713671417312266e-05,3.867039845801533e-05,2.3930206846185406e-05,4.016657570560234e-05
supplementary,tracking,template_group,supplement-g003,minimum_external_distance_m,m,all_primary_common_complete_success_within_stratum,7,7,0.021913285318957303,0.02223647107391183,0.03912415663181321,0.0021163828593752515,0.04508379972147078
supplementary,tracking,template_group,supplement-g003,minimum_self_distance_m,m,all_primary_common_complete_success_within_stratum,7,7,0.0200283680093846,0.0200537874315422,0.02014585361510605,0.019906174661349293,0.020153513757137878
supplementary,tracking,template_group,supplement-g003,command_smoothness_rms_rad_s2,rad/s^2,all_primary_common_complete_success_within_stratum,7,7,0.0344540517505914,0.03872595459885781,0.04226600486579687,0.020523294629498968,0.04249814757286551
supplementary,tracking,template_group,supplement-g003,max_actual_arm_velocity_rad_s,rad/s,all_primary_common_complete_success_within_stratum,7,7,0.03852170760859429,0.0381366070149968,0.0476943222880705,0.01991454043569621,0.04853470257342596
supplementary,tracking,template_group,supplement-g003,speed_saturated_fraction,fraction,all_primary_common_complete_success_within_stratum,7,7,0.0,0.0,0.0,0.0,0.0
supplementary,tracking,template_group,supplement-g003,soft_limited_fraction,fraction,all_primary_common_complete_success_within_stratum,7,7,0.0,0.0,0.0,0.0,0.0
supplementary,tracking,template_group,supplement-g003,raw_policy_component_clip_fraction,fraction,all_primary_common_complete_success_within_stratum,7,0,,,,,
supplementary,tracking,template_group,supplement-g003,raw_policy_decisions_with_clip_fraction,fraction,all_primary_common_complete_success_within_stratum,7,0,,,,,
supplementary,tracking,template_group,supplement-g003,u_component_clip_fraction,fraction,all_primary_common_complete_success_within_stratum,7,7,0.0,0.0,0.0,0.0,0.0
supplementary,tracking,template_group,supplement-g003,u_decisions_with_clip_fraction,fraction,all_primary_common_complete_success_within_stratum,7,7,0.0,0.0,0.0,0.0,0.0
supplementary,tracking,template_group,supplement-g003,mean_u_abs_rad_s,rad/s,all_primary_common_complete_success_within_stratum,7,7,0.0,0.0,0.0,0.0,0.0
supplementary,tracking,template_group,supplement-g003,provider_mean_s,s/48Hz decision,all_primary_common_complete_success_within_stratum,7,7,1.371515234149272e-05,1.3786939689452993e-05,1.4063282257363123e-05,1.3308053591269223e-05,1.4068155148076281e-05
supplementary,tracking,template_group,supplement-g003,core_mean_s,s/240Hz step,all_primary_common_complete_success_within_stratum,7,7,0.000557561592978302,0.0005579214602827657,0.0005691911384383275,0.0005443870350366827,0.00057095119746009
supplementary,tracking,template_group,supplement-g003,outer_mean_s,s/240Hz step including decision when due,all_primary_common_complete_success_within_stratum,7,7,0.0006673292435455854,0.0006671377343688315,0.000689206275859154,0.000648760645102205,0.0006899059473956489
supplementary,tracking,template_group,supplement-g005,max_error_m,m,all_primary_common_complete_success_within_stratum,8,8,5.353268642239664e-05,5.433343768572156e-05,6.008665152280151e-05,4.3824200206379076e-05,6.013092601556279e-05
supplementary,tracking,template_group,supplement-g005,rmse_m,m,all_primary_common_complete_success_within_stratum,8,8,3.904544342572381e-05,3.904463210154828e-05,4.297227769749418e-05,3.539189846622128e-05,4.302671545104495e-05
supplementary,tracking,template_group,supplement-g005,endpoint_error_m,m,all_primary_common_complete_success_within_stratum,8,8,2.9861451884475494e-05,2.9607337286936844e-05,3.5736657206310184e-05,2.47141850364066e-05,3.6226597423779455e-05
supplementary,tracking,template_group,supplement-g005,minimum_external_distance_m,m,all_primary_common_complete_success_within_stratum,8,0,,,,,
supplementary,tracking,template_group,supplement-g005,minimum_self_distance_m,m,all_primary_common_complete_success_within_stratum,8,8,0.020080910264539637,0.020114608834414186,0.02015193863293374,0.019882865477028236,0.020152242821690536
supplementary,tracking,template_group,supplement-g005,command_smoothness_rms_rad_s2,rad/s^2,all_primary_common_complete_success_within_stratum,8,8,0.028759619039530546,0.02772291651452698,0.037632196279310214,0.015940417744213863,0.03815367846278111
supplementary,tracking,template_group,supplement-g005,max_actual_arm_velocity_rad_s,rad/s,all_primary_common_complete_success_within_stratum,8,8,0.0359222072296472,0.0355343869961942,0.04713915634146992,0.01971529890454815,0.04778016809049865
supplementary,tracking,template_group,supplement-g005,speed_saturated_fraction,fraction,all_primary_common_complete_success_within_stratum,8,8,0.0,0.0,0.0,0.0,0.0
supplementary,tracking,template_group,supplement-g005,soft_limited_fraction,fraction,all_primary_common_complete_success_within_stratum,8,8,0.0,0.0,0.0,0.0,0.0
supplementary,tracking,template_group,supplement-g005,raw_policy_component_clip_fraction,fraction,all_primary_common_complete_success_within_stratum,8,0,,,,,
supplementary,tracking,template_group,supplement-g005,raw_policy_decisions_with_clip_fraction,fraction,all_primary_common_complete_success_within_stratum,8,0,,,,,
supplementary,tracking,template_group,supplement-g005,u_component_clip_fraction,fraction,all_primary_common_complete_success_within_stratum,8,8,0.0,0.0,0.0,0.0,0.0
supplementary,tracking,template_group,supplement-g005,u_decisions_with_clip_fraction,fraction,all_primary_common_complete_success_within_stratum,8,8,0.0,0.0,0.0,0.0,0.0
supplementary,tracking,template_group,supplement-g005,mean_u_abs_rad_s,rad/s,all_primary_common_complete_success_within_stratum,8,8,0.0,0.0,0.0,0.0,0.0
supplementary,tracking,template_group,supplement-g005,provider_mean_s,s/48Hz decision,all_primary_common_complete_success_within_stratum,8,8,1.293437308428717e-05,1.290523641728214e-05,1.321800827251233e-05,1.2661854725593003e-05,1.3330969219775094e-05
supplementary,tracking,template_group,supplement-g005,core_mean_s,s/240Hz step,all_primary_common_complete_success_within_stratum,8,8,0.0005216734167750776,0.0005207337135592145,0.0005312969164954969,0.0005157947766141054,0.0005350751410333032
supplementary,tracking,template_group,supplement-g005,outer_mean_s,s/240Hz step including decision when due,all_primary_common_complete_success_within_stratum,8,8,0.0005463649301759687,0.0005454965871801202,0.0005564634930775961,0.0005403997220431241,0.0005605160534893609
supplementary,tracking,template_group,supplement-g006,max_error_m,m,all_primary_common_complete_success_within_stratum,7,7,3.72650743087354e-05,3.647240861788131e-05,4.6715501330633605e-05,2.8573726520953393e-05,4.821088132844092e-05
supplementary,tracking,template_group,supplement-g006,rmse_m,m,all_primary_common_complete_success_within_stratum,7,7,3.0214018013023906e-05,3.0887810822953325e-05,3.85425525191638e-05,1.994243783986299e-05,4.003095765686534e-05
supplementary,tracking,template_group,supplement-g006,endpoint_error_m,m,all_primary_common_complete_success_within_stratum,7,7,3.1201134438512475e-05,3.059038499422668e-05,3.769374550774581e-05,2.519270036820045e-05,3.890410299052158e-05
supplementary,tracking,template_group,supplement-g006,minimum_external_distance_m,m,all_primary_common_complete_success_within_stratum,7,7,0.01796908921317895,0.012406554252205784,0.034193052481494374,0.006931964563157644,0.03674654423159153
supplementary,tracking,template_group,supplement-g006,minimum_self_distance_m,m,all_primary_common_complete_success_within_stratum,7,7,0.020072060512852406,0.020123894810607654,0.020154920311222936,0.019913554770958408,0.020154933643945418
supplementary,tracking,template_group,supplement-g006,command_smoothness_rms_rad_s2,rad/s^2,all_primary_common_complete_success_within_stratum,7,7,0.034884266998893944,0.033345860279213276,0.046619210032433946,0.02414869574212924,0.049178441109833514
supplementary,tracking,template_group,supplement-g006,max_actual_arm_velocity_rad_s,rad/s,all_primary_common_complete_success_within_stratum,7,7,0.04794504005900502,0.05019080331865425,0.06407442761462419,0.02892321644897297,0.06626684285116624
supplementary,tracking,template_group,supplement-g006,speed_saturated_fraction,fraction,all_primary_common_complete_success_within_stratum,7,7,0.0,0.0,0.0,0.0,0.0
supplementary,tracking,template_group,supplement-g006,soft_limited_fraction,fraction,all_primary_common_complete_success_within_stratum,7,7,0.0,0.0,0.0,0.0,0.0
supplementary,tracking,template_group,supplement-g006,raw_policy_component_clip_fraction,fraction,all_primary_common_complete_success_within_stratum,7,0,,,,,
supplementary,tracking,template_group,supplement-g006,raw_policy_decisions_with_clip_fraction,fraction,all_primary_common_complete_success_within_stratum,7,0,,,,,
supplementary,tracking,template_group,supplement-g006,u_component_clip_fraction,fraction,all_primary_common_complete_success_within_stratum,7,7,0.0,0.0,0.0,0.0,0.0
supplementary,tracking,template_group,supplement-g006,u_decisions_with_clip_fraction,fraction,all_primary_common_complete_success_within_stratum,7,7,0.0,0.0,0.0,0.0,0.0
supplementary,tracking,template_group,supplement-g006,mean_u_abs_rad_s,rad/s,all_primary_common_complete_success_within_stratum,7,7,0.0,0.0,0.0,0.0,0.0
supplementary,tracking,template_group,supplement-g006,provider_mean_s,s/48Hz decision,all_primary_common_complete_success_within_stratum,7,7,1.3803716683469249e-05,1.382028707060575e-05,1.3984499507084062e-05,1.359591093811711e-05,1.4032708501569383e-05
supplementary,tracking,template_group,supplement-g006,core_mean_s,s/240Hz step,all_primary_common_complete_success_within_stratum,7,7,0.0005738915304044937,0.0005712842375942273,0.0005924463907558674,0.0005637653919317624,0.0005987898246530676
supplementary,tracking,template_group,supplement-g006,outer_mean_s,s/240Hz step including decision when due,all_primary_common_complete_success_within_stratum,7,7,0.0006925396937818041,0.000694148936994073,0.0007186728009188907,0.000662619944493296,0.0007210098992497175
supplementary,tracking,template_group,supplement-g007,max_error_m,m,all_primary_common_complete_success_within_stratum,2,2,3.703024751673014e-05,3.703024751673014e-05,4.256619333062454e-05,3.0879196612403015e-05,4.318129842105725e-05
supplementary,tracking,template_group,supplement-g007,rmse_m,m,all_primary_common_complete_success_within_stratum,2,2,2.8573722376399406e-05,2.8573722376399406e-05,2.9221395896350662e-05,2.785408513200912e-05,2.9293359620789692e-05
supplementary,tracking,template_group,supplement-g007,endpoint_error_m,m,all_primary_common_complete_success_within_stratum,2,2,3.539885499685267e-05,3.539885499685267e-05,4.1816869709961506e-05,2.8267727537842856e-05,4.252998245586249e-05
supplementary,tracking,template_group,supplement-g007,minimum_external_distance_m,m,all_primary_common_complete_success_within_stratum,2,2,0.0013076715590688327,0.0013076715590688327,0.0015188805194439163,0.001072994936429851,0.0015423481817078144
supplementary,tracking,template_group,supplement-g007,minimum_self_distance_m,m,all_primary_common_complete_success_within_stratum,2,2,0.020151286574061376,0.020151286574061376,0.020153173001381645,0.020149190543705522,0.02015338260441723
supplementary,tracking,template_group,supplement-g007,command_smoothness_rms_rad_s2,rad/s^2,all_primary_common_complete_success_within_stratum,2,2,0.018177556114724415,0.018177556114724415,0.018540526119780118,0.017774256109106972,0.01858085612034186
supplementary,tracking,template_group,supplement-g007,max_actual_arm_velocity_rad_s,rad/s,all_primary_common_complete_success_within_stratum,2,2,0.025969891979420096,0.025969891979420096,0.027539011069920745,0.024226426323308264,0.027713357635531927
supplementary,tracking,template_group,supplement-g007,speed_saturated_fraction,fraction,all_primary_common_complete_success_within_stratum,2,2,0.0,0.0,0.0,0.0,0.0
supplementary,tracking,template_group,supplement-g007,soft_limited_fraction,fraction,all_primary_common_complete_success_within_stratum,2,2,0.0,0.0,0.0,0.0,0.0
supplementary,tracking,template_group,supplement-g007,raw_policy_component_clip_fraction,fraction,all_primary_common_complete_success_within_stratum,2,0,,,,,
supplementary,tracking,template_group,supplement-g007,raw_policy_decisions_with_clip_fraction,fraction,all_primary_common_complete_success_within_stratum,2,0,,,,,
supplementary,tracking,template_group,supplement-g007,u_component_clip_fraction,fraction,all_primary_common_complete_success_within_stratum,2,2,0.0,0.0,0.0,0.0,0.0
supplementary,tracking,template_group,supplement-g007,u_decisions_with_clip_fraction,fraction,all_primary_common_complete_success_within_stratum,2,2,0.0,0.0,0.0,0.0,0.0
supplementary,tracking,template_group,supplement-g007,mean_u_abs_rad_s,rad/s,all_primary_common_complete_success_within_stratum,2,2,0.0,0.0,0.0,0.0,0.0
supplementary,tracking,template_group,supplement-g007,provider_mean_s,s/48Hz decision,all_primary_common_complete_success_within_stratum,2,2,1.3868514694574213e-05,1.3868514694574213e-05,1.3882263525980914e-05,1.3853238215233432e-05,1.3883791173914991e-05
supplementary,tracking,template_group,supplement-g007,core_mean_s,s/240Hz step,all_primary_common_complete_success_within_stratum,2,2,0.0005759220248364727,0.0005759220248364727,0.0005773239882910275,0.0005743642876647452,0.0005774797620082002
supplementary,tracking,template_group,supplement-g007,outer_mean_s,s/240Hz step including decision when due,all_primary_common_complete_success_within_stratum,2,2,0.0007079103068311572,0.0007079103068311572,0.0007159664093145087,0.0006989590818496557,0.0007168615318126589
supplementary,tracking,template_group,supplement-g008,max_error_m,m,all_primary_common_complete_success_within_stratum,1,1,6.834310939737337e-05,6.834310939737337e-05,6.834310939737337e-05,6.834310939737337e-05,6.834310939737337e-05
supplementary,tracking,template_group,supplement-g008,rmse_m,m,all_primary_common_complete_success_within_stratum,1,1,5.2147258700333346e-05,5.2147258700333346e-05,5.2147258700333346e-05,5.2147258700333346e-05,5.2147258700333346e-05
supplementary,tracking,template_group,supplement-g008,endpoint_error_m,m,all_primary_common_complete_success_within_stratum,1,1,3.679584144929366e-05,3.679584144929366e-05,3.679584144929366e-05,3.679584144929366e-05,3.679584144929366e-05
supplementary,tracking,template_group,supplement-g008,minimum_external_distance_m,m,all_primary_common_complete_success_within_stratum,1,1,0.014781994922164018,0.014781994922164018,0.014781994922164018,0.014781994922164018,0.014781994922164018
supplementary,tracking,template_group,supplement-g008,minimum_self_distance_m,m,all_primary_common_complete_success_within_stratum,1,1,0.01960853845491472,0.01960853845491472,0.01960853845491472,0.01960853845491472,0.01960853845491472
supplementary,tracking,template_group,supplement-g008,command_smoothness_rms_rad_s2,rad/s^2,all_primary_common_complete_success_within_stratum,1,1,0.06088553606249528,0.06088553606249528,0.06088553606249528,0.06088553606249528,0.06088553606249528
supplementary,tracking,template_group,supplement-g008,max_actual_arm_velocity_rad_s,rad/s,all_primary_common_complete_success_within_stratum,1,1,0.07591445209725431,0.07591445209725431,0.07591445209725431,0.07591445209725431,0.07591445209725431
supplementary,tracking,template_group,supplement-g008,speed_saturated_fraction,fraction,all_primary_common_complete_success_within_stratum,1,1,0.0,0.0,0.0,0.0,0.0
supplementary,tracking,template_group,supplement-g008,soft_limited_fraction,fraction,all_primary_common_complete_success_within_stratum,1,1,0.0,0.0,0.0,0.0,0.0
supplementary,tracking,template_group,supplement-g008,raw_policy_component_clip_fraction,fraction,all_primary_common_complete_success_within_stratum,1,0,,,,,
supplementary,tracking,template_group,supplement-g008,raw_policy_decisions_with_clip_fraction,fraction,all_primary_common_complete_success_within_stratum,1,0,,,,,
supplementary,tracking,template_group,supplement-g008,u_component_clip_fraction,fraction,all_primary_common_complete_success_within_stratum,1,1,0.0,0.0,0.0,0.0,0.0
supplementary,tracking,template_group,supplement-g008,u_decisions_with_clip_fraction,fraction,all_primary_common_complete_success_within_stratum,1,1,0.0,0.0,0.0,0.0,0.0
supplementary,tracking,template_group,supplement-g008,mean_u_abs_rad_s,rad/s,all_primary_common_complete_success_within_stratum,1,1,0.0,0.0,0.0,0.0,0.0
supplementary,tracking,template_group,supplement-g008,provider_mean_s,s/48Hz decision,all_primary_common_complete_success_within_stratum,1,1,1.3758977426429434e-05,1.3758977426429434e-05,1.3758977426429434e-05,1.3758977426429434e-05,1.3758977426429434e-05
supplementary,tracking,template_group,supplement-g008,core_mean_s,s/240Hz step,all_primary_common_complete_success_within_stratum,1,1,0.0005535711405476226,0.0005535711405476226,0.0005535711405476226,0.0005535711405476226,0.0005535711405476226
supplementary,tracking,template_group,supplement-g008,outer_mean_s,s/240Hz step including decision when due,all_primary_common_complete_success_within_stratum,1,1,0.0006905934373207856,0.0006905934373207856,0.0006905934373207856,0.0006905934373207856,0.0006905934373207856
supplementary,tracking,template_group,supplement-g009,max_error_m,m,all_primary_common_complete_success_within_stratum,1,1,3.472188656602223e-05,3.472188656602223e-05,3.472188656602223e-05,3.472188656602223e-05,3.472188656602223e-05
supplementary,tracking,template_group,supplement-g009,rmse_m,m,all_primary_common_complete_success_within_stratum,1,1,3.2233405106536086e-05,3.2233405106536086e-05,3.2233405106536086e-05,3.2233405106536086e-05,3.2233405106536086e-05
supplementary,tracking,template_group,supplement-g009,endpoint_error_m,m,all_primary_common_complete_success_within_stratum,1,1,3.4710533832104584e-05,3.4710533832104584e-05,3.4710533832104584e-05,3.4710533832104584e-05,3.4710533832104584e-05
supplementary,tracking,template_group,supplement-g009,minimum_external_distance_m,m,all_primary_common_complete_success_within_stratum,1,1,0.005019127958053149,0.005019127958053149,0.005019127958053149,0.005019127958053149,0.005019127958053149
supplementary,tracking,template_group,supplement-g009,minimum_self_distance_m,m,all_primary_common_complete_success_within_stratum,1,1,0.020154933643945418,0.020154933643945418,0.020154933643945418,0.020154933643945418,0.020154933643945418
supplementary,tracking,template_group,supplement-g009,command_smoothness_rms_rad_s2,rad/s^2,all_primary_common_complete_success_within_stratum,1,1,0.01725304044301397,0.01725304044301397,0.01725304044301397,0.01725304044301397,0.01725304044301397
supplementary,tracking,template_group,supplement-g009,max_actual_arm_velocity_rad_s,rad/s,all_primary_common_complete_success_within_stratum,1,1,0.022224572923485272,0.022224572923485272,0.022224572923485272,0.022224572923485272,0.022224572923485272
supplementary,tracking,template_group,supplement-g009,speed_saturated_fraction,fraction,all_primary_common_complete_success_within_stratum,1,1,0.0,0.0,0.0,0.0,0.0
supplementary,tracking,template_group,supplement-g009,soft_limited_fraction,fraction,all_primary_common_complete_success_within_stratum,1,1,0.0,0.0,0.0,0.0,0.0
supplementary,tracking,template_group,supplement-g009,raw_policy_component_clip_fraction,fraction,all_primary_common_complete_success_within_stratum,1,0,,,,,
supplementary,tracking,template_group,supplement-g009,raw_policy_decisions_with_clip_fraction,fraction,all_primary_common_complete_success_within_stratum,1,0,,,,,
supplementary,tracking,template_group,supplement-g009,u_component_clip_fraction,fraction,all_primary_common_complete_success_within_stratum,1,1,0.0,0.0,0.0,0.0,0.0
supplementary,tracking,template_group,supplement-g009,u_decisions_with_clip_fraction,fraction,all_primary_common_complete_success_within_stratum,1,1,0.0,0.0,0.0,0.0,0.0
supplementary,tracking,template_group,supplement-g009,mean_u_abs_rad_s,rad/s,all_primary_common_complete_success_within_stratum,1,1,0.0,0.0,0.0,0.0,0.0
supplementary,tracking,template_group,supplement-g009,provider_mean_s,s/48Hz decision,all_primary_common_complete_success_within_stratum,1,1,1.3916311975966286e-05,1.3916311975966286e-05,1.3916311975966286e-05,1.3916311975966286e-05,1.3916311975966286e-05
supplementary,tracking,template_group,supplement-g009,core_mean_s,s/240Hz step,all_primary_common_complete_success_within_stratum,1,1,0.0005693845968380628,0.0005693845968380628,0.0005693845968380628,0.0005693845968380628,0.0005693845968380628
supplementary,tracking,template_group,supplement-g009,outer_mean_s,s/240Hz step including decision when due,all_primary_common_complete_success_within_stratum,1,1,0.0007068850236767806,0.0007068850236767806,0.0007068850236767806,0.0007068850236767806,0.0007068850236767806
supplementary,tracking,template_group,supplement-g010,max_error_m,m,all_primary_common_complete_success_within_stratum,8,8,4.19127423475715e-05,4.059221237854217e-05,5.02925275710428e-05,3.289312540681326e-05,5.0872728639750265e-05
supplementary,tracking,template_group,supplement-g010,rmse_m,m,all_primary_common_complete_success_within_stratum,8,8,3.540338300971574e-05,3.5896094038248295e-05,3.7880872336079805e-05,3.049838747419108e-05,3.7896841187641554e-05
supplementary,tracking,template_group,supplement-g010,endpoint_error_m,m,all_primary_common_complete_success_within_stratum,8,8,3.267204403215064e-05,3.2791474062684987e-05,3.846916822882087e-05,2.6644540805393578e-05,3.8823272858769085e-05
supplementary,tracking,template_group,supplement-g010,minimum_external_distance_m,m,all_primary_common_complete_success_within_stratum,8,0,,,,,
supplementary,tracking,template_group,supplement-g010,minimum_self_distance_m,m,all_primary_common_complete_success_within_stratum,8,8,0.020095950323302268,0.020103532992742337,0.02014817149640236,0.02002169053583879,0.020150562872721045
supplementary,tracking,template_group,supplement-g010,command_smoothness_rms_rad_s2,rad/s^2,all_primary_common_complete_success_within_stratum,8,8,0.029520581560452952,0.028310057907893055,0.04032952769227624,0.01994551163895962,0.04201781293545489
supplementary,tracking,template_group,supplement-g010,max_actual_arm_velocity_rad_s,rad/s,all_primary_common_complete_success_within_stratum,8,8,0.031275085047895716,0.029291778841979556,0.04499606707760527,0.021874906102194527,0.04865203018749497
supplementary,tracking,template_group,supplement-g010,speed_saturated_fraction,fraction,all_primary_common_complete_success_within_stratum,8,8,0.0,0.0,0.0,0.0,0.0
supplementary,tracking,template_group,supplement-g010,soft_limited_fraction,fraction,all_primary_common_complete_success_within_stratum,8,8,0.0,0.0,0.0,0.0,0.0
supplementary,tracking,template_group,supplement-g010,raw_policy_component_clip_fraction,fraction,all_primary_common_complete_success_within_stratum,8,0,,,,,
supplementary,tracking,template_group,supplement-g010,raw_policy_decisions_with_clip_fraction,fraction,all_primary_common_complete_success_within_stratum,8,0,,,,,
supplementary,tracking,template_group,supplement-g010,u_component_clip_fraction,fraction,all_primary_common_complete_success_within_stratum,8,8,0.0,0.0,0.0,0.0,0.0
supplementary,tracking,template_group,supplement-g010,u_decisions_with_clip_fraction,fraction,all_primary_common_complete_success_within_stratum,8,8,0.0,0.0,0.0,0.0,0.0
supplementary,tracking,template_group,supplement-g010,mean_u_abs_rad_s,rad/s,all_primary_common_complete_success_within_stratum,8,8,0.0,0.0,0.0,0.0,0.0
supplementary,tracking,template_group,supplement-g010,provider_mean_s,s/48Hz decision,all_primary_common_complete_success_within_stratum,8,8,1.3039001771630865e-05,1.3141602418424252e-05,1.32422097218902e-05,1.2701677254275031e-05,1.3253103588795057e-05
supplementary,tracking,template_group,supplement-g010,core_mean_s,s/240Hz step,all_primary_common_complete_success_within_stratum,8,8,0.0005302295268052148,0.0005278879721269429,0.0005383033192735336,0.0005232048352506051,0.0005383488422315471
supplementary,tracking,template_group,supplement-g010,outer_mean_s,s/240Hz step including decision when due,all_primary_common_complete_success_within_stratum,8,8,0.0005550787381025657,0.000552686337656875,0.0005634840304128375,0.0005477498072044303,0.0005636675018043509
supplementary,tracking,template_group,supplement-g011,max_error_m,m,all_primary_common_complete_success_within_stratum,8,8,3.739210166462662e-05,3.786971953530925e-05,4.201442960803125e-05,3.258995656401322e-05,4.3249520950107256e-05
supplementary,tracking,template_group,supplement-g011,rmse_m,m,all_primary_common_complete_success_within_stratum,8,8,3.15464852807475e-05,3.165904077563172e-05,3.537185642352027e-05,2.7640995491223335e-05,3.598914265835145e-05
supplementary,tracking,template_group,supplement-g011,endpoint_error_m,m,all_primary_common_complete_success_within_stratum,8,8,3.1064157830443145e-05,2.961006439030862e-05,3.8430963320662995e-05,2.5359322031107644e-05,3.947160854494097e-05
supplementary,tracking,template_group,supplement-g011,minimum_external_distance_m,m,all_primary_common_complete_success_within_stratum,8,8,0.027902329814474363,0.02982560824091643,0.04303632389639966,0.01192700987434292,0.04608180513333257
supplementary,tracking,template_group,supplement-g011,minimum_self_distance_m,m,all_primary_common_complete_success_within_stratum,8,8,0.020070667504768602,0.02005996391378219,0.020154933643945418,0.01996799157086386,0.020154933643945418
supplementary,tracking,template_group,supplement-g011,command_smoothness_rms_rad_s2,rad/s^2,all_primary_common_complete_success_within_stratum,8,8,0.03333339251813593,0.03151348079304785,0.04896600582552183,0.018267065335467233,0.04936228194985557
supplementary,tracking,template_group,supplement-g011,max_actual_arm_velocity_rad_s,rad/s,all_primary_common_complete_success_within_stratum,8,8,0.047603509759320685,0.044223088543345106,0.07266609873163762,0.025302089269271133,0.07329823283129694
supplementary,tracking,template_group,supplement-g011,speed_saturated_fraction,fraction,all_primary_common_complete_success_within_stratum,8,8,0.0,0.0,0.0,0.0,0.0
supplementary,tracking,template_group,supplement-g011,soft_limited_fraction,fraction,all_primary_common_complete_success_within_stratum,8,8,0.0,0.0,0.0,0.0,0.0
supplementary,tracking,template_group,supplement-g011,raw_policy_component_clip_fraction,fraction,all_primary_common_complete_success_within_stratum,8,0,,,,,
supplementary,tracking,template_group,supplement-g011,raw_policy_decisions_with_clip_fraction,fraction,all_primary_common_complete_success_within_stratum,8,0,,,,,
supplementary,tracking,template_group,supplement-g011,u_component_clip_fraction,fraction,all_primary_common_complete_success_within_stratum,8,8,0.0,0.0,0.0,0.0,0.0
supplementary,tracking,template_group,supplement-g011,u_decisions_with_clip_fraction,fraction,all_primary_common_complete_success_within_stratum,8,8,0.0,0.0,0.0,0.0,0.0
supplementary,tracking,template_group,supplement-g011,mean_u_abs_rad_s,rad/s,all_primary_common_complete_success_within_stratum,8,8,0.0,0.0,0.0,0.0,0.0
supplementary,tracking,template_group,supplement-g011,provider_mean_s,s/48Hz decision,all_primary_common_complete_success_within_stratum,8,8,1.3539414453589416e-05,1.358189668583994e-05,1.3641228080511307e-05,1.3263751043268712e-05,1.3653573660121765e-05
supplementary,tracking,template_group,supplement-g011,core_mean_s,s/240Hz step,all_primary_common_complete_success_within_stratum,8,8,0.0005536245603783149,0.0005532323293512794,0.0005655612623634927,0.0005426297162254438,0.0005689830778768131
supplementary,tracking,template_group,supplement-g011,outer_mean_s,s/240Hz step including decision when due,all_primary_common_complete_success_within_stratum,8,8,0.0006376009442571255,0.000636114773033114,0.0006594493471887593,0.0006126201885914876,0.0006606332491780146
supplementary,tracking,template_group,supplement-g013,max_error_m,m,all_primary_common_complete_success_within_stratum,6,6,5.209522508863694e-05,5.212772591520815e-05,6.200443636589714e-05,3.98042851494218e-05,6.363066996327358e-05
supplementary,tracking,template_group,supplement-g013,rmse_m,m,all_primary_common_complete_success_within_stratum,6,6,4.164316616036012e-05,4.218716240033492e-05,4.449708388034103e-05,3.621147763648579e-05,4.507867621133168e-05
supplementary,tracking,template_group,supplement-g013,endpoint_error_m,m,all_primary_common_complete_success_within_stratum,6,6,3.487579026811951e-05,3.463928562373372e-05,4.194577602781668e-05,2.7884503201124835e-05,4.2017185430537395e-05
supplementary,tracking,template_group,supplement-g013,minimum_external_distance_m,m,all_primary_common_complete_success_within_stratum,6,6,0.023653704094534083,0.027002413380861193,0.04198850868802308,0.003116852669565795,0.04351297641695143
supplementary,tracking,template_group,supplement-g013,minimum_self_distance_m,m,all_primary_common_complete_success_within_stratum,6,6,0.01998614707589393,0.019989846543479465,0.020112286576714173,0.019810469147043284,0.020124701256398807
supplementary,tracking,template_group,supplement-g013,command_smoothness_rms_rad_s2,rad/s^2,all_primary_common_complete_success_within_stratum,6,6,0.03197808476957876,0.0326356166275714,0.043345078544499926,0.018203200054285107,0.04519954805690097
supplementary,tracking,template_group,supplement-g013,max_actual_arm_velocity_rad_s,rad/s,all_primary_common_complete_success_within_stratum,6,6,0.037865219655922495,0.0392473528663938,0.04877997421458918,0.022834670307997906,0.05045147681692776
supplementary,tracking,template_group,supplement-g013,speed_saturated_fraction,fraction,all_primary_common_complete_success_within_stratum,6,6,0.0,0.0,0.0,0.0,0.0
supplementary,tracking,template_group,supplement-g013,soft_limited_fraction,fraction,all_primary_common_complete_success_within_stratum,6,6,0.0,0.0,0.0,0.0,0.0
supplementary,tracking,template_group,supplement-g013,raw_policy_component_clip_fraction,fraction,all_primary_common_complete_success_within_stratum,6,0,,,,,
supplementary,tracking,template_group,supplement-g013,raw_policy_decisions_with_clip_fraction,fraction,all_primary_common_complete_success_within_stratum,6,0,,,,,
supplementary,tracking,template_group,supplement-g013,u_component_clip_fraction,fraction,all_primary_common_complete_success_within_stratum,6,6,0.0,0.0,0.0,0.0,0.0
supplementary,tracking,template_group,supplement-g013,u_decisions_with_clip_fraction,fraction,all_primary_common_complete_success_within_stratum,6,6,0.0,0.0,0.0,0.0,0.0
supplementary,tracking,template_group,supplement-g013,mean_u_abs_rad_s,rad/s,all_primary_common_complete_success_within_stratum,6,6,0.0,0.0,0.0,0.0,0.0
supplementary,tracking,template_group,supplement-g013,provider_mean_s,s/48Hz decision,all_primary_common_complete_success_within_stratum,6,6,1.367055827156744e-05,1.3726512634093524e-05,1.387091382791065e-05,1.3278302200584827e-05,1.3897176813770784e-05
supplementary,tracking,template_group,supplement-g013,core_mean_s,s/240Hz step,all_primary_common_complete_success_within_stratum,6,6,0.000556785416837455,0.0005522562222116296,0.0005680437941312751,0.0005497944248115043,0.0005689289597891426
supplementary,tracking,template_group,supplement-g013,outer_mean_s,s/240Hz step including decision when due,all_primary_common_complete_success_within_stratum,6,6,0.0006443430265587975,0.0006425868375420881,0.0006613911853416236,0.0006313492532778279,0.0006645945682369832
supplementary,tracking,template_group,supplement-g015,max_error_m,m,all_primary_common_complete_success_within_stratum,8,8,4.503725548830225e-05,4.6035638567672375e-05,5.5440557374897455e-05,3.0564586213060395e-05,5.736009779739511e-05
supplementary,tracking,template_group,supplement-g015,rmse_m,m,all_primary_common_complete_success_within_stratum,8,8,3.82046831001257e-05,4.048418888115147e-05,4.2005959888370146e-05,2.8336592034906272e-05,4.235666533320849e-05
supplementary,tracking,template_group,supplement-g015,endpoint_error_m,m,all_primary_common_complete_success_within_stratum,8,8,3.5104170103770406e-05,3.556118962473023e-05,4.239721794843685e-05,2.6699783726529566e-05,4.2654358263554404e-05
supplementary,tracking,template_group,supplement-g015,minimum_external_distance_m,m,all_primary_common_complete_success_within_stratum,8,0,,,,,
supplementary,tracking,template_group,supplement-g015,minimum_self_distance_m,m,all_primary_common_complete_success_within_stratum,8,8,0.020013002557913873,0.020037865775885417,0.020144751537625388,0.019804318121781787,0.020154933643945418
supplementary,tracking,template_group,supplement-g015,command_smoothness_rms_rad_s2,rad/s^2,all_primary_common_complete_success_within_stratum,8,8,0.035348698531276056,0.037070401550769586,0.04563281349600258,0.019330670331672073,0.047044493126473234
supplementary,tracking,template_group,supplement-g015,max_actual_arm_velocity_rad_s,rad/s,all_primary_common_complete_success_within_stratum,8,8,0.03584538194578216,0.03564505274279025,0.04975174953096929,0.019691601245845926,0.05181618614295171
supplementary,tracking,template_group,supplement-g015,speed_saturated_fraction,fraction,all_primary_common_complete_success_within_stratum,8,8,0.0,0.0,0.0,0.0,0.0
supplementary,tracking,template_group,supplement-g015,soft_limited_fraction,fraction,all_primary_common_complete_success_within_stratum,8,8,0.0,0.0,0.0,0.0,0.0
supplementary,tracking,template_group,supplement-g015,raw_policy_component_clip_fraction,fraction,all_primary_common_complete_success_within_stratum,8,0,,,,,
supplementary,tracking,template_group,supplement-g015,raw_policy_decisions_with_clip_fraction,fraction,all_primary_common_complete_success_within_stratum,8,0,,,,,
supplementary,tracking,template_group,supplement-g015,u_component_clip_fraction,fraction,all_primary_common_complete_success_within_stratum,8,8,0.0,0.0,0.0,0.0,0.0
supplementary,tracking,template_group,supplement-g015,u_decisions_with_clip_fraction,fraction,all_primary_common_complete_success_within_stratum,8,8,0.0,0.0,0.0,0.0,0.0
supplementary,tracking,template_group,supplement-g015,mean_u_abs_rad_s,rad/s,all_primary_common_complete_success_within_stratum,8,8,0.0,0.0,0.0,0.0,0.0
supplementary,tracking,template_group,supplement-g015,provider_mean_s,s/48Hz decision,all_primary_common_complete_success_within_stratum,8,8,1.3054514909072168e-05,1.2946730900390928e-05,1.3501652673160909e-05,1.2743421848426806e-05,1.3634042261401191e-05
supplementary,tracking,template_group,supplement-g015,core_mean_s,s/240Hz step,all_primary_common_complete_success_within_stratum,8,8,0.000530649491827262,0.0005259858144351407,0.0005421680295300272,0.0005202130625548307,0.0005422815590767035
supplementary,tracking,template_group,supplement-g015,outer_mean_s,s/240Hz step including decision when due,all_primary_common_complete_success_within_stratum,8,8,0.0005554883525936324,0.0005506552642449,0.0005673031490126354,0.0005446637194836512,0.0005674102638598318
supplementary,tracking,template_group,supplement-g016,max_error_m,m,all_primary_common_complete_success_within_stratum,1,1,3.337088209252676e-05,3.337088209252676e-05,3.337088209252676e-05,3.337088209252676e-05,3.337088209252676e-05
supplementary,tracking,template_group,supplement-g016,rmse_m,m,all_primary_common_complete_success_within_stratum,1,1,2.5705101828718975e-05,2.5705101828718975e-05,2.5705101828718975e-05,2.5705101828718975e-05,2.5705101828718975e-05
supplementary,tracking,template_group,supplement-g016,endpoint_error_m,m,all_primary_common_complete_success_within_stratum,1,1,2.163083610475657e-05,2.163083610475657e-05,2.163083610475657e-05,2.163083610475657e-05,2.163083610475657e-05
supplementary,tracking,template_group,supplement-g016,minimum_external_distance_m,m,all_primary_common_complete_success_within_stratum,1,1,0.01651863400342704,0.01651863400342704,0.01651863400342704,0.01651863400342704,0.01651863400342704
supplementary,tracking,template_group,supplement-g016,minimum_self_distance_m,m,all_primary_common_complete_success_within_stratum,1,1,0.019806659994232846,0.019806659994232846,0.019806659994232846,0.019806659994232846,0.019806659994232846
supplementary,tracking,template_group,supplement-g016,command_smoothness_rms_rad_s2,rad/s^2,all_primary_common_complete_success_within_stratum,1,1,0.05380840998084943,0.05380840998084943,0.05380840998084943,0.05380840998084943,0.05380840998084943
supplementary,tracking,template_group,supplement-g016,max_actual_arm_velocity_rad_s,rad/s,all_primary_common_complete_success_within_stratum,1,1,0.07489551909563046,0.07489551909563046,0.07489551909563046,0.07489551909563046,0.07489551909563046
supplementary,tracking,template_group,supplement-g016,speed_saturated_fraction,fraction,all_primary_common_complete_success_within_stratum,1,1,0.0,0.0,0.0,0.0,0.0
supplementary,tracking,template_group,supplement-g016,soft_limited_fraction,fraction,all_primary_common_complete_success_within_stratum,1,1,0.0,0.0,0.0,0.0,0.0
supplementary,tracking,template_group,supplement-g016,raw_policy_component_clip_fraction,fraction,all_primary_common_complete_success_within_stratum,1,0,,,,,
supplementary,tracking,template_group,supplement-g016,raw_policy_decisions_with_clip_fraction,fraction,all_primary_common_complete_success_within_stratum,1,0,,,,,
supplementary,tracking,template_group,supplement-g016,u_component_clip_fraction,fraction,all_primary_common_complete_success_within_stratum,1,1,0.0,0.0,0.0,0.0,0.0
supplementary,tracking,template_group,supplement-g016,u_decisions_with_clip_fraction,fraction,all_primary_common_complete_success_within_stratum,1,1,0.0,0.0,0.0,0.0,0.0
supplementary,tracking,template_group,supplement-g016,mean_u_abs_rad_s,rad/s,all_primary_common_complete_success_within_stratum,1,1,0.0,0.0,0.0,0.0,0.0
supplementary,tracking,template_group,supplement-g016,provider_mean_s,s/48Hz decision,all_primary_common_complete_success_within_stratum,1,1,1.388679159693614e-05,1.388679159693614e-05,1.388679159693614e-05,1.388679159693614e-05,1.388679159693614e-05
supplementary,tracking,template_group,supplement-g016,core_mean_s,s/240Hz step,all_primary_common_complete_success_within_stratum,1,1,0.0005718424257793231,0.0005718424257793231,0.0005718424257793231,0.0005718424257793231,0.0005718424257793231
supplementary,tracking,template_group,supplement-g016,outer_mean_s,s/240Hz step including decision when due,all_primary_common_complete_success_within_stratum,1,1,0.0007069270498808086,0.0007069270498808086,0.0007069270498808086,0.0007069270498808086,0.0007069270498808086
supplementary,tracking,template_group,supplement-g018,max_error_m,m,all_primary_common_complete_success_within_stratum,5,5,3.659101371763276e-05,3.677930648508093e-05,3.878786445677898e-05,3.324050788117438e-05,3.89506090522138e-05
supplementary,tracking,template_group,supplement-g018,rmse_m,m,all_primary_common_complete_success_within_stratum,5,5,3.156097722195515e-05,3.196326109195687e-05,3.335705401816708e-05,2.7975960132032238e-05,3.361152024666169e-05
supplementary,tracking,template_group,supplement-g018,endpoint_error_m,m,all_primary_common_complete_success_within_stratum,5,5,3.230345101270783e-05,3.222393693175166e-05,3.7042426302642643e-05,2.67208928726701e-05,3.813688607503972e-05
supplementary,tracking,template_group,supplement-g018,minimum_external_distance_m,m,all_primary_common_complete_success_within_stratum,5,5,0.01003990751779274,0.00748610663983898,0.01672821164038598,0.006360373969360969,0.01801446066819351
supplementary,tracking,template_group,supplement-g018,minimum_self_distance_m,m,all_primary_common_complete_success_within_stratum,5,5,0.020065668751611736,0.020131846246366956,0.020147325416723056,0.0198436697497366,0.020148009869747047
supplementary,tracking,template_group,supplement-g018,command_smoothness_rms_rad_s2,rad/s^2,all_primary_common_complete_success_within_stratum,5,5,0.031649814708020946,0.029439206974971904,0.04893851164505856,0.020184906042731196,0.05344165355015561
supplementary,tracking,template_group,supplement-g018,max_actual_arm_velocity_rad_s,rad/s,all_primary_common_complete_success_within_stratum,5,5,0.03372401577470939,0.03400620867936083,0.04806127520725752,0.019584753667196607,0.051130020922447034
supplementary,tracking,template_group,supplement-g018,speed_saturated_fraction,fraction,all_primary_common_complete_success_within_stratum,5,5,0.0,0.0,0.0,0.0,0.0
supplementary,tracking,template_group,supplement-g018,soft_limited_fraction,fraction,all_primary_common_complete_success_within_stratum,5,5,0.0,0.0,0.0,0.0,0.0
supplementary,tracking,template_group,supplement-g018,raw_policy_component_clip_fraction,fraction,all_primary_common_complete_success_within_stratum,5,0,,,,,
supplementary,tracking,template_group,supplement-g018,raw_policy_decisions_with_clip_fraction,fraction,all_primary_common_complete_success_within_stratum,5,0,,,,,
supplementary,tracking,template_group,supplement-g018,u_component_clip_fraction,fraction,all_primary_common_complete_success_within_stratum,5,5,0.0,0.0,0.0,0.0,0.0
supplementary,tracking,template_group,supplement-g018,u_decisions_with_clip_fraction,fraction,all_primary_common_complete_success_within_stratum,5,5,0.0,0.0,0.0,0.0,0.0
supplementary,tracking,template_group,supplement-g018,mean_u_abs_rad_s,rad/s,all_primary_common_complete_success_within_stratum,5,5,0.0,0.0,0.0,0.0,0.0
supplementary,tracking,template_group,supplement-g018,provider_mean_s,s/48Hz decision,all_primary_common_complete_success_within_stratum,5,5,1.354845480818767e-05,1.3546602834442941e-05,1.3893616323912283e-05,1.3098243622759279e-05,1.3894473340769764e-05
supplementary,tracking,template_group,supplement-g018,core_mean_s,s/240Hz step,all_primary_common_complete_success_within_stratum,5,5,0.000556558607944074,0.0005539348473879121,0.0005662922909990205,0.0005511500451878722,0.0005684604667900809
supplementary,tracking,template_group,supplement-g018,outer_mean_s,s/240Hz step including decision when due,all_primary_common_complete_success_within_stratum,5,5,0.0006293975287129191,0.0006245615957899039,0.0006401059645759232,0.0006206434268885157,0.0006402069175237557
supplementary,tracking,template_group,supplement-g020,max_error_m,m,all_primary_common_complete_success_within_stratum,8,8,5.3659239202502745e-05,5.177591742879787e-05,6.243456823400837e-05,4.6092747237439234e-05,6.383998750358262e-05
supplementary,tracking,template_group,supplement-g020,rmse_m,m,all_primary_common_complete_success_within_stratum,8,8,4.067378197969966e-05,4.029185117317686e-05,4.472859731787219e-05,3.7365155123122774e-05,4.58642706193436e-05
supplementary,tracking,template_group,supplement-g020,endpoint_error_m,m,all_primary_common_complete_success_within_stratum,8,8,3.294112261921716e-05,3.1939196078163316e-05,4.0716748253646944e-05,2.7164898363176926e-05,4.322135559882149e-05
supplementary,tracking,template_group,supplement-g020,minimum_external_distance_m,m,all_primary_common_complete_success_within_stratum,8,0,,,,,
supplementary,tracking,template_group,supplement-g020,minimum_self_distance_m,m,all_primary_common_complete_success_within_stratum,8,8,0.019895181056286074,0.01996902142515588,0.020031816148760255,0.019648766429467335,0.020034434396815563
supplementary,tracking,template_group,supplement-g020,command_smoothness_rms_rad_s2,rad/s^2,all_primary_common_complete_success_within_stratum,8,8,0.03691287412072698,0.03722453922563239,0.0490824274660075,0.022523777751959493,0.049707851053017525
supplementary,tracking,template_group,supplement-g020,max_actual_arm_velocity_rad_s,rad/s,all_primary_common_complete_success_within_stratum,8,8,0.039876267591764714,0.037491677417175406,0.05869667902114233,0.02371401408105045,0.060586994666423734
supplementary,tracking,template_group,supplement-g020,speed_saturated_fraction,fraction,all_primary_common_complete_success_within_stratum,8,8,0.0,0.0,0.0,0.0,0.0
supplementary,tracking,template_group,supplement-g020,soft_limited_fraction,fraction,all_primary_common_complete_success_within_stratum,8,8,0.0,0.0,0.0,0.0,0.0
supplementary,tracking,template_group,supplement-g020,raw_policy_component_clip_fraction,fraction,all_primary_common_complete_success_within_stratum,8,0,,,,,
supplementary,tracking,template_group,supplement-g020,raw_policy_decisions_with_clip_fraction,fraction,all_primary_common_complete_success_within_stratum,8,0,,,,,
supplementary,tracking,template_group,supplement-g020,u_component_clip_fraction,fraction,all_primary_common_complete_success_within_stratum,8,8,0.0,0.0,0.0,0.0,0.0
supplementary,tracking,template_group,supplement-g020,u_decisions_with_clip_fraction,fraction,all_primary_common_complete_success_within_stratum,8,8,0.0,0.0,0.0,0.0,0.0
supplementary,tracking,template_group,supplement-g020,mean_u_abs_rad_s,rad/s,all_primary_common_complete_success_within_stratum,8,8,0.0,0.0,0.0,0.0,0.0
supplementary,tracking,template_group,supplement-g020,provider_mean_s,s/48Hz decision,all_primary_common_complete_success_within_stratum,8,8,1.3116413394224462e-05,1.316973399904479e-05,1.3277404764266976e-05,1.2879845144198043e-05,1.3277465617041647e-05
supplementary,tracking,template_group,supplement-g020,core_mean_s,s/240Hz step,all_primary_common_complete_success_within_stratum,8,8,0.0005260210292931333,0.000524379209249067,0.0005320095533988933,0.0005212663569485206,0.0005322048400860997
supplementary,tracking,template_group,supplement-g020,outer_mean_s,s/240Hz step including decision when due,all_primary_common_complete_success_within_stratum,8,8,0.0005508747503275421,0.000549039358823696,0.0005571521909238679,0.0005456633977701131,0.0005575588751526084
supplementary,tracking,template_group,supplement-g021,max_error_m,m,all_primary_common_complete_success_within_stratum,2,2,4.60380785494285e-05,4.60380785494285e-05,5.5855567516896534e-05,3.5129757474464014e-05,5.6946399624392985e-05
supplementary,tracking,template_group,supplement-g021,rmse_m,m,all_primary_common_complete_success_within_stratum,2,2,3.822417487540224e-05,3.822417487540224e-05,4.489338658566131e-05,3.081393964178105e-05,4.5634410109023425e-05
supplementary,tracking,template_group,supplement-g021,endpoint_error_m,m,all_primary_common_complete_success_within_stratum,2,2,2.643989802892828e-05,2.643989802892828e-05,2.7275334877648417e-05,2.551163486368368e-05,2.7368161194172877e-05
supplementary,tracking,template_group,supplement-g021,minimum_external_distance_m,m,all_primary_common_complete_success_within_stratum,2,2,0.028297054971169876,0.028297054971169876,0.030749195665896126,0.025572454199251818,0.031021655743087934
supplementary,tracking,template_group,supplement-g021,minimum_self_distance_m,m,all_primary_common_complete_success_within_stratum,2,2,0.020000647678245578,0.020000647678245578,0.020139505047375432,0.019846361712545738,0.020154933643945418
supplementary,tracking,template_group,supplement-g021,command_smoothness_rms_rad_s2,rad/s^2,all_primary_common_complete_success_within_stratum,2,2,0.04039718500171992,0.04039718500171992,0.04159350897190106,0.0390679361459631,0.04172643385747674
supplementary,tracking,template_group,supplement-g021,max_actual_arm_velocity_rad_s,rad/s,all_primary_common_complete_success_within_stratum,2,2,0.0500251341211396,0.0500251341211396,0.05974126358751832,0.03922943471405213,0.06082083352822707
supplementary,tracking,template_group,supplement-g021,speed_saturated_fraction,fraction,all_primary_common_complete_success_within_stratum,2,2,0.0,0.0,0.0,0.0,0.0
supplementary,tracking,template_group,supplement-g021,soft_limited_fraction,fraction,all_primary_common_complete_success_within_stratum,2,2,0.0,0.0,0.0,0.0,0.0
supplementary,tracking,template_group,supplement-g021,raw_policy_component_clip_fraction,fraction,all_primary_common_complete_success_within_stratum,2,0,,,,,
supplementary,tracking,template_group,supplement-g021,raw_policy_decisions_with_clip_fraction,fraction,all_primary_common_complete_success_within_stratum,2,0,,,,,
supplementary,tracking,template_group,supplement-g021,u_component_clip_fraction,fraction,all_primary_common_complete_success_within_stratum,2,2,0.0,0.0,0.0,0.0,0.0
supplementary,tracking,template_group,supplement-g021,u_decisions_with_clip_fraction,fraction,all_primary_common_complete_success_within_stratum,2,2,0.0,0.0,0.0,0.0,0.0
supplementary,tracking,template_group,supplement-g021,mean_u_abs_rad_s,rad/s,all_primary_common_complete_success_within_stratum,2,2,0.0,0.0,0.0,0.0,0.0
supplementary,tracking,template_group,supplement-g021,provider_mean_s,s/48Hz decision,all_primary_common_complete_success_within_stratum,2,2,1.3659841442859033e-05,1.3659841442859033e-05,1.3682207372767152e-05,1.363499040962779e-05,1.3684692476090277e-05
supplementary,tracking,template_group,supplement-g021,core_mean_s,s/240Hz step,all_primary_common_complete_success_within_stratum,2,2,0.000564700850918598,0.000564700850918598,0.0005683688830959,0.0005606252596104847,0.0005687764422267113
supplementary,tracking,template_group,supplement-g021,outer_mean_s,s/240Hz step including decision when due,all_primary_common_complete_success_within_stratum,2,2,0.0006750120781816803,0.0006750120781816803,0.0006796000861550055,0.0006699142915446524,0.0006801098648187083
supplementary,tracking,template_group,supplement-g022,max_error_m,m,all_primary_common_complete_success_within_stratum,4,4,3.5318749833033056e-05,3.4173156340434996e-05,3.92211510417034e-05,3.2927356280453854e-05,4.000133037080837e-05
supplementary,tracking,template_group,supplement-g022,rmse_m,m,all_primary_common_complete_success_within_stratum,4,4,3.243145311805182e-05,3.15556210527245e-05,3.5226333345912896e-05,3.0858358098856776e-05,3.575621226790152e-05
supplementary,tracking,template_group,supplement-g022,endpoint_error_m,m,all_primary_common_complete_success_within_stratum,4,4,3.192342097548536e-05,3.1544352064591064e-05,3.446265806876336e-05,2.97554776103061e-05,3.484950216245322e-05
supplementary,tracking,template_group,supplement-g022,minimum_external_distance_m,m,all_primary_common_complete_success_within_stratum,4,4,0.003886025290133769,0.003111389617575386,0.006730394116213264,0.0021211007361889717,0.007200221189195333
supplementary,tracking,template_group,supplement-g022,minimum_self_distance_m,m,all_primary_common_complete_success_within_stratum,4,4,0.020121250479436557,0.02012999943095877,0.02014509833270946,0.02007773429474311,0.020147268761085572
supplementary,tracking,template_group,supplement-g022,command_smoothness_rms_rad_s2,rad/s^2,all_primary_common_complete_success_within_stratum,4,4,0.022150915527789642,0.022822343329673526,0.02737382637147096,0.015336224294912408,0.02762275115689911
supplementary,tracking,template_group,supplement-g022,max_actual_arm_velocity_rad_s,rad/s,all_primary_common_complete_success_within_stratum,4,4,0.02674062949385721,0.026065962566193222,0.03492479473413844,0.019088400524663568,0.03574219231837883
supplementary,tracking,template_group,supplement-g022,speed_saturated_fraction,fraction,all_primary_common_complete_success_within_stratum,4,4,0.0,0.0,0.0,0.0,0.0
supplementary,tracking,template_group,supplement-g022,soft_limited_fraction,fraction,all_primary_common_complete_success_within_stratum,4,4,0.0,0.0,0.0,0.0,0.0
supplementary,tracking,template_group,supplement-g022,raw_policy_component_clip_fraction,fraction,all_primary_common_complete_success_within_stratum,4,0,,,,,
supplementary,tracking,template_group,supplement-g022,raw_policy_decisions_with_clip_fraction,fraction,all_primary_common_complete_success_within_stratum,4,0,,,,,
supplementary,tracking,template_group,supplement-g022,u_component_clip_fraction,fraction,all_primary_common_complete_success_within_stratum,4,4,0.0,0.0,0.0,0.0,0.0
supplementary,tracking,template_group,supplement-g022,u_decisions_with_clip_fraction,fraction,all_primary_common_complete_success_within_stratum,4,4,0.0,0.0,0.0,0.0,0.0
supplementary,tracking,template_group,supplement-g022,mean_u_abs_rad_s,rad/s,all_primary_common_complete_success_within_stratum,4,4,0.0,0.0,0.0,0.0,0.0
supplementary,tracking,template_group,supplement-g022,provider_mean_s,s/48Hz decision,all_primary_common_complete_success_within_stratum,4,4,1.3879950264102566e-05,1.379551266230313e-05,1.4176395461618086e-05,1.3696927150400976e-05,1.4231848581403028e-05
supplementary,tracking,template_group,supplement-g022,core_mean_s,s/240Hz step,all_primary_common_complete_success_within_stratum,4,4,0.0005795308315934258,0.000568527466081529,0.0006130732549157377,0.0005612090747490583,0.0006198593194615872
supplementary,tracking,template_group,supplement-g022,outer_mean_s,s/240Hz step including decision when due,all_primary_common_complete_success_within_stratum,4,4,0.0006818643835003968,0.0006691180221575148,0.0007241656163463025,0.0006553670219849058,0.000733854467701652
supplementary,tracking,template_group,supplement-g023,max_error_m,m,all_primary_common_complete_success_within_stratum,6,6,3.6477598145226956e-05,3.760942161534647e-05,4.115716198535773e-05,3.003298081196817e-05,4.126931146646555e-05
supplementary,tracking,template_group,supplement-g023,rmse_m,m,all_primary_common_complete_success_within_stratum,6,6,2.504394256387156e-05,2.5765986885607406e-05,2.820511543191888e-05,1.996278420312259e-05,2.82544331416017e-05
supplementary,tracking,template_group,supplement-g023,endpoint_error_m,m,all_primary_common_complete_success_within_stratum,6,6,3.511296464193346e-05,3.574409685516887e-05,4.107769679177805e-05,2.8507187764479807e-05,4.125733574411329e-05
supplementary,tracking,template_group,supplement-g023,minimum_external_distance_m,m,all_primary_common_complete_success_within_stratum,6,6,0.02239564286579949,0.020955510717151814,0.03153896837866622,0.015454376754408486,0.03239312569398359
supplementary,tracking,template_group,supplement-g023,minimum_self_distance_m,m,all_primary_common_complete_success_within_stratum,6,6,0.01999557294363992,0.020039575165398022,0.02010954209788483,0.019830581358222958,0.020120207779108362
supplementary,tracking,template_group,supplement-g023,command_smoothness_rms_rad_s2,rad/s^2,all_primary_common_complete_success_within_stratum,6,6,0.03376654065705143,0.03285845400360449,0.04581540238011472,0.02241455388898726,0.04774362511053026
supplementary,tracking,template_group,supplement-g023,max_actual_arm_velocity_rad_s,rad/s,all_primary_common_complete_success_within_stratum,6,6,0.04240635802962408,0.0449231934842278,0.05178633343674054,0.02824483933779348,0.052375987989346534
supplementary,tracking,template_group,supplement-g023,speed_saturated_fraction,fraction,all_primary_common_complete_success_within_stratum,6,6,0.0,0.0,0.0,0.0,0.0
supplementary,tracking,template_group,supplement-g023,soft_limited_fraction,fraction,all_primary_common_complete_success_within_stratum,6,6,0.0,0.0,0.0,0.0,0.0
supplementary,tracking,template_group,supplement-g023,raw_policy_component_clip_fraction,fraction,all_primary_common_complete_success_within_stratum,6,0,,,,,
supplementary,tracking,template_group,supplement-g023,raw_policy_decisions_with_clip_fraction,fraction,all_primary_common_complete_success_within_stratum,6,0,,,,,
supplementary,tracking,template_group,supplement-g023,u_component_clip_fraction,fraction,all_primary_common_complete_success_within_stratum,6,6,0.0,0.0,0.0,0.0,0.0
supplementary,tracking,template_group,supplement-g023,u_decisions_with_clip_fraction,fraction,all_primary_common_complete_success_within_stratum,6,6,0.0,0.0,0.0,0.0,0.0
supplementary,tracking,template_group,supplement-g023,mean_u_abs_rad_s,rad/s,all_primary_common_complete_success_within_stratum,6,6,0.0,0.0,0.0,0.0,0.0
supplementary,tracking,template_group,supplement-g023,provider_mean_s,s/48Hz decision,all_primary_common_complete_success_within_stratum,6,6,1.3632954202572968e-05,1.3569044616209188e-05,1.4057917042009649e-05,1.3419949179175697e-05,1.4209045730240177e-05
supplementary,tracking,template_group,supplement-g023,core_mean_s,s/240Hz step,all_primary_common_complete_success_within_stratum,6,6,0.0005676625722925463,0.0005656545733321158,0.0005795544523380159,0.0005582110087743785,0.0005820602870699077
supplementary,tracking,template_group,supplement-g023,outer_mean_s,s/240Hz step including decision when due,all_primary_common_complete_success_within_stratum,6,6,0.0006569382161615068,0.000652697319416499,0.0006802307138741525,0.0006388990548960768,0.0006869110292730814
supplementary,APF_fixed,category,far,max_error_m,m,all_primary_common_complete_success_within_stratum,41,41,5.181673697680587e-05,5.0874018028602355e-05,6.703364788804526e-05,3.0564586213060395e-05,7.05824189806437e-05
supplementary,APF_fixed,category,far,rmse_m,m,all_primary_common_complete_success_within_stratum,41,41,4.018146438368309e-05,4.009067166425074e-05,4.989777469105213e-05,2.8336592034906272e-05,5.389031895996831e-05
supplementary,APF_fixed,category,far,endpoint_error_m,m,all_primary_common_complete_success_within_stratum,41,41,3.255801274181075e-05,3.1396293664060736e-05,4.191967164893284e-05,2.47141850364066e-05,4.322135559882149e-05
supplementary,APF_fixed,category,far,minimum_external_distance_m,m,all_primary_common_complete_success_within_stratum,41,0,,,,,
supplementary,APF_fixed,category,far,minimum_self_distance_m,m,all_primary_common_complete_success_within_stratum,41,41,0.019955907286383183,0.020026253928877878,0.020151373710956835,0.019608520628025844,0.020154933643945418
supplementary,APF_fixed,category,far,command_smoothness_rms_rad_s2,rad/s^2,all_primary_common_complete_success_within_stratum,41,41,0.035037714510130165,0.032736092536063334,0.05185830484057753,0.015940417744213863,0.06554381681115022
supplementary,APF_fixed,category,far,max_actual_arm_velocity_rad_s,rad/s,all_primary_common_complete_success_within_stratum,41,41,0.039845488646498055,0.03606925433050434,0.0640781349295978,0.019691601245845926,0.08159868243433507
supplementary,APF_fixed,category,far,speed_saturated_fraction,fraction,all_primary_common_complete_success_within_stratum,41,41,0.0,0.0,0.0,0.0,0.0
supplementary,APF_fixed,category,far,soft_limited_fraction,fraction,all_primary_common_complete_success_within_stratum,41,41,0.0,0.0,0.0,0.0,0.0
supplementary,APF_fixed,category,far,raw_policy_component_clip_fraction,fraction,all_primary_common_complete_success_within_stratum,41,0,,,,,
supplementary,APF_fixed,category,far,raw_policy_decisions_with_clip_fraction,fraction,all_primary_common_complete_success_within_stratum,41,0,,,,,
supplementary,APF_fixed,category,far,u_component_clip_fraction,fraction,all_primary_common_complete_success_within_stratum,41,41,0.0,0.0,0.0,0.0,0.0
supplementary,APF_fixed,category,far,u_decisions_with_clip_fraction,fraction,all_primary_common_complete_success_within_stratum,41,41,0.0,0.0,0.0,0.0,0.0
supplementary,APF_fixed,category,far,mean_u_abs_rad_s,rad/s,all_primary_common_complete_success_within_stratum,41,41,0.0,0.0,0.0,0.0,0.0
supplementary,APF_fixed,category,far,provider_mean_s,s/48Hz decision,all_primary_common_complete_success_within_stratum,41,41,2.744663049632776e-05,2.7367984330339823e-05,2.7928900635743048e-05,2.6788114761681452e-05,2.9516045742639108e-05
supplementary,APF_fixed,category,far,core_mean_s,s/240Hz step,all_primary_common_complete_success_within_stratum,41,41,0.0005248681018260906,0.0005231628096832234,0.000535279648041372,0.0005110006665442294,0.0005489068856453135
supplementary,APF_fixed,category,far,outer_mean_s,s/240Hz step including decision when due,all_primary_common_complete_success_within_stratum,41,41,0.0005525820759659866,0.0005509483876570205,0.0005631558753217784,0.0005382300993308794,0.0005778732177835385
supplementary,APF_fixed,category,near_link,max_error_m,m,all_primary_common_complete_success_within_stratum,43,43,6.84462095075211e-05,6.798715935795345e-05,8.947881506380039e-05,4.987084535933419e-05,9.534474701358853e-05
supplementary,APF_fixed,category,near_link,rmse_m,m,all_primary_common_complete_success_within_stratum,43,43,5.152157820473312e-05,5.0230646135011345e-05,7.388468229685138e-05,3.0482546685318004e-05,7.674313654720478e-05
supplementary,APF_fixed,category,near_link,endpoint_error_m,m,all_primary_common_complete_success_within_stratum,43,43,3.888920820942681e-05,3.808316413714439e-05,5.3782932046626464e-05,2.1702790072309045e-05,5.827786180479914e-05
supplementary,APF_fixed,category,near_link,minimum_external_distance_m,m,all_primary_common_complete_success_within_stratum,43,43,0.0260072067127003,0.024336234954294447,0.04751442713967935,0.002116557785720591,0.04887227722096568
supplementary,APF_fixed,category,near_link,minimum_self_distance_m,m,all_primary_common_complete_success_within_stratum,43,43,0.019773431179327783,0.019730170701593823,0.02011576833518919,0.01960836373056358,0.020149678412632883
supplementary,APF_fixed,category,near_link,command_smoothness_rms_rad_s2,rad/s^2,all_primary_common_complete_success_within_stratum,43,43,0.20892700851172988,0.19221250141287144,0.3470996403951291,0.06806558901509047,0.470597559761031
supplementary,APF_fixed,category,near_link,max_actual_arm_velocity_rad_s,rad/s,all_primary_common_complete_success_within_stratum,43,43,0.14835592089910646,0.14957023518724877,0.20647700713863062,0.06482661828407515,0.20727608845119969
supplementary,APF_fixed,category,near_link,speed_saturated_fraction,fraction,all_primary_common_complete_success_within_stratum,43,43,0.0,0.0,0.0,0.0,0.0
supplementary,APF_fixed,category,near_link,soft_limited_fraction,fraction,all_primary_common_complete_success_within_stratum,43,43,0.0,0.0,0.0,0.0,0.0
supplementary,APF_fixed,category,near_link,raw_policy_component_clip_fraction,fraction,all_primary_common_complete_success_within_stratum,43,0,,,,,
supplementary,APF_fixed,category,near_link,raw_policy_decisions_with_clip_fraction,fraction,all_primary_common_complete_success_within_stratum,43,0,,,,,
supplementary,APF_fixed,category,near_link,u_component_clip_fraction,fraction,all_primary_common_complete_success_within_stratum,43,43,0.07738095238095237,0.0587797619047619,0.21584821428571413,0.0,0.39583333333333326
supplementary,APF_fixed,category,near_link,u_decisions_with_clip_fraction,fraction,all_primary_common_complete_success_within_stratum,43,43,0.3359980620155039,0.23958333333333334,0.8833333333333333,0.0,1.0
supplementary,APF_fixed,category,near_link,mean_u_abs_rad_s,rad/s,all_primary_common_complete_success_within_stratum,43,43,0.03667336577617629,0.03253585952235055,0.07386130234244456,0.02046837851904598,0.10318083329325287
supplementary,APF_fixed,category,near_link,provider_mean_s,s/48Hz decision,all_primary_common_complete_success_within_stratum,43,43,0.00015106035522150296,0.00014458219144823184,0.00023127402141653874,0.00011172072754561668,0.0002481818535973919
supplementary,APF_fixed,category,near_link,core_mean_s,s/240Hz step,all_primary_common_complete_success_within_stratum,43,43,0.0005669936123175187,0.0005662554708275517,0.0005819722723632973,0.0005532595345660714,0.0005919596910037701
supplementary,APF_fixed,category,near_link,outer_mean_s,s/240Hz step including decision when due,all_primary_common_complete_success_within_stratum,43,43,0.0006929171767134634,0.0006869121135726649,0.0007536167984896261,0.0006479400825204115,0.0007681107807911758
supplementary,APF_fixed,category,tight_layout,max_error_m,m,all_primary_common_complete_success_within_stratum,7,7,6.840792016570006e-05,6.778154224251727e-05,7.614284020352485e-05,5.9442467852533486e-05,7.802849276621983e-05
supplementary,APF_fixed,category,tight_layout,rmse_m,m,all_primary_common_complete_success_within_stratum,7,7,5.4710238017796624e-05,5.146887268849899e-05,6.549621042263557e-05,4.8297860172233776e-05,6.789845600108637e-05
supplementary,APF_fixed,category,tight_layout,endpoint_error_m,m,all_primary_common_complete_success_within_stratum,7,7,4.761229827253146e-05,4.392078186008307e-05,6.595725554564219e-05,3.657284654161409e-05,7.256418379522198e-05
supplementary,APF_fixed,category,tight_layout,minimum_external_distance_m,m,all_primary_common_complete_success_within_stratum,7,7,0.007903217910813077,0.007200956651543217,0.012071447232174314,0.0030317946116961564,0.012594490571266284
supplementary,APF_fixed,category,tight_layout,minimum_self_distance_m,m,all_primary_common_complete_success_within_stratum,7,7,0.01974881423149784,0.01966791799442217,0.020044999023171396,0.01960888266268601,0.02010233383131653
supplementary,APF_fixed,category,tight_layout,command_smoothness_rms_rad_s2,rad/s^2,all_primary_common_complete_success_within_stratum,7,7,0.23712328664740356,0.2576078441392598,0.31273507239728865,0.11471652778146059,0.31550339532787003
supplementary,APF_fixed,category,tight_layout,max_actual_arm_velocity_rad_s,rad/s,all_primary_common_complete_success_within_stratum,7,7,0.17391878492661594,0.20780935817802082,0.2121408855007157,0.07731923680001582,0.21285210064629542
supplementary,APF_fixed,category,tight_layout,speed_saturated_fraction,fraction,all_primary_common_complete_success_within_stratum,7,7,0.0,0.0,0.0,0.0,0.0
supplementary,APF_fixed,category,tight_layout,soft_limited_fraction,fraction,all_primary_common_complete_success_within_stratum,7,7,0.0,0.0,0.0,0.0,0.0
supplementary,APF_fixed,category,tight_layout,raw_policy_component_clip_fraction,fraction,all_primary_common_complete_success_within_stratum,7,0,,,,,
supplementary,APF_fixed,category,tight_layout,raw_policy_decisions_with_clip_fraction,fraction,all_primary_common_complete_success_within_stratum,7,0,,,,,
supplementary,APF_fixed,category,tight_layout,u_component_clip_fraction,fraction,all_primary_common_complete_success_within_stratum,7,7,0.11330782312925168,0.06845238095238095,0.29412202380952357,0.038690476190476185,0.3720238095238095
supplementary,APF_fixed,category,tight_layout,u_decisions_with_clip_fraction,fraction,all_primary_common_complete_success_within_stratum,7,7,0.365327380952381,0.203125,0.8421874999999996,0.17708333333333334,1.0
supplementary,APF_fixed,category,tight_layout,mean_u_abs_rad_s,rad/s,all_primary_common_complete_success_within_stratum,7,7,0.04590101241960106,0.0360223443961626,0.08946740966386174,0.030568373475380346,0.10888868342137788
supplementary,APF_fixed,category,tight_layout,provider_mean_s,s/48Hz decision,all_primary_common_complete_success_within_stratum,7,7,0.00014473683443481735,0.00013248941271134149,0.00018742777425965565,0.00011982411964102842,0.00019448451636587075
supplementary,APF_fixed,category,tight_layout,core_mean_s,s/240Hz step,all_primary_common_complete_success_within_stratum,7,7,0.0005722274704913573,0.0005695842721555285,0.0005867836501026129,0.0005617488843199681,0.0005903960964739478
supplementary,APF_fixed,category,tight_layout,outer_mean_s,s/240Hz step including decision when due,all_primary_common_complete_success_within_stratum,7,7,0.0007141737067849179,0.0007077106823696037,0.0007479044206805459,0.0006751253496380135,0.0007496659991678219
supplementary,APF_fixed,template_group,supplement-g000,max_error_m,m,all_primary_common_complete_success_within_stratum,9,9,6.348342537365063e-05,6.495404357751157e-05,6.935244038297405e-05,5.708687428044928e-05,7.05824189806437e-05
supplementary,APF_fixed,template_group,supplement-g000,rmse_m,m,all_primary_common_complete_success_within_stratum,9,9,4.6757967512098615e-05,4.6895540775213886e-05,5.231924293790052e-05,4.147032322851441e-05,5.389031895996831e-05
supplementary,APF_fixed,template_group,supplement-g000,endpoint_error_m,m,all_primary_common_complete_success_within_stratum,9,9,3.2249801477481275e-05,3.223459190152579e-05,3.656629971013572e-05,2.5901612009348566e-05,3.6578485833140056e-05
supplementary,APF_fixed,template_group,supplement-g000,minimum_external_distance_m,m,all_primary_common_complete_success_within_stratum,9,0,,,,,
supplementary,APF_fixed,template_group,supplement-g000,minimum_self_distance_m,m,all_primary_common_complete_success_within_stratum,9,9,0.019723538347263963,0.0196761528817496,0.01990576768656752,0.019608520628025844,0.01990902833351421
supplementary,APF_fixed,template_group,supplement-g000,command_smoothness_rms_rad_s2,rad/s^2,all_primary_common_complete_success_within_stratum,9,9,0.0435791232110494,0.045207539141826805,0.0607921411131545,0.027384415191838336,0.06554381681115022
supplementary,APF_fixed,template_group,supplement-g000,max_actual_arm_velocity_rad_s,rad/s,all_primary_common_complete_success_within_stratum,9,9,0.0544792777761891,0.052150019718610774,0.07578626342018016,0.03463297999731438,0.08159868243433507
supplementary,APF_fixed,template_group,supplement-g000,speed_saturated_fraction,fraction,all_primary_common_complete_success_within_stratum,9,9,0.0,0.0,0.0,0.0,0.0
supplementary,APF_fixed,template_group,supplement-g000,soft_limited_fraction,fraction,all_primary_common_complete_success_within_stratum,9,9,0.0,0.0,0.0,0.0,0.0
supplementary,APF_fixed,template_group,supplement-g000,raw_policy_component_clip_fraction,fraction,all_primary_common_complete_success_within_stratum,9,0,,,,,
supplementary,APF_fixed,template_group,supplement-g000,raw_policy_decisions_with_clip_fraction,fraction,all_primary_common_complete_success_within_stratum,9,0,,,,,
supplementary,APF_fixed,template_group,supplement-g000,u_component_clip_fraction,fraction,all_primary_common_complete_success_within_stratum,9,9,0.0,0.0,0.0,0.0,0.0
supplementary,APF_fixed,template_group,supplement-g000,u_decisions_with_clip_fraction,fraction,all_primary_common_complete_success_within_stratum,9,9,0.0,0.0,0.0,0.0,0.0
supplementary,APF_fixed,template_group,supplement-g000,mean_u_abs_rad_s,rad/s,all_primary_common_complete_success_within_stratum,9,9,0.0,0.0,0.0,0.0,0.0
supplementary,APF_fixed,template_group,supplement-g000,provider_mean_s,s/48Hz decision,all_primary_common_complete_success_within_stratum,9,9,2.7369099892961526e-05,2.741928134734432e-05,2.767619195462127e-05,2.691001554921968e-05,2.7791488719230983e-05
supplementary,APF_fixed,template_group,supplement-g000,core_mean_s,s/240Hz step,all_primary_common_complete_success_within_stratum,9,9,0.0005168724481235485,0.0005176712391706436,0.0005203230166080175,0.0005110006665442294,0.0005206991419375602
supplementary,APF_fixed,template_group,supplement-g000,outer_mean_s,s/240Hz step including decision when due,all_primary_common_complete_success_within_stratum,9,9,0.0005445349916886631,0.0005452442570155351,0.0005481186939444645,0.0005382300993308794,0.0005483748586205668
supplementary,APF_fixed,template_group,supplement-g001,max_error_m,m,all_primary_common_complete_success_within_stratum,0,0,,,,,
supplementary,APF_fixed,template_group,supplement-g001,rmse_m,m,all_primary_common_complete_success_within_stratum,0,0,,,,,
supplementary,APF_fixed,template_group,supplement-g001,endpoint_error_m,m,all_primary_common_complete_success_within_stratum,0,0,,,,,
supplementary,APF_fixed,template_group,supplement-g001,minimum_external_distance_m,m,all_primary_common_complete_success_within_stratum,0,0,,,,,
supplementary,APF_fixed,template_group,supplement-g001,minimum_self_distance_m,m,all_primary_common_complete_success_within_stratum,0,0,,,,,
supplementary,APF_fixed,template_group,supplement-g001,command_smoothness_rms_rad_s2,rad/s^2,all_primary_common_complete_success_within_stratum,0,0,,,,,
supplementary,APF_fixed,template_group,supplement-g001,max_actual_arm_velocity_rad_s,rad/s,all_primary_common_complete_success_within_stratum,0,0,,,,,
supplementary,APF_fixed,template_group,supplement-g001,speed_saturated_fraction,fraction,all_primary_common_complete_success_within_stratum,0,0,,,,,
supplementary,APF_fixed,template_group,supplement-g001,soft_limited_fraction,fraction,all_primary_common_complete_success_within_stratum,0,0,,,,,
supplementary,APF_fixed,template_group,supplement-g001,raw_policy_component_clip_fraction,fraction,all_primary_common_complete_success_within_stratum,0,0,,,,,
supplementary,APF_fixed,template_group,supplement-g001,raw_policy_decisions_with_clip_fraction,fraction,all_primary_common_complete_success_within_stratum,0,0,,,,,
supplementary,APF_fixed,template_group,supplement-g001,u_component_clip_fraction,fraction,all_primary_common_complete_success_within_stratum,0,0,,,,,
supplementary,APF_fixed,template_group,supplement-g001,u_decisions_with_clip_fraction,fraction,all_primary_common_complete_success_within_stratum,0,0,,,,,
supplementary,APF_fixed,template_group,supplement-g001,mean_u_abs_rad_s,rad/s,all_primary_common_complete_success_within_stratum,0,0,,,,,
supplementary,APF_fixed,template_group,supplement-g001,provider_mean_s,s/48Hz decision,all_primary_common_complete_success_within_stratum,0,0,,,,,
supplementary,APF_fixed,template_group,supplement-g001,core_mean_s,s/240Hz step,all_primary_common_complete_success_within_stratum,0,0,,,,,
supplementary,APF_fixed,template_group,supplement-g001,outer_mean_s,s/240Hz step including decision when due,all_primary_common_complete_success_within_stratum,0,0,,,,,
supplementary,APF_fixed,template_group,supplement-g002,max_error_m,m,all_primary_common_complete_success_within_stratum,0,0,,,,,
supplementary,APF_fixed,template_group,supplement-g002,rmse_m,m,all_primary_common_complete_success_within_stratum,0,0,,,,,
supplementary,APF_fixed,template_group,supplement-g002,endpoint_error_m,m,all_primary_common_complete_success_within_stratum,0,0,,,,,
supplementary,APF_fixed,template_group,supplement-g002,minimum_external_distance_m,m,all_primary_common_complete_success_within_stratum,0,0,,,,,
supplementary,APF_fixed,template_group,supplement-g002,minimum_self_distance_m,m,all_primary_common_complete_success_within_stratum,0,0,,,,,
supplementary,APF_fixed,template_group,supplement-g002,command_smoothness_rms_rad_s2,rad/s^2,all_primary_common_complete_success_within_stratum,0,0,,,,,
supplementary,APF_fixed,template_group,supplement-g002,max_actual_arm_velocity_rad_s,rad/s,all_primary_common_complete_success_within_stratum,0,0,,,,,
supplementary,APF_fixed,template_group,supplement-g002,speed_saturated_fraction,fraction,all_primary_common_complete_success_within_stratum,0,0,,,,,
supplementary,APF_fixed,template_group,supplement-g002,soft_limited_fraction,fraction,all_primary_common_complete_success_within_stratum,0,0,,,,,
supplementary,APF_fixed,template_group,supplement-g002,raw_policy_component_clip_fraction,fraction,all_primary_common_complete_success_within_stratum,0,0,,,,,
supplementary,APF_fixed,template_group,supplement-g002,raw_policy_decisions_with_clip_fraction,fraction,all_primary_common_complete_success_within_stratum,0,0,,,,,
supplementary,APF_fixed,template_group,supplement-g002,u_component_clip_fraction,fraction,all_primary_common_complete_success_within_stratum,0,0,,,,,
supplementary,APF_fixed,template_group,supplement-g002,u_decisions_with_clip_fraction,fraction,all_primary_common_complete_success_within_stratum,0,0,,,,,
supplementary,APF_fixed,template_group,supplement-g002,mean_u_abs_rad_s,rad/s,all_primary_common_complete_success_within_stratum,0,0,,,,,
supplementary,APF_fixed,template_group,supplement-g002,provider_mean_s,s/48Hz decision,all_primary_common_complete_success_within_stratum,0,0,,,,,
supplementary,APF_fixed,template_group,supplement-g002,core_mean_s,s/240Hz step,all_primary_common_complete_success_within_stratum,0,0,,,,,
supplementary,APF_fixed,template_group,supplement-g002,outer_mean_s,s/240Hz step including decision when due,all_primary_common_complete_success_within_stratum,0,0,,,,,
supplementary,APF_fixed,template_group,supplement-g003,max_error_m,m,all_primary_common_complete_success_within_stratum,7,7,6.622382135946989e-05,6.330055612983211e-05,7.750030596422539e-05,5.807833076807676e-05,8.080662438377587e-05
supplementary,APF_fixed,template_group,supplement-g003,rmse_m,m,all_primary_common_complete_success_within_stratum,7,7,4.792535153138043e-05,4.6821302035504115e-05,5.3314587664586005e-05,4.036495697436548e-05,5.3799485935619276e-05
supplementary,APF_fixed,template_group,supplement-g003,endpoint_error_m,m,all_primary_common_complete_success_within_stratum,7,7,3.358221391728626e-05,3.129168173301732e-05,3.9698490328782315e-05,2.714156177704127e-05,3.9954783977883186e-05
supplementary,APF_fixed,template_group,supplement-g003,minimum_external_distance_m,m,all_primary_common_complete_success_within_stratum,7,7,0.022067353403512586,0.02223653847877058,0.03912444793567464,0.002116557785720591,0.04508392004120823
supplementary,APF_fixed,template_group,supplement-g003,minimum_self_distance_m,m,all_primary_common_complete_success_within_stratum,7,7,0.019720239359714287,0.019670732544654027,0.019962234088662136,0.019608769215557827,0.020040477657196507
supplementary,APF_fixed,template_group,supplement-g003,command_smoothness_rms_rad_s2,rad/s^2,all_primary_common_complete_success_within_stratum,7,7,0.30442739026801047,0.29931942703276854,0.4242536628482515,0.18168674006070767,0.470597559761031
supplementary,APF_fixed,template_group,supplement-g003,max_actual_arm_velocity_rad_s,rad/s,all_primary_common_complete_success_within_stratum,7,7,0.1930321925093532,0.20631178974512743,0.20712483095360482,0.1412613884877634,0.20727608845119969
supplementary,APF_fixed,template_group,supplement-g003,speed_saturated_fraction,fraction,all_primary_common_complete_success_within_stratum,7,7,0.0,0.0,0.0,0.0,0.0
supplementary,APF_fixed,template_group,supplement-g003,soft_limited_fraction,fraction,all_primary_common_complete_success_within_stratum,7,7,0.0,0.0,0.0,0.0,0.0
supplementary,APF_fixed,template_group,supplement-g003,raw_policy_component_clip_fraction,fraction,all_primary_common_complete_success_within_stratum,7,0,,,,,
supplementary,APF_fixed,template_group,supplement-g003,raw_policy_decisions_with_clip_fraction,fraction,all_primary_common_complete_success_within_stratum,7,0,,,,,
supplementary,APF_fixed,template_group,supplement-g003,u_component_clip_fraction,fraction,all_primary_common_complete_success_within_stratum,7,7,0.0467687074829932,0.04538690476190476,0.07507440476190474,0.020089285714285712,0.08333333333333333
supplementary,APF_fixed,template_group,supplement-g003,u_decisions_with_clip_fraction,fraction,all_primary_common_complete_success_within_stratum,7,7,0.18154761904761907,0.16145833333333334,0.26718749999999997,0.109375,0.28125
supplementary,APF_fixed,template_group,supplement-g003,mean_u_abs_rad_s,rad/s,all_primary_common_complete_success_within_stratum,7,7,0.025356150284641332,0.024309918523048032,0.03198204811847823,0.02100431590988559,0.03427861766086642
supplementary,APF_fixed,template_group,supplement-g003,provider_mean_s,s/48Hz decision,all_primary_common_complete_success_within_stratum,7,7,0.0001280719679059638,0.00013012804629397579,0.00013890980302069995,0.00011172072754561668,0.00014117397980347354
supplementary,APF_fixed,template_group,supplement-g003,core_mean_s,s/240Hz step,all_primary_common_complete_success_within_stratum,7,7,0.0005603186975349673,0.0005609252875425834,0.0005642454510082947,0.0005547479377128184,0.000565359395507888
supplementary,APF_fixed,template_group,supplement-g003,outer_mean_s,s/240Hz step including decision when due,all_primary_common_complete_success_within_stratum,7,7,0.0006949788970554696,0.0006975853568898553,0.0007136637086841801,0.0006682538676310893,0.0007151377924856206
supplementary,APF_fixed,template_group,supplement-g005,max_error_m,m,all_primary_common_complete_success_within_stratum,8,8,5.353268642239664e-05,5.433343768572156e-05,6.008665152280151e-05,4.3824200206379076e-05,6.013092601556279e-05
supplementary,APF_fixed,template_group,supplement-g005,rmse_m,m,all_primary_common_complete_success_within_stratum,8,8,3.904544342572381e-05,3.904463210154828e-05,4.297227769749418e-05,3.539189846622128e-05,4.302671545104495e-05
supplementary,APF_fixed,template_group,supplement-g005,endpoint_error_m,m,all_primary_common_complete_success_within_stratum,8,8,2.9861451884475494e-05,2.9607337286936844e-05,3.5736657206310184e-05,2.47141850364066e-05,3.6226597423779455e-05
supplementary,APF_fixed,template_group,supplement-g005,minimum_external_distance_m,m,all_primary_common_complete_success_within_stratum,8,0,,,,,
supplementary,APF_fixed,template_group,supplement-g005,minimum_self_distance_m,m,all_primary_common_complete_success_within_stratum,8,8,0.020080910264539637,0.020114608834414186,0.02015193863293374,0.019882865477028236,0.020152242821690536
supplementary,APF_fixed,template_group,supplement-g005,command_smoothness_rms_rad_s2,rad/s^2,all_primary_common_complete_success_within_stratum,8,8,0.028759619039530546,0.02772291651452698,0.037632196279310214,0.015940417744213863,0.03815367846278111
supplementary,APF_fixed,template_group,supplement-g005,max_actual_arm_velocity_rad_s,rad/s,all_primary_common_complete_success_within_stratum,8,8,0.0359222072296472,0.0355343869961942,0.04713915634146992,0.01971529890454815,0.04778016809049865
supplementary,APF_fixed,template_group,supplement-g005,speed_saturated_fraction,fraction,all_primary_common_complete_success_within_stratum,8,8,0.0,0.0,0.0,0.0,0.0
supplementary,APF_fixed,template_group,supplement-g005,soft_limited_fraction,fraction,all_primary_common_complete_success_within_stratum,8,8,0.0,0.0,0.0,0.0,0.0
supplementary,APF_fixed,template_group,supplement-g005,raw_policy_component_clip_fraction,fraction,all_primary_common_complete_success_within_stratum,8,0,,,,,
supplementary,APF_fixed,template_group,supplement-g005,raw_policy_decisions_with_clip_fraction,fraction,all_primary_common_complete_success_within_stratum,8,0,,,,,
supplementary,APF_fixed,template_group,supplement-g005,u_component_clip_fraction,fraction,all_primary_common_complete_success_within_stratum,8,8,0.0,0.0,0.0,0.0,0.0
supplementary,APF_fixed,template_group,supplement-g005,u_decisions_with_clip_fraction,fraction,all_primary_common_complete_success_within_stratum,8,8,0.0,0.0,0.0,0.0,0.0
supplementary,APF_fixed,template_group,supplement-g005,mean_u_abs_rad_s,rad/s,all_primary_common_complete_success_within_stratum,8,8,0.0,0.0,0.0,0.0,0.0
supplementary,APF_fixed,template_group,supplement-g005,provider_mean_s,s/48Hz decision,all_primary_common_complete_success_within_stratum,8,8,2.758976313543826e-05,2.7543700601502984e-05,2.8040624776319116e-05,2.7348505379147053e-05,2.824878599009632e-05
supplementary,APF_fixed,template_group,supplement-g005,core_mean_s,s/240Hz step,all_primary_common_complete_success_within_stratum,8,8,0.0005239274981666616,0.000522461415342453,0.0005310546867319014,0.0005165287663051761,0.0005311949402918496
supplementary,APF_fixed,template_group,supplement-g005,outer_mean_s,s/240Hz step including decision when due,all_primary_common_complete_success_within_stratum,8,8,0.0005517210670025937,0.0005502550010533014,0.0005590244165356732,0.0005441119841028316,0.0005591347237289786
supplementary,APF_fixed,template_group,supplement-g006,max_error_m,m,all_primary_common_complete_success_within_stratum,7,7,6.756902846319154e-05,7.053210326082098e-05,8.777735152678435e-05,5.225286884349356e-05,9.196507045846941e-05
supplementary,APF_fixed,template_group,supplement-g006,rmse_m,m,all_primary_common_complete_success_within_stratum,7,7,5.298385551817673e-05,5.598754503864426e-05,7.251339676949339e-05,3.6408700314385734e-05,7.674313654720478e-05
supplementary,APF_fixed,template_group,supplement-g006,endpoint_error_m,m,all_primary_common_complete_success_within_stratum,7,7,4.4523010077041287e-05,4.512435658485157e-05,5.595944354930413e-05,3.191698188709863e-05,5.712472252864945e-05
supplementary,APF_fixed,template_group,supplement-g006,minimum_external_distance_m,m,all_primary_common_complete_success_within_stratum,7,7,0.025907474561308604,0.02072865491848172,0.04158684970351456,0.013856875066322674,0.041851902887720935
supplementary,APF_fixed,template_group,supplement-g006,minimum_self_distance_m,m,all_primary_common_complete_success_within_stratum,7,7,0.019772204517881285,0.01960913690626085,0.020070260747971823,0.019608535096007837,0.020119376442785934
supplementary,APF_fixed,template_group,supplement-g006,command_smoothness_rms_rad_s2,rad/s^2,all_primary_common_complete_success_within_stratum,7,7,0.20516245771998573,0.22217100884256633,0.24937564764007464,0.14999832063996418,0.2526997260168815
supplementary,APF_fixed,template_group,supplement-g006,max_actual_arm_velocity_rad_s,rad/s,all_primary_common_complete_success_within_stratum,7,7,0.16628210697290674,0.15550456377615604,0.19966469182512284,0.14031617718477324,0.20593343856683635
supplementary,APF_fixed,template_group,supplement-g006,speed_saturated_fraction,fraction,all_primary_common_complete_success_within_stratum,7,7,0.0,0.0,0.0,0.0,0.0
supplementary,APF_fixed,template_group,supplement-g006,soft_limited_fraction,fraction,all_primary_common_complete_success_within_stratum,7,7,0.0,0.0,0.0,0.0,0.0
supplementary,APF_fixed,template_group,supplement-g006,raw_policy_component_clip_fraction,fraction,all_primary_common_complete_success_within_stratum,7,0,,,,,
supplementary,APF_fixed,template_group,supplement-g006,raw_policy_decisions_with_clip_fraction,fraction,all_primary_common_complete_success_within_stratum,7,0,,,,,
supplementary,APF_fixed,template_group,supplement-g006,u_component_clip_fraction,fraction,all_primary_common_complete_success_within_stratum,7,7,0.06186224489795916,0.0706845238095238,0.1110119047619047,0.009672619047619046,0.12351190476190473
supplementary,APF_fixed,template_group,supplement-g006,u_decisions_with_clip_fraction,fraction,all_primary_common_complete_success_within_stratum,7,7,0.24404761904761907,0.28125,0.4057291666666666,0.046875,0.4479166666666667
supplementary,APF_fixed,template_group,supplement-g006,mean_u_abs_rad_s,rad/s,all_primary_common_complete_success_within_stratum,7,7,0.03311559630390549,0.035130169630105984,0.04159926646580857,0.02046837851904598,0.04266737396006288
supplementary,APF_fixed,template_group,supplement-g006,provider_mean_s,s/48Hz decision,all_primary_common_complete_success_within_stratum,7,7,0.00017855525252993436,0.00014715235859815343,0.00023944221425153955,0.0001446645709014168,0.00024291342833748786
supplementary,APF_fixed,template_group,supplement-g006,core_mean_s,s/240Hz step,all_primary_common_complete_success_within_stratum,7,7,0.0005772465486318521,0.0005766519028535792,0.0005877633437406378,0.0005674238049929651,0.0005919596910037701
supplementary,APF_fixed,template_group,supplement-g006,outer_mean_s,s/240Hz step including decision when due,all_primary_common_complete_success_within_stratum,7,7,0.0007310856051455111,0.0007335709151144935,0.0007508983125687033,0.0006959913722918524,0.0007549760414500876
supplementary,APF_fixed,template_group,supplement-g007,max_error_m,m,all_primary_common_complete_success_within_stratum,2,2,7.439185897946754e-05,7.439185897946754e-05,7.76648293875446e-05,7.075522519271523e-05,7.802849276621983e-05
supplementary,APF_fixed,template_group,supplement-g007,rmse_m,m,all_primary_common_complete_success_within_stratum,2,2,5.9035032672813775e-05,5.9035032672813775e-05,6.70121136682591e-05,5.0171609344541185e-05,6.789845600108637e-05
supplementary,APF_fixed,template_group,supplement-g007,endpoint_error_m,m,all_primary_common_complete_success_within_stratum,2,2,5.456851516841804e-05,5.456851516841804e-05,7.076461693254158e-05,3.657284654161409e-05,7.256418379522198e-05
supplementary,APF_fixed,template_group,supplement-g007,minimum_external_distance_m,m,all_primary_common_complete_success_within_stratum,2,2,0.0057762109696698205,0.0057762109696698205,0.008246185691846118,0.0030317946116961564,0.008520627327643485
supplementary,APF_fixed,template_group,supplement-g007,minimum_self_distance_m,m,all_primary_common_complete_success_within_stratum,2,2,0.01988512591286935,0.01988512591286935,0.020080613039471812,0.01966791799442217,0.02010233383131653
supplementary,APF_fixed,template_group,supplement-g007,command_smoothness_rms_rad_s2,rad/s^2,all_primary_common_complete_success_within_stratum,2,2,0.1861621859603602,0.1861621859603602,0.25046327832136983,0.11471652778146059,0.2576078441392598
supplementary,APF_fixed,template_group,supplement-g007,max_actual_arm_velocity_rad_s,rad/s,all_primary_common_complete_success_within_stratum,2,2,0.13989344451744476,0.13989344451744476,0.1962102314631308,0.07731923680001582,0.2024676522348737
supplementary,APF_fixed,template_group,supplement-g007,speed_saturated_fraction,fraction,all_primary_common_complete_success_within_stratum,2,2,0.0,0.0,0.0,0.0,0.0
supplementary,APF_fixed,template_group,supplement-g007,soft_limited_fraction,fraction,all_primary_common_complete_success_within_stratum,2,2,0.0,0.0,0.0,0.0,0.0
supplementary,APF_fixed,template_group,supplement-g007,raw_policy_component_clip_fraction,fraction,all_primary_common_complete_success_within_stratum,2,0,,,,,
supplementary,APF_fixed,template_group,supplement-g007,raw_policy_decisions_with_clip_fraction,fraction,all_primary_common_complete_success_within_stratum,2,0,,,,,
supplementary,APF_fixed,template_group,supplement-g007,u_component_clip_fraction,fraction,all_primary_common_complete_success_within_stratum,2,2,0.23028273809523805,0.23028273809523805,0.3578497023809523,0.08854166666666664,0.3720238095238095
supplementary,APF_fixed,template_group,supplement-g007,u_decisions_with_clip_fraction,fraction,all_primary_common_complete_success_within_stratum,2,2,0.6614583333333334,0.6614583333333334,0.9661458333333333,0.3229166666666667,1.0
supplementary,APF_fixed,template_group,supplement-g007,mean_u_abs_rad_s,rad/s,all_primary_common_complete_success_within_stratum,2,2,0.07132886355253547,0.07132886355253547,0.10513270143449363,0.03376904368369306,0.10888868342137788
supplementary,APF_fixed,template_group,supplement-g007,provider_mean_s,s/48Hz decision,all_primary_common_complete_success_within_stratum,2,2,0.00017386937778004113,0.00017386937778004113,0.00019242300250728778,0.00015325423919421155,0.00019448451636587075
supplementary,APF_fixed,template_group,supplement-g007,core_mean_s,s/240Hz step,all_primary_common_complete_success_within_stratum,2,2,0.0005843753525217229,0.0005843753525217229,0.0005897940220787254,0.000578354608569498,0.0005903960964739478
supplementary,APF_fixed,template_group,supplement-g007,outer_mean_s,s/240Hz step including decision when due,all_primary_common_complete_success_within_stratum,2,2,0.0007467300350223619,0.0007467300350223619,0.0007493724027532759,0.000743794070876902,0.0007496659991678219
supplementary,APF_fixed,template_group,supplement-g008,max_error_m,m,all_primary_common_complete_success_within_stratum,1,1,8.968347569853316e-05,8.968347569853316e-05,8.968347569853316e-05,8.968347569853316e-05,8.968347569853316e-05
supplementary,APF_fixed,template_group,supplement-g008,rmse_m,m,all_primary_common_complete_success_within_stratum,1,1,7.288376284987345e-05,7.288376284987345e-05,7.288376284987345e-05,7.288376284987345e-05,7.288376284987345e-05
supplementary,APF_fixed,template_group,supplement-g008,endpoint_error_m,m,all_primary_common_complete_success_within_stratum,1,1,4.358866780069157e-05,4.358866780069157e-05,4.358866780069157e-05,4.358866780069157e-05,4.358866780069157e-05
supplementary,APF_fixed,template_group,supplement-g008,minimum_external_distance_m,m,all_primary_common_complete_success_within_stratum,1,1,0.01478208484617903,0.01478208484617903,0.01478208484617903,0.01478208484617903,0.01478208484617903
supplementary,APF_fixed,template_group,supplement-g008,minimum_self_distance_m,m,all_primary_common_complete_success_within_stratum,1,1,0.019608445868643735,0.019608445868643735,0.019608445868643735,0.019608445868643735,0.019608445868643735
supplementary,APF_fixed,template_group,supplement-g008,command_smoothness_rms_rad_s2,rad/s^2,all_primary_common_complete_success_within_stratum,1,1,0.1473609872533787,0.1473609872533787,0.1473609872533787,0.1473609872533787,0.1473609872533787
supplementary,APF_fixed,template_group,supplement-g008,max_actual_arm_velocity_rad_s,rad/s,all_primary_common_complete_success_within_stratum,1,1,0.14034063775290917,0.14034063775290917,0.14034063775290917,0.14034063775290917,0.14034063775290917
supplementary,APF_fixed,template_group,supplement-g008,speed_saturated_fraction,fraction,all_primary_common_complete_success_within_stratum,1,1,0.0,0.0,0.0,0.0,0.0
supplementary,APF_fixed,template_group,supplement-g008,soft_limited_fraction,fraction,all_primary_common_complete_success_within_stratum,1,1,0.0,0.0,0.0,0.0,0.0
supplementary,APF_fixed,template_group,supplement-g008,raw_policy_component_clip_fraction,fraction,all_primary_common_complete_success_within_stratum,1,0,,,,,
supplementary,APF_fixed,template_group,supplement-g008,raw_policy_decisions_with_clip_fraction,fraction,all_primary_common_complete_success_within_stratum,1,0,,,,,
supplementary,APF_fixed,template_group,supplement-g008,u_component_clip_fraction,fraction,all_primary_common_complete_success_within_stratum,1,1,0.1495535714285714,0.1495535714285714,0.1495535714285714,0.1495535714285714,0.1495535714285714
supplementary,APF_fixed,template_group,supplement-g008,u_decisions_with_clip_fraction,fraction,all_primary_common_complete_success_within_stratum,1,1,0.4270833333333333,0.4270833333333333,0.4270833333333333,0.4270833333333333,0.4270833333333333
supplementary,APF_fixed,template_group,supplement-g008,mean_u_abs_rad_s,rad/s,all_primary_common_complete_success_within_stratum,1,1,0.06816350005002289,0.06816350005002289,0.06816350005002289,0.06816350005002289,0.06816350005002289
supplementary,APF_fixed,template_group,supplement-g008,provider_mean_s,s/48Hz decision,all_primary_common_complete_success_within_stratum,1,1,0.0002481818535973919,0.0002481818535973919,0.0002481818535973919,0.0002481818535973919,0.0002481818535973919
supplementary,APF_fixed,template_group,supplement-g008,core_mean_s,s/240Hz step,all_primary_common_complete_success_within_stratum,1,1,0.0005820308433006478,0.0005820308433006478,0.0005820308433006478,0.0005820308433006478,0.0005820308433006478
supplementary,APF_fixed,template_group,supplement-g008,outer_mean_s,s/240Hz step including decision when due,all_primary_common_complete_success_within_stratum,1,1,0.0007681107807911758,0.0007681107807911758,0.0007681107807911758,0.0007681107807911758,0.0007681107807911758
supplementary,APF_fixed,template_group,supplement-g009,max_error_m,m,all_primary_common_complete_success_within_stratum,1,1,6.482760538417994e-05,6.482760538417994e-05,6.482760538417994e-05,6.482760538417994e-05,6.482760538417994e-05
supplementary,APF_fixed,template_group,supplement-g009,rmse_m,m,all_primary_common_complete_success_within_stratum,1,1,4.8297860172233776e-05,4.8297860172233776e-05,4.8297860172233776e-05,4.8297860172233776e-05,4.8297860172233776e-05
supplementary,APF_fixed,template_group,supplement-g009,endpoint_error_m,m,all_primary_common_complete_success_within_stratum,1,1,4.0011205724025055e-05,4.0011205724025055e-05,4.0011205724025055e-05,4.0011205724025055e-05,4.0011205724025055e-05
supplementary,APF_fixed,template_group,supplement-g009,minimum_external_distance_m,m,all_primary_common_complete_success_within_stratum,1,1,0.006731509073690398,0.006731509073690398,0.006731509073690398,0.006731509073690398,0.006731509073690398
supplementary,APF_fixed,template_group,supplement-g009,minimum_self_distance_m,m,all_primary_common_complete_success_within_stratum,1,1,0.01991121780416609,0.01991121780416609,0.01991121780416609,0.01991121780416609,0.01991121780416609
supplementary,APF_fixed,template_group,supplement-g009,command_smoothness_rms_rad_s2,rad/s^2,all_primary_common_complete_success_within_stratum,1,1,0.1445216097717934,0.1445216097717934,0.1445216097717934,0.1445216097717934,0.1445216097717934
supplementary,APF_fixed,template_group,supplement-g009,max_actual_arm_velocity_rad_s,rad/s,all_primary_common_complete_success_within_stratum,1,1,0.09612136893255159,0.09612136893255159,0.09612136893255159,0.09612136893255159,0.09612136893255159
supplementary,APF_fixed,template_group,supplement-g009,speed_saturated_fraction,fraction,all_primary_common_complete_success_within_stratum,1,1,0.0,0.0,0.0,0.0,0.0
supplementary,APF_fixed,template_group,supplement-g009,soft_limited_fraction,fraction,all_primary_common_complete_success_within_stratum,1,1,0.0,0.0,0.0,0.0,0.0
supplementary,APF_fixed,template_group,supplement-g009,raw_policy_component_clip_fraction,fraction,all_primary_common_complete_success_within_stratum,1,0,,,,,
supplementary,APF_fixed,template_group,supplement-g009,raw_policy_decisions_with_clip_fraction,fraction,all_primary_common_complete_success_within_stratum,1,0,,,,,
supplementary,APF_fixed,template_group,supplement-g009,u_component_clip_fraction,fraction,all_primary_common_complete_success_within_stratum,1,1,0.11235119047619042,0.11235119047619042,0.11235119047619042,0.11235119047619042,0.11235119047619042
supplementary,APF_fixed,template_group,supplement-g009,u_decisions_with_clip_fraction,fraction,all_primary_common_complete_success_within_stratum,1,1,0.4739583333333333,0.4739583333333333,0.4739583333333333,0.4739583333333333,0.4739583333333333
supplementary,APF_fixed,template_group,supplement-g009,mean_u_abs_rad_s,rad/s,all_primary_common_complete_success_within_stratum,1,1,0.04415110422965757,0.04415110422965757,0.04415110422965757,0.04415110422965757,0.04415110422965757
supplementary,APF_fixed,template_group,supplement-g009,provider_mean_s,s/48Hz decision,all_primary_common_complete_success_within_stratum,1,1,0.0001709620426784871,0.0001709620426784871,0.0001709620426784871,0.0001709620426784871,0.0001709620426784871
supplementary,APF_fixed,template_group,supplement-g009,core_mean_s,s/240Hz step,all_primary_common_complete_success_within_stratum,1,1,0.0005729219216542939,0.0005729219216542939,0.0005729219216542939,0.0005729219216542939,0.0005729219216542939
supplementary,APF_fixed,template_group,supplement-g009,outer_mean_s,s/240Hz step including decision when due,all_primary_common_complete_success_within_stratum,1,1,0.0007401166729323449,0.0007401166729323449,0.0007401166729323449,0.0007401166729323449,0.0007401166729323449
supplementary,APF_fixed,template_group,supplement-g010,max_error_m,m,all_primary_common_complete_success_within_stratum,8,8,4.19127423475715e-05,4.059221237854217e-05,5.02925275710428e-05,3.289312540681326e-05,5.0872728639750265e-05
supplementary,APF_fixed,template_group,supplement-g010,rmse_m,m,all_primary_common_complete_success_within_stratum,8,8,3.540338300971574e-05,3.5896094038248295e-05,3.7880872336079805e-05,3.049838747419108e-05,3.7896841187641554e-05
supplementary,APF_fixed,template_group,supplement-g010,endpoint_error_m,m,all_primary_common_complete_success_within_stratum,8,8,3.267204403215064e-05,3.2791474062684987e-05,3.846916822882087e-05,2.6644540805393578e-05,3.8823272858769085e-05
supplementary,APF_fixed,template_group,supplement-g010,minimum_external_distance_m,m,all_primary_common_complete_success_within_stratum,8,0,,,,,
supplementary,APF_fixed,template_group,supplement-g010,minimum_self_distance_m,m,all_primary_common_complete_success_within_stratum,8,8,0.020095950323302268,0.020103532992742337,0.02014817149640236,0.02002169053583879,0.020150562872721045
supplementary,APF_fixed,template_group,supplement-g010,command_smoothness_rms_rad_s2,rad/s^2,all_primary_common_complete_success_within_stratum,8,8,0.029520581560452952,0.028310057907893055,0.04032952769227624,0.01994551163895962,0.04201781293545489
supplementary,APF_fixed,template_group,supplement-g010,max_actual_arm_velocity_rad_s,rad/s,all_primary_common_complete_success_within_stratum,8,8,0.031275085047895716,0.029291778841979556,0.04499606707760527,0.021874906102194527,0.04865203018749497
supplementary,APF_fixed,template_group,supplement-g010,speed_saturated_fraction,fraction,all_primary_common_complete_success_within_stratum,8,8,0.0,0.0,0.0,0.0,0.0
supplementary,APF_fixed,template_group,supplement-g010,soft_limited_fraction,fraction,all_primary_common_complete_success_within_stratum,8,8,0.0,0.0,0.0,0.0,0.0
supplementary,APF_fixed,template_group,supplement-g010,raw_policy_component_clip_fraction,fraction,all_primary_common_complete_success_within_stratum,8,0,,,,,
supplementary,APF_fixed,template_group,supplement-g010,raw_policy_decisions_with_clip_fraction,fraction,all_primary_common_complete_success_within_stratum,8,0,,,,,
supplementary,APF_fixed,template_group,supplement-g010,u_component_clip_fraction,fraction,all_primary_common_complete_success_within_stratum,8,8,0.0,0.0,0.0,0.0,0.0
supplementary,APF_fixed,template_group,supplement-g010,u_decisions_with_clip_fraction,fraction,all_primary_common_complete_success_within_stratum,8,8,0.0,0.0,0.0,0.0,0.0
supplementary,APF_fixed,template_group,supplement-g010,mean_u_abs_rad_s,rad/s,all_primary_common_complete_success_within_stratum,8,8,0.0,0.0,0.0,0.0,0.0
supplementary,APF_fixed,template_group,supplement-g010,provider_mean_s,s/48Hz decision,all_primary_common_complete_success_within_stratum,8,8,2.771521371869312e-05,2.746390646279906e-05,2.8927298277873584e-05,2.7073113718264114e-05,2.9516045742639108e-05
supplementary,APF_fixed,template_group,supplement-g010,core_mean_s,s/240Hz step,all_primary_common_complete_success_within_stratum,8,8,0.000531706986540333,0.0005299371068152444,0.0005444478499839533,0.0005230622230252872,0.0005489068856453135
supplementary,APF_fixed,template_group,supplement-g010,outer_mean_s,s/240Hz step including decision when due,all_primary_common_complete_success_within_stratum,8,8,0.000559615527117785,0.0005578268261615449,0.0005730599965742537,0.0005506243178691268,0.0005778732177835385
supplementary,APF_fixed,template_group,supplement-g011,max_error_m,m,all_primary_common_complete_success_within_stratum,8,8,7.027165928588491e-05,7.274645091868067e-05,8.504434131831262e-05,4.987084535933419e-05,8.730979594394607e-05
supplementary,APF_fixed,template_group,supplement-g011,rmse_m,m,all_primary_common_complete_success_within_stratum,8,8,5.279519112100795e-05,5.280346632017952e-05,6.0932561260613796e-05,3.933213671861528e-05,6.212773695504229e-05
supplementary,APF_fixed,template_group,supplement-g011,endpoint_error_m,m,all_primary_common_complete_success_within_stratum,8,8,4.129925993333964e-05,3.9366676986700696e-05,5.0411820754996806e-05,3.566686599723148e-05,5.384320680023329e-05
supplementary,APF_fixed,template_group,supplement-g011,minimum_external_distance_m,m,all_primary_common_complete_success_within_stratum,8,8,0.03232951016217759,0.03530354709260909,0.04691148567033041,0.015877322733144517,0.04828584296708299
supplementary,APF_fixed,template_group,supplement-g011,minimum_self_distance_m,m,all_primary_common_complete_success_within_stratum,8,8,0.01986043426467599,0.019822566685339448,0.020141186519766825,0.019608374482345772,0.020149678412632883
supplementary,APF_fixed,template_group,supplement-g011,command_smoothness_rms_rad_s2,rad/s^2,all_primary_common_complete_success_within_stratum,8,8,0.1836491950676093,0.16780423735206598,0.3327210999488269,0.06806558901509047,0.35053509327711546
supplementary,APF_fixed,template_group,supplement-g011,max_actual_arm_velocity_rad_s,rad/s,all_primary_common_complete_success_within_stratum,8,8,0.12347606746742817,0.13819495201176996,0.1629372790696776,0.06482661828407515,0.16542982004515364
supplementary,APF_fixed,template_group,supplement-g011,speed_saturated_fraction,fraction,all_primary_common_complete_success_within_stratum,8,8,0.0,0.0,0.0,0.0,0.0
supplementary,APF_fixed,template_group,supplement-g011,soft_limited_fraction,fraction,all_primary_common_complete_success_within_stratum,8,8,0.0,0.0,0.0,0.0,0.0
supplementary,APF_fixed,template_group,supplement-g011,raw_policy_component_clip_fraction,fraction,all_primary_common_complete_success_within_stratum,8,0,,,,,
supplementary,APF_fixed,template_group,supplement-g011,raw_policy_decisions_with_clip_fraction,fraction,all_primary_common_complete_success_within_stratum,8,0,,,,,
supplementary,APF_fixed,template_group,supplement-g011,u_component_clip_fraction,fraction,all_primary_common_complete_success_within_stratum,8,8,0.04771205357142856,0.051339285714285705,0.09534970238095236,0.0,0.0982142857142857
supplementary,APF_fixed,template_group,supplement-g011,u_decisions_with_clip_fraction,fraction,all_primary_common_complete_success_within_stratum,8,8,0.220703125,0.24479166666666669,0.48802083333333324,0.0,0.5572916666666666
supplementary,APF_fixed,template_group,supplement-g011,mean_u_abs_rad_s,rad/s,all_primary_common_complete_success_within_stratum,8,8,0.03778427190120531,0.03801989879098015,0.05095124962021508,0.02318292653327349,0.05128045635183146
supplementary,APF_fixed,template_group,supplement-g011,provider_mean_s,s/48Hz decision,all_primary_common_complete_success_within_stratum,8,8,0.00013552179687318738,0.00013265911911730655,0.00015880950526631445,0.00011516864697114215,0.0001645613428991055
supplementary,APF_fixed,template_group,supplement-g011,core_mean_s,s/240Hz step,all_primary_common_complete_success_within_stratum,8,8,0.0005623629097461465,0.0005597800383839058,0.0005732641157571077,0.0005543348259076689,0.0005758407901945854
supplementary,APF_fixed,template_group,supplement-g011,outer_mean_s,s/240Hz step including decision when due,all_primary_common_complete_success_within_stratum,8,8,0.0006709214991095299,0.0006698053621676081,0.0006865291972902317,0.0006479400825204115,0.0006868403117853935
supplementary,APF_fixed,template_group,supplement-g013,max_error_m,m,all_primary_common_complete_success_within_stratum,6,6,7.747881050698502e-05,8.455678978657716e-05,9.341777759799275e-05,5.453107895260394e-05,9.534474701358853e-05
supplementary,APF_fixed,template_group,supplement-g013,rmse_m,m,all_primary_common_complete_success_within_stratum,6,6,6.333652766998678e-05,6.822124704443184e-05,7.55123261595552e-05,4.32550058124039e-05,7.6017803023161e-05
supplementary,APF_fixed,template_group,supplement-g013,endpoint_error_m,m,all_primary_common_complete_success_within_stratum,6,6,4.4918404405710816e-05,4.419371819659059e-05,5.620849859813164e-05,3.5654618157634205e-05,5.827786180479914e-05
supplementary,APF_fixed,template_group,supplement-g013,minimum_external_distance_m,m,all_primary_common_complete_success_within_stratum,6,6,0.026565715957652555,0.03020492311917134,0.04548663613110979,0.0056866949652533555,0.04778448348395392
supplementary,APF_fixed,template_group,supplement-g013,minimum_self_distance_m,m,all_primary_common_complete_success_within_stratum,6,6,0.019765890326127772,0.01967829010049465,0.020014813331632735,0.019608374632926043,0.020018630678704123
supplementary,APF_fixed,template_group,supplement-g013,command_smoothness_rms_rad_s2,rad/s^2,all_primary_common_complete_success_within_stratum,6,6,0.1575796211721391,0.16417650675280557,0.1915591837542127,0.094277124469516,0.19345825361663488
supplementary,APF_fixed,template_group,supplement-g013,max_actual_arm_velocity_rad_s,rad/s,all_primary_common_complete_success_within_stratum,6,6,0.13371623660410425,0.13971925456769546,0.1545280089536451,0.1083104656679332,0.1586162749904419
supplementary,APF_fixed,template_group,supplement-g013,speed_saturated_fraction,fraction,all_primary_common_complete_success_within_stratum,6,6,0.0,0.0,0.0,0.0,0.0
supplementary,APF_fixed,template_group,supplement-g013,soft_limited_fraction,fraction,all_primary_common_complete_success_within_stratum,6,6,0.0,0.0,0.0,0.0,0.0
supplementary,APF_fixed,template_group,supplement-g013,raw_policy_component_clip_fraction,fraction,all_primary_common_complete_success_within_stratum,6,0,,,,,
supplementary,APF_fixed,template_group,supplement-g013,raw_policy_decisions_with_clip_fraction,fraction,all_primary_common_complete_success_within_stratum,6,0,,,,,
supplementary,APF_fixed,template_group,supplement-g013,u_component_clip_fraction,fraction,all_primary_common_complete_success_within_stratum,6,6,0.1087549603174603,0.06324404761904762,0.24776785714285712,0.015625,0.25595238095238093
supplementary,APF_fixed,template_group,supplement-g013,u_decisions_with_clip_fraction,fraction,all_primary_common_complete_success_within_stratum,6,6,0.421875,0.2734375,0.86328125,0.109375,0.8645833333333334
supplementary,APF_fixed,template_group,supplement-g013,mean_u_abs_rad_s,rad/s,all_primary_common_complete_success_within_stratum,6,6,0.04615770163813232,0.03622236796297023,0.07777654280979851,0.024434878252027514,0.07887059325104902
supplementary,APF_fixed,template_group,supplement-g013,provider_mean_s,s/48Hz decision,all_primary_common_complete_success_within_stratum,6,6,0.0001602419045714972,0.0001548483615655035,0.00018660264424852357,0.00014339460373472926,0.000191208542825431
supplementary,APF_fixed,template_group,supplement-g013,core_mean_s,s/240Hz step,all_primary_common_complete_success_within_stratum,6,6,0.0005674713713789162,0.0005622434393596147,0.0005843332965165852,0.0005554977938421264,0.0005861268354237836
supplementary,APF_fixed,template_group,supplement-g013,outer_mean_s,s/240Hz step including decision when due,all_primary_common_complete_success_within_stratum,6,6,0.0006843937382200238,0.0006813270583734266,0.0007119144380415795,0.0006607298943284453,0.0007182163217294146
supplementary,APF_fixed,template_group,supplement-g015,max_error_m,m,all_primary_common_complete_success_within_stratum,8,8,4.503725548830225e-05,4.6035638567672375e-05,5.5440557374897455e-05,3.0564586213060395e-05,5.736009779739511e-05
supplementary,APF_fixed,template_group,supplement-g015,rmse_m,m,all_primary_common_complete_success_within_stratum,8,8,3.82046831001257e-05,4.048418888115147e-05,4.2005959888370146e-05,2.8336592034906272e-05,4.235666533320849e-05
supplementary,APF_fixed,template_group,supplement-g015,endpoint_error_m,m,all_primary_common_complete_success_within_stratum,8,8,3.5104170103770406e-05,3.556118962473023e-05,4.239721794843685e-05,2.6699783726529566e-05,4.2654358263554404e-05
supplementary,APF_fixed,template_group,supplement-g015,minimum_external_distance_m,m,all_primary_common_complete_success_within_stratum,8,0,,,,,
supplementary,APF_fixed,template_group,supplement-g015,minimum_self_distance_m,m,all_primary_common_complete_success_within_stratum,8,8,0.020013002557913873,0.020037865775885417,0.020144751537625388,0.019804318121781787,0.020154933643945418
supplementary,APF_fixed,template_group,supplement-g015,command_smoothness_rms_rad_s2,rad/s^2,all_primary_common_complete_success_within_stratum,8,8,0.035348698531276056,0.037070401550769586,0.04563281349600258,0.019330670331672073,0.047044493126473234
supplementary,APF_fixed,template_group,supplement-g015,max_actual_arm_velocity_rad_s,rad/s,all_primary_common_complete_success_within_stratum,8,8,0.03584538194578216,0.03564505274279025,0.04975174953096929,0.019691601245845926,0.05181618614295171
supplementary,APF_fixed,template_group,supplement-g015,speed_saturated_fraction,fraction,all_primary_common_complete_success_within_stratum,8,8,0.0,0.0,0.0,0.0,0.0
supplementary,APF_fixed,template_group,supplement-g015,soft_limited_fraction,fraction,all_primary_common_complete_success_within_stratum,8,8,0.0,0.0,0.0,0.0,0.0
supplementary,APF_fixed,template_group,supplement-g015,raw_policy_component_clip_fraction,fraction,all_primary_common_complete_success_within_stratum,8,0,,,,,
supplementary,APF_fixed,template_group,supplement-g015,raw_policy_decisions_with_clip_fraction,fraction,all_primary_common_complete_success_within_stratum,8,0,,,,,
supplementary,APF_fixed,template_group,supplement-g015,u_component_clip_fraction,fraction,all_primary_common_complete_success_within_stratum,8,8,0.0,0.0,0.0,0.0,0.0
supplementary,APF_fixed,template_group,supplement-g015,u_decisions_with_clip_fraction,fraction,all_primary_common_complete_success_within_stratum,8,8,0.0,0.0,0.0,0.0,0.0
supplementary,APF_fixed,template_group,supplement-g015,mean_u_abs_rad_s,rad/s,all_primary_common_complete_success_within_stratum,8,8,0.0,0.0,0.0,0.0,0.0
supplementary,APF_fixed,template_group,supplement-g015,provider_mean_s,s/48Hz decision,all_primary_common_complete_success_within_stratum,8,8,2.7273832775639068e-05,2.7270067827582047e-05,2.7661536372155145e-05,2.686704738152912e-05,2.76973382824508e-05
supplementary,APF_fixed,template_group,supplement-g015,core_mean_s,s/240Hz step,all_primary_common_complete_success_within_stratum,8,8,0.000528376542483026,0.0005288807700253529,0.0005307138219935344,0.0005223322352624867,0.0005307813887763283
supplementary,APF_fixed,template_group,supplement-g015,outer_mean_s,s/240Hz step including decision when due,all_primary_common_complete_success_within_stratum,8,8,0.0005559916028460067,0.0005565972147299665,0.0005584655177244713,0.0005494187528711336,0.0005584726992007442
supplementary,APF_fixed,template_group,supplement-g016,max_error_m,m,all_primary_common_complete_success_within_stratum,1,1,5.3274561426907865e-05,5.3274561426907865e-05,5.3274561426907865e-05,5.3274561426907865e-05,5.3274561426907865e-05
supplementary,APF_fixed,template_group,supplement-g016,rmse_m,m,all_primary_common_complete_success_within_stratum,1,1,4.7299987421081276e-05,4.7299987421081276e-05,4.7299987421081276e-05,4.7299987421081276e-05,4.7299987421081276e-05
supplementary,APF_fixed,template_group,supplement-g016,endpoint_error_m,m,all_primary_common_complete_success_within_stratum,1,1,4.910578426339481e-05,4.910578426339481e-05,4.910578426339481e-05,4.910578426339481e-05,4.910578426339481e-05
supplementary,APF_fixed,template_group,supplement-g016,minimum_external_distance_m,m,all_primary_common_complete_success_within_stratum,1,1,0.016519096485852675,0.016519096485852675,0.016519096485852675,0.016519096485852675,0.016519096485852675
supplementary,APF_fixed,template_group,supplement-g016,minimum_self_distance_m,m,all_primary_common_complete_success_within_stratum,1,1,0.019750303624005983,0.019750303624005983,0.019750303624005983,0.019750303624005983,0.019750303624005983
supplementary,APF_fixed,template_group,supplement-g016,command_smoothness_rms_rad_s2,rad/s^2,all_primary_common_complete_success_within_stratum,1,1,0.0985303841197939,0.0985303841197939,0.0985303841197939,0.0985303841197939,0.0985303841197939
supplementary,APF_fixed,template_group,supplement-g016,max_actual_arm_velocity_rad_s,rad/s,all_primary_common_complete_success_within_stratum,1,1,0.09092177909824134,0.09092177909824134,0.09092177909824134,0.09092177909824134,0.09092177909824134
supplementary,APF_fixed,template_group,supplement-g016,speed_saturated_fraction,fraction,all_primary_common_complete_success_within_stratum,1,1,0.0,0.0,0.0,0.0,0.0
supplementary,APF_fixed,template_group,supplement-g016,soft_limited_fraction,fraction,all_primary_common_complete_success_within_stratum,1,1,0.0,0.0,0.0,0.0,0.0
supplementary,APF_fixed,template_group,supplement-g016,raw_policy_component_clip_fraction,fraction,all_primary_common_complete_success_within_stratum,1,0,,,,,
supplementary,APF_fixed,template_group,supplement-g016,raw_policy_decisions_with_clip_fraction,fraction,all_primary_common_complete_success_within_stratum,1,0,,,,,
supplementary,APF_fixed,template_group,supplement-g016,u_component_clip_fraction,fraction,all_primary_common_complete_success_within_stratum,1,1,0.39583333333333326,0.39583333333333326,0.39583333333333326,0.39583333333333326,0.39583333333333326
supplementary,APF_fixed,template_group,supplement-g016,u_decisions_with_clip_fraction,fraction,all_primary_common_complete_success_within_stratum,1,1,1.0,1.0,1.0,1.0,1.0
supplementary,APF_fixed,template_group,supplement-g016,mean_u_abs_rad_s,rad/s,all_primary_common_complete_success_within_stratum,1,1,0.10318083329325287,0.10318083329325287,0.10318083329325287,0.10318083329325287,0.10318083329325287
supplementary,APF_fixed,template_group,supplement-g016,provider_mean_s,s/48Hz decision,all_primary_common_complete_success_within_stratum,1,1,0.00023065578170644585,0.00023065578170644585,0.00023065578170644585,0.00023065578170644585,0.00023065578170644585
supplementary,APF_fixed,template_group,supplement-g016,core_mean_s,s/240Hz step,all_primary_common_complete_success_within_stratum,1,1,0.0005814451339271424,0.0005814451339271424,0.0005814451339271424,0.0005814451339271424,0.0005814451339271424
supplementary,APF_fixed,template_group,supplement-g016,outer_mean_s,s/240Hz step including decision when due,all_primary_common_complete_success_within_stratum,1,1,0.0007613919587432368,0.0007613919587432368,0.0007613919587432368,0.0007613919587432368,0.0007613919587432368
supplementary,APF_fixed,template_group,supplement-g018,max_error_m,m,all_primary_common_complete_success_within_stratum,5,5,5.8066940186087976e-05,5.506456640600385e-05,6.766567161708434e-05,5.250515999826152e-05,6.967162865285698e-05
supplementary,APF_fixed,template_group,supplement-g018,rmse_m,m,all_primary_common_complete_success_within_stratum,5,5,4.693228394044613e-05,4.6107216252724824e-05,5.3771263375063956e-05,4.192462591751042e-05,5.507628282940929e-05
supplementary,APF_fixed,template_group,supplement-g018,endpoint_error_m,m,all_primary_common_complete_success_within_stratum,5,5,2.934855126005047e-05,3.0170211914579903e-05,3.662937904563014e-05,2.1702790072309045e-05,3.678455261247383e-05
supplementary,APF_fixed,template_group,supplement-g018,minimum_external_distance_m,m,all_primary_common_complete_success_within_stratum,5,5,0.02449561792636691,0.024712057057360445,0.03117912898570471,0.018239283922822827,0.031724057321306995
supplementary,APF_fixed,template_group,supplement-g018,minimum_self_distance_m,m,all_primary_common_complete_success_within_stratum,5,5,0.019741226860340126,0.019753635120356806,0.01975364426130232,0.019719984170732036,0.01975364513513081
supplementary,APF_fixed,template_group,supplement-g018,command_smoothness_rms_rad_s2,rad/s^2,all_primary_common_complete_success_within_stratum,5,5,0.10702986682610587,0.09666293116460266,0.13694573951348668,0.08373599187822839,0.13871204818718785
supplementary,APF_fixed,template_group,supplement-g018,max_actual_arm_velocity_rad_s,rad/s,all_primary_common_complete_success_within_stratum,5,5,0.10982566701873994,0.1004032863481138,0.12993482757326574,0.09253840265903265,0.13006725460061733
supplementary,APF_fixed,template_group,supplement-g018,speed_saturated_fraction,fraction,all_primary_common_complete_success_within_stratum,5,5,0.0,0.0,0.0,0.0,0.0
supplementary,APF_fixed,template_group,supplement-g018,soft_limited_fraction,fraction,all_primary_common_complete_success_within_stratum,5,5,0.0,0.0,0.0,0.0,0.0
supplementary,APF_fixed,template_group,supplement-g018,raw_policy_component_clip_fraction,fraction,all_primary_common_complete_success_within_stratum,5,0,,,,,
supplementary,APF_fixed,template_group,supplement-g018,raw_policy_decisions_with_clip_fraction,fraction,all_primary_common_complete_success_within_stratum,5,0,,,,,
supplementary,APF_fixed,template_group,supplement-g018,u_component_clip_fraction,fraction,all_primary_common_complete_success_within_stratum,5,5,0.11339285714285711,0.11904761904761901,0.13779761904761903,0.08110119047619045,0.14062499999999997
supplementary,APF_fixed,template_group,supplement-g018,u_decisions_with_clip_fraction,fraction,all_primary_common_complete_success_within_stratum,5,5,0.79375,0.8333333333333334,0.9645833333333333,0.5677083333333334,0.984375
supplementary,APF_fixed,template_group,supplement-g018,mean_u_abs_rad_s,rad/s,all_primary_common_complete_success_within_stratum,5,5,0.038007852869457834,0.03594444834755829,0.04639395424706171,0.03365523363900978,0.04842892792391863
supplementary,APF_fixed,template_group,supplement-g018,provider_mean_s,s/48Hz decision,all_primary_common_complete_success_within_stratum,5,5,0.00014248347300357028,0.0001436589858106648,0.00014816869373438142,0.00013061491578506926,0.00014873904183332343
supplementary,APF_fixed,template_group,supplement-g018,core_mean_s,s/240Hz step,all_primary_common_complete_success_within_stratum,5,5,0.0005596755420507785,0.0005573236123685395,0.0005703317174932938,0.0005532595345660714,0.0005729399805810923
supplementary,APF_fixed,template_group,supplement-g018,outer_mean_s,s/240Hz step including decision when due,all_primary_common_complete_success_within_stratum,5,5,0.0006582060110425421,0.0006510321995847335,0.0006774506836154615,0.0006496958422151995,0.0006825471174731016
supplementary,APF_fixed,template_group,supplement-g020,max_error_m,m,all_primary_common_complete_success_within_stratum,8,8,5.3659239202502745e-05,5.177591742879787e-05,6.243456823400837e-05,4.6092747237439234e-05,6.383998750358262e-05
supplementary,APF_fixed,template_group,supplement-g020,rmse_m,m,all_primary_common_complete_success_within_stratum,8,8,4.067378197969966e-05,4.029185117317686e-05,4.472859731787219e-05,3.7365155123122774e-05,4.58642706193436e-05
supplementary,APF_fixed,template_group,supplement-g020,endpoint_error_m,m,all_primary_common_complete_success_within_stratum,8,8,3.294112261921716e-05,3.1939196078163316e-05,4.0716748253646944e-05,2.7164898363176926e-05,4.322135559882149e-05
supplementary,APF_fixed,template_group,supplement-g020,minimum_external_distance_m,m,all_primary_common_complete_success_within_stratum,8,0,,,,,
supplementary,APF_fixed,template_group,supplement-g020,minimum_self_distance_m,m,all_primary_common_complete_success_within_stratum,8,8,0.019895181056286074,0.01996902142515588,0.020031816148760255,0.019648766429467335,0.020034434396815563
supplementary,APF_fixed,template_group,supplement-g020,command_smoothness_rms_rad_s2,rad/s^2,all_primary_common_complete_success_within_stratum,8,8,0.03691287412072698,0.03722453922563239,0.0490824274660075,0.022523777751959493,0.049707851053017525
supplementary,APF_fixed,template_group,supplement-g020,max_actual_arm_velocity_rad_s,rad/s,all_primary_common_complete_success_within_stratum,8,8,0.039876267591764714,0.037491677417175406,0.05869667902114233,0.02371401408105045,0.060586994666423734
supplementary,APF_fixed,template_group,supplement-g020,speed_saturated_fraction,fraction,all_primary_common_complete_success_within_stratum,8,8,0.0,0.0,0.0,0.0,0.0
supplementary,APF_fixed,template_group,supplement-g020,soft_limited_fraction,fraction,all_primary_common_complete_success_within_stratum,8,8,0.0,0.0,0.0,0.0,0.0
supplementary,APF_fixed,template_group,supplement-g020,raw_policy_component_clip_fraction,fraction,all_primary_common_complete_success_within_stratum,8,0,,,,,
supplementary,APF_fixed,template_group,supplement-g020,raw_policy_decisions_with_clip_fraction,fraction,all_primary_common_complete_success_within_stratum,8,0,,,,,
supplementary,APF_fixed,template_group,supplement-g020,u_component_clip_fraction,fraction,all_primary_common_complete_success_within_stratum,8,8,0.0,0.0,0.0,0.0,0.0
supplementary,APF_fixed,template_group,supplement-g020,u_decisions_with_clip_fraction,fraction,all_primary_common_complete_success_within_stratum,8,8,0.0,0.0,0.0,0.0,0.0
supplementary,APF_fixed,template_group,supplement-g020,mean_u_abs_rad_s,rad/s,all_primary_common_complete_success_within_stratum,8,8,0.0,0.0,0.0,0.0,0.0
supplementary,APF_fixed,template_group,supplement-g020,provider_mean_s,s/48Hz decision,all_primary_common_complete_success_within_stratum,8,8,2.729493428432761e-05,2.7340788998723532e-05,2.7740853041298882e-05,2.6788114761681452e-05,2.7928900635743048e-05
supplementary,APF_fixed,template_group,supplement-g020,core_mean_s,s/240Hz step,all_primary_common_complete_success_within_stratum,8,8,0.000524456490529701,0.0005224966663566496,0.0005328337505776897,0.0005198384757022723,0.000535279648041372
supplementary,APF_fixed,template_group,supplement-g020,outer_mean_s,s/240Hz step including decision when due,all_primary_common_complete_success_within_stratum,8,8,0.0005520530767095503,0.000549893044884205,0.0005606799043319673,0.0005473965444252826,0.0005631558753217784
supplementary,APF_fixed,template_group,supplement-g021,max_error_m,m,all_primary_common_complete_success_within_stratum,2,2,6.405843934690632e-05,6.405843934690632e-05,6.939958849702344e-05,5.812382918010952e-05,6.999304951370312e-05
supplementary,APF_fixed,template_group,supplement-g021,rmse_m,m,all_primary_common_complete_success_within_stratum,2,2,4.8187724582316996e-05,4.8187724582316996e-05,5.275555023447613e-05,4.3112362746584625e-05,5.326308641804937e-05
supplementary,APF_fixed,template_group,supplement-g021,endpoint_error_m,m,all_primary_common_complete_success_within_stratum,2,2,3.43293452569065e-05,3.43293452569065e-05,3.675728444647982e-05,3.1631635046269486e-05,3.702705546754352e-05
supplementary,APF_fixed,template_group,supplement-g021,minimum_external_distance_m,m,all_primary_common_complete_success_within_stratum,2,2,0.03815102669490591,0.03815102669490591,0.04780015216835971,0.027429776168846134,0.04887227722096568
supplementary,APF_fixed,template_group,supplement-g021,minimum_self_distance_m,m,all_primary_common_complete_success_within_stratum,2,2,0.01976423324300302,0.01976423324300302,0.019904160921806226,0.01960875804433279,0.019919708441673248
supplementary,APF_fixed,template_group,supplement-g021,command_smoothness_rms_rad_s2,rad/s^2,all_primary_common_complete_success_within_stratum,2,2,0.23902879655059805,0.23902879655059805,0.2873474457749637,0.18534140852352513,0.29271618457767096
supplementary,APF_fixed,template_group,supplement-g021,max_actual_arm_velocity_rad_s,rad/s,all_primary_common_complete_success_within_stratum,2,2,0.17610179873190207,0.17610179873190207,0.19998020592209004,0.14957023518724877,0.20263336227655537
supplementary,APF_fixed,template_group,supplement-g021,speed_saturated_fraction,fraction,all_primary_common_complete_success_within_stratum,2,2,0.0,0.0,0.0,0.0,0.0
supplementary,APF_fixed,template_group,supplement-g021,soft_limited_fraction,fraction,all_primary_common_complete_success_within_stratum,2,2,0.0,0.0,0.0,0.0,0.0
supplementary,APF_fixed,template_group,supplement-g021,raw_policy_component_clip_fraction,fraction,all_primary_common_complete_success_within_stratum,2,0,,,,,
supplementary,APF_fixed,template_group,supplement-g021,raw_policy_decisions_with_clip_fraction,fraction,all_primary_common_complete_success_within_stratum,2,0,,,,,
supplementary,APF_fixed,template_group,supplement-g021,u_component_clip_fraction,fraction,all_primary_common_complete_success_within_stratum,2,2,0.02604166666666666,0.02604166666666666,0.03675595238095237,0.01413690476190476,0.03794642857142856
supplementary,APF_fixed,template_group,supplement-g021,u_decisions_with_clip_fraction,fraction,all_primary_common_complete_success_within_stratum,2,2,0.140625,0.140625,0.17812499999999998,0.09895833333333333,0.18229166666666666
supplementary,APF_fixed,template_group,supplement-g021,mean_u_abs_rad_s,rad/s,all_primary_common_complete_success_within_stratum,2,2,0.024508212169982346,0.024508212169982346,0.025564823399248433,0.023334199693020027,0.025682224646944665
supplementary,APF_fixed,template_group,supplement-g021,provider_mean_s,s/48Hz decision,all_primary_common_complete_success_within_stratum,2,2,0.0001384110263037049,0.0001384110263037049,0.00014569210128077733,0.00013032094299584665,0.00014650110961156315
supplementary,APF_fixed,template_group,supplement-g021,core_mean_s,s/240Hz step,all_primary_common_complete_success_within_stratum,2,2,0.0005711842513392185,0.0005711842513392185,0.0005727420900211654,0.0005694533194703884,0.0005729151832080485
supplementary,APF_fixed,template_group,supplement-g021,outer_mean_s,s/240Hz step including decision when due,all_primary_common_complete_success_within_stratum,2,2,0.0007079938257447793,0.0007079938257447793,0.0007153534493045298,0.0006998164662339452,0.0007161711852556133
supplementary,APF_fixed,template_group,supplement-g022,max_error_m,m,all_primary_common_complete_success_within_stratum,4,4,6.631102945419637e-05,6.702933287017435e-05,7.114876792669538e-05,5.9442467852533486e-05,7.174298422390328e-05
supplementary,APF_fixed,template_group,supplement-g022,rmse_m,m,all_primary_common_complete_success_within_stratum,4,4,5.415093515167875e-05,5.301507068730263e-05,5.909151543156209e-05,5.068262849252606e-05,5.9890970739583705e-05
supplementary,APF_fixed,template_group,supplement-g022,endpoint_error_m,m,all_primary_common_complete_success_within_stratum,4,4,4.603446296171479e-05,4.531308712967928e-05,4.996573504535399e-05,4.297058795754449e-05,5.054108962995608e-05
supplementary,APF_fixed,template_group,supplement-g022,minimum_external_distance_m,m,all_primary_common_complete_success_within_stratum,4,4,0.009259648590665373,0.009025984712918135,0.012332968901720299,0.006392134365558938,0.012594490571266284
supplementary,APF_fixed,template_group,supplement-g022,minimum_self_distance_m,m,all_primary_common_complete_success_within_stratum,4,4,0.01964005749764503,0.01963399930347257,0.0196761518436135,0.01960888266268601,0.019683348720948964
supplementary,APF_fixed,template_group,supplement-g022,command_smoothness_rms_rad_s2,rad/s^2,all_primary_common_complete_success_within_stratum,4,4,0.28575425620982775,0.29605043793219105,0.31411923386257934,0.23541275364705894,0.31550339532787003
supplementary,APF_fixed,template_group,supplement-g022,max_actual_arm_velocity_rad_s,rad/s,all_primary_common_complete_success_within_stratum,4,4,0.21038080912971766,0.21043088884727718,0.21249649307350554,0.20780935817802082,0.21285210064629542
supplementary,APF_fixed,template_group,supplement-g022,speed_saturated_fraction,fraction,all_primary_common_complete_success_within_stratum,4,4,0.0,0.0,0.0,0.0,0.0
supplementary,APF_fixed,template_group,supplement-g022,soft_limited_fraction,fraction,all_primary_common_complete_success_within_stratum,4,4,0.0,0.0,0.0,0.0,0.0
supplementary,APF_fixed,template_group,supplement-g022,raw_policy_component_clip_fraction,fraction,all_primary_common_complete_success_within_stratum,4,0,,,,,
supplementary,APF_fixed,template_group,supplement-g022,raw_policy_decisions_with_clip_fraction,fraction,all_primary_common_complete_success_within_stratum,4,0,,,,,
supplementary,APF_fixed,template_group,supplement-g022,u_component_clip_fraction,fraction,all_primary_common_complete_success_within_stratum,4,4,0.0550595238095238,0.056547619047619034,0.06744791666666665,0.038690476190476185,0.06845238095238095
supplementary,APF_fixed,template_group,supplement-g022,u_decisions_with_clip_fraction,fraction,all_primary_common_complete_success_within_stratum,4,4,0.19010416666666666,0.19010416666666666,0.20234375,0.17708333333333334,0.203125
supplementary,APF_fixed,template_group,supplement-g022,mean_u_abs_rad_s,rad/s,all_primary_common_complete_success_within_stratum,4,4,0.03362456390061974,0.03372815558282796,0.036405886976650696,0.030568373475380346,0.036473570961442714
supplementary,APF_fixed,template_group,supplement-g022,provider_mean_s,s/48Hz decision,all_primary_common_complete_success_within_stratum,4,4,0.000123614260701288,0.00012107175522639106,0.00013078607353994207,0.00011982411964102842,0.00013248941271134149
supplementary,APF_fixed,template_group,supplement-g022,core_mean_s,s/240Hz step,all_primary_common_complete_success_within_stratum,4,4,0.0005659799166854403,0.0005662932551331323,0.0005695785803057637,0.0005617488843199681,0.0005695842721555285
supplementary,APF_fixed,template_group,supplement-g022,outer_mean_s,s/240Hz step including decision when due,all_primary_common_complete_success_within_stratum,4,4,0.000691409801129339,0.0006914015862548694,0.0007073834376357506,0.0006751253496380135,0.0007077106823696037
supplementary,APF_fixed,template_group,supplement-g023,max_error_m,m,all_primary_common_complete_success_within_stratum,6,6,6.969688433101572e-05,7.005048357511194e-05,8.139873693447381e-05,5.048920667790829e-05,8.152704987402094e-05
supplementary,APF_fixed,template_group,supplement-g023,rmse_m,m,all_primary_common_complete_success_within_stratum,6,6,4.257701655513671e-05,4.169629404050481e-05,5.341350290424609e-05,3.0482546685318004e-05,5.6263802378842615e-05
supplementary,APF_fixed,template_group,supplement-g023,endpoint_error_m,m,all_primary_common_complete_success_within_stratum,6,6,3.624983004432099e-05,3.6538541861922324e-05,4.3732444463848735e-05,2.8177061419294182e-05,4.434323433035077e-05
supplementary,APF_fixed,template_group,supplement-g023,minimum_external_distance_m,m,all_primary_common_complete_success_within_stratum,6,6,0.022395731915891753,0.020955549972741502,0.03153909540153449,0.01545446061004073,0.03239327571556404
supplementary,APF_fixed,template_group,supplement-g023,minimum_self_distance_m,m,all_primary_common_complete_success_within_stratum,6,6,0.019789711202232444,0.019775604856947196,0.02002587752457296,0.01960836373056358,0.020083295366818493
supplementary,APF_fixed,template_group,supplement-g023,command_smoothness_rms_rad_s2,rad/s^2,all_primary_common_complete_success_within_stratum,6,6,0.290493807318301,0.2932958768600018,0.35970991672239605,0.19221250141287144,0.37421970081077727
supplementary,APF_fixed,template_group,supplement-g023,max_actual_arm_velocity_rad_s,rad/s,all_primary_common_complete_success_within_stratum,6,6,0.15690069891884215,0.15591918095152849,0.1766336047378492,0.13982219772298474,0.1783130427515988
supplementary,APF_fixed,template_group,supplement-g023,speed_saturated_fraction,fraction,all_primary_common_complete_success_within_stratum,6,6,0.0,0.0,0.0,0.0,0.0
supplementary,APF_fixed,template_group,supplement-g023,soft_limited_fraction,fraction,all_primary_common_complete_success_within_stratum,6,6,0.0,0.0,0.0,0.0,0.0
supplementary,APF_fixed,template_group,supplement-g023,raw_policy_component_clip_fraction,fraction,all_primary_common_complete_success_within_stratum,6,0,,,,,
supplementary,APF_fixed,template_group,supplement-g023,raw_policy_decisions_with_clip_fraction,fraction,all_primary_common_complete_success_within_stratum,6,0,,,,,
supplementary,APF_fixed,template_group,supplement-g023,u_component_clip_fraction,fraction,all_primary_common_complete_success_within_stratum,6,6,0.06138392857142857,0.055803571428571425,0.0864955357142857,0.0431547619047619,0.09151785714285714
supplementary,APF_fixed,template_group,supplement-g023,u_decisions_with_clip_fraction,fraction,all_primary_common_complete_success_within_stratum,6,6,0.24913194444444445,0.234375,0.32161458333333337,0.203125,0.3385416666666667
supplementary,APF_fixed,template_group,supplement-g023,mean_u_abs_rad_s,rad/s,all_primary_common_complete_success_within_stratum,6,6,0.029672015864464444,0.027639333289451694,0.03744449512877675,0.024794767383918965,0.03908070699758548
supplementary,APF_fixed,template_group,supplement-g023,provider_mean_s,s/48Hz decision,all_primary_common_complete_success_within_stratum,6,6,0.0001392503126882932,0.00014444268648124609,0.00014502401036982823,0.00011274798316662782,0.00014506200553417634
supplementary,APF_fixed,template_group,supplement-g023,core_mean_s,s/240Hz step,all_primary_common_complete_success_within_stratum,6,6,0.0005683024850137978,0.0005680133095969116,0.0005720394245751474,0.0005636567391168986,0.0005721408086780381
supplementary,APF_fixed,template_group,supplement-g023,outer_mean_s,s/240Hz step including decision when due,all_primary_common_complete_success_within_stratum,6,6,0.0006837887024731673,0.0006864699095937492,0.0006937155782376673,0.000671476156639983,0.0006959632267353299
supplementary,APF_tuned,category,far,max_error_m,m,all_primary_common_complete_success_within_stratum,41,41,5.181673697680587e-05,5.0874018028602355e-05,6.703364788804526e-05,3.0564586213060395e-05,7.05824189806437e-05
supplementary,APF_tuned,category,far,rmse_m,m,all_primary_common_complete_success_within_stratum,41,41,4.018146438368309e-05,4.009067166425074e-05,4.989777469105213e-05,2.8336592034906272e-05,5.389031895996831e-05
supplementary,APF_tuned,category,far,endpoint_error_m,m,all_primary_common_complete_success_within_stratum,41,41,3.255801274181075e-05,3.1396293664060736e-05,4.191967164893284e-05,2.47141850364066e-05,4.322135559882149e-05
supplementary,APF_tuned,category,far,minimum_external_distance_m,m,all_primary_common_complete_success_within_stratum,41,0,,,,,
supplementary,APF_tuned,category,far,minimum_self_distance_m,m,all_primary_common_complete_success_within_stratum,41,41,0.019955907286383183,0.020026253928877878,0.020151373710956835,0.019608520628025844,0.020154933643945418
supplementary,APF_tuned,category,far,command_smoothness_rms_rad_s2,rad/s^2,all_primary_common_complete_success_within_stratum,41,41,0.035037714510130165,0.032736092536063334,0.05185830484057753,0.015940417744213863,0.06554381681115022
supplementary,APF_tuned,category,far,max_actual_arm_velocity_rad_s,rad/s,all_primary_common_complete_success_within_stratum,41,41,0.039845488646498055,0.03606925433050434,0.0640781349295978,0.019691601245845926,0.08159868243433507
supplementary,APF_tuned,category,far,speed_saturated_fraction,fraction,all_primary_common_complete_success_within_stratum,41,41,0.0,0.0,0.0,0.0,0.0
supplementary,APF_tuned,category,far,soft_limited_fraction,fraction,all_primary_common_complete_success_within_stratum,41,41,0.0,0.0,0.0,0.0,0.0
supplementary,APF_tuned,category,far,raw_policy_component_clip_fraction,fraction,all_primary_common_complete_success_within_stratum,41,0,,,,,
supplementary,APF_tuned,category,far,raw_policy_decisions_with_clip_fraction,fraction,all_primary_common_complete_success_within_stratum,41,0,,,,,
supplementary,APF_tuned,category,far,u_component_clip_fraction,fraction,all_primary_common_complete_success_within_stratum,41,41,0.0,0.0,0.0,0.0,0.0
supplementary,APF_tuned,category,far,u_decisions_with_clip_fraction,fraction,all_primary_common_complete_success_within_stratum,41,41,0.0,0.0,0.0,0.0,0.0
supplementary,APF_tuned,category,far,mean_u_abs_rad_s,rad/s,all_primary_common_complete_success_within_stratum,41,41,0.0,0.0,0.0,0.0,0.0
supplementary,APF_tuned,category,far,provider_mean_s,s/48Hz decision,all_primary_common_complete_success_within_stratum,41,41,2.7406095530129344e-05,2.7289979698252864e-05,2.8462197102877933e-05,2.6814552256837487e-05,2.9721080106052494e-05
supplementary,APF_tuned,category,far,core_mean_s,s/240Hz step,all_primary_common_complete_success_within_stratum,41,41,0.0005236433730974161,0.0005231748791023467,0.000536873258624837,0.0005108447187315809,0.0005503299011555403
supplementary,APF_tuned,category,far,outer_mean_s,s/240Hz step including decision when due,all_primary_common_complete_success_within_stratum,41,41,0.0005512729520821111,0.000550583037238539,0.0005652705013441543,0.0005381473220647119,0.0005793222653664998
supplementary,APF_tuned,category,near_link,max_error_m,m,all_primary_common_complete_success_within_stratum,43,43,5.130418248688447e-05,4.965655959232356e-05,6.887966738118302e-05,2.812074007300144e-05,7.376686640738686e-05
supplementary,APF_tuned,category,near_link,rmse_m,m,all_primary_common_complete_success_within_stratum,43,43,3.979526430538235e-05,4.071448527488495e-05,5.3019566787543706e-05,2.0304062744570455e-05,6.044284681181836e-05
supplementary,APF_tuned,category,near_link,endpoint_error_m,m,all_primary_common_complete_success_within_stratum,43,43,3.413543340286847e-05,3.459706087291738e-05,4.611770092021237e-05,1.9479297464689858e-05,4.866653236921895e-05
supplementary,APF_tuned,category,near_link,minimum_external_distance_m,m,all_primary_common_complete_success_within_stratum,43,43,0.02559563348724774,0.024336234954294447,0.04481447002349734,0.002116557785720591,0.04712476248665094
supplementary,APF_tuned,category,near_link,minimum_self_distance_m,m,all_primary_common_complete_success_within_stratum,43,43,0.019920239196862356,0.01993930434000047,0.020146403862301727,0.019608576623747945,0.020154933643945418
supplementary,APF_tuned,category,near_link,command_smoothness_rms_rad_s2,rad/s^2,all_primary_common_complete_success_within_stratum,43,43,0.11302750457675521,0.09811986375700217,0.22032083176055803,0.025907211445490092,0.23414977409095705
supplementary,APF_tuned,category,near_link,max_actual_arm_velocity_rad_s,rad/s,all_primary_common_complete_success_within_stratum,43,43,0.09161570584946711,0.08972802444196692,0.14235213100124366,0.0310558089477522,0.1654209980162983
supplementary,APF_tuned,category,near_link,speed_saturated_fraction,fraction,all_primary_common_complete_success_within_stratum,43,43,0.0,0.0,0.0,0.0,0.0
supplementary,APF_tuned,category,near_link,soft_limited_fraction,fraction,all_primary_common_complete_success_within_stratum,43,43,0.0,0.0,0.0,0.0,0.0
supplementary,APF_tuned,category,near_link,raw_policy_component_clip_fraction,fraction,all_primary_common_complete_success_within_stratum,43,0,,,,,
supplementary,APF_tuned,category,near_link,raw_policy_decisions_with_clip_fraction,fraction,all_primary_common_complete_success_within_stratum,43,0,,,,,
supplementary,APF_tuned,category,near_link,u_component_clip_fraction,fraction,all_primary_common_complete_success_within_stratum,43,43,0.007405869324473975,0.0,0.041220238095238074,0.0,0.052083333333333315
supplementary,APF_tuned,category,near_link,u_decisions_with_clip_fraction,fraction,all_primary_common_complete_success_within_stratum,43,43,0.04445251937984496,0.0,0.21093749999999994,0.0,0.296875
supplementary,APF_tuned,category,near_link,mean_u_abs_rad_s,rad/s,all_primary_common_complete_success_within_stratum,43,43,0.014347865983714082,0.01282725943777292,0.02783703926796893,0.00163467416394624,0.04339906360339569
supplementary,APF_tuned,category,near_link,provider_mean_s,s/48Hz decision,all_primary_common_complete_success_within_stratum,43,43,0.00013178779114565795,0.00013570318287747796,0.00016899920303027708,8.328965107769666e-05,0.00019100974092604398
supplementary,APF_tuned,category,near_link,core_mean_s,s/240Hz step,all_primary_common_complete_success_within_stratum,43,43,0.000561531105821384,0.0005602360541767363,0.0005787576227915755,0.0005487173551955493,0.0005936043104763181
supplementary,APF_tuned,category,near_link,outer_mean_s,s/240Hz step including decision when due,all_primary_common_complete_success_within_stratum,43,43,0.0006828111309583308,0.0006812794945290079,0.0007415522185419832,0.000635756268153879,0.0007447004258210654
supplementary,APF_tuned,category,tight_layout,max_error_m,m,all_primary_common_complete_success_within_stratum,7,7,4.9154884256522385e-05,4.7769905325613795e-05,5.711329846561602e-05,4.2188002977886705e-05,5.882233078298113e-05
supplementary,APF_tuned,category,tight_layout,rmse_m,m,all_primary_common_complete_success_within_stratum,7,7,4.142381743500207e-05,4.068486963985678e-05,4.866535392549824e-05,3.479501937886322e-05,4.998637188541214e-05
supplementary,APF_tuned,category,tight_layout,endpoint_error_m,m,all_primary_common_complete_success_within_stratum,7,7,4.029940658689712e-05,3.9354734436348146e-05,4.5444292318936954e-05,3.366969186165296e-05,4.558583992009411e-05
supplementary,APF_tuned,category,tight_layout,minimum_external_distance_m,m,all_primary_common_complete_success_within_stratum,7,7,0.007903217910813077,0.007200956651543217,0.012071447232174314,0.0030317946116961564,0.012594490571266284
supplementary,APF_tuned,category,tight_layout,minimum_self_distance_m,m,all_primary_common_complete_success_within_stratum,7,7,0.019942842152528367,0.01993041615997132,0.020142198336402038,0.019662919635269498,0.020154933643945418
supplementary,APF_tuned,category,tight_layout,command_smoothness_rms_rad_s2,rad/s^2,all_primary_common_complete_success_within_stratum,7,7,0.19955671284847373,0.20020304243677606,0.2727277086546914,0.1225896489786534,0.2914010945314617
supplementary,APF_tuned,category,tight_layout,max_actual_arm_velocity_rad_s,rad/s,all_primary_common_complete_success_within_stratum,7,7,0.14573131032586598,0.1479250708232742,0.19068874135893754,0.08817860687796754,0.19832987358298387
supplementary,APF_tuned,category,tight_layout,speed_saturated_fraction,fraction,all_primary_common_complete_success_within_stratum,7,7,0.0,0.0,0.0,0.0,0.0
supplementary,APF_tuned,category,tight_layout,soft_limited_fraction,fraction,all_primary_common_complete_success_within_stratum,7,7,0.0,0.0,0.0,0.0,0.0
supplementary,APF_tuned,category,tight_layout,raw_policy_component_clip_fraction,fraction,all_primary_common_complete_success_within_stratum,7,0,,,,,
supplementary,APF_tuned,category,tight_layout,raw_policy_decisions_with_clip_fraction,fraction,all_primary_common_complete_success_within_stratum,7,0,,,,,
supplementary,APF_tuned,category,tight_layout,u_component_clip_fraction,fraction,all_primary_common_complete_success_within_stratum,7,7,0.014136904761904764,0.0037202380952380946,0.03593749999999999,0.0,0.03794642857142857
supplementary,APF_tuned,category,tight_layout,u_decisions_with_clip_fraction,fraction,all_primary_common_complete_success_within_stratum,7,7,0.08705357142857142,0.026041666666666668,0.23281249999999992,0.0,0.265625
supplementary,APF_tuned,category,tight_layout,mean_u_abs_rad_s,rad/s,all_primary_common_complete_success_within_stratum,7,7,0.020913066445985014,0.01984278537173457,0.030277697382909117,0.015298687814363573,0.03454794050651412
supplementary,APF_tuned,category,tight_layout,provider_mean_s,s/48Hz decision,all_primary_common_complete_success_within_stratum,7,7,0.00010846479554380666,0.00010226216651669044,0.00013736422977975356,9.280614494855399e-05,0.00014654427044054805
supplementary,APF_tuned,category,tight_layout,core_mean_s,s/240Hz step,all_primary_common_complete_success_within_stratum,7,7,0.000568160257548048,0.0005676960043880778,0.0005769989123321769,0.0005591905685226569,0.0005781480725393825
supplementary,APF_tuned,category,tight_layout,outer_mean_s,s/240Hz step including decision when due,all_primary_common_complete_success_within_stratum,7,7,0.0007017367166987416,0.0006987970346623722,0.0007304917329050417,0.0006677705767894319,0.0007344268825666707
supplementary,APF_tuned,template_group,supplement-g000,max_error_m,m,all_primary_common_complete_success_within_stratum,9,9,6.348342537365063e-05,6.495404357751157e-05,6.935244038297405e-05,5.708687428044928e-05,7.05824189806437e-05
supplementary,APF_tuned,template_group,supplement-g000,rmse_m,m,all_primary_common_complete_success_within_stratum,9,9,4.6757967512098615e-05,4.6895540775213886e-05,5.231924293790052e-05,4.147032322851441e-05,5.389031895996831e-05
supplementary,APF_tuned,template_group,supplement-g000,endpoint_error_m,m,all_primary_common_complete_success_within_stratum,9,9,3.2249801477481275e-05,3.223459190152579e-05,3.656629971013572e-05,2.5901612009348566e-05,3.6578485833140056e-05
supplementary,APF_tuned,template_group,supplement-g000,minimum_external_distance_m,m,all_primary_common_complete_success_within_stratum,9,0,,,,,
supplementary,APF_tuned,template_group,supplement-g000,minimum_self_distance_m,m,all_primary_common_complete_success_within_stratum,9,9,0.019723538347263963,0.0196761528817496,0.01990576768656752,0.019608520628025844,0.01990902833351421
supplementary,APF_tuned,template_group,supplement-g000,command_smoothness_rms_rad_s2,rad/s^2,all_primary_common_complete_success_within_stratum,9,9,0.0435791232110494,0.045207539141826805,0.0607921411131545,0.027384415191838336,0.06554381681115022
supplementary,APF_tuned,template_group,supplement-g000,max_actual_arm_velocity_rad_s,rad/s,all_primary_common_complete_success_within_stratum,9,9,0.0544792777761891,0.052150019718610774,0.07578626342018016,0.03463297999731438,0.08159868243433507
supplementary,APF_tuned,template_group,supplement-g000,speed_saturated_fraction,fraction,all_primary_common_complete_success_within_stratum,9,9,0.0,0.0,0.0,0.0,0.0
supplementary,APF_tuned,template_group,supplement-g000,soft_limited_fraction,fraction,all_primary_common_complete_success_within_stratum,9,9,0.0,0.0,0.0,0.0,0.0
supplementary,APF_tuned,template_group,supplement-g000,raw_policy_component_clip_fraction,fraction,all_primary_common_complete_success_within_stratum,9,0,,,,,
supplementary,APF_tuned,template_group,supplement-g000,raw_policy_decisions_with_clip_fraction,fraction,all_primary_common_complete_success_within_stratum,9,0,,,,,
supplementary,APF_tuned,template_group,supplement-g000,u_component_clip_fraction,fraction,all_primary_common_complete_success_within_stratum,9,9,0.0,0.0,0.0,0.0,0.0
supplementary,APF_tuned,template_group,supplement-g000,u_decisions_with_clip_fraction,fraction,all_primary_common_complete_success_within_stratum,9,9,0.0,0.0,0.0,0.0,0.0
supplementary,APF_tuned,template_group,supplement-g000,mean_u_abs_rad_s,rad/s,all_primary_common_complete_success_within_stratum,9,9,0.0,0.0,0.0,0.0,0.0
supplementary,APF_tuned,template_group,supplement-g000,provider_mean_s,s/48Hz decision,all_primary_common_complete_success_within_stratum,9,9,2.724449217971091e-05,2.7272896356104564e-05,2.7513973479168877e-05,2.693787670674889e-05,2.75406714536075e-05
supplementary,APF_tuned,template_group,supplement-g000,core_mean_s,s/240Hz step,all_primary_common_complete_success_within_stratum,9,9,0.0005144647315015996,0.0005146890396038847,0.0005189200329126228,0.0005108447187315809,0.0005204172585763445
supplementary,APF_tuned,template_group,supplement-g000,outer_mean_s,s/240Hz step including decision when due,all_primary_common_complete_success_within_stratum,9,9,0.0005419328902765604,0.0005423215408579077,0.0005465122509122011,0.0005381473220647119,0.0005481958377155631
supplementary,APF_tuned,template_group,supplement-g001,max_error_m,m,all_primary_common_complete_success_within_stratum,0,0,,,,,
supplementary,APF_tuned,template_group,supplement-g001,rmse_m,m,all_primary_common_complete_success_within_stratum,0,0,,,,,
supplementary,APF_tuned,template_group,supplement-g001,endpoint_error_m,m,all_primary_common_complete_success_within_stratum,0,0,,,,,
supplementary,APF_tuned,template_group,supplement-g001,minimum_external_distance_m,m,all_primary_common_complete_success_within_stratum,0,0,,,,,
supplementary,APF_tuned,template_group,supplement-g001,minimum_self_distance_m,m,all_primary_common_complete_success_within_stratum,0,0,,,,,
supplementary,APF_tuned,template_group,supplement-g001,command_smoothness_rms_rad_s2,rad/s^2,all_primary_common_complete_success_within_stratum,0,0,,,,,
supplementary,APF_tuned,template_group,supplement-g001,max_actual_arm_velocity_rad_s,rad/s,all_primary_common_complete_success_within_stratum,0,0,,,,,
supplementary,APF_tuned,template_group,supplement-g001,speed_saturated_fraction,fraction,all_primary_common_complete_success_within_stratum,0,0,,,,,
supplementary,APF_tuned,template_group,supplement-g001,soft_limited_fraction,fraction,all_primary_common_complete_success_within_stratum,0,0,,,,,
supplementary,APF_tuned,template_group,supplement-g001,raw_policy_component_clip_fraction,fraction,all_primary_common_complete_success_within_stratum,0,0,,,,,
supplementary,APF_tuned,template_group,supplement-g001,raw_policy_decisions_with_clip_fraction,fraction,all_primary_common_complete_success_within_stratum,0,0,,,,,
supplementary,APF_tuned,template_group,supplement-g001,u_component_clip_fraction,fraction,all_primary_common_complete_success_within_stratum,0,0,,,,,
supplementary,APF_tuned,template_group,supplement-g001,u_decisions_with_clip_fraction,fraction,all_primary_common_complete_success_within_stratum,0,0,,,,,
supplementary,APF_tuned,template_group,supplement-g001,mean_u_abs_rad_s,rad/s,all_primary_common_complete_success_within_stratum,0,0,,,,,
supplementary,APF_tuned,template_group,supplement-g001,provider_mean_s,s/48Hz decision,all_primary_common_complete_success_within_stratum,0,0,,,,,
supplementary,APF_tuned,template_group,supplement-g001,core_mean_s,s/240Hz step,all_primary_common_complete_success_within_stratum,0,0,,,,,
supplementary,APF_tuned,template_group,supplement-g001,outer_mean_s,s/240Hz step including decision when due,all_primary_common_complete_success_within_stratum,0,0,,,,,
supplementary,APF_tuned,template_group,supplement-g002,max_error_m,m,all_primary_common_complete_success_within_stratum,0,0,,,,,
supplementary,APF_tuned,template_group,supplement-g002,rmse_m,m,all_primary_common_complete_success_within_stratum,0,0,,,,,
supplementary,APF_tuned,template_group,supplement-g002,endpoint_error_m,m,all_primary_common_complete_success_within_stratum,0,0,,,,,
supplementary,APF_tuned,template_group,supplement-g002,minimum_external_distance_m,m,all_primary_common_complete_success_within_stratum,0,0,,,,,
supplementary,APF_tuned,template_group,supplement-g002,minimum_self_distance_m,m,all_primary_common_complete_success_within_stratum,0,0,,,,,
supplementary,APF_tuned,template_group,supplement-g002,command_smoothness_rms_rad_s2,rad/s^2,all_primary_common_complete_success_within_stratum,0,0,,,,,
supplementary,APF_tuned,template_group,supplement-g002,max_actual_arm_velocity_rad_s,rad/s,all_primary_common_complete_success_within_stratum,0,0,,,,,
supplementary,APF_tuned,template_group,supplement-g002,speed_saturated_fraction,fraction,all_primary_common_complete_success_within_stratum,0,0,,,,,
supplementary,APF_tuned,template_group,supplement-g002,soft_limited_fraction,fraction,all_primary_common_complete_success_within_stratum,0,0,,,,,
supplementary,APF_tuned,template_group,supplement-g002,raw_policy_component_clip_fraction,fraction,all_primary_common_complete_success_within_stratum,0,0,,,,,
supplementary,APF_tuned,template_group,supplement-g002,raw_policy_decisions_with_clip_fraction,fraction,all_primary_common_complete_success_within_stratum,0,0,,,,,
supplementary,APF_tuned,template_group,supplement-g002,u_component_clip_fraction,fraction,all_primary_common_complete_success_within_stratum,0,0,,,,,
supplementary,APF_tuned,template_group,supplement-g002,u_decisions_with_clip_fraction,fraction,all_primary_common_complete_success_within_stratum,0,0,,,,,
supplementary,APF_tuned,template_group,supplement-g002,mean_u_abs_rad_s,rad/s,all_primary_common_complete_success_within_stratum,0,0,,,,,
supplementary,APF_tuned,template_group,supplement-g002,provider_mean_s,s/48Hz decision,all_primary_common_complete_success_within_stratum,0,0,,,,,
supplementary,APF_tuned,template_group,supplement-g002,core_mean_s,s/240Hz step,all_primary_common_complete_success_within_stratum,0,0,,,,,
supplementary,APF_tuned,template_group,supplement-g002,outer_mean_s,s/240Hz step including decision when due,all_primary_common_complete_success_within_stratum,0,0,,,,,
supplementary,APF_tuned,template_group,supplement-g003,max_error_m,m,all_primary_common_complete_success_within_stratum,7,7,5.9147161975765904e-05,6.23065828977646e-05,6.390692256853766e-05,4.901674664132797e-05,6.413374171304197e-05
supplementary,APF_tuned,template_group,supplement-g003,rmse_m,m,all_primary_common_complete_success_within_stratum,7,7,4.316297140671783e-05,4.382527593005978e-05,4.727870037840674e-05,3.6894744591613325e-05,4.745704323752688e-05
supplementary,APF_tuned,template_group,supplement-g003,endpoint_error_m,m,all_primary_common_complete_success_within_stratum,7,7,3.131374650359861e-05,2.8839479277112795e-05,3.893408909843676e-05,2.5394437724103455e-05,4.031522042641232e-05
supplementary,APF_tuned,template_group,supplement-g003,minimum_external_distance_m,m,all_primary_common_complete_success_within_stratum,7,7,0.022067353403512586,0.02223653847877058,0.03912444793567464,0.002116557785720591,0.04508392004120823
supplementary,APF_tuned,template_group,supplement-g003,minimum_self_distance_m,m,all_primary_common_complete_success_within_stratum,7,7,0.01989732932058706,0.01990950787413668,0.020095532881151207,0.019690586759618087,0.02014032420475178
supplementary,APF_tuned,template_group,supplement-g003,command_smoothness_rms_rad_s2,rad/s^2,all_primary_common_complete_success_within_stratum,7,7,0.1889834349439097,0.20278571591002695,0.23325379611841707,0.04597134393917923,0.23414977409095705
supplementary,APF_tuned,template_group,supplement-g003,max_actual_arm_velocity_rad_s,rad/s,all_primary_common_complete_success_within_stratum,7,7,0.12860376351488448,0.13143909372774593,0.16292474363195372,0.045902682795610994,0.1654209980162983
supplementary,APF_tuned,template_group,supplement-g003,speed_saturated_fraction,fraction,all_primary_common_complete_success_within_stratum,7,7,0.0,0.0,0.0,0.0,0.0
supplementary,APF_tuned,template_group,supplement-g003,soft_limited_fraction,fraction,all_primary_common_complete_success_within_stratum,7,7,0.0,0.0,0.0,0.0,0.0
supplementary,APF_tuned,template_group,supplement-g003,raw_policy_component_clip_fraction,fraction,all_primary_common_complete_success_within_stratum,7,0,,,,,
supplementary,APF_tuned,template_group,supplement-g003,raw_policy_decisions_with_clip_fraction,fraction,all_primary_common_complete_success_within_stratum,7,0,,,,,
supplementary,APF_tuned,template_group,supplement-g003,u_component_clip_fraction,fraction,all_primary_common_complete_success_within_stratum,7,7,0.004676870748299319,0.0,0.01845238095238094,0.0,0.023809523809523808
supplementary,APF_tuned,template_group,supplement-g003,u_decisions_with_clip_fraction,fraction,all_primary_common_complete_success_within_stratum,7,7,0.03050595238095238,0.0,0.11822916666666658,0.0,0.15104166666666666
supplementary,APF_tuned,template_group,supplement-g003,mean_u_abs_rad_s,rad/s,all_primary_common_complete_success_within_stratum,7,7,0.010242493206729816,0.010058099518042096,0.017108289596834855,0.00163467416394624,0.018943016807861403
supplementary,APF_tuned,template_group,supplement-g003,provider_mean_s,s/48Hz decision,all_primary_common_complete_success_within_stratum,7,7,0.00010777199724456988,0.00011389755794274,0.00012053336120819343,8.328965107769666e-05,0.00012101430214291516
supplementary,APF_tuned,template_group,supplement-g003,core_mean_s,s/240Hz step,all_primary_common_complete_success_within_stratum,7,7,0.0005571562714456897,0.000556988665600026,0.0005624543849747473,0.0005520802760656807,0.0005629980586794166
supplementary,APF_tuned,template_group,supplement-g003,outer_mean_s,s/240Hz step including decision when due,all_primary_common_complete_success_within_stratum,7,7,0.0006865315546184276,0.0006935388923011487,0.0007042895420787924,0.0006568061453738967,0.0007051768416810471
supplementary,APF_tuned,template_group,supplement-g005,max_error_m,m,all_primary_common_complete_success_within_stratum,8,8,5.353268642239664e-05,5.433343768572156e-05,6.008665152280151e-05,4.3824200206379076e-05,6.013092601556279e-05
supplementary,APF_tuned,template_group,supplement-g005,rmse_m,m,all_primary_common_complete_success_within_stratum,8,8,3.904544342572381e-05,3.904463210154828e-05,4.297227769749418e-05,3.539189846622128e-05,4.302671545104495e-05
supplementary,APF_tuned,template_group,supplement-g005,endpoint_error_m,m,all_primary_common_complete_success_within_stratum,8,8,2.9861451884475494e-05,2.9607337286936844e-05,3.5736657206310184e-05,2.47141850364066e-05,3.6226597423779455e-05
supplementary,APF_tuned,template_group,supplement-g005,minimum_external_distance_m,m,all_primary_common_complete_success_within_stratum,8,0,,,,,
supplementary,APF_tuned,template_group,supplement-g005,minimum_self_distance_m,m,all_primary_common_complete_success_within_stratum,8,8,0.020080910264539637,0.020114608834414186,0.02015193863293374,0.019882865477028236,0.020152242821690536
supplementary,APF_tuned,template_group,supplement-g005,command_smoothness_rms_rad_s2,rad/s^2,all_primary_common_complete_success_within_stratum,8,8,0.028759619039530546,0.02772291651452698,0.037632196279310214,0.015940417744213863,0.03815367846278111
supplementary,APF_tuned,template_group,supplement-g005,max_actual_arm_velocity_rad_s,rad/s,all_primary_common_complete_success_within_stratum,8,8,0.0359222072296472,0.0355343869961942,0.04713915634146992,0.01971529890454815,0.04778016809049865
supplementary,APF_tuned,template_group,supplement-g005,speed_saturated_fraction,fraction,all_primary_common_complete_success_within_stratum,8,8,0.0,0.0,0.0,0.0,0.0
supplementary,APF_tuned,template_group,supplement-g005,soft_limited_fraction,fraction,all_primary_common_complete_success_within_stratum,8,8,0.0,0.0,0.0,0.0,0.0
supplementary,APF_tuned,template_group,supplement-g005,raw_policy_component_clip_fraction,fraction,all_primary_common_complete_success_within_stratum,8,0,,,,,
supplementary,APF_tuned,template_group,supplement-g005,raw_policy_decisions_with_clip_fraction,fraction,all_primary_common_complete_success_within_stratum,8,0,,,,,
supplementary,APF_tuned,template_group,supplement-g005,u_component_clip_fraction,fraction,all_primary_common_complete_success_within_stratum,8,8,0.0,0.0,0.0,0.0,0.0
supplementary,APF_tuned,template_group,supplement-g005,u_decisions_with_clip_fraction,fraction,all_primary_common_complete_success_within_stratum,8,8,0.0,0.0,0.0,0.0,0.0
supplementary,APF_tuned,template_group,supplement-g005,mean_u_abs_rad_s,rad/s,all_primary_common_complete_success_within_stratum,8,8,0.0,0.0,0.0,0.0,0.0
supplementary,APF_tuned,template_group,supplement-g005,provider_mean_s,s/48Hz decision,all_primary_common_complete_success_within_stratum,8,8,2.7461530919481447e-05,2.7135643146417955e-05,2.8917698485505147e-05,2.6814552256837487e-05,2.9721080106052494e-05
supplementary,APF_tuned,template_group,supplement-g005,core_mean_s,s/240Hz step,all_primary_common_complete_success_within_stratum,8,8,0.0005242251811409914,0.0005206750324153594,0.000542129220073851,0.0005122322794704814,0.0005503299011555403
supplementary,APF_tuned,template_group,supplement-g005,outer_mean_s,s/240Hz step including decision when due,all_primary_common_complete_success_within_stratum,8,8,0.0005519432562929675,0.0005481988598300329,0.0005705979334788935,0.0005395463115746679,0.0005793222653664998
supplementary,APF_tuned,template_group,supplement-g006,max_error_m,m,all_primary_common_complete_success_within_stratum,7,7,4.7467723447803425e-05,4.807896213810266e-05,6.1851819337365e-05,3.0982518332402765e-05,6.200046384554231e-05
supplementary,APF_tuned,template_group,supplement-g006,rmse_m,m,all_primary_common_complete_success_within_stratum,7,7,3.92805377697601e-05,4.263863515307913e-05,5.116786674287141e-05,2.4833429184599926e-05,5.307737622627872e-05
supplementary,APF_tuned,template_group,supplement-g006,endpoint_error_m,m,all_primary_common_complete_success_within_stratum,7,7,3.8467033351357994e-05,3.97235274956206e-05,4.681335516058925e-05,2.7832168177130744e-05,4.70280944539491e-05
supplementary,APF_tuned,template_group,supplement-g006,minimum_external_distance_m,m,all_primary_common_complete_success_within_stratum,7,7,0.025907474561308604,0.02072865491848172,0.04158684970351456,0.013856875066322674,0.041851902887720935
supplementary,APF_tuned,template_group,supplement-g006,minimum_self_distance_m,m,all_primary_common_complete_success_within_stratum,7,7,0.0199259808612763,0.01997034456084569,0.02012816991701493,0.01960873312477633,0.020130619697431656
supplementary,APF_tuned,template_group,supplement-g006,command_smoothness_rms_rad_s2,rad/s^2,all_primary_common_complete_success_within_stratum,7,7,0.10630264200008718,0.08131880951538029,0.1782805149255024,0.0370664219692608,0.18417415066625023
supplementary,APF_tuned,template_group,supplement-g006,max_actual_arm_velocity_rad_s,rad/s,all_primary_common_complete_success_within_stratum,7,7,0.0876584871668192,0.08189385748726653,0.1308883192629498,0.04731632016275986,0.13264032849119425
supplementary,APF_tuned,template_group,supplement-g006,speed_saturated_fraction,fraction,all_primary_common_complete_success_within_stratum,7,7,0.0,0.0,0.0,0.0,0.0
supplementary,APF_tuned,template_group,supplement-g006,soft_limited_fraction,fraction,all_primary_common_complete_success_within_stratum,7,7,0.0,0.0,0.0,0.0,0.0
supplementary,APF_tuned,template_group,supplement-g006,raw_policy_component_clip_fraction,fraction,all_primary_common_complete_success_within_stratum,7,0,,,,,
supplementary,APF_tuned,template_group,supplement-g006,raw_policy_decisions_with_clip_fraction,fraction,all_primary_common_complete_success_within_stratum,7,0,,,,,
supplementary,APF_tuned,template_group,supplement-g006,u_component_clip_fraction,fraction,all_primary_common_complete_success_within_stratum,7,7,0.004676870748299319,0.0,0.013690476190476187,0.0,0.01413690476190476
supplementary,APF_tuned,template_group,supplement-g006,u_decisions_with_clip_fraction,fraction,all_primary_common_complete_success_within_stratum,7,7,0.026785714285714284,0.0,0.07916666666666665,0.0,0.08854166666666667
supplementary,APF_tuned,template_group,supplement-g006,mean_u_abs_rad_s,rad/s,all_primary_common_complete_success_within_stratum,7,7,0.014451517391895414,0.015284954407158047,0.020914237379844262,0.005889180700487363,0.022424485210011884
supplementary,APF_tuned,template_group,supplement-g006,provider_mean_s,s/48Hz decision,all_primary_common_complete_success_within_stratum,7,7,0.0001461816579562548,0.0001444797814353175,0.00018405417287491822,9.564921416919485e-05,0.00019100974092604398
supplementary,APF_tuned,template_group,supplement-g006,core_mean_s,s/240Hz step,all_primary_common_complete_success_within_stratum,7,7,0.0005769415657033236,0.0005781208630044906,0.0005904173504101588,0.0005649716926200199,0.0005936043104763181
supplementary,APF_tuned,template_group,supplement-g006,outer_mean_s,s/240Hz step including decision when due,all_primary_common_complete_success_within_stratum,7,7,0.0007229353317381451,0.0007190927862211538,0.0007442595279735542,0.0006900192374208321,0.0007447004258210654
supplementary,APF_tuned,template_group,supplement-g007,max_error_m,m,all_primary_common_complete_success_within_stratum,2,2,5.2269427193520166e-05,5.2269427193520166e-05,5.816704042403504e-05,4.5716523604059207e-05,5.882233078298113e-05
supplementary,APF_tuned,template_group,supplement-g007,rmse_m,m,all_primary_common_complete_success_within_stratum,2,2,3.7739944509360005e-05,3.7739944509360005e-05,4.03903771268071e-05,3.479501937886322e-05,4.068486963985678e-05
supplementary,APF_tuned,template_group,supplement-g007,endpoint_error_m,m,all_primary_common_complete_success_within_stratum,2,2,3.9391853222278274e-05,3.9391853222278274e-05,4.4541798446841046e-05,3.366969186165296e-05,4.511401458290358e-05
supplementary,APF_tuned,template_group,supplement-g007,minimum_external_distance_m,m,all_primary_common_complete_success_within_stratum,2,2,0.0057762109696698205,0.0057762109696698205,0.008246185691846118,0.0030317946116961564,0.008520627327643485
supplementary,APF_tuned,template_group,supplement-g007,minimum_self_distance_m,m,all_primary_common_complete_success_within_stratum,2,2,0.02004267490195837,0.02004267490195837,0.02014370776974671,0.01993041615997132,0.020154933643945418
supplementary,APF_tuned,template_group,supplement-g007,command_smoothness_rms_rad_s2,rad/s^2,all_primary_common_complete_success_within_stratum,2,2,0.17158191838533382,0.17158191838533382,0.21567496085134616,0.1225896489786534,0.2205741877920142
supplementary,APF_tuned,template_group,supplement-g007,max_actual_arm_velocity_rad_s,rad/s,all_primary_common_complete_success_within_stratum,2,2,0.11669170576645554,0.11669170576645554,0.14235349476609477,0.08817860687796754,0.14520480465494356
supplementary,APF_tuned,template_group,supplement-g007,speed_saturated_fraction,fraction,all_primary_common_complete_success_within_stratum,2,2,0.0,0.0,0.0,0.0,0.0
supplementary,APF_tuned,template_group,supplement-g007,soft_limited_fraction,fraction,all_primary_common_complete_success_within_stratum,2,2,0.0,0.0,0.0,0.0,0.0
supplementary,APF_tuned,template_group,supplement-g007,raw_policy_component_clip_fraction,fraction,all_primary_common_complete_success_within_stratum,2,0,,,,,
supplementary,APF_tuned,template_group,supplement-g007,raw_policy_decisions_with_clip_fraction,fraction,all_primary_common_complete_success_within_stratum,2,0,,,,,
supplementary,APF_tuned,template_group,supplement-g007,u_component_clip_fraction,fraction,all_primary_common_complete_success_within_stratum,2,2,0.03459821428571428,0.03459821428571428,0.03761160714285714,0.031249999999999997,0.03794642857142857
supplementary,APF_tuned,template_group,supplement-g007,u_decisions_with_clip_fraction,fraction,all_primary_common_complete_success_within_stratum,2,2,0.20052083333333331,0.20052083333333331,0.2591145833333333,0.13541666666666666,0.265625
supplementary,APF_tuned,template_group,supplement-g007,mean_u_abs_rad_s,rad/s,all_primary_common_complete_success_within_stratum,2,2,0.02628449971071692,0.02628449971071692,0.0337215964269344,0.018021058914919712,0.03454794050651412
supplementary,APF_tuned,template_group,supplement-g007,provider_mean_s,s/48Hz decision,all_primary_common_complete_success_within_stratum,2,2,0.00013124420267255726,0.00013124420267255726,0.00014501426366374896,0.00011594413490456645,0.00014654427044054805
supplementary,APF_tuned,template_group,supplement-g007,core_mean_s,s/240Hz step,all_primary_common_complete_success_within_stratum,2,2,0.0005762328055273732,0.0005762328055273732,0.0005779565458381815,0.0005743175385153639,0.0005781480725393825
supplementary,APF_tuned,template_group,supplement-g007,outer_mean_s,s/240Hz step including decision when due,all_primary_common_complete_success_within_stratum,2,2,0.0007278682997972889,0.0007278682997972889,0.0007337710242897326,0.000721309717027907,0.0007344268825666707
supplementary,APF_tuned,template_group,supplement-g008,max_error_m,m,all_primary_common_complete_success_within_stratum,1,1,6.495098960333094e-05,6.495098960333094e-05,6.495098960333094e-05,6.495098960333094e-05,6.495098960333094e-05
supplementary,APF_tuned,template_group,supplement-g008,rmse_m,m,all_primary_common_complete_success_within_stratum,1,1,4.768069285477191e-05,4.768069285477191e-05,4.768069285477191e-05,4.768069285477191e-05,4.768069285477191e-05
supplementary,APF_tuned,template_group,supplement-g008,endpoint_error_m,m,all_primary_common_complete_success_within_stratum,1,1,4.279523654599124e-05,4.279523654599124e-05,4.279523654599124e-05,4.279523654599124e-05,4.279523654599124e-05
supplementary,APF_tuned,template_group,supplement-g008,minimum_external_distance_m,m,all_primary_common_complete_success_within_stratum,1,1,0.01478208484617903,0.01478208484617903,0.01478208484617903,0.01478208484617903,0.01478208484617903
supplementary,APF_tuned,template_group,supplement-g008,minimum_self_distance_m,m,all_primary_common_complete_success_within_stratum,1,1,0.019648669514858733,0.019648669514858733,0.019648669514858733,0.019648669514858733,0.019648669514858733
supplementary,APF_tuned,template_group,supplement-g008,command_smoothness_rms_rad_s2,rad/s^2,all_primary_common_complete_success_within_stratum,1,1,0.1166333962478544,0.1166333962478544,0.1166333962478544,0.1166333962478544,0.1166333962478544
supplementary,APF_tuned,template_group,supplement-g008,max_actual_arm_velocity_rad_s,rad/s,all_primary_common_complete_success_within_stratum,1,1,0.07274638264559291,0.07274638264559291,0.07274638264559291,0.07274638264559291,0.07274638264559291
supplementary,APF_tuned,template_group,supplement-g008,speed_saturated_fraction,fraction,all_primary_common_complete_success_within_stratum,1,1,0.0,0.0,0.0,0.0,0.0
supplementary,APF_tuned,template_group,supplement-g008,soft_limited_fraction,fraction,all_primary_common_complete_success_within_stratum,1,1,0.0,0.0,0.0,0.0,0.0
supplementary,APF_tuned,template_group,supplement-g008,raw_policy_component_clip_fraction,fraction,all_primary_common_complete_success_within_stratum,1,0,,,,,
supplementary,APF_tuned,template_group,supplement-g008,raw_policy_decisions_with_clip_fraction,fraction,all_primary_common_complete_success_within_stratum,1,0,,,,,
supplementary,APF_tuned,template_group,supplement-g008,u_component_clip_fraction,fraction,all_primary_common_complete_success_within_stratum,1,1,0.004464285714285714,0.004464285714285714,0.004464285714285714,0.004464285714285714,0.004464285714285714
supplementary,APF_tuned,template_group,supplement-g008,u_decisions_with_clip_fraction,fraction,all_primary_common_complete_success_within_stratum,1,1,0.03125,0.03125,0.03125,0.03125,0.03125
supplementary,APF_tuned,template_group,supplement-g008,mean_u_abs_rad_s,rad/s,all_primary_common_complete_success_within_stratum,1,1,0.020436601573341068,0.020436601573341068,0.020436601573341068,0.020436601573341068,0.020436601573341068
supplementary,APF_tuned,template_group,supplement-g008,provider_mean_s,s/48Hz decision,all_primary_common_complete_success_within_stratum,1,1,0.0001875826925849348,0.0001875826925849348,0.0001875826925849348,0.0001875826925849348,0.0001875826925849348
supplementary,APF_tuned,template_group,supplement-g008,core_mean_s,s/240Hz step,all_primary_common_complete_success_within_stratum,1,1,0.0005664058225496167,0.0005664058225496167,0.0005664058225496167,0.0005664058225496167,0.0005664058225496167
supplementary,APF_tuned,template_group,supplement-g008,outer_mean_s,s/240Hz step including decision when due,all_primary_common_complete_success_within_stratum,1,1,0.0007400070596304432,0.0007400070596304432,0.0007400070596304432,0.0007400070596304432,0.0007400070596304432
supplementary,APF_tuned,template_group,supplement-g009,max_error_m,m,all_primary_common_complete_success_within_stratum,1,1,4.5016028721927855e-05,4.5016028721927855e-05,4.5016028721927855e-05,4.5016028721927855e-05,4.5016028721927855e-05
supplementary,APF_tuned,template_group,supplement-g009,rmse_m,m,all_primary_common_complete_success_within_stratum,1,1,3.692621141109385e-05,3.692621141109385e-05,3.692621141109385e-05,3.692621141109385e-05,3.692621141109385e-05
supplementary,APF_tuned,template_group,supplement-g009,endpoint_error_m,m,all_primary_common_complete_success_within_stratum,1,1,3.826080062835995e-05,3.826080062835995e-05,3.826080062835995e-05,3.826080062835995e-05,3.826080062835995e-05
supplementary,APF_tuned,template_group,supplement-g009,minimum_external_distance_m,m,all_primary_common_complete_success_within_stratum,1,1,0.006731509073690398,0.006731509073690398,0.006731509073690398,0.006731509073690398,0.006731509073690398
supplementary,APF_tuned,template_group,supplement-g009,minimum_self_distance_m,m,all_primary_common_complete_success_within_stratum,1,1,0.020112482618800824,0.020112482618800824,0.020112482618800824,0.020112482618800824,0.020112482618800824
supplementary,APF_tuned,template_group,supplement-g009,command_smoothness_rms_rad_s2,rad/s^2,all_primary_common_complete_success_within_stratum,1,1,0.13803245307849477,0.13803245307849477,0.13803245307849477,0.13803245307849477,0.13803245307849477
supplementary,APF_tuned,template_group,supplement-g009,max_actual_arm_velocity_rad_s,rad/s,all_primary_common_complete_success_within_stratum,1,1,0.10316647801036813,0.10316647801036813,0.10316647801036813,0.10316647801036813,0.10316647801036813
supplementary,APF_tuned,template_group,supplement-g009,speed_saturated_fraction,fraction,all_primary_common_complete_success_within_stratum,1,1,0.0,0.0,0.0,0.0,0.0
supplementary,APF_tuned,template_group,supplement-g009,soft_limited_fraction,fraction,all_primary_common_complete_success_within_stratum,1,1,0.0,0.0,0.0,0.0,0.0
supplementary,APF_tuned,template_group,supplement-g009,raw_policy_component_clip_fraction,fraction,all_primary_common_complete_success_within_stratum,1,0,,,,,
supplementary,APF_tuned,template_group,supplement-g009,raw_policy_decisions_with_clip_fraction,fraction,all_primary_common_complete_success_within_stratum,1,0,,,,,
supplementary,APF_tuned,template_group,supplement-g009,u_component_clip_fraction,fraction,all_primary_common_complete_success_within_stratum,1,1,0.022321428571428572,0.022321428571428572,0.022321428571428572,0.022321428571428572,0.022321428571428572
supplementary,APF_tuned,template_group,supplement-g009,u_decisions_with_clip_fraction,fraction,all_primary_common_complete_success_within_stratum,1,1,0.15625,0.15625,0.15625,0.15625,0.15625
supplementary,APF_tuned,template_group,supplement-g009,mean_u_abs_rad_s,rad/s,all_primary_common_complete_success_within_stratum,1,1,0.01984278537173457,0.01984278537173457,0.01984278537173457,0.01984278537173457,0.01984278537173457
supplementary,APF_tuned,template_group,supplement-g009,provider_mean_s,s/48Hz decision,all_primary_common_complete_success_within_stratum,1,1,0.00010137532763110357,0.00010137532763110357,0.00010137532763110357,0.00010137532763110357,0.00010137532763110357
supplementary,APF_tuned,template_group,supplement-g009,core_mean_s,s/240Hz step,all_primary_common_complete_success_within_stratum,1,1,0.0005676960043880778,0.0005676960043880778,0.0005676960043880778,0.0005676960043880778,0.0005676960043880778
supplementary,APF_tuned,template_group,supplement-g009,outer_mean_s,s/240Hz step including decision when due,all_primary_common_complete_success_within_stratum,1,1,0.0007209767769685034,0.0007209767769685034,0.0007209767769685034,0.0007209767769685034,0.0007209767769685034
supplementary,APF_tuned,template_group,supplement-g010,max_error_m,m,all_primary_common_complete_success_within_stratum,8,8,4.19127423475715e-05,4.059221237854217e-05,5.02925275710428e-05,3.289312540681326e-05,5.0872728639750265e-05
supplementary,APF_tuned,template_group,supplement-g010,rmse_m,m,all_primary_common_complete_success_within_stratum,8,8,3.540338300971574e-05,3.5896094038248295e-05,3.7880872336079805e-05,3.049838747419108e-05,3.7896841187641554e-05
supplementary,APF_tuned,template_group,supplement-g010,endpoint_error_m,m,all_primary_common_complete_success_within_stratum,8,8,3.267204403215064e-05,3.2791474062684987e-05,3.846916822882087e-05,2.6644540805393578e-05,3.8823272858769085e-05
supplementary,APF_tuned,template_group,supplement-g010,minimum_external_distance_m,m,all_primary_common_complete_success_within_stratum,8,0,,,,,
supplementary,APF_tuned,template_group,supplement-g010,minimum_self_distance_m,m,all_primary_common_complete_success_within_stratum,8,8,0.020095950323302268,0.020103532992742337,0.02014817149640236,0.02002169053583879,0.020150562872721045
supplementary,APF_tuned,template_group,supplement-g010,command_smoothness_rms_rad_s2,rad/s^2,all_primary_common_complete_success_within_stratum,8,8,0.029520581560452952,0.028310057907893055,0.04032952769227624,0.01994551163895962,0.04201781293545489
supplementary,APF_tuned,template_group,supplement-g010,max_actual_arm_velocity_rad_s,rad/s,all_primary_common_complete_success_within_stratum,8,8,0.031275085047895716,0.029291778841979556,0.04499606707760527,0.021874906102194527,0.04865203018749497
supplementary,APF_tuned,template_group,supplement-g010,speed_saturated_fraction,fraction,all_primary_common_complete_success_within_stratum,8,8,0.0,0.0,0.0,0.0,0.0
supplementary,APF_tuned,template_group,supplement-g010,soft_limited_fraction,fraction,all_primary_common_complete_success_within_stratum,8,8,0.0,0.0,0.0,0.0,0.0
supplementary,APF_tuned,template_group,supplement-g010,raw_policy_component_clip_fraction,fraction,all_primary_common_complete_success_within_stratum,8,0,,,,,
supplementary,APF_tuned,template_group,supplement-g010,raw_policy_decisions_with_clip_fraction,fraction,all_primary_common_complete_success_within_stratum,8,0,,,,,
supplementary,APF_tuned,template_group,supplement-g010,u_component_clip_fraction,fraction,all_primary_common_complete_success_within_stratum,8,8,0.0,0.0,0.0,0.0,0.0
supplementary,APF_tuned,template_group,supplement-g010,u_decisions_with_clip_fraction,fraction,all_primary_common_complete_success_within_stratum,8,8,0.0,0.0,0.0,0.0,0.0
supplementary,APF_tuned,template_group,supplement-g010,mean_u_abs_rad_s,rad/s,all_primary_common_complete_success_within_stratum,8,8,0.0,0.0,0.0,0.0,0.0
supplementary,APF_tuned,template_group,supplement-g010,provider_mean_s,s/48Hz decision,all_primary_common_complete_success_within_stratum,8,8,2.759484319388624e-05,2.7432181999150394e-05,2.8222520253014712e-05,2.7236833981684565e-05,2.8462197102877933e-05
supplementary,APF_tuned,template_group,supplement-g010,core_mean_s,s/240Hz step,all_primary_common_complete_success_within_stratum,8,8,0.0005292078145013572,0.0005277310580216484,0.000539811824461746,0.0005222462024903507,0.0005440410923862753
supplementary,APF_tuned,template_group,supplement-g010,outer_mean_s,s/240Hz step including decision when due,all_primary_common_complete_success_within_stratum,8,8,0.0005570361343454048,0.0005553495779622609,0.0005683795599118942,0.0005496875394783273,0.0005729682450995218
supplementary,APF_tuned,template_group,supplement-g011,max_error_m,m,all_primary_common_complete_success_within_stratum,8,8,4.852572859774934e-05,4.5894447469897607e-05,6.463667600655e-05,3.8276251152100355e-05,6.916899772852362e-05
supplementary,APF_tuned,template_group,supplement-g011,rmse_m,m,all_primary_common_complete_success_within_stratum,8,8,3.8945130678477974e-05,3.833897719479691e-05,4.597128441569987e-05,3.24727708908342e-05,4.7753549103230755e-05
supplementary,APF_tuned,template_group,supplement-g011,endpoint_error_m,m,all_primary_common_complete_success_within_stratum,8,8,3.659111214079464e-05,3.756638527890707e-05,4.10874337115431e-05,2.681009367167632e-05,4.1564165987897896e-05
supplementary,APF_tuned,template_group,supplement-g011,minimum_external_distance_m,m,all_primary_common_complete_success_within_stratum,8,8,0.031105836671756263,0.032916815216682924,0.04546739256875788,0.015877322733144517,0.04712476248665094
supplementary,APF_tuned,template_group,supplement-g011,minimum_self_distance_m,m,all_primary_common_complete_success_within_stratum,8,8,0.02006586386531988,0.020128024822367946,0.020154762640440256,0.01972129001225216,0.020154933643945418
supplementary,APF_tuned,template_group,supplement-g011,command_smoothness_rms_rad_s2,rad/s^2,all_primary_common_complete_success_within_stratum,8,8,0.07145460337754839,0.059190875706823194,0.1458007508391126,0.025907211445490092,0.14736587009157176
supplementary,APF_tuned,template_group,supplement-g011,max_actual_arm_velocity_rad_s,rad/s,all_primary_common_complete_success_within_stratum,8,8,0.07600769559026517,0.08166163990432243,0.11598377838353678,0.0310558089477522,0.11942935432446249
supplementary,APF_tuned,template_group,supplement-g011,speed_saturated_fraction,fraction,all_primary_common_complete_success_within_stratum,8,8,0.0,0.0,0.0,0.0,0.0
supplementary,APF_tuned,template_group,supplement-g011,soft_limited_fraction,fraction,all_primary_common_complete_success_within_stratum,8,8,0.0,0.0,0.0,0.0,0.0
supplementary,APF_tuned,template_group,supplement-g011,raw_policy_component_clip_fraction,fraction,all_primary_common_complete_success_within_stratum,8,0,,,,,
supplementary,APF_tuned,template_group,supplement-g011,raw_policy_decisions_with_clip_fraction,fraction,all_primary_common_complete_success_within_stratum,8,0,,,,,
supplementary,APF_tuned,template_group,supplement-g011,u_component_clip_fraction,fraction,all_primary_common_complete_success_within_stratum,8,8,0.0016741071428571428,0.0,0.008258928571428566,0.0,0.011904761904761904
supplementary,APF_tuned,template_group,supplement-g011,u_decisions_with_clip_fraction,fraction,all_primary_common_complete_success_within_stratum,8,8,0.01171875,0.0,0.05781249999999996,0.0,0.08333333333333333
supplementary,APF_tuned,template_group,supplement-g011,mean_u_abs_rad_s,rad/s,all_primary_common_complete_success_within_stratum,8,8,0.0126222494476815,0.011155776624338696,0.02348546025715342,0.0016733545226495102,0.02351936996305762
supplementary,APF_tuned,template_group,supplement-g011,provider_mean_s,s/48Hz decision,all_primary_common_complete_success_within_stratum,8,8,0.00011902572259714363,0.0001192118668313924,0.00013971094669310938,9.36064147936122e-05,0.00014186897336306478
supplementary,APF_tuned,template_group,supplement-g011,core_mean_s,s/240Hz step,all_primary_common_complete_success_within_stratum,8,8,0.0005540970666364349,0.0005522508573297575,0.0005630666105738176,0.000549023935218429,0.0005649482707970795
supplementary,APF_tuned,template_group,supplement-g011,outer_mean_s,s/240Hz step including decision when due,all_primary_common_complete_success_within_stratum,8,8,0.0006590392983601607,0.0006595646741819412,0.0006793811019360873,0.000635756268153879,0.0006812794945290079
supplementary,APF_tuned,template_group,supplement-g013,max_error_m,m,all_primary_common_complete_success_within_stratum,6,6,6.0423092505366425e-05,6.271735834839415e-05,7.368628244906105e-05,4.0235881761616254e-05,7.376686640738686e-05
supplementary,APF_tuned,template_group,supplement-g013,rmse_m,m,all_primary_common_complete_success_within_stratum,6,6,4.9198814218156445e-05,4.918238429212539e-05,5.9141227171030354e-05,3.734076355075552e-05,6.044284681181836e-05
supplementary,APF_tuned,template_group,supplement-g013,endpoint_error_m,m,all_primary_common_complete_success_within_stratum,6,6,3.8300528851180705e-05,3.681034474695262e-05,4.7185543281431096e-05,3.2024730615872994e-05,4.866653236921895e-05
supplementary,APF_tuned,template_group,supplement-g013,minimum_external_distance_m,m,all_primary_common_complete_success_within_stratum,6,6,0.026447919556243326,0.03020492311917134,0.044956552324768244,0.0056866949652533555,0.047077705075498535
supplementary,APF_tuned,template_group,supplement-g013,minimum_self_distance_m,m,all_primary_common_complete_success_within_stratum,6,6,0.019872078210236226,0.019868727210153144,0.02008406109307929,0.019608576623747945,0.020098394272449707
supplementary,APF_tuned,template_group,supplement-g013,command_smoothness_rms_rad_s2,rad/s^2,all_primary_common_complete_success_within_stratum,6,6,0.08027883078264024,0.0762579195809011,0.1320709085593614,0.028210702527917814,0.13269237917791782
supplementary,APF_tuned,template_group,supplement-g013,max_actual_arm_velocity_rad_s,rad/s,all_primary_common_complete_success_within_stratum,6,6,0.06647853067932365,0.06748007867005601,0.10173888055265823,0.033321623930133874,0.1079366914220219
supplementary,APF_tuned,template_group,supplement-g013,speed_saturated_fraction,fraction,all_primary_common_complete_success_within_stratum,6,6,0.0,0.0,0.0,0.0,0.0
supplementary,APF_tuned,template_group,supplement-g013,soft_limited_fraction,fraction,all_primary_common_complete_success_within_stratum,6,6,0.0,0.0,0.0,0.0,0.0
supplementary,APF_tuned,template_group,supplement-g013,raw_policy_component_clip_fraction,fraction,all_primary_common_complete_success_within_stratum,6,0,,,,,
supplementary,APF_tuned,template_group,supplement-g013,raw_policy_decisions_with_clip_fraction,fraction,all_primary_common_complete_success_within_stratum,6,0,,,,,
supplementary,APF_tuned,template_group,supplement-g013,u_component_clip_fraction,fraction,all_primary_common_complete_success_within_stratum,6,6,0.015997023809523805,0.0,0.05003720238095236,0.0,0.052083333333333315
supplementary,APF_tuned,template_group,supplement-g013,u_decisions_with_clip_fraction,fraction,all_primary_common_complete_success_within_stratum,6,6,0.0720486111111111,0.0,0.23046875,0.0,0.24479166666666666
supplementary,APF_tuned,template_group,supplement-g013,mean_u_abs_rad_s,rad/s,all_primary_common_complete_success_within_stratum,6,6,0.019263830193978728,0.012489408042652451,0.041944085767492555,0.003959903591557239,0.04339906360339569
supplementary,APF_tuned,template_group,supplement-g013,provider_mean_s,s/48Hz decision,all_primary_common_complete_success_within_stratum,6,6,0.00013629775927862892,0.00014368363152546712,0.00014538452819579106,0.00010837495832068574,0.00014575929071725113
supplementary,APF_tuned,template_group,supplement-g013,core_mean_s,s/240Hz step,all_primary_common_complete_success_within_stratum,6,6,0.0005554719650060885,0.0005535874098768545,0.0005660467553146493,0.0005487173551955493,0.0005692430318352611
supplementary,APF_tuned,template_group,supplement-g013,outer_mean_s,s/240Hz step including decision when due,all_primary_common_complete_success_within_stratum,6,6,0.0006676746616398709,0.0006621238602747326,0.0006911534234935365,0.0006486223573726117,0.0006941116075419511
supplementary,APF_tuned,template_group,supplement-g015,max_error_m,m,all_primary_common_complete_success_within_stratum,8,8,4.503725548830225e-05,4.6035638567672375e-05,5.5440557374897455e-05,3.0564586213060395e-05,5.736009779739511e-05
supplementary,APF_tuned,template_group,supplement-g015,rmse_m,m,all_primary_common_complete_success_within_stratum,8,8,3.82046831001257e-05,4.048418888115147e-05,4.2005959888370146e-05,2.8336592034906272e-05,4.235666533320849e-05
supplementary,APF_tuned,template_group,supplement-g015,endpoint_error_m,m,all_primary_common_complete_success_within_stratum,8,8,3.5104170103770406e-05,3.556118962473023e-05,4.239721794843685e-05,2.6699783726529566e-05,4.2654358263554404e-05
supplementary,APF_tuned,template_group,supplement-g015,minimum_external_distance_m,m,all_primary_common_complete_success_within_stratum,8,0,,,,,
supplementary,APF_tuned,template_group,supplement-g015,minimum_self_distance_m,m,all_primary_common_complete_success_within_stratum,8,8,0.020013002557913873,0.020037865775885417,0.020144751537625388,0.019804318121781787,0.020154933643945418
supplementary,APF_tuned,template_group,supplement-g015,command_smoothness_rms_rad_s2,rad/s^2,all_primary_common_complete_success_within_stratum,8,8,0.035348698531276056,0.037070401550769586,0.04563281349600258,0.019330670331672073,0.047044493126473234
supplementary,APF_tuned,template_group,supplement-g015,max_actual_arm_velocity_rad_s,rad/s,all_primary_common_complete_success_within_stratum,8,8,0.03584538194578216,0.03564505274279025,0.04975174953096929,0.019691601245845926,0.05181618614295171
supplementary,APF_tuned,template_group,supplement-g015,speed_saturated_fraction,fraction,all_primary_common_complete_success_within_stratum,8,8,0.0,0.0,0.0,0.0,0.0
supplementary,APF_tuned,template_group,supplement-g015,soft_limited_fraction,fraction,all_primary_common_complete_success_within_stratum,8,8,0.0,0.0,0.0,0.0,0.0
supplementary,APF_tuned,template_group,supplement-g015,raw_policy_component_clip_fraction,fraction,all_primary_common_complete_success_within_stratum,8,0,,,,,
supplementary,APF_tuned,template_group,supplement-g015,raw_policy_decisions_with_clip_fraction,fraction,all_primary_common_complete_success_within_stratum,8,0,,,,,
supplementary,APF_tuned,template_group,supplement-g015,u_component_clip_fraction,fraction,all_primary_common_complete_success_within_stratum,8,8,0.0,0.0,0.0,0.0,0.0
supplementary,APF_tuned,template_group,supplement-g015,u_decisions_with_clip_fraction,fraction,all_primary_common_complete_success_within_stratum,8,8,0.0,0.0,0.0,0.0,0.0
supplementary,APF_tuned,template_group,supplement-g015,mean_u_abs_rad_s,rad/s,all_primary_common_complete_success_within_stratum,8,8,0.0,0.0,0.0,0.0,0.0
supplementary,APF_tuned,template_group,supplement-g015,provider_mean_s,s/48Hz decision,all_primary_common_complete_success_within_stratum,8,8,2.733241660735075e-05,2.7277263219123903e-05,2.7656159500111243e-05,2.7003338194238797e-05,2.7757698110993562e-05
supplementary,APF_tuned,template_group,supplement-g015,core_mean_s,s/240Hz step,all_primary_common_complete_success_within_stratum,8,8,0.0005270342516382698,0.0005273992850258461,0.0005303542178262433,0.000521199195979231,0.0005309944587073308
supplementary,APF_tuned,template_group,supplement-g015,outer_mean_s,s/240Hz step including decision when due,all_primary_common_complete_success_within_stratum,8,8,0.0005545260691898572,0.000554837897895292,0.0005579741498255923,0.000548462787749789,0.0005588571846298388
supplementary,APF_tuned,template_group,supplement-g016,max_error_m,m,all_primary_common_complete_success_within_stratum,1,1,3.486856343946367e-05,3.486856343946367e-05,3.486856343946367e-05,3.486856343946367e-05,3.486856343946367e-05
supplementary,APF_tuned,template_group,supplement-g016,rmse_m,m,all_primary_common_complete_success_within_stratum,1,1,2.3785810232389617e-05,2.3785810232389617e-05,2.3785810232389617e-05,2.3785810232389617e-05,2.3785810232389617e-05
supplementary,APF_tuned,template_group,supplement-g016,endpoint_error_m,m,all_primary_common_complete_success_within_stratum,1,1,3.483520333856799e-05,3.483520333856799e-05,3.483520333856799e-05,3.483520333856799e-05,3.483520333856799e-05
supplementary,APF_tuned,template_group,supplement-g016,minimum_external_distance_m,m,all_primary_common_complete_success_within_stratum,1,1,0.016519096485852675,0.016519096485852675,0.016519096485852675,0.016519096485852675,0.016519096485852675
supplementary,APF_tuned,template_group,supplement-g016,minimum_self_distance_m,m,all_primary_common_complete_success_within_stratum,1,1,0.01975242337210164,0.01975242337210164,0.01975242337210164,0.01975242337210164,0.01975242337210164
supplementary,APF_tuned,template_group,supplement-g016,command_smoothness_rms_rad_s2,rad/s^2,all_primary_common_complete_success_within_stratum,1,1,0.11367689852570312,0.11367689852570312,0.11367689852570312,0.11367689852570312,0.11367689852570312
supplementary,APF_tuned,template_group,supplement-g016,max_actual_arm_velocity_rad_s,rad/s,all_primary_common_complete_success_within_stratum,1,1,0.08165477901505792,0.08165477901505792,0.08165477901505792,0.08165477901505792,0.08165477901505792
supplementary,APF_tuned,template_group,supplement-g016,speed_saturated_fraction,fraction,all_primary_common_complete_success_within_stratum,1,1,0.0,0.0,0.0,0.0,0.0
supplementary,APF_tuned,template_group,supplement-g016,soft_limited_fraction,fraction,all_primary_common_complete_success_within_stratum,1,1,0.0,0.0,0.0,0.0,0.0
supplementary,APF_tuned,template_group,supplement-g016,raw_policy_component_clip_fraction,fraction,all_primary_common_complete_success_within_stratum,1,0,,,,,
supplementary,APF_tuned,template_group,supplement-g016,raw_policy_decisions_with_clip_fraction,fraction,all_primary_common_complete_success_within_stratum,1,0,,,,,
supplementary,APF_tuned,template_group,supplement-g016,u_component_clip_fraction,fraction,all_primary_common_complete_success_within_stratum,1,1,0.017113095238095236,0.017113095238095236,0.017113095238095236,0.017113095238095236,0.017113095238095236
supplementary,APF_tuned,template_group,supplement-g016,u_decisions_with_clip_fraction,fraction,all_primary_common_complete_success_within_stratum,1,1,0.11979166666666667,0.11979166666666667,0.11979166666666667,0.11979166666666667,0.11979166666666667
supplementary,APF_tuned,template_group,supplement-g016,mean_u_abs_rad_s,rad/s,all_primary_common_complete_success_within_stratum,1,1,0.028288922957214392,0.028288922957214392,0.028288922957214392,0.028288922957214392,0.028288922957214392
supplementary,APF_tuned,template_group,supplement-g016,provider_mean_s,s/48Hz decision,all_primary_common_complete_success_within_stratum,1,1,0.00016912972402375695,0.00016912972402375695,0.00016912972402375695,0.00016912972402375695,0.00016912972402375695
supplementary,APF_tuned,template_group,supplement-g016,core_mean_s,s/240Hz step,all_primary_common_complete_success_within_stratum,1,1,0.00057507891624482,0.00057507891624482,0.00057507891624482,0.00057507891624482,0.00057507891624482
supplementary,APF_tuned,template_group,supplement-g016,outer_mean_s,s/240Hz step including decision when due,all_primary_common_complete_success_within_stratum,1,1,0.0007417239028654876,0.0007417239028654876,0.0007417239028654876,0.0007417239028654876,0.0007417239028654876
supplementary,APF_tuned,template_group,supplement-g018,max_error_m,m,all_primary_common_complete_success_within_stratum,5,5,4.963270075680399e-05,5.0617368432609684e-05,5.623052668704688e-05,4.2834774686815216e-05,5.648728165620693e-05
supplementary,APF_tuned,template_group,supplement-g018,rmse_m,m,all_primary_common_complete_success_within_stratum,5,5,3.774486117098669e-05,3.982207034113089e-05,4.069717681205631e-05,3.2981061923339125e-05,4.0814669556002885e-05
supplementary,APF_tuned,template_group,supplement-g018,endpoint_error_m,m,all_primary_common_complete_success_within_stratum,5,5,2.4882117039429116e-05,2.5488288472830053e-05,2.895638745937779e-05,1.9479297464689858e-05,2.965852005561886e-05
supplementary,APF_tuned,template_group,supplement-g018,minimum_external_distance_m,m,all_primary_common_complete_success_within_stratum,5,5,0.02449561792636691,0.024712057057360445,0.03117912898570471,0.018239283922822827,0.031724057321306995
supplementary,APF_tuned,template_group,supplement-g018,minimum_self_distance_m,m,all_primary_common_complete_success_within_stratum,5,5,0.019753685020406593,0.01975367822490145,0.01975372804938988,0.019753644688746498,0.019753731022913723
supplementary,APF_tuned,template_group,supplement-g018,command_smoothness_rms_rad_s2,rad/s^2,all_primary_common_complete_success_within_stratum,5,5,0.07917414285043682,0.08048208881206662,0.09474958940424628,0.06324920490273835,0.09734396052035268
supplementary,APF_tuned,template_group,supplement-g018,max_actual_arm_velocity_rad_s,rad/s,all_primary_common_complete_success_within_stratum,5,5,0.08581622870351438,0.08972802444196692,0.09550658164367543,0.07598194344096479,0.09673553728164422
supplementary,APF_tuned,template_group,supplement-g018,speed_saturated_fraction,fraction,all_primary_common_complete_success_within_stratum,5,5,0.0,0.0,0.0,0.0,0.0
supplementary,APF_tuned,template_group,supplement-g018,soft_limited_fraction,fraction,all_primary_common_complete_success_within_stratum,5,5,0.0,0.0,0.0,0.0,0.0
supplementary,APF_tuned,template_group,supplement-g018,raw_policy_component_clip_fraction,fraction,all_primary_common_complete_success_within_stratum,5,0,,,,,
supplementary,APF_tuned,template_group,supplement-g018,raw_policy_decisions_with_clip_fraction,fraction,all_primary_common_complete_success_within_stratum,5,0,,,,,
supplementary,APF_tuned,template_group,supplement-g018,u_component_clip_fraction,fraction,all_primary_common_complete_success_within_stratum,5,5,0.018154761904761903,0.011160714285714286,0.040029761904761894,0.0,0.04241071428571428
supplementary,APF_tuned,template_group,supplement-g018,u_decisions_with_clip_fraction,fraction,all_primary_common_complete_success_within_stratum,5,5,0.12708333333333333,0.078125,0.28020833333333334,0.0,0.296875
supplementary,APF_tuned,template_group,supplement-g018,mean_u_abs_rad_s,rad/s,all_primary_common_complete_success_within_stratum,5,5,0.01829316651868837,0.016620757961807148,0.02322985377028768,0.014241846785360774,0.023770086064759825
supplementary,APF_tuned,template_group,supplement-g018,provider_mean_s,s/48Hz decision,all_primary_common_complete_success_within_stratum,5,5,0.0001409143731507356,0.00014328666672251225,0.00014484366765827873,0.00012925633852015986,0.0001451373032068659
supplementary,APF_tuned,template_group,supplement-g018,core_mean_s,s/240Hz step,all_primary_common_complete_success_within_stratum,5,5,0.0005540534450544025,0.0005548924532073822,0.0005587988874079505,0.0005491843794516171,0.0005590117677456874
supplementary,APF_tuned,template_group,supplement-g018,outer_mean_s,s/240Hz step including decision when due,all_primary_common_complete_success_within_stratum,5,5,0.0006515000548582369,0.0006473400865312821,0.000663660648321335,0.0006440218286115851,0.0006657518945758056
supplementary,APF_tuned,template_group,supplement-g020,max_error_m,m,all_primary_common_complete_success_within_stratum,8,8,5.3659239202502745e-05,5.177591742879787e-05,6.243456823400837e-05,4.6092747237439234e-05,6.383998750358262e-05
supplementary,APF_tuned,template_group,supplement-g020,rmse_m,m,all_primary_common_complete_success_within_stratum,8,8,4.067378197969966e-05,4.029185117317686e-05,4.472859731787219e-05,3.7365155123122774e-05,4.58642706193436e-05
supplementary,APF_tuned,template_group,supplement-g020,endpoint_error_m,m,all_primary_common_complete_success_within_stratum,8,8,3.294112261921716e-05,3.1939196078163316e-05,4.0716748253646944e-05,2.7164898363176926e-05,4.322135559882149e-05
supplementary,APF_tuned,template_group,supplement-g020,minimum_external_distance_m,m,all_primary_common_complete_success_within_stratum,8,0,,,,,
supplementary,APF_tuned,template_group,supplement-g020,minimum_self_distance_m,m,all_primary_common_complete_success_within_stratum,8,8,0.019895181056286074,0.01996902142515588,0.020031816148760255,0.019648766429467335,0.020034434396815563
supplementary,APF_tuned,template_group,supplement-g020,command_smoothness_rms_rad_s2,rad/s^2,all_primary_common_complete_success_within_stratum,8,8,0.03691287412072698,0.03722453922563239,0.0490824274660075,0.022523777751959493,0.049707851053017525
supplementary,APF_tuned,template_group,supplement-g020,max_actual_arm_velocity_rad_s,rad/s,all_primary_common_complete_success_within_stratum,8,8,0.039876267591764714,0.037491677417175406,0.05869667902114233,0.02371401408105045,0.060586994666423734
supplementary,APF_tuned,template_group,supplement-g020,speed_saturated_fraction,fraction,all_primary_common_complete_success_within_stratum,8,8,0.0,0.0,0.0,0.0,0.0
supplementary,APF_tuned,template_group,supplement-g020,soft_limited_fraction,fraction,all_primary_common_complete_success_within_stratum,8,8,0.0,0.0,0.0,0.0,0.0
supplementary,APF_tuned,template_group,supplement-g020,raw_policy_component_clip_fraction,fraction,all_primary_common_complete_success_within_stratum,8,0,,,,,
supplementary,APF_tuned,template_group,supplement-g020,raw_policy_decisions_with_clip_fraction,fraction,all_primary_common_complete_success_within_stratum,8,0,,,,,
supplementary,APF_tuned,template_group,supplement-g020,u_component_clip_fraction,fraction,all_primary_common_complete_success_within_stratum,8,8,0.0,0.0,0.0,0.0,0.0
supplementary,APF_tuned,template_group,supplement-g020,u_decisions_with_clip_fraction,fraction,all_primary_common_complete_success_within_stratum,8,8,0.0,0.0,0.0,0.0,0.0
supplementary,APF_tuned,template_group,supplement-g020,mean_u_abs_rad_s,rad/s,all_primary_common_complete_success_within_stratum,8,8,0.0,0.0,0.0,0.0,0.0
supplementary,APF_tuned,template_group,supplement-g020,provider_mean_s,s/48Hz decision,all_primary_common_complete_success_within_stratum,8,8,2.7417395169019677e-05,2.7245721184954164e-05,2.834690549965065e-05,2.695403024214708e-05,2.873523984211109e-05
supplementary,APF_tuned,template_group,supplement-g020,core_mean_s,s/240Hz step,all_primary_common_complete_success_within_stratum,8,8,0.0005244322169043396,0.0005230297047546628,0.0005346100622212665,0.000517062857458465,0.000536873258624837
supplementary,APF_tuned,template_group,supplement-g020,outer_mean_s,s/240Hz step including decision when due,all_primary_common_complete_success_within_stratum,8,8,0.0005520939180314599,0.0005505700297817384,0.0005627327591112893,0.0005446150643062235,0.0005652705013441543
supplementary,APF_tuned,template_group,supplement-g021,max_error_m,m,all_primary_common_complete_success_within_stratum,2,2,4.999869921969231e-05,4.999869921969231e-05,5.9483480455219554e-05,3.946005340243981e-05,6.05373450369448e-05
supplementary,APF_tuned,template_group,supplement-g021,rmse_m,m,all_primary_common_complete_success_within_stratum,2,2,4.08753288800152e-05,4.08753288800152e-05,4.6608341894326515e-05,3.450531441966929e-05,4.7245343340361105e-05
supplementary,APF_tuned,template_group,supplement-g021,endpoint_error_m,m,all_primary_common_complete_success_within_stratum,2,2,2.9706705827138954e-05,2.9706705827138954e-05,3.055025000877578e-05,2.8769434514209144e-05,3.064397714006876e-05
supplementary,APF_tuned,template_group,supplement-g021,minimum_external_distance_m,m,all_primary_common_complete_success_within_stratum,2,2,0.034550285513588755,0.034550285513588755,0.040958743923857115,0.027429776168846134,0.041670794858331375
supplementary,APF_tuned,template_group,supplement-g021,minimum_self_distance_m,m,all_primary_common_complete_success_within_stratum,2,2,0.01991265327632219,0.01991265327632219,0.020098925933022996,0.01970568365776574,0.02011962289487864
supplementary,APF_tuned,template_group,supplement-g021,command_smoothness_rms_rad_s2,rad/s^2,all_primary_common_complete_success_within_stratum,2,2,0.13055317233585476,0.13055317233585476,0.20673138158975687,0.045910717609296825,0.2151956270624127
supplementary,APF_tuned,template_group,supplement-g021,max_actual_arm_velocity_rad_s,rad/s,all_primary_common_complete_success_within_stratum,2,2,0.09775252168878057,0.09775252168878057,0.13507468031195996,0.056283456551914565,0.13922158682564656
supplementary,APF_tuned,template_group,supplement-g021,speed_saturated_fraction,fraction,all_primary_common_complete_success_within_stratum,2,2,0.0,0.0,0.0,0.0,0.0
supplementary,APF_tuned,template_group,supplement-g021,soft_limited_fraction,fraction,all_primary_common_complete_success_within_stratum,2,2,0.0,0.0,0.0,0.0,0.0
supplementary,APF_tuned,template_group,supplement-g021,raw_policy_component_clip_fraction,fraction,all_primary_common_complete_success_within_stratum,2,0,,,,,
supplementary,APF_tuned,template_group,supplement-g021,raw_policy_decisions_with_clip_fraction,fraction,all_primary_common_complete_success_within_stratum,2,0,,,,,
supplementary,APF_tuned,template_group,supplement-g021,u_component_clip_fraction,fraction,all_primary_common_complete_success_within_stratum,2,2,0.0003720238095238095,0.0003720238095238095,0.000706845238095238,0.0,0.000744047619047619
supplementary,APF_tuned,template_group,supplement-g021,u_decisions_with_clip_fraction,fraction,all_primary_common_complete_success_within_stratum,2,2,0.0026041666666666665,0.0026041666666666665,0.0049479166666666664,0.0,0.005208333333333333
supplementary,APF_tuned,template_group,supplement-g021,mean_u_abs_rad_s,rad/s,all_primary_common_complete_success_within_stratum,2,2,0.008153873802694828,0.008153873802694828,0.009274023796827341,0.006909262698103145,0.00939848490728651
supplementary,APF_tuned,template_group,supplement-g021,provider_mean_s,s/48Hz decision,all_primary_common_complete_success_within_stratum,2,2,0.0001255061818786392,0.0001255061818786392,0.00013174178933089326,0.00011857772915391251,0.00013243463460336594
supplementary,APF_tuned,template_group,supplement-g021,core_mean_s,s/240Hz step,all_primary_common_complete_success_within_stratum,2,2,0.0005674209352491744,0.0005674209352491744,0.000568251753406912,0.0005664978039627992,0.0005683440665355496
supplementary,APF_tuned,template_group,supplement-g021,outer_mean_s,s/240Hz step including decision when due,all_primary_common_complete_success_within_stratum,2,2,0.00070097300940688,0.00070097300940688,0.0007096826472297835,0.0006912956340480984,0.0007106503847656617
supplementary,APF_tuned,template_group,supplement-g022,max_error_m,m,all_primary_common_complete_success_within_stratum,4,4,4.863232667167212e-05,4.9607873658518835e-05,5.287359923171306e-05,4.2188002977886705e-05,5.312555639176409e-05
supplementary,APF_tuned,template_group,supplement-g022,rmse_m,m,all_primary_common_complete_success_within_stratum,4,4,4.439015540380015e-05,4.4026358722986694e-05,4.932586290545519e-05,3.952153228381509e-05,4.998637188541214e-05
supplementary,APF_tuned,template_group,supplement-g022,endpoint_error_m,m,all_primary_common_complete_success_within_stratum,4,4,4.126283475884083e-05,4.055013831354781e-05,4.500979526069212e-05,3.8365222488173585e-05,4.558583992009411e-05
supplementary,APF_tuned,template_group,supplement-g022,minimum_external_distance_m,m,all_primary_common_complete_success_within_stratum,4,4,0.009259648590665373,0.009025984712918135,0.012332968901720299,0.006392134365558938,0.012594490571266284
supplementary,APF_tuned,template_group,supplement-g022,minimum_self_distance_m,m,all_primary_common_complete_success_within_stratum,4,4,0.019850515661245252,0.019854407887580236,0.02001220088191347,0.019662919635269498,0.020030327234551046
supplementary,APF_tuned,template_group,supplement-g022,command_smoothness_rms_rad_s2,rad/s^2,all_primary_common_complete_success_within_stratum,4,4,0.22892517502253848,0.21467975868950184,0.28206440159307655,0.1949400881796885,0.2914010945314617
supplementary,APF_tuned,template_group,supplement-g022,max_actual_arm_velocity_rad_s,rad/s,all_primary_common_complete_success_within_stratum,4,4,0.17089232068444568,0.16865716916576234,0.1945093074709607,0.1479250708232742,0.19832987358298387
supplementary,APF_tuned,template_group,supplement-g022,speed_saturated_fraction,fraction,all_primary_common_complete_success_within_stratum,4,4,0.0,0.0,0.0,0.0,0.0
supplementary,APF_tuned,template_group,supplement-g022,soft_limited_fraction,fraction,all_primary_common_complete_success_within_stratum,4,4,0.0,0.0,0.0,0.0,0.0
supplementary,APF_tuned,template_group,supplement-g022,raw_policy_component_clip_fraction,fraction,all_primary_common_complete_success_within_stratum,4,0,,,,,
supplementary,APF_tuned,template_group,supplement-g022,raw_policy_decisions_with_clip_fraction,fraction,all_primary_common_complete_success_within_stratum,4,0,,,,,
supplementary,APF_tuned,template_group,supplement-g022,u_component_clip_fraction,fraction,all_primary_common_complete_success_within_stratum,4,4,0.0018601190476190473,0.0018601190476190475,0.0034970238095238084,0.0,0.0037202380952380946
supplementary,APF_tuned,template_group,supplement-g022,u_decisions_with_clip_fraction,fraction,all_primary_common_complete_success_within_stratum,4,4,0.013020833333333334,0.013020833333333332,0.024479166666666663,0.0,0.026041666666666668
supplementary,APF_tuned,template_group,supplement-g022,mean_u_abs_rad_s,rad/s,all_primary_common_complete_success_within_stratum,4,4,0.01849492008218168,0.0191835978765995,0.02030551586845637,0.015298687814363573,0.020313796761164137
supplementary,APF_tuned,template_group,supplement-g022,provider_mean_s,s/48Hz decision,all_primary_common_complete_success_within_stratum,4,4,9.884745895760716e-05,0.00010007617091408369,0.00010240597167315476,9.280614494855399e-05,0.00010243134905370728
supplementary,APF_tuned,template_group,supplement-g022,core_mean_s,s/240Hz step,all_primary_common_complete_success_within_stratum,4,4,0.0005642400468483781,0.0005646733587127528,0.0005682126628001545,0.0005591905685226569,0.0005684229014453497
supplementary,APF_tuned,template_group,supplement-g022,outer_mean_s,s/240Hz step including decision when due,all_primary_common_complete_success_within_stratum,4,4,0.0006838609100820274,0.0006844380144381526,0.0006985656129260558,0.0006677705767894319,0.0006987970346623722
supplementary,APF_tuned,template_group,supplement-g023,max_error_m,m,all_primary_common_complete_success_within_stratum,6,6,4.350846831510904e-05,4.082768178506336e-05,6.190711098839213e-05,2.812074007300144e-05,6.627569425511763e-05
supplementary,APF_tuned,template_group,supplement-g023,rmse_m,m,all_primary_common_complete_success_within_stratum,6,6,3.0899400576201316e-05,3.1831798079901726e-05,3.862239596368387e-05,2.0304062744570455e-05,4.071448527488495e-05
supplementary,APF_tuned,template_group,supplement-g023,endpoint_error_m,m,all_primary_common_complete_success_within_stratum,6,6,3.256194506153731e-05,3.2784478372866306e-05,3.937983646022391e-05,2.5413509010734213e-05,3.9601350694036876e-05
supplementary,APF_tuned,template_group,supplement-g023,minimum_external_distance_m,m,all_primary_common_complete_success_within_stratum,6,6,0.022395731915891753,0.020955549972741502,0.03153909540153449,0.01545446061004073,0.03239327571556404
supplementary,APF_tuned,template_group,supplement-g023,minimum_self_distance_m,m,all_primary_common_complete_success_within_stratum,6,6,0.020008818244403936,0.02005872619447286,0.020127397708420938,0.019731754583117232,0.02012780937788515
supplementary,APF_tuned,template_group,supplement-g023,command_smoothness_rms_rad_s2,rad/s^2,all_primary_common_complete_success_within_stratum,6,6,0.14209716546313592,0.14931746380319388,0.19106413540227882,0.06119255713791896,0.19154977638166276
supplementary,APF_tuned,template_group,supplement-g023,max_actual_arm_velocity_rad_s,rad/s,all_primary_common_complete_success_within_stratum,6,6,0.10661991656688542,0.11308576954166738,0.1363728639130777,0.05198000191543278,0.13794517677196078
supplementary,APF_tuned,template_group,supplement-g023,speed_saturated_fraction,fraction,all_primary_common_complete_success_within_stratum,6,6,0.0,0.0,0.0,0.0,0.0
supplementary,APF_tuned,template_group,supplement-g023,soft_limited_fraction,fraction,all_primary_common_complete_success_within_stratum,6,6,0.0,0.0,0.0,0.0,0.0
supplementary,APF_tuned,template_group,supplement-g023,raw_policy_component_clip_fraction,fraction,all_primary_common_complete_success_within_stratum,6,0,,,,,
supplementary,APF_tuned,template_group,supplement-g023,raw_policy_decisions_with_clip_fraction,fraction,all_primary_common_complete_success_within_stratum,6,0,,,,,
supplementary,APF_tuned,template_group,supplement-g023,u_component_clip_fraction,fraction,all_primary_common_complete_success_within_stratum,6,6,0.005084325396825396,0.0037202380952380946,0.013206845238095236,0.0,0.014880952380952378
supplementary,APF_tuned,template_group,supplement-g023,u_decisions_with_clip_fraction,fraction,all_primary_common_complete_success_within_stratum,6,6,0.03211805555555555,0.026041666666666668,0.07682291666666666,0.0,0.08333333333333333
supplementary,APF_tuned,template_group,supplement-g023,mean_u_abs_rad_s,rad/s,all_primary_common_complete_success_within_stratum,6,6,0.011840013605769613,0.010212922649139568,0.017228056754665683,0.007206216191640656,0.017587822212103844
supplementary,APF_tuned,template_group,supplement-g023,provider_mean_s,s/48Hz decision,all_primary_common_complete_success_within_stratum,6,6,0.00013448507504815803,0.00014336742189395107,0.00014496167257978715,9.289817141204064e-05,0.00014503796607338396
supplementary,APF_tuned,template_group,supplement-g023,core_mean_s,s/240Hz step,all_primary_common_complete_success_within_stratum,6,6,0.0005658250887639345,0.0005662600743107759,0.0005691175297821853,0.0005620724236299186,0.0005695808575486202
supplementary,APF_tuned,template_group,supplement-g023,outer_mean_s,s/240Hz step including decision when due,all_primary_common_complete_success_within_stratum,6,6,0.0006791784690651386,0.0006795992816326664,0.0006872049527601121,0.0006688867106580195,0.0006878891820027396
supplementary,PPO_best_550901,category,far,max_error_m,m,all_primary_common_complete_success_within_stratum,41,41,7.973269983082906e-05,7.888660191829955e-05,9.247505757282652e-05,6.77362987971398e-05,9.513214501013015e-05
supplementary,PPO_best_550901,category,far,rmse_m,m,all_primary_common_complete_success_within_stratum,41,41,6.3835306399416e-05,6.297116547071184e-05,7.203061779577795e-05,5.805107311378313e-05,7.39485165559025e-05
supplementary,PPO_best_550901,category,far,endpoint_error_m,m,all_primary_common_complete_success_within_stratum,41,41,3.235057550330023e-05,3.150211202680649e-05,3.836074038556552e-05,2.8317083527986953e-05,3.8990671723173874e-05
supplementary,PPO_best_550901,category,far,minimum_external_distance_m,m,all_primary_common_complete_success_within_stratum,41,0,,,,,
supplementary,PPO_best_550901,category,far,minimum_self_distance_m,m,all_primary_common_complete_success_within_stratum,41,41,0.019711175809048,0.019740206535006972,0.019781731017016004,0.019563566819893005,0.01978183240273764
supplementary,PPO_best_550901,category,far,command_smoothness_rms_rad_s2,rad/s^2,all_primary_common_complete_success_within_stratum,41,41,0.1767994814086821,0.17738743987474548,0.1827010735416924,0.1685221193236725,0.1850948598561549
supplementary,PPO_best_550901,category,far,max_actual_arm_velocity_rad_s,rad/s,all_primary_common_complete_success_within_stratum,41,41,0.25466221216330553,0.2515731186611186,0.26755611413654234,0.2515283807799172,0.27321615790184267
supplementary,PPO_best_550901,category,far,speed_saturated_fraction,fraction,all_primary_common_complete_success_within_stratum,41,41,0.0,0.0,0.0,0.0,0.0
supplementary,PPO_best_550901,category,far,soft_limited_fraction,fraction,all_primary_common_complete_success_within_stratum,41,41,0.0,0.0,0.0,0.0,0.0
supplementary,PPO_best_550901,category,far,raw_policy_component_clip_fraction,fraction,all_primary_common_complete_success_within_stratum,41,41,0.42857142857142855,0.42857142857142855,0.42857142857142855,0.42857142857142855,0.42857142857142855
supplementary,PPO_best_550901,category,far,raw_policy_decisions_with_clip_fraction,fraction,all_primary_common_complete_success_within_stratum,41,41,1.0,1.0,1.0,1.0,1.0
supplementary,PPO_best_550901,category,far,u_component_clip_fraction,fraction,all_primary_common_complete_success_within_stratum,41,41,0.0,0.0,0.0,0.0,0.0
supplementary,PPO_best_550901,category,far,u_decisions_with_clip_fraction,fraction,all_primary_common_complete_success_within_stratum,41,41,0.0,0.0,0.0,0.0,0.0
supplementary,PPO_best_550901,category,far,mean_u_abs_rad_s,rad/s,all_primary_common_complete_success_within_stratum,41,41,0.1375882881203543,0.13721345705645427,0.1401712243023905,0.134666365402795,0.14105640705674885
supplementary,PPO_best_550901,category,far,provider_mean_s,s/48Hz decision,all_primary_common_complete_success_within_stratum,41,41,0.00026023075481607815,0.0002544310377743386,0.00028691585945731884,0.000249581797712987,0.0003615137182653901
supplementary,PPO_best_550901,category,far,core_mean_s,s/240Hz step,all_primary_common_complete_success_within_stratum,41,41,0.0005436154588200062,0.0005417775066841083,0.00055525941900972,0.0005317794179063639,0.0005740644957768382
supplementary,PPO_best_550901,category,far,outer_mean_s,s/240Hz step including decision when due,all_primary_common_complete_success_within_stratum,41,41,0.000618233916763226,0.0006158739012486573,0.0006404618427647316,0.0006048633062770629,0.0006676651870899756
supplementary,PPO_best_550901,category,near_link,max_error_m,m,all_primary_common_complete_success_within_stratum,43,43,6.166746724388854e-05,6.071474786067187e-05,8.678830394031935e-05,3.9124539894758966e-05,9.14434418738277e-05
supplementary,PPO_best_550901,category,near_link,rmse_m,m,all_primary_common_complete_success_within_stratum,43,43,4.664172730015748e-05,4.750048291228526e-05,6.630443320973728e-05,2.5989773065583812e-05,7.468023138913621e-05
supplementary,PPO_best_550901,category,near_link,endpoint_error_m,m,all_primary_common_complete_success_within_stratum,43,43,4.918865834143069e-05,4.7011455127507765e-05,6.104218761779632e-05,3.2922051747187536e-05,8.919646682766549e-05
supplementary,PPO_best_550901,category,near_link,minimum_external_distance_m,m,all_primary_common_complete_success_within_stratum,43,43,0.02600716659647019,0.024336234954294447,0.04751442713967935,0.002116557785720591,0.04887227722096568
supplementary,PPO_best_550901,category,near_link,minimum_self_distance_m,m,all_primary_common_complete_success_within_stratum,43,43,0.01956732367295153,0.019579194126342098,0.019642891150701464,0.019422466705202625,0.0197732214625837
supplementary,PPO_best_550901,category,near_link,command_smoothness_rms_rad_s2,rad/s^2,all_primary_common_complete_success_within_stratum,43,43,0.6244397654088311,0.5940242151931445,1.109063509934307,0.1593432142286761,1.1404728714344834
supplementary,PPO_best_550901,category,near_link,max_actual_arm_velocity_rad_s,rad/s,all_primary_common_complete_success_within_stratum,43,43,0.26169566619459206,0.2690175248477533,0.2986859727572296,0.09478326544639629,0.3174310077680971
supplementary,PPO_best_550901,category,near_link,speed_saturated_fraction,fraction,all_primary_common_complete_success_within_stratum,43,43,0.0,0.0,0.0,0.0,0.0
supplementary,PPO_best_550901,category,near_link,soft_limited_fraction,fraction,all_primary_common_complete_success_within_stratum,43,43,0.0,0.0,0.0,0.0,0.0
supplementary,PPO_best_550901,category,near_link,raw_policy_component_clip_fraction,fraction,all_primary_common_complete_success_within_stratum,43,43,0.4388669712070875,0.4962797619047618,0.5700148809523807,0.0,0.5714285714285713
supplementary,PPO_best_550901,category,near_link,raw_policy_decisions_with_clip_fraction,fraction,all_primary_common_complete_success_within_stratum,43,43,0.9523982558139535,1.0,1.0,0.0,1.0
supplementary,PPO_best_550901,category,near_link,u_component_clip_fraction,fraction,all_primary_common_complete_success_within_stratum,43,43,0.0,0.0,0.0,0.0,0.0
supplementary,PPO_best_550901,category,near_link,u_decisions_with_clip_fraction,fraction,all_primary_common_complete_success_within_stratum,43,43,0.0,0.0,0.0,0.0,0.0
supplementary,PPO_best_550901,category,near_link,mean_u_abs_rad_s,rad/s,all_primary_common_complete_success_within_stratum,43,43,0.1438295221204435,0.15267558115329372,0.1658698379877023,0.050234288706373524,0.1667019152686754
supplementary,PPO_best_550901,category,near_link,provider_mean_s,s/48Hz decision,all_primary_common_complete_success_within_stratum,43,43,0.000304307312225594,0.00029844944341069396,0.00034103361435882106,0.00027926853666334256,0.0003906072229256097
supplementary,PPO_best_550901,category,near_link,core_mean_s,s/240Hz step,all_primary_common_complete_success_within_stratum,43,43,0.0005787687562228395,0.0005756929763265362,0.0005885662410400981,0.0005605506177441081,0.0006822344825498779
supplementary,PPO_best_550901,category,near_link,outer_mean_s,s/240Hz step including decision when due,all_primary_common_complete_success_within_stratum,43,43,0.0007273382762529461,0.0007193970171101682,0.0007776849493954311,0.0006828953294037395,0.0008249762270982804
supplementary,PPO_best_550901,category,tight_layout,max_error_m,m,all_primary_common_complete_success_within_stratum,7,7,6.626318978228539e-05,6.331365535105296e-05,8.436505794004946e-05,5.434849167949611e-05,8.896319733387328e-05
supplementary,PPO_best_550901,category,tight_layout,rmse_m,m,all_primary_common_complete_success_within_stratum,7,7,5.3018009430637857e-05,4.886723883615786e-05,6.880038596181479e-05,4.482055329690871e-05,7.376116750247409e-05
supplementary,PPO_best_550901,category,tight_layout,endpoint_error_m,m,all_primary_common_complete_success_within_stratum,7,7,5.7896421264368145e-05,5.4421289748058784e-05,6.987410456092383e-05,4.7508601944116825e-05,7.283483635311369e-05
supplementary,PPO_best_550901,category,tight_layout,minimum_external_distance_m,m,all_primary_common_complete_success_within_stratum,7,7,0.007903217910813077,0.007200956651543217,0.012071447232174314,0.0030317946116961564,0.012594490571266284
supplementary,PPO_best_550901,category,tight_layout,minimum_self_distance_m,m,all_primary_common_complete_success_within_stratum,7,7,0.01963551878323106,0.019641121942116216,0.019642616653573364,0.019618134588520623,0.019642740116454505
supplementary,PPO_best_550901,category,tight_layout,command_smoothness_rms_rad_s2,rad/s^2,all_primary_common_complete_success_within_stratum,7,7,0.4980398475557185,0.5900198949918655,0.6297783118963487,0.23196032466240687,0.6394952932552332
supplementary,PPO_best_550901,category,tight_layout,max_actual_arm_velocity_rad_s,rad/s,all_primary_common_complete_success_within_stratum,7,7,0.26496752020186615,0.26952526416886075,0.27318999957637974,0.24231910580676103,0.2732405373600348
supplementary,PPO_best_550901,category,tight_layout,speed_saturated_fraction,fraction,all_primary_common_complete_success_within_stratum,7,7,0.0,0.0,0.0,0.0,0.0
supplementary,PPO_best_550901,category,tight_layout,soft_limited_fraction,fraction,all_primary_common_complete_success_within_stratum,7,7,0.0,0.0,0.0,0.0,0.0
supplementary,PPO_best_550901,category,tight_layout,raw_policy_component_clip_fraction,fraction,all_primary_common_complete_success_within_stratum,7,7,0.524234693877551,0.46279761904761907,0.666592261904762,0.42857142857142855,0.6770833333333334
supplementary,PPO_best_550901,category,tight_layout,raw_policy_decisions_with_clip_fraction,fraction,all_primary_common_complete_success_within_stratum,7,7,1.0,1.0,1.0,1.0,1.0
supplementary,PPO_best_550901,category,tight_layout,u_component_clip_fraction,fraction,all_primary_common_complete_success_within_stratum,7,7,0.0,0.0,0.0,0.0,0.0
supplementary,PPO_best_550901,category,tight_layout,u_decisions_with_clip_fraction,fraction,all_primary_common_complete_success_within_stratum,7,7,0.0,0.0,0.0,0.0,0.0
supplementary,PPO_best_550901,category,tight_layout,mean_u_abs_rad_s,rad/s,all_primary_common_complete_success_within_stratum,7,7,0.15925278502914794,0.1555841950204922,0.16893192938832463,0.15174652182364037,0.16894454277893858
supplementary,PPO_best_550901,category,tight_layout,provider_mean_s,s/48Hz decision,all_primary_common_complete_success_within_stratum,7,7,0.0003252279055968323,0.0003245717715193071,0.0003774452237697308,0.00029274701955728233,0.0003967401147140966
supplementary,PPO_best_550901,category,tight_layout,core_mean_s,s/240Hz step,all_primary_common_complete_success_within_stratum,7,7,0.000583730756581991,0.0005816279378147252,0.0006003611116193496,0.0005679058648335437,0.000605401495067781
supplementary,PPO_best_550901,category,tight_layout,outer_mean_s,s/240Hz step including decision when due,all_primary_common_complete_success_within_stratum,7,7,0.0007555933660374389,0.0007455511158392862,0.00079775422785436,0.0007073771473793992,0.0008028347850389158
supplementary,PPO_best_550901,template_group,supplement-g000,max_error_m,m,all_primary_common_complete_success_within_stratum,9,9,8.768655223971301e-05,8.799307353207456e-05,9.425772030755673e-05,7.866016763510482e-05,9.513214501013015e-05
supplementary,PPO_best_550901,template_group,supplement-g000,rmse_m,m,all_primary_common_complete_success_within_stratum,9,9,6.94764245411858e-05,7.066138488527629e-05,7.32602717150451e-05,6.495634240061843e-05,7.39485165559025e-05
supplementary,PPO_best_550901,template_group,supplement-g000,endpoint_error_m,m,all_primary_common_complete_success_within_stratum,9,9,3.515324746371873e-05,3.560160331081425e-05,3.8606562334782e-05,2.9584843441500737e-05,3.8990671723173874e-05
supplementary,PPO_best_550901,template_group,supplement-g000,minimum_external_distance_m,m,all_primary_common_complete_success_within_stratum,9,0,,,,,
supplementary,PPO_best_550901,template_group,supplement-g000,minimum_self_distance_m,m,all_primary_common_complete_success_within_stratum,9,9,0.01972085511966999,0.019734513653598205,0.019778318385871775,0.01957235570810835,0.019781731017016004
supplementary,PPO_best_550901,template_group,supplement-g000,command_smoothness_rms_rad_s2,rad/s^2,all_primary_common_complete_success_within_stratum,9,9,0.17701234285746079,0.17606722516838547,0.18307887062736117,0.17089736913036044,0.18333073535114036
supplementary,PPO_best_550901,template_group,supplement-g000,max_actual_arm_velocity_rad_s,rad/s,all_primary_common_complete_success_within_stratum,9,9,0.25642088159574405,0.25614188106223706,0.2636967559083766,0.2516564774671492,0.26755611413654234
supplementary,PPO_best_550901,template_group,supplement-g000,speed_saturated_fraction,fraction,all_primary_common_complete_success_within_stratum,9,9,0.0,0.0,0.0,0.0,0.0
supplementary,PPO_best_550901,template_group,supplement-g000,soft_limited_fraction,fraction,all_primary_common_complete_success_within_stratum,9,9,0.0,0.0,0.0,0.0,0.0
supplementary,PPO_best_550901,template_group,supplement-g000,raw_policy_component_clip_fraction,fraction,all_primary_common_complete_success_within_stratum,9,9,0.42857142857142855,0.42857142857142855,0.42857142857142855,0.42857142857142855,0.42857142857142855
supplementary,PPO_best_550901,template_group,supplement-g000,raw_policy_decisions_with_clip_fraction,fraction,all_primary_common_complete_success_within_stratum,9,9,1.0,1.0,1.0,1.0,1.0
supplementary,PPO_best_550901,template_group,supplement-g000,u_component_clip_fraction,fraction,all_primary_common_complete_success_within_stratum,9,9,0.0,0.0,0.0,0.0,0.0
supplementary,PPO_best_550901,template_group,supplement-g000,u_decisions_with_clip_fraction,fraction,all_primary_common_complete_success_within_stratum,9,9,0.0,0.0,0.0,0.0,0.0
supplementary,PPO_best_550901,template_group,supplement-g000,mean_u_abs_rad_s,rad/s,all_primary_common_complete_success_within_stratum,9,9,0.13804421150642965,0.1380236163491472,0.13917512115268482,0.13622667349076698,0.13920033825561406
supplementary,PPO_best_550901,template_group,supplement-g000,provider_mean_s,s/48Hz decision,all_primary_common_complete_success_within_stratum,9,9,0.0002558994524911719,0.0002544310377743386,0.00026144539284966113,0.00025309137481599464,0.0002643072872767031
supplementary,PPO_best_550901,template_group,supplement-g000,core_mean_s,s/240Hz step,all_primary_common_complete_success_within_stratum,9,9,0.0005372174868507837,0.0005366203723194,0.0005416662581713657,0.0005317794179063639,0.0005416723131020263
supplementary,PPO_best_550901,template_group,supplement-g000,outer_mean_s,s/240Hz step including decision when due,all_primary_common_complete_success_within_stratum,9,9,0.0006109119403912768,0.0006102942825236823,0.0006154812848399161,0.0006048633062770629,0.0006158739012486573
supplementary,PPO_best_550901,template_group,supplement-g001,max_error_m,m,all_primary_common_complete_success_within_stratum,0,0,,,,,
supplementary,PPO_best_550901,template_group,supplement-g001,rmse_m,m,all_primary_common_complete_success_within_stratum,0,0,,,,,
supplementary,PPO_best_550901,template_group,supplement-g001,endpoint_error_m,m,all_primary_common_complete_success_within_stratum,0,0,,,,,
supplementary,PPO_best_550901,template_group,supplement-g001,minimum_external_distance_m,m,all_primary_common_complete_success_within_stratum,0,0,,,,,
supplementary,PPO_best_550901,template_group,supplement-g001,minimum_self_distance_m,m,all_primary_common_complete_success_within_stratum,0,0,,,,,
supplementary,PPO_best_550901,template_group,supplement-g001,command_smoothness_rms_rad_s2,rad/s^2,all_primary_common_complete_success_within_stratum,0,0,,,,,
supplementary,PPO_best_550901,template_group,supplement-g001,max_actual_arm_velocity_rad_s,rad/s,all_primary_common_complete_success_within_stratum,0,0,,,,,
supplementary,PPO_best_550901,template_group,supplement-g001,speed_saturated_fraction,fraction,all_primary_common_complete_success_within_stratum,0,0,,,,,
supplementary,PPO_best_550901,template_group,supplement-g001,soft_limited_fraction,fraction,all_primary_common_complete_success_within_stratum,0,0,,,,,
supplementary,PPO_best_550901,template_group,supplement-g001,raw_policy_component_clip_fraction,fraction,all_primary_common_complete_success_within_stratum,0,0,,,,,
supplementary,PPO_best_550901,template_group,supplement-g001,raw_policy_decisions_with_clip_fraction,fraction,all_primary_common_complete_success_within_stratum,0,0,,,,,
supplementary,PPO_best_550901,template_group,supplement-g001,u_component_clip_fraction,fraction,all_primary_common_complete_success_within_stratum,0,0,,,,,
supplementary,PPO_best_550901,template_group,supplement-g001,u_decisions_with_clip_fraction,fraction,all_primary_common_complete_success_within_stratum,0,0,,,,,
supplementary,PPO_best_550901,template_group,supplement-g001,mean_u_abs_rad_s,rad/s,all_primary_common_complete_success_within_stratum,0,0,,,,,
supplementary,PPO_best_550901,template_group,supplement-g001,provider_mean_s,s/48Hz decision,all_primary_common_complete_success_within_stratum,0,0,,,,,
supplementary,PPO_best_550901,template_group,supplement-g001,core_mean_s,s/240Hz step,all_primary_common_complete_success_within_stratum,0,0,,,,,
supplementary,PPO_best_550901,template_group,supplement-g001,outer_mean_s,s/240Hz step including decision when due,all_primary_common_complete_success_within_stratum,0,0,,,,,
supplementary,PPO_best_550901,template_group,supplement-g002,max_error_m,m,all_primary_common_complete_success_within_stratum,0,0,,,,,
supplementary,PPO_best_550901,template_group,supplement-g002,rmse_m,m,all_primary_common_complete_success_within_stratum,0,0,,,,,
supplementary,PPO_best_550901,template_group,supplement-g002,endpoint_error_m,m,all_primary_common_complete_success_within_stratum,0,0,,,,,
supplementary,PPO_best_550901,template_group,supplement-g002,minimum_external_distance_m,m,all_primary_common_complete_success_within_stratum,0,0,,,,,
supplementary,PPO_best_550901,template_group,supplement-g002,minimum_self_distance_m,m,all_primary_common_complete_success_within_stratum,0,0,,,,,
supplementary,PPO_best_550901,template_group,supplement-g002,command_smoothness_rms_rad_s2,rad/s^2,all_primary_common_complete_success_within_stratum,0,0,,,,,
supplementary,PPO_best_550901,template_group,supplement-g002,max_actual_arm_velocity_rad_s,rad/s,all_primary_common_complete_success_within_stratum,0,0,,,,,
supplementary,PPO_best_550901,template_group,supplement-g002,speed_saturated_fraction,fraction,all_primary_common_complete_success_within_stratum,0,0,,,,,
supplementary,PPO_best_550901,template_group,supplement-g002,soft_limited_fraction,fraction,all_primary_common_complete_success_within_stratum,0,0,,,,,
supplementary,PPO_best_550901,template_group,supplement-g002,raw_policy_component_clip_fraction,fraction,all_primary_common_complete_success_within_stratum,0,0,,,,,
supplementary,PPO_best_550901,template_group,supplement-g002,raw_policy_decisions_with_clip_fraction,fraction,all_primary_common_complete_success_within_stratum,0,0,,,,,
supplementary,PPO_best_550901,template_group,supplement-g002,u_component_clip_fraction,fraction,all_primary_common_complete_success_within_stratum,0,0,,,,,
supplementary,PPO_best_550901,template_group,supplement-g002,u_decisions_with_clip_fraction,fraction,all_primary_common_complete_success_within_stratum,0,0,,,,,
supplementary,PPO_best_550901,template_group,supplement-g002,mean_u_abs_rad_s,rad/s,all_primary_common_complete_success_within_stratum,0,0,,,,,
supplementary,PPO_best_550901,template_group,supplement-g002,provider_mean_s,s/48Hz decision,all_primary_common_complete_success_within_stratum,0,0,,,,,
supplementary,PPO_best_550901,template_group,supplement-g002,core_mean_s,s/240Hz step,all_primary_common_complete_success_within_stratum,0,0,,,,,
supplementary,PPO_best_550901,template_group,supplement-g002,outer_mean_s,s/240Hz step including decision when due,all_primary_common_complete_success_within_stratum,0,0,,,,,
supplementary,PPO_best_550901,template_group,supplement-g003,max_error_m,m,all_primary_common_complete_success_within_stratum,7,7,4.910716268975672e-05,4.669463881836165e-05,5.66847927901939e-05,3.982031527752974e-05,5.670486478788307e-05
supplementary,PPO_best_550901,template_group,supplement-g003,rmse_m,m,all_primary_common_complete_success_within_stratum,7,7,4.0127320760588714e-05,3.9627503086160484e-05,4.6346392278236925e-05,3.442597490871064e-05,4.750048291228526e-05
supplementary,PPO_best_550901,template_group,supplement-g003,endpoint_error_m,m,all_primary_common_complete_success_within_stratum,7,7,3.7701517065473666e-05,3.7451558522491336e-05,4.0883152445697235e-05,3.2922051747187536e-05,4.144608260051583e-05
supplementary,PPO_best_550901,template_group,supplement-g003,minimum_external_distance_m,m,all_primary_common_complete_success_within_stratum,7,7,0.022067353403512586,0.02223653847877058,0.03912444793567464,0.002116557785720591,0.04508392004120823
supplementary,PPO_best_550901,template_group,supplement-g003,minimum_self_distance_m,m,all_primary_common_complete_success_within_stratum,7,7,0.019633428432540487,0.01964177624004549,0.019642887136724674,0.019600251627929326,0.019642957640374978
supplementary,PPO_best_550901,template_group,supplement-g003,command_smoothness_rms_rad_s2,rad/s^2,all_primary_common_complete_success_within_stratum,7,7,0.755439900914659,0.710796446266117,0.9091419457266483,0.5928734451097317,0.9308652987072439
supplementary,PPO_best_550901,template_group,supplement-g003,max_actual_arm_velocity_rad_s,rad/s,all_primary_common_complete_success_within_stratum,7,7,0.26608128953267907,0.2666654277150874,0.2819839636687627,0.24785940461970007,0.2866817051253144
supplementary,PPO_best_550901,template_group,supplement-g003,speed_saturated_fraction,fraction,all_primary_common_complete_success_within_stratum,7,7,0.0,0.0,0.0,0.0,0.0
supplementary,PPO_best_550901,template_group,supplement-g003,soft_limited_fraction,fraction,all_primary_common_complete_success_within_stratum,7,7,0.0,0.0,0.0,0.0,0.0
supplementary,PPO_best_550901,template_group,supplement-g003,raw_policy_component_clip_fraction,fraction,all_primary_common_complete_success_within_stratum,7,7,0.4965986394557822,0.5014880952380952,0.5288690476190474,0.42857142857142855,0.5319940476190474
supplementary,PPO_best_550901,template_group,supplement-g003,raw_policy_decisions_with_clip_fraction,fraction,all_primary_common_complete_success_within_stratum,7,7,1.0,1.0,1.0,1.0,1.0
supplementary,PPO_best_550901,template_group,supplement-g003,u_component_clip_fraction,fraction,all_primary_common_complete_success_within_stratum,7,7,0.0,0.0,0.0,0.0,0.0
supplementary,PPO_best_550901,template_group,supplement-g003,u_decisions_with_clip_fraction,fraction,all_primary_common_complete_success_within_stratum,7,7,0.0,0.0,0.0,0.0,0.0
supplementary,PPO_best_550901,template_group,supplement-g003,mean_u_abs_rad_s,rad/s,all_primary_common_complete_success_within_stratum,7,7,0.15780944616255052,0.15637829631977226,0.16327564198139866,0.15388519739485457,0.1638063396853838
supplementary,PPO_best_550901,template_group,supplement-g003,provider_mean_s,s/48Hz decision,all_primary_common_complete_success_within_stratum,7,7,0.00030837215217616176,0.0003111697645484431,0.00031411006161761177,0.0002935313529330112,0.0003145679011140601
supplementary,PPO_best_550901,template_group,supplement-g003,core_mean_s,s/240Hz step,all_primary_common_complete_success_within_stratum,7,7,0.0005740304614803227,0.0005730294612173262,0.0005789403532192712,0.0005712777161231013,0.000579910429072091
supplementary,PPO_best_550901,template_group,supplement-g003,outer_mean_s,s/240Hz step including decision when due,all_primary_common_complete_success_within_stratum,7,7,0.0007349972497779942,0.0007349238305020359,0.0007566148024549572,0.000708024876773076,0.000757492908602823
supplementary,PPO_best_550901,template_group,supplement-g005,max_error_m,m,all_primary_common_complete_success_within_stratum,8,8,7.750422164780937e-05,7.643493929983567e-05,8.243174661180362e-05,7.209430008320193e-05,8.31044144702385e-05
supplementary,PPO_best_550901,template_group,supplement-g005,rmse_m,m,all_primary_common_complete_success_within_stratum,8,8,6.204352026865342e-05,6.216011836284076e-05,6.569281085579322e-05,5.8674886315245e-05,6.63982715808201e-05
supplementary,PPO_best_550901,template_group,supplement-g005,endpoint_error_m,m,all_primary_common_complete_success_within_stratum,8,8,3.357846722578491e-05,3.329323002987136e-05,3.8588738986208845e-05,2.9854777268818592e-05,3.8711507463478325e-05
supplementary,PPO_best_550901,template_group,supplement-g005,minimum_external_distance_m,m,all_primary_common_complete_success_within_stratum,8,0,,,,,
supplementary,PPO_best_550901,template_group,supplement-g005,minimum_self_distance_m,m,all_primary_common_complete_success_within_stratum,8,8,0.01961404642167574,0.01959877156930139,0.01970319305456994,0.019563566819893005,0.019731714517676247
supplementary,PPO_best_550901,template_group,supplement-g005,command_smoothness_rms_rad_s2,rad/s^2,all_primary_common_complete_success_within_stratum,8,8,0.17815559828059574,0.1778127893786326,0.1841149064748428,0.1714125087560843,0.1850948598561549
supplementary,PPO_best_550901,template_group,supplement-g005,max_actual_arm_velocity_rad_s,rad/s,all_primary_common_complete_success_within_stratum,8,8,0.2619971808156891,0.26106480627968365,0.27267640916364017,0.2528197563048925,0.27321615790184267
supplementary,PPO_best_550901,template_group,supplement-g005,speed_saturated_fraction,fraction,all_primary_common_complete_success_within_stratum,8,8,0.0,0.0,0.0,0.0,0.0
supplementary,PPO_best_550901,template_group,supplement-g005,soft_limited_fraction,fraction,all_primary_common_complete_success_within_stratum,8,8,0.0,0.0,0.0,0.0,0.0
supplementary,PPO_best_550901,template_group,supplement-g005,raw_policy_component_clip_fraction,fraction,all_primary_common_complete_success_within_stratum,8,8,0.42857142857142855,0.42857142857142855,0.42857142857142855,0.42857142857142855,0.42857142857142855
supplementary,PPO_best_550901,template_group,supplement-g005,raw_policy_decisions_with_clip_fraction,fraction,all_primary_common_complete_success_within_stratum,8,8,1.0,1.0,1.0,1.0,1.0
supplementary,PPO_best_550901,template_group,supplement-g005,u_component_clip_fraction,fraction,all_primary_common_complete_success_within_stratum,8,8,0.0,0.0,0.0,0.0,0.0
supplementary,PPO_best_550901,template_group,supplement-g005,u_decisions_with_clip_fraction,fraction,all_primary_common_complete_success_within_stratum,8,8,0.0,0.0,0.0,0.0,0.0
supplementary,PPO_best_550901,template_group,supplement-g005,mean_u_abs_rad_s,rad/s,all_primary_common_complete_success_within_stratum,8,8,0.1398705120162395,0.13960553947392673,0.14090661950642241,0.13912995190226607,0.14105640705674885
supplementary,PPO_best_550901,template_group,supplement-g005,provider_mean_s,s/48Hz decision,all_primary_common_complete_success_within_stratum,8,8,0.0002563086229467141,0.0002551432817957296,0.00026245772148740797,0.0002497285887936111,0.00026311473372212885
supplementary,PPO_best_550901,template_group,supplement-g005,core_mean_s,s/240Hz step,all_primary_common_complete_success_within_stratum,8,8,0.0005394512851845926,0.0005396986504668652,0.0005429058909567175,0.0005352822916089887,0.000543105053960365
supplementary,PPO_best_550901,template_group,supplement-g005,outer_mean_s,s/240Hz step including decision when due,all_primary_common_complete_success_within_stratum,8,8,0.000613186432110524,0.000612765539957157,0.0006179984915949414,0.0006084854759440835,0.0006180354607749905
supplementary,PPO_best_550901,template_group,supplement-g006,max_error_m,m,all_primary_common_complete_success_within_stratum,7,7,7.433054658316027e-05,7.350109101419365e-05,9.076934935997904e-05,5.595200548683978e-05,9.14434418738277e-05
supplementary,PPO_best_550901,template_group,supplement-g006,rmse_m,m,all_primary_common_complete_success_within_stratum,7,7,5.9722347875766905e-05,5.749414637376693e-05,7.293263463841601e-05,4.63536607474363e-05,7.468023138913621e-05
supplementary,PPO_best_550901,template_group,supplement-g006,endpoint_error_m,m,all_primary_common_complete_success_within_stratum,7,7,6.181989321331418e-05,6.0688658469545036e-05,8.350205667487489e-05,4.307652288183185e-05,8.919646682766549e-05
supplementary,PPO_best_550901,template_group,supplement-g006,minimum_external_distance_m,m,all_primary_common_complete_success_within_stratum,7,7,0.025907474561308604,0.02072865491848172,0.04158684970351456,0.013856875066322674,0.041851902887720935
supplementary,PPO_best_550901,template_group,supplement-g006,minimum_self_distance_m,m,all_primary_common_complete_success_within_stratum,7,7,0.01961639930084929,0.019620945356781674,0.019734127986435503,0.019471093169739002,0.0197732214625837
supplementary,PPO_best_550901,template_group,supplement-g006,command_smoothness_rms_rad_s2,rad/s^2,all_primary_common_complete_success_within_stratum,7,7,0.6370288788866858,0.6228619139455304,0.9871884768275928,0.1593432142286761,1.0416422175824986
supplementary,PPO_best_550901,template_group,supplement-g006,max_actual_arm_velocity_rad_s,rad/s,all_primary_common_complete_success_within_stratum,7,7,0.27821716242135425,0.2783985136769842,0.28187095922240707,0.2725123566811984,0.28203839359612987
supplementary,PPO_best_550901,template_group,supplement-g006,speed_saturated_fraction,fraction,all_primary_common_complete_success_within_stratum,7,7,0.0,0.0,0.0,0.0,0.0
supplementary,PPO_best_550901,template_group,supplement-g006,soft_limited_fraction,fraction,all_primary_common_complete_success_within_stratum,7,7,0.0,0.0,0.0,0.0,0.0
supplementary,PPO_best_550901,template_group,supplement-g006,raw_policy_component_clip_fraction,fraction,all_primary_common_complete_success_within_stratum,7,7,0.4950042517006802,0.49627976190476186,0.5584077380952379,0.4077380952380952,0.5617559523809522
supplementary,PPO_best_550901,template_group,supplement-g006,raw_policy_decisions_with_clip_fraction,fraction,all_primary_common_complete_success_within_stratum,7,7,1.0,1.0,1.0,1.0,1.0
supplementary,PPO_best_550901,template_group,supplement-g006,u_component_clip_fraction,fraction,all_primary_common_complete_success_within_stratum,7,7,0.0,0.0,0.0,0.0,0.0
supplementary,PPO_best_550901,template_group,supplement-g006,u_decisions_with_clip_fraction,fraction,all_primary_common_complete_success_within_stratum,7,7,0.0,0.0,0.0,0.0,0.0
supplementary,PPO_best_550901,template_group,supplement-g006,mean_u_abs_rad_s,rad/s,all_primary_common_complete_success_within_stratum,7,7,0.15721457268192185,0.15530360778100744,0.1650149192963796,0.14817498071303511,0.1660155941094715
supplementary,PPO_best_550901,template_group,supplement-g006,provider_mean_s,s/48Hz decision,all_primary_common_complete_success_within_stratum,7,7,0.00030924902204701324,0.0003102902032878774,0.00031815892718138156,0.00029751109029045136,0.00031882345335058443
supplementary,PPO_best_550901,template_group,supplement-g006,core_mean_s,s/240Hz step,all_primary_common_complete_success_within_stratum,7,7,0.000582121968874985,0.0005828545509151202,0.0005856139669776893,0.0005749048972271946,0.0005858939184690826
supplementary,PPO_best_550901,template_group,supplement-g006,outer_mean_s,s/240Hz step including decision when due,all_primary_common_complete_success_within_stratum,7,7,0.0007476216065350897,0.0007546068586937811,0.0007694950028568807,0.0007192036056342962,0.00077196858607446
supplementary,PPO_best_550901,template_group,supplement-g007,max_error_m,m,all_primary_common_complete_success_within_stratum,2,2,7.230717365790544e-05,7.230717365790544e-05,7.350317678480505e-05,7.097828129468364e-05,7.363606602112723e-05
supplementary,PPO_best_550901,template_group,supplement-g007,rmse_m,m,all_primary_common_complete_success_within_stratum,2,2,5.5166403618200114e-05,5.5166403618200114e-05,5.70193464920688e-05,5.310757820279046e-05,5.722522903360977e-05
supplementary,PPO_best_550901,template_group,supplement-g007,endpoint_error_m,m,all_primary_common_complete_success_within_stratum,2,2,6.79002833661306e-05,6.79002833661306e-05,7.234138105441539e-05,6.296573037914752e-05,7.283483635311369e-05
supplementary,PPO_best_550901,template_group,supplement-g007,minimum_external_distance_m,m,all_primary_common_complete_success_within_stratum,2,2,0.0057762109696698205,0.0057762109696698205,0.008246185691846118,0.0030317946116961564,0.008520627327643485
supplementary,PPO_best_550901,template_group,supplement-g007,minimum_self_distance_m,m,all_primary_common_complete_success_within_stratum,2,2,0.01964172525781679,0.01964172525781679,0.019642268241947307,0.019641121942116216,0.019642328573517366
supplementary,PPO_best_550901,template_group,supplement-g007,command_smoothness_rms_rad_s2,rad/s^2,all_primary_common_complete_success_within_stratum,2,2,0.4261066562607085,0.4261066562607085,0.5761360171349932,0.2594073664003922,0.5928059461210248
supplementary,PPO_best_550901,template_group,supplement-g007,max_actual_arm_velocity_rad_s,rad/s,all_primary_common_complete_success_within_stratum,2,2,0.26915400669944917,0.26915400669944917,0.27104053847028053,0.2670578602874143,0.27125015311148404
supplementary,PPO_best_550901,template_group,supplement-g007,speed_saturated_fraction,fraction,all_primary_common_complete_success_within_stratum,2,2,0.0,0.0,0.0,0.0,0.0
supplementary,PPO_best_550901,template_group,supplement-g007,soft_limited_fraction,fraction,all_primary_common_complete_success_within_stratum,2,2,0.0,0.0,0.0,0.0,0.0
supplementary,PPO_best_550901,template_group,supplement-g007,raw_policy_component_clip_fraction,fraction,all_primary_common_complete_success_within_stratum,2,2,0.6183035714285714,0.6183035714285714,0.6712053571428571,0.5595238095238093,0.6770833333333334
supplementary,PPO_best_550901,template_group,supplement-g007,raw_policy_decisions_with_clip_fraction,fraction,all_primary_common_complete_success_within_stratum,2,2,1.0,1.0,1.0,1.0,1.0
supplementary,PPO_best_550901,template_group,supplement-g007,u_component_clip_fraction,fraction,all_primary_common_complete_success_within_stratum,2,2,0.0,0.0,0.0,0.0,0.0
supplementary,PPO_best_550901,template_group,supplement-g007,u_decisions_with_clip_fraction,fraction,all_primary_common_complete_success_within_stratum,2,2,0.0,0.0,0.0,0.0,0.0
supplementary,PPO_best_550901,template_group,supplement-g007,mean_u_abs_rad_s,rad/s,all_primary_common_complete_success_within_stratum,2,2,0.16593895049064442,0.16593895049064442,0.16860614337826735,0.16297540283773004,0.1689024981435588
supplementary,PPO_best_550901,template_group,supplement-g007,provider_mean_s,s/48Hz decision,all_primary_common_complete_success_within_stratum,2,2,0.00036065594311670185,0.00036065594311670185,0.0003931316975543571,0.0003245717715193071,0.0003967401147140966
supplementary,PPO_best_550901,template_group,supplement-g007,core_mean_s,s/240Hz step,all_primary_common_complete_success_within_stratum,2,2,0.0005970008559870621,0.0005970008559870621,0.0006045614311597092,0.0005886002169063431,0.000605401495067781
supplementary,PPO_best_550901,template_group,supplement-g007,outer_mean_s,s/240Hz step including decision when due,all_primary_common_complete_success_within_stratum,2,2,0.0007939482260250467,0.0007939482260250467,0.0008019461291375289,0.0007850616670111776,0.0008028347850389158
supplementary,PPO_best_550901,template_group,supplement-g008,max_error_m,m,all_primary_common_complete_success_within_stratum,1,1,6.547039716972412e-05,6.547039716972412e-05,6.547039716972412e-05,6.547039716972412e-05,6.547039716972412e-05
supplementary,PPO_best_550901,template_group,supplement-g008,rmse_m,m,all_primary_common_complete_success_within_stratum,1,1,4.67172064837444e-05,4.67172064837444e-05,4.67172064837444e-05,4.67172064837444e-05,4.67172064837444e-05
supplementary,PPO_best_550901,template_group,supplement-g008,endpoint_error_m,m,all_primary_common_complete_success_within_stratum,1,1,3.997880903102783e-05,3.997880903102783e-05,3.997880903102783e-05,3.997880903102783e-05,3.997880903102783e-05
supplementary,PPO_best_550901,template_group,supplement-g008,minimum_external_distance_m,m,all_primary_common_complete_success_within_stratum,1,1,0.01478208484617903,0.01478208484617903,0.01478208484617903,0.01478208484617903,0.01478208484617903
supplementary,PPO_best_550901,template_group,supplement-g008,minimum_self_distance_m,m,all_primary_common_complete_success_within_stratum,1,1,0.019440696759235723,0.019440696759235723,0.019440696759235723,0.019440696759235723,0.019440696759235723
supplementary,PPO_best_550901,template_group,supplement-g008,command_smoothness_rms_rad_s2,rad/s^2,all_primary_common_complete_success_within_stratum,1,1,0.23002767425807716,0.23002767425807716,0.23002767425807716,0.23002767425807716,0.23002767425807716
supplementary,PPO_best_550901,template_group,supplement-g008,max_actual_arm_velocity_rad_s,rad/s,all_primary_common_complete_success_within_stratum,1,1,0.09478326544639629,0.09478326544639629,0.09478326544639629,0.09478326544639629,0.09478326544639629
supplementary,PPO_best_550901,template_group,supplement-g008,speed_saturated_fraction,fraction,all_primary_common_complete_success_within_stratum,1,1,0.0,0.0,0.0,0.0,0.0
supplementary,PPO_best_550901,template_group,supplement-g008,soft_limited_fraction,fraction,all_primary_common_complete_success_within_stratum,1,1,0.0,0.0,0.0,0.0,0.0
supplementary,PPO_best_550901,template_group,supplement-g008,raw_policy_component_clip_fraction,fraction,all_primary_common_complete_success_within_stratum,1,1,0.0,0.0,0.0,0.0,0.0
supplementary,PPO_best_550901,template_group,supplement-g008,raw_policy_decisions_with_clip_fraction,fraction,all_primary_common_complete_success_within_stratum,1,1,0.0,0.0,0.0,0.0,0.0
supplementary,PPO_best_550901,template_group,supplement-g008,u_component_clip_fraction,fraction,all_primary_common_complete_success_within_stratum,1,1,0.0,0.0,0.0,0.0,0.0
supplementary,PPO_best_550901,template_group,supplement-g008,u_decisions_with_clip_fraction,fraction,all_primary_common_complete_success_within_stratum,1,1,0.0,0.0,0.0,0.0,0.0
supplementary,PPO_best_550901,template_group,supplement-g008,mean_u_abs_rad_s,rad/s,all_primary_common_complete_success_within_stratum,1,1,0.050234288706373524,0.050234288706373524,0.050234288706373524,0.050234288706373524,0.050234288706373524
supplementary,PPO_best_550901,template_group,supplement-g008,provider_mean_s,s/48Hz decision,all_primary_common_complete_success_within_stratum,1,1,0.0003562432549794418,0.0003562432549794418,0.0003562432549794418,0.0003562432549794418,0.0003562432549794418
supplementary,PPO_best_550901,template_group,supplement-g008,core_mean_s,s/240Hz step,all_primary_common_complete_success_within_stratum,1,1,0.0005720609250602138,0.0005720609250602138,0.0005720609250602138,0.0005720609250602138,0.0005720609250602138
supplementary,PPO_best_550901,template_group,supplement-g008,outer_mean_s,s/240Hz step including decision when due,all_primary_common_complete_success_within_stratum,1,1,0.000777817400830827,0.000777817400830827,0.000777817400830827,0.000777817400830827,0.000777817400830827
supplementary,PPO_best_550901,template_group,supplement-g009,max_error_m,m,all_primary_common_complete_success_within_stratum,1,1,6.331365535105296e-05,6.331365535105296e-05,6.331365535105296e-05,6.331365535105296e-05,6.331365535105296e-05
supplementary,PPO_best_550901,template_group,supplement-g009,rmse_m,m,all_primary_common_complete_success_within_stratum,1,1,4.577461079450848e-05,4.577461079450848e-05,4.577461079450848e-05,4.577461079450848e-05,4.577461079450848e-05
supplementary,PPO_best_550901,template_group,supplement-g009,endpoint_error_m,m,all_primary_common_complete_success_within_stratum,1,1,6.082194133185875e-05,6.082194133185875e-05,6.082194133185875e-05,6.082194133185875e-05,6.082194133185875e-05
supplementary,PPO_best_550901,template_group,supplement-g009,minimum_external_distance_m,m,all_primary_common_complete_success_within_stratum,1,1,0.006731509073690398,0.006731509073690398,0.006731509073690398,0.006731509073690398,0.006731509073690398
supplementary,PPO_best_550901,template_group,supplement-g009,minimum_self_distance_m,m,all_primary_common_complete_success_within_stratum,1,1,0.019642098113798065,0.019642098113798065,0.019642098113798065,0.019642098113798065,0.019642098113798065
supplementary,PPO_best_550901,template_group,supplement-g009,command_smoothness_rms_rad_s2,rad/s^2,all_primary_common_complete_success_within_stratum,1,1,0.23196032466240687,0.23196032466240687,0.23196032466240687,0.23196032466240687,0.23196032466240687
supplementary,PPO_best_550901,template_group,supplement-g009,max_actual_arm_velocity_rad_s,rad/s,all_primary_common_complete_success_within_stratum,1,1,0.24231910580676103,0.24231910580676103,0.24231910580676103,0.24231910580676103,0.24231910580676103
supplementary,PPO_best_550901,template_group,supplement-g009,speed_saturated_fraction,fraction,all_primary_common_complete_success_within_stratum,1,1,0.0,0.0,0.0,0.0,0.0
supplementary,PPO_best_550901,template_group,supplement-g009,soft_limited_fraction,fraction,all_primary_common_complete_success_within_stratum,1,1,0.0,0.0,0.0,0.0,0.0
supplementary,PPO_best_550901,template_group,supplement-g009,raw_policy_component_clip_fraction,fraction,all_primary_common_complete_success_within_stratum,1,1,0.6421130952380952,0.6421130952380952,0.6421130952380952,0.6421130952380952,0.6421130952380952
supplementary,PPO_best_550901,template_group,supplement-g009,raw_policy_decisions_with_clip_fraction,fraction,all_primary_common_complete_success_within_stratum,1,1,1.0,1.0,1.0,1.0,1.0
supplementary,PPO_best_550901,template_group,supplement-g009,u_component_clip_fraction,fraction,all_primary_common_complete_success_within_stratum,1,1,0.0,0.0,0.0,0.0,0.0
supplementary,PPO_best_550901,template_group,supplement-g009,u_decisions_with_clip_fraction,fraction,all_primary_common_complete_success_within_stratum,1,1,0.0,0.0,0.0,0.0,0.0
supplementary,PPO_best_550901,template_group,supplement-g009,mean_u_abs_rad_s,rad/s,all_primary_common_complete_success_within_stratum,1,1,0.16894454277893858,0.16894454277893858,0.16894454277893858,0.16894454277893858,0.16894454277893858
supplementary,PPO_best_550901,template_group,supplement-g009,provider_mean_s,s/48Hz decision,all_primary_common_complete_success_within_stratum,1,1,0.00033242381156621076,0.00033242381156621076,0.00033242381156621076,0.00033242381156621076,0.00033242381156621076
supplementary,PPO_best_550901,template_group,supplement-g009,core_mean_s,s/240Hz step,all_primary_common_complete_success_within_stratum,1,1,0.0005881861209066604,0.0005881861209066604,0.0005881861209066604,0.0005881861209066604,0.0005881861209066604
supplementary,PPO_best_550901,template_group,supplement-g009,outer_mean_s,s/240Hz step including decision when due,all_primary_common_complete_success_within_stratum,1,1,0.0007858995944237298,0.0007858995944237298,0.0007858995944237298,0.0007858995944237298,0.0007858995944237298
supplementary,PPO_best_550901,template_group,supplement-g010,max_error_m,m,all_primary_common_complete_success_within_stratum,8,8,7.300245846967263e-05,7.399991545821135e-05,7.697488333118986e-05,6.77362987971398e-05,7.700372603248144e-05
supplementary,PPO_best_550901,template_group,supplement-g010,rmse_m,m,all_primary_common_complete_success_within_stratum,8,8,6.118493547696322e-05,6.166220479665001e-05,6.425802411916154e-05,5.815172672056824e-05,6.48702263093005e-05
supplementary,PPO_best_550901,template_group,supplement-g010,endpoint_error_m,m,all_primary_common_complete_success_within_stratum,8,8,3.123985744020619e-05,3.0727847118579106e-05,3.492615051686627e-05,2.917778566578054e-05,3.6949981840796215e-05
supplementary,PPO_best_550901,template_group,supplement-g010,minimum_external_distance_m,m,all_primary_common_complete_success_within_stratum,8,0,,,,,
supplementary,PPO_best_550901,template_group,supplement-g010,minimum_self_distance_m,m,all_primary_common_complete_success_within_stratum,8,8,0.019764426520930228,0.019772061764903596,0.019779134076718535,0.01969762065781632,0.019779388994359846
supplementary,PPO_best_550901,template_group,supplement-g010,command_smoothness_rms_rad_s2,rad/s^2,all_primary_common_complete_success_within_stratum,8,8,0.17516200287537811,0.17638184594285838,0.17851011210155965,0.1685221193236725,0.17864445204554202
supplementary,PPO_best_550901,template_group,supplement-g010,max_actual_arm_velocity_rad_s,rad/s,all_primary_common_complete_success_within_stratum,8,8,0.25155380867635757,0.25155375922333445,0.25157665494400544,0.2515283807799172,0.25157855909632915
supplementary,PPO_best_550901,template_group,supplement-g010,speed_saturated_fraction,fraction,all_primary_common_complete_success_within_stratum,8,8,0.0,0.0,0.0,0.0,0.0
supplementary,PPO_best_550901,template_group,supplement-g010,soft_limited_fraction,fraction,all_primary_common_complete_success_within_stratum,8,8,0.0,0.0,0.0,0.0,0.0
supplementary,PPO_best_550901,template_group,supplement-g010,raw_policy_component_clip_fraction,fraction,all_primary_common_complete_success_within_stratum,8,8,0.42857142857142855,0.42857142857142855,0.42857142857142855,0.42857142857142855,0.42857142857142855
supplementary,PPO_best_550901,template_group,supplement-g010,raw_policy_decisions_with_clip_fraction,fraction,all_primary_common_complete_success_within_stratum,8,8,1.0,1.0,1.0,1.0,1.0
supplementary,PPO_best_550901,template_group,supplement-g010,u_component_clip_fraction,fraction,all_primary_common_complete_success_within_stratum,8,8,0.0,0.0,0.0,0.0,0.0
supplementary,PPO_best_550901,template_group,supplement-g010,u_decisions_with_clip_fraction,fraction,all_primary_common_complete_success_within_stratum,8,8,0.0,0.0,0.0,0.0,0.0
supplementary,PPO_best_550901,template_group,supplement-g010,mean_u_abs_rad_s,rad/s,all_primary_common_complete_success_within_stratum,8,8,0.13717899824758725,0.1370318681556022,0.13794192093236016,0.13655665081792645,0.13810847902093967
supplementary,PPO_best_550901,template_group,supplement-g010,provider_mean_s,s/48Hz decision,all_primary_common_complete_success_within_stratum,8,8,0.0002612827375969573,0.00025632414068847237,0.00028364901931278533,0.000249581797712987,0.00028691585945731884
supplementary,PPO_best_550901,template_group,supplement-g010,core_mean_s,s/240Hz step,all_primary_common_complete_success_within_stratum,8,8,0.000549366728125733,0.0005454377331716387,0.000567264670280565,0.000541694561100788,0.0005740644957768382
supplementary,PPO_best_550901,template_group,supplement-g010,outer_mean_s,s/240Hz step including decision when due,all_primary_common_complete_success_within_stratum,8,8,0.000624278378878292,0.000618606262545048,0.0006473961518516565,0.0006144432012661127,0.0006551618263377653
supplementary,PPO_best_550901,template_group,supplement-g011,max_error_m,m,all_primary_common_complete_success_within_stratum,8,8,5.605374228605116e-05,5.80935293867087e-05,6.544544404585452e-05,4.337451999969454e-05,6.695554385278088e-05
supplementary,PPO_best_550901,template_group,supplement-g011,rmse_m,m,all_primary_common_complete_success_within_stratum,8,8,3.811654382049035e-05,3.687581886751621e-05,5.2831906261888026e-05,2.6259524258547775e-05,5.5619105951235596e-05
supplementary,PPO_best_550901,template_group,supplement-g011,endpoint_error_m,m,all_primary_common_complete_success_within_stratum,8,8,4.890826468174868e-05,4.5230820346173355e-05,5.936551471232167e-05,4.0154984830287364e-05,6.0149290895260106e-05
supplementary,PPO_best_550901,template_group,supplement-g011,minimum_external_distance_m,m,all_primary_common_complete_success_within_stratum,8,8,0.03232929453744074,0.03530354709260909,0.04691148567033041,0.015877322733144517,0.04828584296708299
supplementary,PPO_best_550901,template_group,supplement-g011,minimum_self_distance_m,m,all_primary_common_complete_success_within_stratum,8,8,0.019579780524109497,0.019580209250916688,0.019628277780538952,0.019515582256427688,0.019631400146571498
supplementary,PPO_best_550901,template_group,supplement-g011,command_smoothness_rms_rad_s2,rad/s^2,all_primary_common_complete_success_within_stratum,8,8,0.587380601339839,0.469597825579122,1.0877891808246507,0.3437864257536584,1.1404728714344834
supplementary,PPO_best_550901,template_group,supplement-g011,max_actual_arm_velocity_rad_s,rad/s,all_primary_common_complete_success_within_stratum,8,8,0.2504675347921207,0.2505465041865186,0.25701643409446845,0.24648596983137855,0.2599357900046291
supplementary,PPO_best_550901,template_group,supplement-g011,speed_saturated_fraction,fraction,all_primary_common_complete_success_within_stratum,8,8,0.0,0.0,0.0,0.0,0.0
supplementary,PPO_best_550901,template_group,supplement-g011,soft_limited_fraction,fraction,all_primary_common_complete_success_within_stratum,8,8,0.0,0.0,0.0,0.0,0.0
supplementary,PPO_best_550901,template_group,supplement-g011,raw_policy_component_clip_fraction,fraction,all_primary_common_complete_success_within_stratum,8,8,0.4094122023809522,0.40401785714285704,0.5036830357142855,0.24255952380952372,0.5200892857142856
supplementary,PPO_best_550901,template_group,supplement-g011,raw_policy_decisions_with_clip_fraction,fraction,all_primary_common_complete_success_within_stratum,8,8,0.9830729166666667,1.0,1.0,0.8645833333333334,1.0
supplementary,PPO_best_550901,template_group,supplement-g011,u_component_clip_fraction,fraction,all_primary_common_complete_success_within_stratum,8,8,0.0,0.0,0.0,0.0,0.0
supplementary,PPO_best_550901,template_group,supplement-g011,u_decisions_with_clip_fraction,fraction,all_primary_common_complete_success_within_stratum,8,8,0.0,0.0,0.0,0.0,0.0
supplementary,PPO_best_550901,template_group,supplement-g011,mean_u_abs_rad_s,rad/s,all_primary_common_complete_success_within_stratum,8,8,0.1363190429998559,0.13905742107551,0.14833225253099086,0.11173937048824016,0.14973534878365516
supplementary,PPO_best_550901,template_group,supplement-g011,provider_mean_s,s/48Hz decision,all_primary_common_complete_success_within_stratum,8,8,0.0003034148205074416,0.00029489946412771434,0.0003392531605110586,0.000281604515445603,0.00034174579589792603
supplementary,PPO_best_550901,template_group,supplement-g011,core_mean_s,s/240Hz step,all_primary_common_complete_success_within_stratum,8,8,0.0005738021460388154,0.0005724920597913296,0.0005869623845440704,0.0005605506177441081,0.000588863165770211
supplementary,PPO_best_550901,template_group,supplement-g011,outer_mean_s,s/240Hz step including decision when due,all_primary_common_complete_success_within_stratum,8,8,0.0007097220400358614,0.0007130309128418351,0.0007373868108425085,0.0006828953294037395,0.0007454882000274665
supplementary,PPO_best_550901,template_group,supplement-g013,max_error_m,m,all_primary_common_complete_success_within_stratum,6,6,4.685949593885333e-05,4.158907766488995e-05,5.9748042427554354e-05,3.9124539894758966e-05,6.0117644879628356e-05
supplementary,PPO_best_550901,template_group,supplement-g013,rmse_m,m,all_primary_common_complete_success_within_stratum,6,6,3.370608867344984e-05,3.0983613246587244e-05,4.460861887422897e-05,2.5989773065583812e-05,4.649543064596354e-05
supplementary,PPO_best_550901,template_group,supplement-g013,endpoint_error_m,m,all_primary_common_complete_success_within_stratum,6,6,4.390090966587359e-05,4.158907766488995e-05,5.659189139964181e-05,3.6283669245366676e-05,6.0117644879628356e-05
supplementary,PPO_best_550901,template_group,supplement-g013,minimum_external_distance_m,m,all_primary_common_complete_success_within_stratum,6,6,0.026565715957652555,0.03020492311917134,0.04548663613110979,0.0056866949652533555,0.04778448348395392
supplementary,PPO_best_550901,template_group,supplement-g013,minimum_self_distance_m,m,all_primary_common_complete_success_within_stratum,6,6,0.019472882004361102,0.019452134866825347,0.01956993779081473,0.019422466705202625,0.01960054496395794
supplementary,PPO_best_550901,template_group,supplement-g013,command_smoothness_rms_rad_s2,rad/s^2,all_primary_common_complete_success_within_stratum,6,6,0.48874748463627976,0.42337741802658657,0.9741533224584019,0.16971079835143124,1.1120524343744018
supplementary,PPO_best_550901,template_group,supplement-g013,max_actual_arm_velocity_rad_s,rad/s,all_primary_common_complete_success_within_stratum,6,6,0.23351740648847574,0.2465191084333654,0.2879542864036582,0.1497191201156666,0.2941890553375587
supplementary,PPO_best_550901,template_group,supplement-g013,speed_saturated_fraction,fraction,all_primary_common_complete_success_within_stratum,6,6,0.0,0.0,0.0,0.0,0.0
supplementary,PPO_best_550901,template_group,supplement-g013,soft_limited_fraction,fraction,all_primary_common_complete_success_within_stratum,6,6,0.0,0.0,0.0,0.0,0.0
supplementary,PPO_best_550901,template_group,supplement-g013,raw_policy_component_clip_fraction,fraction,all_primary_common_complete_success_within_stratum,6,6,0.1960565476190476,0.1514136904761904,0.38355654761904756,0.02827380952380952,0.415922619047619
supplementary,PPO_best_550901,template_group,supplement-g013,raw_policy_decisions_with_clip_fraction,fraction,all_primary_common_complete_success_within_stratum,6,6,0.8480902777777778,1.0,1.0,0.19791666666666666,1.0
supplementary,PPO_best_550901,template_group,supplement-g013,u_component_clip_fraction,fraction,all_primary_common_complete_success_within_stratum,6,6,0.0,0.0,0.0,0.0,0.0
supplementary,PPO_best_550901,template_group,supplement-g013,u_decisions_with_clip_fraction,fraction,all_primary_common_complete_success_within_stratum,6,6,0.0,0.0,0.0,0.0,0.0
supplementary,PPO_best_550901,template_group,supplement-g013,mean_u_abs_rad_s,rad/s,all_primary_common_complete_success_within_stratum,6,6,0.10623979682419478,0.09853657266669741,0.13864546882224593,0.07859871068392837,0.14224168434600523
supplementary,PPO_best_550901,template_group,supplement-g013,provider_mean_s,s/48Hz decision,all_primary_common_complete_success_within_stratum,6,6,0.00031002093416848057,0.00029382200242859347,0.00036756777804688073,0.0002913627715012505,0.0003906072229256097
supplementary,PPO_best_550901,template_group,supplement-g013,core_mean_s,s/240Hz step,all_primary_common_complete_success_within_stratum,6,6,0.0005778817702119138,0.0005752276737742553,0.0005956137461756347,0.0005687560370157978,0.0006017720759094421
supplementary,PPO_best_550901,template_group,supplement-g013,outer_mean_s,s/240Hz step including decision when due,all_primary_common_complete_success_within_stratum,6,6,0.0007247574102974695,0.0007116310625709351,0.0007703983854071339,0.0007024250935501186,0.0007822543191650766
supplementary,PPO_best_550901,template_group,supplement-g015,max_error_m,m,all_primary_common_complete_success_within_stratum,8,8,7.69326958933961e-05,7.714971455609041e-05,8.25160278926207e-05,6.869909274439075e-05,8.401390278125657e-05
supplementary,PPO_best_550901,template_group,supplement-g015,rmse_m,m,all_primary_common_complete_success_within_stratum,8,8,6.14260046080571e-05,6.171055902654812e-05,6.354126144037546e-05,5.805107311378313e-05,6.417948225199152e-05
supplementary,PPO_best_550901,template_group,supplement-g015,endpoint_error_m,m,all_primary_common_complete_success_within_stratum,8,8,3.045092931101474e-05,3.036310843128263e-05,3.246333405871425e-05,2.8317083527986953e-05,3.2521141004986844e-05
supplementary,PPO_best_550901,template_group,supplement-g015,minimum_external_distance_m,m,all_primary_common_complete_success_within_stratum,8,0,,,,,
supplementary,PPO_best_550901,template_group,supplement-g015,minimum_self_distance_m,m,all_primary_common_complete_success_within_stratum,8,8,0.01974101574109401,0.019764361811563057,0.019779891602894884,0.019653340831772517,0.01978183240273764
supplementary,PPO_best_550901,template_group,supplement-g015,command_smoothness_rms_rad_s2,rad/s^2,all_primary_common_complete_success_within_stratum,8,8,0.17598158066568617,0.17645469244833445,0.17931626309618987,0.1707719845640816,0.17948501256914956
supplementary,PPO_best_550901,template_group,supplement-g015,max_actual_arm_velocity_rad_s,rad/s,all_primary_common_complete_success_within_stratum,8,8,0.2515498072125324,0.2515415898346028,0.2515791956727453,0.2515357020824866,0.2515851759117039
supplementary,PPO_best_550901,template_group,supplement-g015,speed_saturated_fraction,fraction,all_primary_common_complete_success_within_stratum,8,8,0.0,0.0,0.0,0.0,0.0
supplementary,PPO_best_550901,template_group,supplement-g015,soft_limited_fraction,fraction,all_primary_common_complete_success_within_stratum,8,8,0.0,0.0,0.0,0.0,0.0
supplementary,PPO_best_550901,template_group,supplement-g015,raw_policy_component_clip_fraction,fraction,all_primary_common_complete_success_within_stratum,8,8,0.42857142857142855,0.42857142857142855,0.42857142857142855,0.42857142857142855,0.42857142857142855
supplementary,PPO_best_550901,template_group,supplement-g015,raw_policy_decisions_with_clip_fraction,fraction,all_primary_common_complete_success_within_stratum,8,8,1.0,1.0,1.0,1.0,1.0
supplementary,PPO_best_550901,template_group,supplement-g015,u_component_clip_fraction,fraction,all_primary_common_complete_success_within_stratum,8,8,0.0,0.0,0.0,0.0,0.0
supplementary,PPO_best_550901,template_group,supplement-g015,u_decisions_with_clip_fraction,fraction,all_primary_common_complete_success_within_stratum,8,8,0.0,0.0,0.0,0.0,0.0
supplementary,PPO_best_550901,template_group,supplement-g015,mean_u_abs_rad_s,rad/s,all_primary_common_complete_success_within_stratum,8,8,0.13629268113595788,0.13635871159356266,0.1371007703354449,0.1354735938144759,0.13722776793653058
supplementary,PPO_best_550901,template_group,supplement-g015,provider_mean_s,s/48Hz decision,all_primary_common_complete_success_within_stratum,8,8,0.0002672795323330016,0.00025382539547536,0.0003257480731993685,0.00025019295465729857,0.0003615137182653901
supplementary,PPO_best_550901,template_group,supplement-g015,core_mean_s,s/240Hz step,all_primary_common_complete_success_within_stratum,8,8,0.0005479769800558643,0.0005448903135857108,0.000563692371124489,0.000540842005587668,0.0005717124547421311
supplementary,PPO_best_550901,template_group,supplement-g015,outer_mean_s,s/240Hz step including decision when due,all_primary_common_complete_success_within_stratum,8,8,0.0006240697593322389,0.0006184211224384247,0.0006519523188535458,0.0006137249318574808,0.0006676651870899756
supplementary,PPO_best_550901,template_group,supplement-g016,max_error_m,m,all_primary_common_complete_success_within_stratum,1,1,6.071474786067187e-05,6.071474786067187e-05,6.071474786067187e-05,6.071474786067187e-05,6.071474786067187e-05
supplementary,PPO_best_550901,template_group,supplement-g016,rmse_m,m,all_primary_common_complete_success_within_stratum,1,1,4.7435780202305535e-05,4.7435780202305535e-05,4.7435780202305535e-05,4.7435780202305535e-05,4.7435780202305535e-05
supplementary,PPO_best_550901,template_group,supplement-g016,endpoint_error_m,m,all_primary_common_complete_success_within_stratum,1,1,5.5644503285533174e-05,5.5644503285533174e-05,5.5644503285533174e-05,5.5644503285533174e-05,5.5644503285533174e-05
supplementary,PPO_best_550901,template_group,supplement-g016,minimum_external_distance_m,m,all_primary_common_complete_success_within_stratum,1,1,0.016519096485852675,0.016519096485852675,0.016519096485852675,0.016519096485852675,0.016519096485852675
supplementary,PPO_best_550901,template_group,supplement-g016,minimum_self_distance_m,m,all_primary_common_complete_success_within_stratum,1,1,0.019626300340038254,0.019626300340038254,0.019626300340038254,0.019626300340038254,0.019626300340038254
supplementary,PPO_best_550901,template_group,supplement-g016,command_smoothness_rms_rad_s2,rad/s^2,all_primary_common_complete_success_within_stratum,1,1,0.22866824578786268,0.22866824578786268,0.22866824578786268,0.22866824578786268,0.22866824578786268
supplementary,PPO_best_550901,template_group,supplement-g016,max_actual_arm_velocity_rad_s,rad/s,all_primary_common_complete_success_within_stratum,1,1,0.2353197424746177,0.2353197424746177,0.2353197424746177,0.2353197424746177,0.2353197424746177
supplementary,PPO_best_550901,template_group,supplement-g016,speed_saturated_fraction,fraction,all_primary_common_complete_success_within_stratum,1,1,0.0,0.0,0.0,0.0,0.0
supplementary,PPO_best_550901,template_group,supplement-g016,soft_limited_fraction,fraction,all_primary_common_complete_success_within_stratum,1,1,0.0,0.0,0.0,0.0,0.0
supplementary,PPO_best_550901,template_group,supplement-g016,raw_policy_component_clip_fraction,fraction,all_primary_common_complete_success_within_stratum,1,1,0.5617559523809522,0.5617559523809522,0.5617559523809522,0.5617559523809522,0.5617559523809522
supplementary,PPO_best_550901,template_group,supplement-g016,raw_policy_decisions_with_clip_fraction,fraction,all_primary_common_complete_success_within_stratum,1,1,1.0,1.0,1.0,1.0,1.0
supplementary,PPO_best_550901,template_group,supplement-g016,u_component_clip_fraction,fraction,all_primary_common_complete_success_within_stratum,1,1,0.0,0.0,0.0,0.0,0.0
supplementary,PPO_best_550901,template_group,supplement-g016,u_decisions_with_clip_fraction,fraction,all_primary_common_complete_success_within_stratum,1,1,0.0,0.0,0.0,0.0,0.0
supplementary,PPO_best_550901,template_group,supplement-g016,mean_u_abs_rad_s,rad/s,all_primary_common_complete_success_within_stratum,1,1,0.1667019152686754,0.1667019152686754,0.1667019152686754,0.1667019152686754,0.1667019152686754
supplementary,PPO_best_550901,template_group,supplement-g016,provider_mean_s,s/48Hz decision,all_primary_common_complete_success_within_stratum,1,1,0.00031970077573835926,0.00031970077573835926,0.00031970077573835926,0.00031970077573835926,0.00031970077573835926
supplementary,PPO_best_550901,template_group,supplement-g016,core_mean_s,s/240Hz step,all_primary_common_complete_success_within_stratum,1,1,0.0005829807939638461,0.0005829807939638461,0.0005829807939638461,0.0005829807939638461,0.0005829807939638461
supplementary,PPO_best_550901,template_group,supplement-g016,outer_mean_s,s/240Hz step including decision when due,all_primary_common_complete_success_within_stratum,1,1,0.0007764928864768687,0.0007764928864768687,0.0007764928864768687,0.0007764928864768687,0.0007764928864768687
supplementary,PPO_best_550901,template_group,supplement-g018,max_error_m,m,all_primary_common_complete_success_within_stratum,5,5,6.62816456358873e-05,6.424352428014495e-05,7.36497342844271e-05,6.010721470935833e-05,7.459771420142745e-05
supplementary,PPO_best_550901,template_group,supplement-g018,rmse_m,m,all_primary_common_complete_success_within_stratum,5,5,5.276370267559725e-05,5.203320073626496e-05,5.8635603197037536e-05,4.811459293018455e-05,5.972160099616294e-05
supplementary,PPO_best_550901,template_group,supplement-g018,endpoint_error_m,m,all_primary_common_complete_success_within_stratum,5,5,5.193878754037953e-05,5.293707203959467e-05,5.743920116499828e-05,4.7011455127507765e-05,5.8453279300470126e-05
supplementary,PPO_best_550901,template_group,supplement-g018,minimum_external_distance_m,m,all_primary_common_complete_success_within_stratum,5,5,0.02449561792636691,0.024712057057360445,0.03117912898570471,0.018239283922822827,0.031724057321306995
supplementary,PPO_best_550901,template_group,supplement-g018,minimum_self_distance_m,m,all_primary_common_complete_success_within_stratum,5,5,0.01955516177781802,0.019546612133062566,0.019578939208070353,0.01953336573024831,0.019580927120681678
supplementary,PPO_best_550901,template_group,supplement-g018,command_smoothness_rms_rad_s2,rad/s^2,all_primary_common_complete_success_within_stratum,5,5,0.26424980276755494,0.2788556244179282,0.3197334520257682,0.18725203470515084,0.32662054615024466
supplementary,PPO_best_550901,template_group,supplement-g018,max_actual_arm_velocity_rad_s,rad/s,all_primary_common_complete_success_within_stratum,5,5,0.2719305354137999,0.26389465209758517,0.2886233194215569,0.2613962400139001,0.2903264228404928
supplementary,PPO_best_550901,template_group,supplement-g018,speed_saturated_fraction,fraction,all_primary_common_complete_success_within_stratum,5,5,0.0,0.0,0.0,0.0,0.0
supplementary,PPO_best_550901,template_group,supplement-g018,soft_limited_fraction,fraction,all_primary_common_complete_success_within_stratum,5,5,0.0,0.0,0.0,0.0,0.0
supplementary,PPO_best_550901,template_group,supplement-g018,raw_policy_component_clip_fraction,fraction,all_primary_common_complete_success_within_stratum,5,5,0.567113095238095,0.5706845238095236,0.5712797619047617,0.5587797619047618,0.5714285714285713
supplementary,PPO_best_550901,template_group,supplement-g018,raw_policy_decisions_with_clip_fraction,fraction,all_primary_common_complete_success_within_stratum,5,5,1.0,1.0,1.0,1.0,1.0
supplementary,PPO_best_550901,template_group,supplement-g018,u_component_clip_fraction,fraction,all_primary_common_complete_success_within_stratum,5,5,0.0,0.0,0.0,0.0,0.0
supplementary,PPO_best_550901,template_group,supplement-g018,u_decisions_with_clip_fraction,fraction,all_primary_common_complete_success_within_stratum,5,5,0.0,0.0,0.0,0.0,0.0
supplementary,PPO_best_550901,template_group,supplement-g018,mean_u_abs_rad_s,rad/s,all_primary_common_complete_success_within_stratum,5,5,0.16363125105033674,0.16407033003412097,0.16600790705454224,0.1614986969792794,0.1663703755952329
supplementary,PPO_best_550901,template_group,supplement-g018,provider_mean_s,s/48Hz decision,all_primary_common_complete_success_within_stratum,5,5,0.0002852178162356722,0.0002859303810206863,0.00028901562709506836,0.00027926853666334256,0.00028911588151459
supplementary,PPO_best_550901,template_group,supplement-g018,core_mean_s,s/240Hz step,all_primary_common_complete_success_within_stratum,5,5,0.0005686496772553558,0.0005685538266334333,0.0005714787475335469,0.0005661495259118964,0.0005721854521956023
supplementary,PPO_best_550901,template_group,supplement-g018,outer_mean_s,s/240Hz step including decision when due,all_primary_common_complete_success_within_stratum,5,5,0.0006921410055898984,0.0006906643719351754,0.0007007997402918893,0.0006857543787797719,0.0007033174738656574
supplementary,PPO_best_550901,template_group,supplement-g020,max_error_m,m,all_primary_common_complete_success_within_stratum,8,8,8.254333935244371e-05,8.28541614144246e-05,8.749172292074241e-05,7.729865746982442e-05,8.816881208318508e-05
supplementary,PPO_best_550901,template_group,supplement-g020,rmse_m,m,all_primary_common_complete_success_within_stratum,8,8,6.434050733449922e-05,6.345164757118346e-05,6.698034840788505e-05,6.26635579266246e-05,6.718159588865457e-05
supplementary,PPO_best_550901,template_group,supplement-g020,endpoint_error_m,m,all_primary_common_complete_success_within_stratum,8,8,3.098004208072427e-05,2.9784590240001235e-05,3.416038219349407e-05,2.8588653835751113e-05,3.430194568160097e-05
supplementary,PPO_best_550901,template_group,supplement-g020,minimum_external_distance_m,m,all_primary_common_complete_success_within_stratum,8,0,,,,,
supplementary,PPO_best_550901,template_group,supplement-g020,minimum_self_distance_m,m,all_primary_common_complete_success_within_stratum,8,8,0.01971432532804227,0.019740878404788546,0.019781569674820636,0.019625059335897345,0.019781734814497652
supplementary,PPO_best_550901,template_group,supplement-g020,command_smoothness_rms_rad_s2,rad/s^2,all_primary_common_complete_success_within_stratum,8,8,0.17765927468319231,0.17724182280138556,0.1821009891424163,0.17243915143382782,0.18243156419246612
supplementary,PPO_best_550901,template_group,supplement-g020,max_actual_arm_velocity_rad_s,rad/s,all_primary_common_complete_success_within_stratum,8,8,0.25156954883714955,0.2515623449188904,0.25161838440258155,0.25153750214322823,0.25164554933562333
supplementary,PPO_best_550901,template_group,supplement-g020,speed_saturated_fraction,fraction,all_primary_common_complete_success_within_stratum,8,8,0.0,0.0,0.0,0.0,0.0
supplementary,PPO_best_550901,template_group,supplement-g020,soft_limited_fraction,fraction,all_primary_common_complete_success_within_stratum,8,8,0.0,0.0,0.0,0.0,0.0
supplementary,PPO_best_550901,template_group,supplement-g020,raw_policy_component_clip_fraction,fraction,all_primary_common_complete_success_within_stratum,8,8,0.42857142857142855,0.42857142857142855,0.42857142857142855,0.42857142857142855,0.42857142857142855
supplementary,PPO_best_550901,template_group,supplement-g020,raw_policy_decisions_with_clip_fraction,fraction,all_primary_common_complete_success_within_stratum,8,8,1.0,1.0,1.0,1.0,1.0
supplementary,PPO_best_550901,template_group,supplement-g020,u_component_clip_fraction,fraction,all_primary_common_complete_success_within_stratum,8,8,0.0,0.0,0.0,0.0,0.0
supplementary,PPO_best_550901,template_group,supplement-g020,u_decisions_with_clip_fraction,fraction,all_primary_common_complete_success_within_stratum,8,8,0.0,0.0,0.0,0.0,0.0
supplementary,PPO_best_550901,template_group,supplement-g020,mean_u_abs_rad_s,rad/s,all_primary_common_complete_success_within_stratum,8,8,0.13649804727229778,0.1367291406584194,0.13719227696347627,0.134666365402795,0.13721345705645427
supplementary,PPO_best_550901,template_group,supplement-g020,provider_mean_s,s/48Hz decision,all_primary_common_complete_success_within_stratum,8,8,0.0002609248415031592,0.0002538625788019999,0.0002924077863932931,0.0002502879222750683,0.0003102331255225484
supplementary,PPO_best_550901,template_group,supplement-g020,core_mean_s,s/240Hz step,all_primary_common_complete_success_within_stratum,8,8,0.0005448645603792101,0.0005442528305138694,0.0005524188294414974,0.0005402311408336876,0.00055525941900972
supplementary,PPO_best_550901,template_group,supplement-g020,outer_mean_s,s/240Hz step including decision when due,all_primary_common_complete_success_within_stratum,8,8,0.0006196383201502915,0.0006177313586249512,0.0006339365707056762,0.0006129630605149335,0.0006404618427647316
supplementary,PPO_best_550901,template_group,supplement-g021,max_error_m,m,all_primary_common_complete_success_within_stratum,2,2,6.697278711591831e-05,6.697278711591831e-05,7.301420897115104e-05,6.026009616565971e-05,7.36854780661769e-05
supplementary,PPO_best_550901,template_group,supplement-g021,rmse_m,m,all_primary_common_complete_success_within_stratum,2,2,5.4008442425122276e-05,5.4008442425122276e-05,5.7380265803614676e-05,5.026197200457516e-05,5.775491284566939e-05
supplementary,PPO_best_550901,template_group,supplement-g021,endpoint_error_m,m,all_primary_common_complete_success_within_stratum,2,2,4.8668562734931104e-05,4.8668562734931104e-05,4.882633224097101e-05,4.849326328377565e-05,4.8843862186086556e-05
supplementary,PPO_best_550901,template_group,supplement-g021,minimum_external_distance_m,m,all_primary_common_complete_success_within_stratum,2,2,0.03815102669490591,0.03815102669490591,0.04780015216835971,0.027429776168846134,0.04887227722096568
supplementary,PPO_best_550901,template_group,supplement-g021,minimum_self_distance_m,m,all_primary_common_complete_success_within_stratum,2,2,0.019633573330836745,0.019633573330836745,0.019634399622078077,0.019632655229457487,0.019634491432216003
supplementary,PPO_best_550901,template_group,supplement-g021,command_smoothness_rms_rad_s2,rad/s^2,all_primary_common_complete_success_within_stratum,2,2,0.7147082955337274,0.7147082955337274,0.7404784974492273,0.6860747378498386,0.7433418532176163
supplementary,PPO_best_550901,template_group,supplement-g021,max_actual_arm_velocity_rad_s,rad/s,all_primary_common_complete_success_within_stratum,2,2,0.2993812115926867,0.2993812115926867,0.315626028150556,0.2813314154172763,0.3174310077680971
supplementary,PPO_best_550901,template_group,supplement-g021,speed_saturated_fraction,fraction,all_primary_common_complete_success_within_stratum,2,2,0.0,0.0,0.0,0.0,0.0
supplementary,PPO_best_550901,template_group,supplement-g021,soft_limited_fraction,fraction,all_primary_common_complete_success_within_stratum,2,2,0.0,0.0,0.0,0.0,0.0
supplementary,PPO_best_550901,template_group,supplement-g021,raw_policy_component_clip_fraction,fraction,all_primary_common_complete_success_within_stratum,2,2,0.5226934523809522,0.5226934523809522,0.5464657738095237,0.4962797619047618,0.5491071428571427
supplementary,PPO_best_550901,template_group,supplement-g021,raw_policy_decisions_with_clip_fraction,fraction,all_primary_common_complete_success_within_stratum,2,2,1.0,1.0,1.0,1.0,1.0
supplementary,PPO_best_550901,template_group,supplement-g021,u_component_clip_fraction,fraction,all_primary_common_complete_success_within_stratum,2,2,0.0,0.0,0.0,0.0,0.0
supplementary,PPO_best_550901,template_group,supplement-g021,u_decisions_with_clip_fraction,fraction,all_primary_common_complete_success_within_stratum,2,2,0.0,0.0,0.0,0.0,0.0
supplementary,PPO_best_550901,template_group,supplement-g021,mean_u_abs_rad_s,rad/s,all_primary_common_complete_success_within_stratum,2,2,0.15755406866540267,0.15755406866540267,0.16007644365604,0.15475142978691675,0.16035670754388862
supplementary,PPO_best_550901,template_group,supplement-g021,provider_mean_s,s/48Hz decision,all_primary_common_complete_success_within_stratum,2,2,0.0003110225501738265,0.0003110225501738265,0.0003128100277914806,0.0003090364639319887,0.0003130086364156644
supplementary,PPO_best_550901,template_group,supplement-g021,core_mean_s,s/240Hz step,all_primary_common_complete_success_within_stratum,2,2,0.0005831261218342358,0.0005831261218342358,0.000584537086134939,0.0005815583837223433,0.0005846938599461283
supplementary,PPO_best_550901,template_group,supplement-g021,outer_mean_s,s/240Hz step including decision when due,all_primary_common_complete_success_within_stratum,2,2,0.0007476784533840448,0.0007476784533840448,0.0007523491625427899,0.0007424887765409948,0.0007528681302270949
supplementary,PPO_best_550901,template_group,supplement-g022,max_error_m,m,all_primary_common_complete_success_within_stratum,4,4,6.397858145228347e-05,5.630131839788227e-05,8.406767126270027e-05,5.434849167949611e-05,8.896319733387328e-05
supplementary,PPO_best_550901,template_group,supplement-g022,rmse_m,m,all_primary_common_complete_success_within_stratum,4,4,5.375466199588907e-05,4.821846359208675e-05,7.002707820252665e-05,4.482055329690871e-05,7.376116750247409e-05
supplementary,PPO_best_550901,template_group,supplement-g022,endpoint_error_m,m,all_primary_common_complete_success_within_stratum,4,4,5.216311019661428e-05,5.336127454714075e-05,5.429797197453009e-05,4.7508601944116825e-05,5.4421289748058784e-05
supplementary,PPO_best_550901,template_group,supplement-g022,minimum_external_distance_m,m,all_primary_common_complete_success_within_stratum,4,4,0.009259648590665373,0.009025984712918135,0.012332968901720299,0.006392134365558938,0.012594490571266284
supplementary,PPO_best_550901,template_group,supplement-g022,minimum_self_distance_m,m,all_primary_common_complete_success_within_stratum,4,4,0.01963077071329645,0.019631104074105336,0.01964121556339235,0.019618134588520623,0.019642740116454505
supplementary,PPO_best_550901,template_group,supplement-g022,command_smoothness_rms_rad_s2,rad/s^2,all_primary_common_complete_success_within_stratum,4,4,0.6005263239265516,0.5985626251920753,0.634636802575791,0.5654847520668227,0.6394952932552332
supplementary,PPO_best_550901,template_group,supplement-g022,max_actual_arm_velocity_rad_s,rad/s,all_primary_common_complete_success_within_stratum,4,4,0.2685363805518509,0.27129867112502265,0.27321526846820726,0.25830764259732364,0.2732405373600348
supplementary,PPO_best_550901,template_group,supplement-g022,speed_saturated_fraction,fraction,all_primary_common_complete_success_within_stratum,4,4,0.0,0.0,0.0,0.0,0.0
supplementary,PPO_best_550901,template_group,supplement-g022,soft_limited_fraction,fraction,all_primary_common_complete_success_within_stratum,4,4,0.0,0.0,0.0,0.0,0.0
supplementary,PPO_best_550901,template_group,supplement-g022,raw_policy_component_clip_fraction,fraction,all_primary_common_complete_success_within_stratum,4,4,0.44773065476190477,0.4497767857142857,0.46179315476190474,0.42857142857142855,0.46279761904761907
supplementary,PPO_best_550901,template_group,supplement-g022,raw_policy_decisions_with_clip_fraction,fraction,all_primary_common_complete_success_within_stratum,4,4,1.0,1.0,1.0,1.0,1.0
supplementary,PPO_best_550901,template_group,supplement-g022,u_component_clip_fraction,fraction,all_primary_common_complete_success_within_stratum,4,4,0.0,0.0,0.0,0.0,0.0
supplementary,PPO_best_550901,template_group,supplement-g022,u_decisions_with_clip_fraction,fraction,all_primary_common_complete_success_within_stratum,4,4,0.0,0.0,0.0,0.0,0.0
supplementary,PPO_best_550901,template_group,supplement-g022,mean_u_abs_rad_s,rad/s,all_primary_common_complete_success_within_stratum,4,4,0.15348676286095203,0.15330816729983782,0.15527578854602847,0.15174652182364037,0.1555841950204922
supplementary,PPO_best_550901,template_group,supplement-g022,provider_mean_s,s/48Hz decision,all_primary_common_complete_success_within_stratum,4,4,0.00030571491034455295,0.00030090601937142003,0.0003242680116500196,0.00029274701955728233,0.0003283005830780894
supplementary,PPO_best_550901,template_group,supplement-g022,core_mean_s,s/240Hz step,all_primary_common_complete_success_within_stratum,4,4,0.0005759818657982881,0.0005771968302724418,0.000581088063105805,0.0005679058648335437,0.0005816279378147252
supplementary,PPO_best_550901,template_group,supplement-g022,outer_mean_s,s/240Hz step including decision when due,all_primary_common_complete_success_within_stratum,4,4,0.0007288393789470622,0.0007312146262847818,0.0007448552577640537,0.0007073771473793992,0.0007455511158392862
supplementary,PPO_best_550901,template_group,supplement-g023,max_error_m,m,all_primary_common_complete_success_within_stratum,6,6,7.775187753559825e-05,7.60439084454977e-05,8.64733578575634e-05,6.946791677641332e-05,8.699826799548999e-05
supplementary,PPO_best_550901,template_group,supplement-g023,rmse_m,m,all_primary_common_complete_success_within_stratum,6,6,5.5581554322229986e-05,5.492927368034472e-05,6.190869990441073e-05,4.9704876785041865e-05,6.391184358282063e-05
supplementary,PPO_best_550901,template_group,supplement-g023,endpoint_error_m,m,all_primary_common_complete_success_within_stratum,6,6,5.185608096540883e-05,4.930282602448492e-05,6.066798547157632e-05,4.4710776481969424e-05,6.076810209694373e-05
supplementary,PPO_best_550901,template_group,supplement-g023,minimum_external_distance_m,m,all_primary_common_complete_success_within_stratum,6,6,0.022395731915891753,0.020955549972741502,0.03153909540153449,0.01545446061004073,0.03239327571556404
supplementary,PPO_best_550901,template_group,supplement-g023,minimum_self_distance_m,m,all_primary_common_complete_success_within_stratum,6,6,0.01951010582235119,0.019514391003220114,0.01955603208475556,0.019462511308806926,0.01956048891329879
supplementary,PPO_best_550901,template_group,supplement-g023,command_smoothness_rms_rad_s2,rad/s^2,all_primary_common_complete_success_within_stratum,6,6,1.0437895350804594,1.0565959540786771,1.1205191466953486,0.8854217027062219,1.1333044656026472
supplementary,PPO_best_550901,template_group,supplement-g023,max_actual_arm_velocity_rad_s,rad/s,all_primary_common_complete_success_within_stratum,6,6,0.29157694287433633,0.2953325932138161,0.3016625185154287,0.27253576461810536,0.30255073109891145
supplementary,PPO_best_550901,template_group,supplement-g023,speed_saturated_fraction,fraction,all_primary_common_complete_success_within_stratum,6,6,0.0,0.0,0.0,0.0,0.0
supplementary,PPO_best_550901,template_group,supplement-g023,soft_limited_fraction,fraction,all_primary_common_complete_success_within_stratum,6,6,0.0,0.0,0.0,0.0,0.0
supplementary,PPO_best_550901,template_group,supplement-g023,raw_policy_component_clip_fraction,fraction,all_primary_common_complete_success_within_stratum,6,6,0.5059523809523809,0.5093005952380951,0.5243675595238094,0.4635416666666667,0.525297619047619
supplementary,PPO_best_550901,template_group,supplement-g023,raw_policy_decisions_with_clip_fraction,fraction,all_primary_common_complete_success_within_stratum,6,6,1.0,1.0,1.0,1.0,1.0
supplementary,PPO_best_550901,template_group,supplement-g023,u_component_clip_fraction,fraction,all_primary_common_complete_success_within_stratum,6,6,0.0,0.0,0.0,0.0,0.0
supplementary,PPO_best_550901,template_group,supplement-g023,u_decisions_with_clip_fraction,fraction,all_primary_common_complete_success_within_stratum,6,6,0.0,0.0,0.0,0.0,0.0
supplementary,PPO_best_550901,template_group,supplement-g023,mean_u_abs_rad_s,rad/s,all_primary_common_complete_success_within_stratum,6,6,0.1502182662943683,0.15005126626652088,0.15386120426957772,0.1459795456744143,0.15425641197500572
supplementary,PPO_best_550901,template_group,supplement-g023,provider_mean_s,s/48Hz decision,all_primary_common_complete_success_within_stratum,6,6,0.00029172397080401424,0.0002913199539307243,0.000299061644189654,0.000285197344358797,0.0003009639369035237
supplementary,PPO_best_550901,template_group,supplement-g023,core_mean_s,s/240Hz step,all_primary_common_complete_success_within_stratum,6,6,0.0005952898944239374,0.0005789968040517124,0.0006567680959657688,0.0005753651528721093,0.0006822344825498779
supplementary,PPO_best_550901,template_group,supplement-g023,outer_mean_s,s/240Hz step including decision when due,all_primary_common_complete_success_within_stratum,6,6,0.0007267534800980179,0.0007108873584002139,0.0007982096682781049,0.0006978322669359235,0.0008249762270982804
supplementary,PPO_best_551901,category,far,max_error_m,m,all_primary_common_complete_success_within_stratum,41,41,6.367166314136446e-05,6.375937595025062e-05,6.771279488772983e-05,5.561501514494919e-05,7.489041274357228e-05
supplementary,PPO_best_551901,category,far,rmse_m,m,all_primary_common_complete_success_within_stratum,41,41,3.7360307371927425e-05,3.603790025942195e-05,4.39279681046616e-05,3.2193350887690785e-05,5.0096148241971896e-05
supplementary,PPO_best_551901,category,far,endpoint_error_m,m,all_primary_common_complete_success_within_stratum,41,41,6.287785410710069e-05,6.287407670133485e-05,6.771279488772983e-05,5.13812289527337e-05,7.489041274357228e-05
supplementary,PPO_best_551901,category,far,minimum_external_distance_m,m,all_primary_common_complete_success_within_stratum,41,0,,,,,
supplementary,PPO_best_551901,category,far,minimum_self_distance_m,m,all_primary_common_complete_success_within_stratum,41,41,0.019387776449775386,0.01956706148681537,0.01970502966857246,0.01805178674292593,0.019738939923609672
supplementary,PPO_best_551901,category,far,command_smoothness_rms_rad_s2,rad/s^2,all_primary_common_complete_success_within_stratum,41,41,0.12994478554679068,0.1291830449147696,0.13692866593971872,0.12233422484346376,0.14274476298818692
supplementary,PPO_best_551901,category,far,max_actual_arm_velocity_rad_s,rad/s,all_primary_common_complete_success_within_stratum,41,41,0.2808780050683609,0.2864742063428785,0.30153530169297876,0.25953741849961304,0.31262214700027013
supplementary,PPO_best_551901,category,far,speed_saturated_fraction,fraction,all_primary_common_complete_success_within_stratum,41,41,0.0,0.0,0.0,0.0,0.0
supplementary,PPO_best_551901,category,far,soft_limited_fraction,fraction,all_primary_common_complete_success_within_stratum,41,41,0.0,0.0,0.0,0.0,0.0
supplementary,PPO_best_551901,category,far,raw_policy_component_clip_fraction,fraction,all_primary_common_complete_success_within_stratum,41,41,0.7142857142857143,0.7142857142857143,0.7142857142857143,0.7142857142857143,0.7142857142857143
supplementary,PPO_best_551901,category,far,raw_policy_decisions_with_clip_fraction,fraction,all_primary_common_complete_success_within_stratum,41,41,1.0,1.0,1.0,1.0,1.0
supplementary,PPO_best_551901,category,far,u_component_clip_fraction,fraction,all_primary_common_complete_success_within_stratum,41,41,0.0,0.0,0.0,0.0,0.0
supplementary,PPO_best_551901,category,far,u_decisions_with_clip_fraction,fraction,all_primary_common_complete_success_within_stratum,41,41,0.0,0.0,0.0,0.0,0.0
supplementary,PPO_best_551901,category,far,mean_u_abs_rad_s,rad/s,all_primary_common_complete_success_within_stratum,41,41,0.1557770001848172,0.15482040867763794,0.15936256531359894,0.15272417196039376,0.15968079272535673
supplementary,PPO_best_551901,category,far,provider_mean_s,s/48Hz decision,all_primary_common_complete_success_within_stratum,41,41,0.0002602271426543504,0.00025448508282958454,0.0003000261563101958,0.0002516000692291224,0.00033628092205617577
supplementary,PPO_best_551901,category,far,core_mean_s,s/240Hz step,all_primary_common_complete_success_within_stratum,41,41,0.0005476709926088967,0.0005462532959124171,0.0005533233694222872,0.0005409000064294863,0.0005838103576024878
supplementary,PPO_best_551901,category,far,outer_mean_s,s/240Hz step including decision when due,all_primary_common_complete_success_within_stratum,41,41,0.0006222977906695521,0.0006198466770608017,0.0006363745178835718,0.0006136338491463297,0.0006751058222107531
supplementary,PPO_best_551901,category,near_link,max_error_m,m,all_primary_common_complete_success_within_stratum,43,43,5.3566780476685445e-05,4.664988412024398e-05,0.00011241603828611354,2.9692025592577953e-05,0.00013303762900399523
supplementary,PPO_best_551901,category,near_link,rmse_m,m,all_primary_common_complete_success_within_stratum,43,43,3.9664250090935976e-05,3.464515481467388e-05,7.82036508031555e-05,1.7503928021994457e-05,0.00010349273971043013
supplementary,PPO_best_551901,category,near_link,endpoint_error_m,m,all_primary_common_complete_success_within_stratum,43,43,4.055731368359374e-05,3.255606950562979e-05,0.00010352600656132383,1.0949423869194887e-05,0.00013040913294144193
supplementary,PPO_best_551901,category,near_link,minimum_external_distance_m,m,all_primary_common_complete_success_within_stratum,43,43,0.02598611050366231,0.024336234954294447,0.04751442713967935,0.002116557785720591,0.04887227722096568
supplementary,PPO_best_551901,category,near_link,minimum_self_distance_m,m,all_primary_common_complete_success_within_stratum,43,43,0.019058137768854188,0.0195736767651759,0.019733748158063974,0.014268231607160753,0.019787261439910928
supplementary,PPO_best_551901,category,near_link,command_smoothness_rms_rad_s2,rad/s^2,all_primary_common_complete_success_within_stratum,43,43,0.521396006681093,0.4896592779014143,1.1394353937737656,0.15087573292771894,1.2717083518873682
supplementary,PPO_best_551901,category,near_link,max_actual_arm_velocity_rad_s,rad/s,all_primary_common_complete_success_within_stratum,43,43,0.27702890888249476,0.2818038877023861,0.3088493222476856,0.2000648683383498,0.31465997243997457
supplementary,PPO_best_551901,category,near_link,speed_saturated_fraction,fraction,all_primary_common_complete_success_within_stratum,43,43,0.0,0.0,0.0,0.0,0.0
supplementary,PPO_best_551901,category,near_link,soft_limited_fraction,fraction,all_primary_common_complete_success_within_stratum,43,43,0.0,0.0,0.0,0.0,0.0
supplementary,PPO_best_551901,category,near_link,raw_policy_component_clip_fraction,fraction,all_primary_common_complete_success_within_stratum,43,43,0.4064749446290144,0.42857142857142855,0.603125,0.022321428571428572,0.6562499999999999
supplementary,PPO_best_551901,category,near_link,raw_policy_decisions_with_clip_fraction,fraction,all_primary_common_complete_success_within_stratum,43,43,0.9577277131782946,1.0,1.0,0.15625,1.0
supplementary,PPO_best_551901,category,near_link,u_component_clip_fraction,fraction,all_primary_common_complete_success_within_stratum,43,43,0.0,0.0,0.0,0.0,0.0
supplementary,PPO_best_551901,category,near_link,u_decisions_with_clip_fraction,fraction,all_primary_common_complete_success_within_stratum,43,43,0.0,0.0,0.0,0.0,0.0
supplementary,PPO_best_551901,category,near_link,mean_u_abs_rad_s,rad/s,all_primary_common_complete_success_within_stratum,43,43,0.15101537775784366,0.1524067524421428,0.17681442009218565,0.11789437124943583,0.1831195281685463
supplementary,PPO_best_551901,category,near_link,provider_mean_s,s/48Hz decision,all_primary_common_complete_success_within_stratum,43,43,0.00030185444403153013,0.000299015890808126,0.0003258040617159471,0.00028120212997843436,0.00033561806306655245
supplementary,PPO_best_551901,category,near_link,core_mean_s,s/240Hz step,all_primary_common_complete_success_within_stratum,43,43,0.0005771789031751379,0.0005743762646488904,0.0005870063194621859,0.0005634901522171276,0.0006806392084096539
supplementary,PPO_best_551901,category,near_link,outer_mean_s,s/240Hz step including decision when due,all_primary_common_complete_success_within_stratum,43,43,0.0007275562308240642,0.0007206892052636249,0.0007804579756490663,0.0006891361646012229,0.0008271934272367313
supplementary,PPO_best_551901,category,tight_layout,max_error_m,m,all_primary_common_complete_success_within_stratum,7,7,4.8622270136561906e-05,4.790914626152138e-05,5.96036075125754e-05,3.529342754904794e-05,6.035546597774988e-05
supplementary,PPO_best_551901,category,tight_layout,rmse_m,m,all_primary_common_complete_success_within_stratum,7,7,3.844806717753358e-05,3.8307195745745965e-05,4.759161173652593e-05,2.9110114560736657e-05,4.9824905043193956e-05
supplementary,PPO_best_551901,category,tight_layout,endpoint_error_m,m,all_primary_common_complete_success_within_stratum,7,7,3.0697652512590734e-05,2.8383136632688954e-05,5.200320147087901e-05,1.4943565625178914e-05,6.035546597774988e-05
supplementary,PPO_best_551901,category,tight_layout,minimum_external_distance_m,m,all_primary_common_complete_success_within_stratum,7,7,0.007903217910813077,0.007200956651543217,0.012071447232174314,0.0030317946116961564,0.012594490571266284
supplementary,PPO_best_551901,category,tight_layout,minimum_self_distance_m,m,all_primary_common_complete_success_within_stratum,7,7,0.019604766847522364,0.019584462220689935,0.01967842806398877,0.01956283235356572,0.01969172871785215
supplementary,PPO_best_551901,category,tight_layout,command_smoothness_rms_rad_s2,rad/s^2,all_primary_common_complete_success_within_stratum,7,7,0.4682447349651317,0.31003791622171223,1.0741241664055015,0.11857489050255444,1.078377545697693
supplementary,PPO_best_551901,category,tight_layout,max_actual_arm_velocity_rad_s,rad/s,all_primary_common_complete_success_within_stratum,7,7,0.2850690055113783,0.2845218288634024,0.2929612650040897,0.27284642948658894,0.293935282647368
supplementary,PPO_best_551901,category,tight_layout,speed_saturated_fraction,fraction,all_primary_common_complete_success_within_stratum,7,7,0.0,0.0,0.0,0.0,0.0
supplementary,PPO_best_551901,category,tight_layout,soft_limited_fraction,fraction,all_primary_common_complete_success_within_stratum,7,7,0.0,0.0,0.0,0.0,0.0
supplementary,PPO_best_551901,category,tight_layout,raw_policy_component_clip_fraction,fraction,all_primary_common_complete_success_within_stratum,7,7,0.48405612244897955,0.44419642857142855,0.6755952380952379,0.3653273809523809,0.7425595238095237
supplementary,PPO_best_551901,category,tight_layout,raw_policy_decisions_with_clip_fraction,fraction,all_primary_common_complete_success_within_stratum,7,7,1.0,1.0,1.0,1.0,1.0
supplementary,PPO_best_551901,category,tight_layout,u_component_clip_fraction,fraction,all_primary_common_complete_success_within_stratum,7,7,0.0,0.0,0.0,0.0,0.0
supplementary,PPO_best_551901,category,tight_layout,u_decisions_with_clip_fraction,fraction,all_primary_common_complete_success_within_stratum,7,7,0.0,0.0,0.0,0.0,0.0
supplementary,PPO_best_551901,category,tight_layout,mean_u_abs_rad_s,rad/s,all_primary_common_complete_success_within_stratum,7,7,0.16105064931943328,0.16231214954029943,0.16993243596261542,0.15030296058615758,0.17109028221484981
supplementary,PPO_best_551901,category,tight_layout,provider_mean_s,s/48Hz decision,all_primary_common_complete_success_within_stratum,7,7,0.0003120079993658735,0.000311598025746207,0.0003284267269615763,0.00029567251658590976,0.0003298065209188887
supplementary,PPO_best_551901,category,tight_layout,core_mean_s,s/240Hz step,all_primary_common_complete_success_within_stratum,7,7,0.0005755651495487006,0.0005737312278142781,0.0005839729659752872,0.0005683091491846426,0.0005851316174509217
supplementary,PPO_best_551901,category,tight_layout,outer_mean_s,s/240Hz step including decision when due,all_primary_common_complete_success_within_stratum,7,7,0.0007437966905984338,0.0007263354519636778,0.0007820421881994359,0.0007103782342710474,0.000782902115285348
supplementary,PPO_best_551901,template_group,supplement-g000,max_error_m,m,all_primary_common_complete_success_within_stratum,9,9,6.503613995269557e-05,6.68763852688416e-05,6.780294708083173e-05,5.561501514494919e-05,6.786304854289966e-05
supplementary,PPO_best_551901,template_group,supplement-g000,rmse_m,m,all_primary_common_complete_success_within_stratum,9,9,3.796417558949592e-05,3.74383054053612e-05,4.3414225090313855e-05,3.4287804145465e-05,4.357536744600351e-05
supplementary,PPO_best_551901,template_group,supplement-g000,endpoint_error_m,m,all_primary_common_complete_success_within_stratum,9,9,6.462205207032158e-05,6.68763852688416e-05,6.780294708083173e-05,5.188822420358322e-05,6.786304854289966e-05
supplementary,PPO_best_551901,template_group,supplement-g000,minimum_external_distance_m,m,all_primary_common_complete_success_within_stratum,9,0,,,,,
supplementary,PPO_best_551901,template_group,supplement-g000,minimum_self_distance_m,m,all_primary_common_complete_success_within_stratum,9,9,0.019554766941415017,0.01956706148681537,0.019726871179477936,0.01925113297280577,0.019738939923609672
supplementary,PPO_best_551901,template_group,supplement-g000,command_smoothness_rms_rad_s2,rad/s^2,all_primary_common_complete_success_within_stratum,9,9,0.13017159857486815,0.13162328938754284,0.136902894386889,0.12233422484346376,0.13692866593971872
supplementary,PPO_best_551901,template_group,supplement-g000,max_actual_arm_velocity_rad_s,rad/s,all_primary_common_complete_success_within_stratum,9,9,0.2638658272702139,0.2630089645783607,0.26949587916987183,0.2600170232163958,0.27251018791021814
supplementary,PPO_best_551901,template_group,supplement-g000,speed_saturated_fraction,fraction,all_primary_common_complete_success_within_stratum,9,9,0.0,0.0,0.0,0.0,0.0
supplementary,PPO_best_551901,template_group,supplement-g000,soft_limited_fraction,fraction,all_primary_common_complete_success_within_stratum,9,9,0.0,0.0,0.0,0.0,0.0
supplementary,PPO_best_551901,template_group,supplement-g000,raw_policy_component_clip_fraction,fraction,all_primary_common_complete_success_within_stratum,9,9,0.7142857142857143,0.7142857142857143,0.7142857142857143,0.7142857142857143,0.7142857142857143
supplementary,PPO_best_551901,template_group,supplement-g000,raw_policy_decisions_with_clip_fraction,fraction,all_primary_common_complete_success_within_stratum,9,9,1.0,1.0,1.0,1.0,1.0
supplementary,PPO_best_551901,template_group,supplement-g000,u_component_clip_fraction,fraction,all_primary_common_complete_success_within_stratum,9,9,0.0,0.0,0.0,0.0,0.0
supplementary,PPO_best_551901,template_group,supplement-g000,u_decisions_with_clip_fraction,fraction,all_primary_common_complete_success_within_stratum,9,9,0.0,0.0,0.0,0.0,0.0
supplementary,PPO_best_551901,template_group,supplement-g000,mean_u_abs_rad_s,rad/s,all_primary_common_complete_success_within_stratum,9,9,0.15795944320357025,0.157800054516355,0.1589496656073745,0.15655334243561983,0.1590655129707773
supplementary,PPO_best_551901,template_group,supplement-g000,provider_mean_s,s/48Hz decision,all_primary_common_complete_success_within_stratum,9,9,0.00026114044587504596,0.0002560722916011097,0.0002864524128199264,0.0002518602538354268,0.0003000261563101958
supplementary,PPO_best_551901,template_group,supplement-g000,core_mean_s,s/240Hz step,all_primary_common_complete_success_within_stratum,9,9,0.0005452293476082559,0.0005448302559670992,0.0005508546601049602,0.0005409000064294863,0.0005533233694222872
supplementary,PPO_best_551901,template_group,supplement-g000,outer_mean_s,s/240Hz step including decision when due,all_primary_common_complete_success_within_stratum,9,9,0.0006200472312971046,0.0006177577552080038,0.0006309081332741091,0.0006136338491463297,0.0006363745178835718
supplementary,PPO_best_551901,template_group,supplement-g001,max_error_m,m,all_primary_common_complete_success_within_stratum,0,0,,,,,
supplementary,PPO_best_551901,template_group,supplement-g001,rmse_m,m,all_primary_common_complete_success_within_stratum,0,0,,,,,
supplementary,PPO_best_551901,template_group,supplement-g001,endpoint_error_m,m,all_primary_common_complete_success_within_stratum,0,0,,,,,
supplementary,PPO_best_551901,template_group,supplement-g001,minimum_external_distance_m,m,all_primary_common_complete_success_within_stratum,0,0,,,,,
supplementary,PPO_best_551901,template_group,supplement-g001,minimum_self_distance_m,m,all_primary_common_complete_success_within_stratum,0,0,,,,,
supplementary,PPO_best_551901,template_group,supplement-g001,command_smoothness_rms_rad_s2,rad/s^2,all_primary_common_complete_success_within_stratum,0,0,,,,,
supplementary,PPO_best_551901,template_group,supplement-g001,max_actual_arm_velocity_rad_s,rad/s,all_primary_common_complete_success_within_stratum,0,0,,,,,
supplementary,PPO_best_551901,template_group,supplement-g001,speed_saturated_fraction,fraction,all_primary_common_complete_success_within_stratum,0,0,,,,,
supplementary,PPO_best_551901,template_group,supplement-g001,soft_limited_fraction,fraction,all_primary_common_complete_success_within_stratum,0,0,,,,,
supplementary,PPO_best_551901,template_group,supplement-g001,raw_policy_component_clip_fraction,fraction,all_primary_common_complete_success_within_stratum,0,0,,,,,
supplementary,PPO_best_551901,template_group,supplement-g001,raw_policy_decisions_with_clip_fraction,fraction,all_primary_common_complete_success_within_stratum,0,0,,,,,
supplementary,PPO_best_551901,template_group,supplement-g001,u_component_clip_fraction,fraction,all_primary_common_complete_success_within_stratum,0,0,,,,,
supplementary,PPO_best_551901,template_group,supplement-g001,u_decisions_with_clip_fraction,fraction,all_primary_common_complete_success_within_stratum,0,0,,,,,
supplementary,PPO_best_551901,template_group,supplement-g001,mean_u_abs_rad_s,rad/s,all_primary_common_complete_success_within_stratum,0,0,,,,,
supplementary,PPO_best_551901,template_group,supplement-g001,provider_mean_s,s/48Hz decision,all_primary_common_complete_success_within_stratum,0,0,,,,,
supplementary,PPO_best_551901,template_group,supplement-g001,core_mean_s,s/240Hz step,all_primary_common_complete_success_within_stratum,0,0,,,,,
supplementary,PPO_best_551901,template_group,supplement-g001,outer_mean_s,s/240Hz step including decision when due,all_primary_common_complete_success_within_stratum,0,0,,,,,
supplementary,PPO_best_551901,template_group,supplement-g002,max_error_m,m,all_primary_common_complete_success_within_stratum,0,0,,,,,
supplementary,PPO_best_551901,template_group,supplement-g002,rmse_m,m,all_primary_common_complete_success_within_stratum,0,0,,,,,
supplementary,PPO_best_551901,template_group,supplement-g002,endpoint_error_m,m,all_primary_common_complete_success_within_stratum,0,0,,,,,
supplementary,PPO_best_551901,template_group,supplement-g002,minimum_external_distance_m,m,all_primary_common_complete_success_within_stratum,0,0,,,,,
supplementary,PPO_best_551901,template_group,supplement-g002,minimum_self_distance_m,m,all_primary_common_complete_success_within_stratum,0,0,,,,,
supplementary,PPO_best_551901,template_group,supplement-g002,command_smoothness_rms_rad_s2,rad/s^2,all_primary_common_complete_success_within_stratum,0,0,,,,,
supplementary,PPO_best_551901,template_group,supplement-g002,max_actual_arm_velocity_rad_s,rad/s,all_primary_common_complete_success_within_stratum,0,0,,,,,
supplementary,PPO_best_551901,template_group,supplement-g002,speed_saturated_fraction,fraction,all_primary_common_complete_success_within_stratum,0,0,,,,,
supplementary,PPO_best_551901,template_group,supplement-g002,soft_limited_fraction,fraction,all_primary_common_complete_success_within_stratum,0,0,,,,,
supplementary,PPO_best_551901,template_group,supplement-g002,raw_policy_component_clip_fraction,fraction,all_primary_common_complete_success_within_stratum,0,0,,,,,
supplementary,PPO_best_551901,template_group,supplement-g002,raw_policy_decisions_with_clip_fraction,fraction,all_primary_common_complete_success_within_stratum,0,0,,,,,
supplementary,PPO_best_551901,template_group,supplement-g002,u_component_clip_fraction,fraction,all_primary_common_complete_success_within_stratum,0,0,,,,,
supplementary,PPO_best_551901,template_group,supplement-g002,u_decisions_with_clip_fraction,fraction,all_primary_common_complete_success_within_stratum,0,0,,,,,
supplementary,PPO_best_551901,template_group,supplement-g002,mean_u_abs_rad_s,rad/s,all_primary_common_complete_success_within_stratum,0,0,,,,,
supplementary,PPO_best_551901,template_group,supplement-g002,provider_mean_s,s/48Hz decision,all_primary_common_complete_success_within_stratum,0,0,,,,,
supplementary,PPO_best_551901,template_group,supplement-g002,core_mean_s,s/240Hz step,all_primary_common_complete_success_within_stratum,0,0,,,,,
supplementary,PPO_best_551901,template_group,supplement-g002,outer_mean_s,s/240Hz step including decision when due,all_primary_common_complete_success_within_stratum,0,0,,,,,
supplementary,PPO_best_551901,template_group,supplement-g003,max_error_m,m,all_primary_common_complete_success_within_stratum,7,7,3.8530932842733376e-05,3.704449131451875e-05,4.86881157888008e-05,2.9692025592577953e-05,5.1541521037366925e-05
supplementary,PPO_best_551901,template_group,supplement-g003,rmse_m,m,all_primary_common_complete_success_within_stratum,7,7,2.4973991852768486e-05,2.359436407150436e-05,3.32573590042185e-05,1.7503928021994457e-05,3.595459303538943e-05
supplementary,PPO_best_551901,template_group,supplement-g003,endpoint_error_m,m,all_primary_common_complete_success_within_stratum,7,7,2.1877772826207134e-05,2.078150235943834e-05,2.9273816471785515e-05,1.7364133619775775e-05,3.171534656755169e-05
supplementary,PPO_best_551901,template_group,supplement-g003,minimum_external_distance_m,m,all_primary_common_complete_success_within_stratum,7,7,0.022067353403512586,0.02223653847877058,0.03912444793567464,0.002116557785720591,0.04508392004120823
supplementary,PPO_best_551901,template_group,supplement-g003,minimum_self_distance_m,m,all_primary_common_complete_success_within_stratum,7,7,0.01961468478502138,0.019575189437702104,0.019738580060491617,0.019550022973322867,0.01974274122324579
supplementary,PPO_best_551901,template_group,supplement-g003,command_smoothness_rms_rad_s2,rad/s^2,all_primary_common_complete_success_within_stratum,7,7,0.35911467211550374,0.3708996933297304,0.5152722138051502,0.15087573292771894,0.5216006646124801
supplementary,PPO_best_551901,template_group,supplement-g003,max_actual_arm_velocity_rad_s,rad/s,all_primary_common_complete_success_within_stratum,7,7,0.2818838480211728,0.28208680020501814,0.2895713429702135,0.27315567773065735,0.29161754509025917
supplementary,PPO_best_551901,template_group,supplement-g003,speed_saturated_fraction,fraction,all_primary_common_complete_success_within_stratum,7,7,0.0,0.0,0.0,0.0,0.0
supplementary,PPO_best_551901,template_group,supplement-g003,soft_limited_fraction,fraction,all_primary_common_complete_success_within_stratum,7,7,0.0,0.0,0.0,0.0,0.0
supplementary,PPO_best_551901,template_group,supplement-g003,raw_policy_component_clip_fraction,fraction,all_primary_common_complete_success_within_stratum,7,7,0.5094600340136053,0.4992559523809523,0.5695684523809522,0.43749999999999994,0.5706845238095236
supplementary,PPO_best_551901,template_group,supplement-g003,raw_policy_decisions_with_clip_fraction,fraction,all_primary_common_complete_success_within_stratum,7,7,1.0,1.0,1.0,1.0,1.0
supplementary,PPO_best_551901,template_group,supplement-g003,u_component_clip_fraction,fraction,all_primary_common_complete_success_within_stratum,7,7,0.0,0.0,0.0,0.0,0.0
supplementary,PPO_best_551901,template_group,supplement-g003,u_decisions_with_clip_fraction,fraction,all_primary_common_complete_success_within_stratum,7,7,0.0,0.0,0.0,0.0,0.0
supplementary,PPO_best_551901,template_group,supplement-g003,mean_u_abs_rad_s,rad/s,all_primary_common_complete_success_within_stratum,7,7,0.16146500830777735,0.16328044389374552,0.1661348247442705,0.1524067524421428,0.16670219865405844
supplementary,PPO_best_551901,template_group,supplement-g003,provider_mean_s,s/48Hz decision,all_primary_common_complete_success_within_stratum,7,7,0.0003029547195053185,0.000299015890808126,0.0003173166119571154,0.0002903219983636518,0.00031831287863800145
supplementary,PPO_best_551901,template_group,supplement-g003,core_mean_s,s/240Hz step,all_primary_common_complete_success_within_stratum,7,7,0.0005691390487689723,0.0005684147871155195,0.0005750505388702246,0.0005634901522171276,0.0005756147050002861
supplementary,PPO_best_551901,template_group,supplement-g003,outer_mean_s,s/240Hz step including decision when due,all_primary_common_complete_success_within_stratum,7,7,0.0007301287063022582,0.000724888497673722,0.0007629083773857322,0.0007008514899704703,0.0007643814436354054
supplementary,PPO_best_551901,template_group,supplement-g005,max_error_m,m,all_primary_common_complete_success_within_stratum,8,8,6.50853675897009e-05,6.455987475827592e-05,7.221414098819284e-05,5.941437472645947e-05,7.489041274357228e-05
supplementary,PPO_best_551901,template_group,supplement-g005,rmse_m,m,all_primary_common_complete_success_within_stratum,8,8,3.462599330338552e-05,3.463903535871715e-05,3.615258910402674e-05,3.268856027509211e-05,3.6420375705533504e-05
supplementary,PPO_best_551901,template_group,supplement-g005,endpoint_error_m,m,all_primary_common_complete_success_within_stratum,8,8,6.148294515676986e-05,6.089226155736923e-05,7.122096910527742e-05,5.13812289527337e-05,7.489041274357228e-05
supplementary,PPO_best_551901,template_group,supplement-g005,minimum_external_distance_m,m,all_primary_common_complete_success_within_stratum,8,0,,,,,
supplementary,PPO_best_551901,template_group,supplement-g005,minimum_self_distance_m,m,all_primary_common_complete_success_within_stratum,8,8,0.018569410309931304,0.018600499685846088,0.018992113143932513,0.01805178674292593,0.019165013377277218
supplementary,PPO_best_551901,template_group,supplement-g005,command_smoothness_rms_rad_s2,rad/s^2,all_primary_common_complete_success_within_stratum,8,8,0.1347927114565675,0.1338568629658617,0.14235870151552193,0.126355367275049,0.14274476298818692
supplementary,PPO_best_551901,template_group,supplement-g005,max_actual_arm_velocity_rad_s,rad/s,all_primary_common_complete_success_within_stratum,8,8,0.26119241687882144,0.26075393445173933,0.2636985024649897,0.25953741849961304,0.2643904850456186
supplementary,PPO_best_551901,template_group,supplement-g005,speed_saturated_fraction,fraction,all_primary_common_complete_success_within_stratum,8,8,0.0,0.0,0.0,0.0,0.0
supplementary,PPO_best_551901,template_group,supplement-g005,soft_limited_fraction,fraction,all_primary_common_complete_success_within_stratum,8,8,0.0,0.0,0.0,0.0,0.0
supplementary,PPO_best_551901,template_group,supplement-g005,raw_policy_component_clip_fraction,fraction,all_primary_common_complete_success_within_stratum,8,8,0.7142857142857143,0.7142857142857143,0.7142857142857143,0.7142857142857143,0.7142857142857143
supplementary,PPO_best_551901,template_group,supplement-g005,raw_policy_decisions_with_clip_fraction,fraction,all_primary_common_complete_success_within_stratum,8,8,1.0,1.0,1.0,1.0,1.0
supplementary,PPO_best_551901,template_group,supplement-g005,u_component_clip_fraction,fraction,all_primary_common_complete_success_within_stratum,8,8,0.0,0.0,0.0,0.0,0.0
supplementary,PPO_best_551901,template_group,supplement-g005,u_decisions_with_clip_fraction,fraction,all_primary_common_complete_success_within_stratum,8,8,0.0,0.0,0.0,0.0,0.0
supplementary,PPO_best_551901,template_group,supplement-g005,mean_u_abs_rad_s,rad/s,all_primary_common_complete_success_within_stratum,8,8,0.1588020256051788,0.15872641079892802,0.15958437141976206,0.1580871883474867,0.15968079272535673
supplementary,PPO_best_551901,template_group,supplement-g005,provider_mean_s,s/48Hz decision,all_primary_common_complete_success_within_stratum,8,8,0.0002567158173671184,0.0002541899151916975,0.0002693273237127869,0.00025254908860006253,0.0002762111150029038
supplementary,PPO_best_551901,template_group,supplement-g005,core_mean_s,s/240Hz step,all_primary_common_complete_success_within_stratum,8,8,0.0005467207711831179,0.0005458745157284284,0.0005508406953110049,0.0005441951664882557,0.0005516548088356407
supplementary,PPO_best_551901,template_group,supplement-g005,outer_mean_s,s/240Hz step including decision when due,all_primary_common_complete_success_within_stratum,8,8,0.0006205078660968866,0.0006191929682851575,0.0006273254477294661,0.0006172401357313599,0.0006296063446825428
supplementary,PPO_best_551901,template_group,supplement-g006,max_error_m,m,all_primary_common_complete_success_within_stratum,7,7,5.63696193365411e-05,5.942187363844659e-05,7.085072194574761e-05,4.418687193759726e-05,7.410058125695239e-05
supplementary,PPO_best_551901,template_group,supplement-g006,rmse_m,m,all_primary_common_complete_success_within_stratum,7,7,4.494041754100121e-05,4.610532319546552e-05,5.526568018003477e-05,3.46737352532918e-05,5.764380779718161e-05
supplementary,PPO_best_551901,template_group,supplement-g006,endpoint_error_m,m,all_primary_common_complete_success_within_stratum,7,7,2.6318437301667894e-05,2.801688297366466e-05,3.5309484263861016e-05,1.0949423869194887e-05,3.626796838079681e-05
supplementary,PPO_best_551901,template_group,supplement-g006,minimum_external_distance_m,m,all_primary_common_complete_success_within_stratum,7,7,0.025907474561308604,0.02072865491848172,0.04158684970351456,0.013856875066322674,0.041851902887720935
supplementary,PPO_best_551901,template_group,supplement-g006,minimum_self_distance_m,m,all_primary_common_complete_success_within_stratum,7,7,0.01962591145248937,0.01959577174525945,0.019698623788544183,0.0195736767651759,0.019707156285629475
supplementary,PPO_best_551901,template_group,supplement-g006,command_smoothness_rms_rad_s2,rad/s^2,all_primary_common_complete_success_within_stratum,7,7,0.7546334615851906,0.5466629042389923,1.2699415436434172,0.1538050651240358,1.2717083518873682
supplementary,PPO_best_551901,template_group,supplement-g006,max_actual_arm_velocity_rad_s,rad/s,all_primary_common_complete_success_within_stratum,7,7,0.28693997546770306,0.2884456622883751,0.30132111648411386,0.2701293623225259,0.30492192865181045
supplementary,PPO_best_551901,template_group,supplement-g006,speed_saturated_fraction,fraction,all_primary_common_complete_success_within_stratum,7,7,0.0,0.0,0.0,0.0,0.0
supplementary,PPO_best_551901,template_group,supplement-g006,soft_limited_fraction,fraction,all_primary_common_complete_success_within_stratum,7,7,0.0,0.0,0.0,0.0,0.0
supplementary,PPO_best_551901,template_group,supplement-g006,raw_policy_component_clip_fraction,fraction,all_primary_common_complete_success_within_stratum,7,7,0.43080357142857134,0.4345238095238095,0.478720238095238,0.3497023809523809,0.4858630952380952
supplementary,PPO_best_551901,template_group,supplement-g006,raw_policy_decisions_with_clip_fraction,fraction,all_primary_common_complete_success_within_stratum,7,7,1.0,1.0,1.0,1.0,1.0
supplementary,PPO_best_551901,template_group,supplement-g006,u_component_clip_fraction,fraction,all_primary_common_complete_success_within_stratum,7,7,0.0,0.0,0.0,0.0,0.0
supplementary,PPO_best_551901,template_group,supplement-g006,u_decisions_with_clip_fraction,fraction,all_primary_common_complete_success_within_stratum,7,7,0.0,0.0,0.0,0.0,0.0
supplementary,PPO_best_551901,template_group,supplement-g006,mean_u_abs_rad_s,rad/s,all_primary_common_complete_success_within_stratum,7,7,0.1545944828105311,0.1545621190397512,0.1665474917633193,0.14277090935890252,0.16686298126088722
supplementary,PPO_best_551901,template_group,supplement-g006,provider_mean_s,s/48Hz decision,all_primary_common_complete_success_within_stratum,7,7,0.0003077572074462729,0.0003065956216232735,0.00031661022427821687,0.00030078900332834263,0.00031850574911610846
supplementary,PPO_best_551901,template_group,supplement-g006,core_mean_s,s/240Hz step,all_primary_common_complete_success_within_stratum,7,7,0.0005914482871091987,0.0005775646820742016,0.00065210868955243,0.0005709054888939135,0.0006806392084096539
supplementary,PPO_best_551901,template_group,supplement-g006,outer_mean_s,s/240Hz step including decision when due,all_primary_common_complete_success_within_stratum,7,7,0.0007570805785343552,0.0007521847414864169,0.0008135830821962978,0.0007215006182680857,0.0008271934272367313
supplementary,PPO_best_551901,template_group,supplement-g007,max_error_m,m,all_primary_common_complete_success_within_stratum,2,2,5.603180059892206e-05,5.603180059892206e-05,5.766752404434365e-05,5.421433010400919e-05,5.7849271093834936e-05
supplementary,PPO_best_551901,template_group,supplement-g007,rmse_m,m,all_primary_common_complete_success_within_stratum,2,2,4.610274953208059e-05,4.610274953208059e-05,4.945268949208262e-05,4.238059402096722e-05,4.9824905043193956e-05
supplementary,PPO_best_551901,template_group,supplement-g007,endpoint_error_m,m,all_primary_common_complete_success_within_stratum,2,2,2.1663351128933935e-05,2.1663351128933935e-05,2.771115808231345e-05,1.4943565625178914e-05,2.8383136632688954e-05
supplementary,PPO_best_551901,template_group,supplement-g007,minimum_external_distance_m,m,all_primary_common_complete_success_within_stratum,2,2,0.0057762109696698205,0.0057762109696698205,0.008246185691846118,0.0030317946116961564,0.008520627327643485
supplementary,PPO_best_551901,template_group,supplement-g007,minimum_self_distance_m,m,all_primary_common_complete_success_within_stratum,2,2,0.01964321687199056,0.01964321687199056,0.019686877533265992,0.01959470502612897,0.01969172871785215
supplementary,PPO_best_551901,template_group,supplement-g007,command_smoothness_rms_rad_s2,rad/s^2,all_primary_common_complete_success_within_stratum,2,2,0.2302852581827666,0.2302852581827666,0.30206265041781766,0.15053260014382097,0.31003791622171223
supplementary,PPO_best_551901,template_group,supplement-g007,max_actual_arm_velocity_rad_s,rad/s,all_primary_common_complete_success_within_stratum,2,2,0.2846254629073167,0.2846254629073167,0.28986829479246806,0.2788000941460374,0.290450831668596
supplementary,PPO_best_551901,template_group,supplement-g007,speed_saturated_fraction,fraction,all_primary_common_complete_success_within_stratum,2,2,0.0,0.0,0.0,0.0,0.0
supplementary,PPO_best_551901,template_group,supplement-g007,soft_limited_fraction,fraction,all_primary_common_complete_success_within_stratum,2,2,0.0,0.0,0.0,0.0,0.0
supplementary,PPO_best_551901,template_group,supplement-g007,raw_policy_component_clip_fraction,fraction,all_primary_common_complete_success_within_stratum,2,2,0.3969494047619047,0.3969494047619047,0.42540922619047616,0.3653273809523809,0.42857142857142855
supplementary,PPO_best_551901,template_group,supplement-g007,raw_policy_decisions_with_clip_fraction,fraction,all_primary_common_complete_success_within_stratum,2,2,1.0,1.0,1.0,1.0,1.0
supplementary,PPO_best_551901,template_group,supplement-g007,u_component_clip_fraction,fraction,all_primary_common_complete_success_within_stratum,2,2,0.0,0.0,0.0,0.0,0.0
supplementary,PPO_best_551901,template_group,supplement-g007,u_decisions_with_clip_fraction,fraction,all_primary_common_complete_success_within_stratum,2,2,0.0,0.0,0.0,0.0,0.0
supplementary,PPO_best_551901,template_group,supplement-g007,mean_u_abs_rad_s,rad/s,all_primary_common_complete_success_within_stratum,2,2,0.16230518090361284,0.16230518090361284,0.16274361197725828,0.16181803526622907,0.16279232654099665
supplementary,PPO_best_551901,template_group,supplement-g007,provider_mean_s,s/48Hz decision,all_primary_common_complete_success_within_stratum,2,2,0.000323609054400246,0.000323609054400246,0.0003250473923950873,0.00032201090107264463,0.00032520720772784745
supplementary,PPO_best_551901,template_group,supplement-g007,core_mean_s,s/240Hz step,all_primary_common_complete_success_within_stratum,2,2,0.0005832005316581975,0.0005832005316581975,0.0005849385088716493,0.0005812694458654733,0.0005851316174509217
supplementary,PPO_best_551901,template_group,supplement-g007,outer_mean_s,s/240Hz step including decision when due,all_primary_common_complete_success_within_stratum,2,2,0.0007723980772728586,0.0007723980772728586,0.000781851711484099,0.000761894039260369,0.000782902115285348
supplementary,PPO_best_551901,template_group,supplement-g008,max_error_m,m,all_primary_common_complete_success_within_stratum,1,1,0.0001153356795589045,0.0001153356795589045,0.0001153356795589045,0.0001153356795589045,0.0001153356795589045
supplementary,PPO_best_551901,template_group,supplement-g008,rmse_m,m,all_primary_common_complete_success_within_stratum,1,1,9.417307621946991e-05,9.417307621946991e-05,9.417307621946991e-05,9.417307621946991e-05,9.417307621946991e-05
supplementary,PPO_best_551901,template_group,supplement-g008,endpoint_error_m,m,all_primary_common_complete_success_within_stratum,1,1,0.00010620220080963136,0.00010620220080963136,0.00010620220080963136,0.00010620220080963136,0.00010620220080963136
supplementary,PPO_best_551901,template_group,supplement-g008,minimum_external_distance_m,m,all_primary_common_complete_success_within_stratum,1,1,0.01478208484617903,0.01478208484617903,0.01478208484617903,0.01478208484617903,0.01478208484617903
supplementary,PPO_best_551901,template_group,supplement-g008,minimum_self_distance_m,m,all_primary_common_complete_success_within_stratum,1,1,0.019448451143269242,0.019448451143269242,0.019448451143269242,0.019448451143269242,0.019448451143269242
supplementary,PPO_best_551901,template_group,supplement-g008,command_smoothness_rms_rad_s2,rad/s^2,all_primary_common_complete_success_within_stratum,1,1,0.1697242098863849,0.1697242098863849,0.1697242098863849,0.1697242098863849,0.1697242098863849
supplementary,PPO_best_551901,template_group,supplement-g008,max_actual_arm_velocity_rad_s,rad/s,all_primary_common_complete_success_within_stratum,1,1,0.24337631186952452,0.24337631186952452,0.24337631186952452,0.24337631186952452,0.24337631186952452
supplementary,PPO_best_551901,template_group,supplement-g008,speed_saturated_fraction,fraction,all_primary_common_complete_success_within_stratum,1,1,0.0,0.0,0.0,0.0,0.0
supplementary,PPO_best_551901,template_group,supplement-g008,soft_limited_fraction,fraction,all_primary_common_complete_success_within_stratum,1,1,0.0,0.0,0.0,0.0,0.0
supplementary,PPO_best_551901,template_group,supplement-g008,raw_policy_component_clip_fraction,fraction,all_primary_common_complete_success_within_stratum,1,1,0.17261904761904756,0.17261904761904756,0.17261904761904756,0.17261904761904756,0.17261904761904756
supplementary,PPO_best_551901,template_group,supplement-g008,raw_policy_decisions_with_clip_fraction,fraction,all_primary_common_complete_success_within_stratum,1,1,1.0,1.0,1.0,1.0,1.0
supplementary,PPO_best_551901,template_group,supplement-g008,u_component_clip_fraction,fraction,all_primary_common_complete_success_within_stratum,1,1,0.0,0.0,0.0,0.0,0.0
supplementary,PPO_best_551901,template_group,supplement-g008,u_decisions_with_clip_fraction,fraction,all_primary_common_complete_success_within_stratum,1,1,0.0,0.0,0.0,0.0,0.0
supplementary,PPO_best_551901,template_group,supplement-g008,mean_u_abs_rad_s,rad/s,all_primary_common_complete_success_within_stratum,1,1,0.12924106291972012,0.12924106291972012,0.12924106291972012,0.12924106291972012,0.12924106291972012
supplementary,PPO_best_551901,template_group,supplement-g008,provider_mean_s,s/48Hz decision,all_primary_common_complete_success_within_stratum,1,1,0.00032196466766739224,0.00032196466766739224,0.00032196466766739224,0.00032196466766739224,0.00032196466766739224
supplementary,PPO_best_551901,template_group,supplement-g008,core_mean_s,s/240Hz step,all_primary_common_complete_success_within_stratum,1,1,0.0005714771198351324,0.0005714771198351324,0.0005714771198351324,0.0005714771198351324,0.0005714771198351324
supplementary,PPO_best_551901,template_group,supplement-g008,outer_mean_s,s/240Hz step including decision when due,all_primary_common_complete_success_within_stratum,1,1,0.000768149262573085,0.000768149262573085,0.000768149262573085,0.000768149262573085,0.000768149262573085
supplementary,PPO_best_551901,template_group,supplement-g009,max_error_m,m,all_primary_common_complete_success_within_stratum,1,1,4.790914626152138e-05,4.790914626152138e-05,4.790914626152138e-05,4.790914626152138e-05,4.790914626152138e-05
supplementary,PPO_best_551901,template_group,supplement-g009,rmse_m,m,all_primary_common_complete_success_within_stratum,1,1,3.550597002816743e-05,3.550597002816743e-05,3.550597002816743e-05,3.550597002816743e-05,3.550597002816743e-05
supplementary,PPO_best_551901,template_group,supplement-g009,endpoint_error_m,m,all_primary_common_complete_success_within_stratum,1,1,1.9905645898093633e-05,1.9905645898093633e-05,1.9905645898093633e-05,1.9905645898093633e-05,1.9905645898093633e-05
supplementary,PPO_best_551901,template_group,supplement-g009,minimum_external_distance_m,m,all_primary_common_complete_success_within_stratum,1,1,0.006731509073690398,0.006731509073690398,0.006731509073690398,0.006731509073690398,0.006731509073690398
supplementary,PPO_best_551901,template_group,supplement-g009,minimum_self_distance_m,m,all_primary_common_complete_success_within_stratum,1,1,0.019584462220689935,0.019584462220689935,0.019584462220689935,0.019584462220689935,0.019584462220689935
supplementary,PPO_best_551901,template_group,supplement-g009,command_smoothness_rms_rad_s2,rad/s^2,all_primary_common_complete_success_within_stratum,1,1,0.13049721669056288,0.13049721669056288,0.13049721669056288,0.13049721669056288,0.13049721669056288
supplementary,PPO_best_551901,template_group,supplement-g009,max_actual_arm_velocity_rad_s,rad/s,all_primary_common_complete_success_within_stratum,1,1,0.293935282647368,0.293935282647368,0.293935282647368,0.293935282647368,0.293935282647368
supplementary,PPO_best_551901,template_group,supplement-g009,speed_saturated_fraction,fraction,all_primary_common_complete_success_within_stratum,1,1,0.0,0.0,0.0,0.0,0.0
supplementary,PPO_best_551901,template_group,supplement-g009,soft_limited_fraction,fraction,all_primary_common_complete_success_within_stratum,1,1,0.0,0.0,0.0,0.0,0.0
supplementary,PPO_best_551901,template_group,supplement-g009,raw_policy_component_clip_fraction,fraction,all_primary_common_complete_success_within_stratum,1,1,0.519345238095238,0.519345238095238,0.519345238095238,0.519345238095238,0.519345238095238
supplementary,PPO_best_551901,template_group,supplement-g009,raw_policy_decisions_with_clip_fraction,fraction,all_primary_common_complete_success_within_stratum,1,1,1.0,1.0,1.0,1.0,1.0
supplementary,PPO_best_551901,template_group,supplement-g009,u_component_clip_fraction,fraction,all_primary_common_complete_success_within_stratum,1,1,0.0,0.0,0.0,0.0,0.0
supplementary,PPO_best_551901,template_group,supplement-g009,u_decisions_with_clip_fraction,fraction,all_primary_common_complete_success_within_stratum,1,1,0.0,0.0,0.0,0.0,0.0
supplementary,PPO_best_551901,template_group,supplement-g009,mean_u_abs_rad_s,rad/s,all_primary_common_complete_success_within_stratum,1,1,0.16723079470740188,0.16723079470740188,0.16723079470740188,0.16723079470740188,0.16723079470740188
supplementary,PPO_best_551901,template_group,supplement-g009,provider_mean_s,s/48Hz decision,all_primary_common_complete_success_within_stratum,1,1,0.0003298065209188887,0.0003298065209188887,0.0003298065209188887,0.0003298065209188887,0.0003298065209188887
supplementary,PPO_best_551901,template_group,supplement-g009,core_mean_s,s/240Hz step,all_primary_common_complete_success_within_stratum,1,1,0.0005805788576253689,0.0005805788576253689,0.0005805788576253689,0.0005805788576253689,0.0005805788576253689
supplementary,PPO_best_551901,template_group,supplement-g009,outer_mean_s,s/240Hz step including decision when due,all_primary_common_complete_success_within_stratum,1,1,0.0007800356916656408,0.0007800356916656408,0.0007800356916656408,0.0007800356916656408,0.0007800356916656408
supplementary,PPO_best_551901,template_group,supplement-g010,max_error_m,m,all_primary_common_complete_success_within_stratum,8,8,6.154143258965211e-05,6.202224470434786e-05,6.479288034411947e-05,5.760699260403103e-05,6.482139087702536e-05
supplementary,PPO_best_551901,template_group,supplement-g010,rmse_m,m,all_primary_common_complete_success_within_stratum,8,8,3.4963057425895484e-05,3.442456539935144e-05,3.846976810093766e-05,3.2193350887690785e-05,3.887742161732044e-05
supplementary,PPO_best_551901,template_group,supplement-g010,endpoint_error_m,m,all_primary_common_complete_success_within_stratum,8,8,6.154143258965211e-05,6.202224470434786e-05,6.479288034411947e-05,5.760699260403103e-05,6.482139087702536e-05
supplementary,PPO_best_551901,template_group,supplement-g010,minimum_external_distance_m,m,all_primary_common_complete_success_within_stratum,8,0,,,,,
supplementary,PPO_best_551901,template_group,supplement-g010,minimum_self_distance_m,m,all_primary_common_complete_success_within_stratum,8,8,0.01952293390155776,0.019521483503626227,0.019660435818592895,0.01936694698369925,0.019661915419679342
supplementary,PPO_best_551901,template_group,supplement-g010,command_smoothness_rms_rad_s2,rad/s^2,all_primary_common_complete_success_within_stratum,8,8,0.12894018824812675,0.12892923475262782,0.134092677722046,0.1234681574308547,0.135715951161701
supplementary,PPO_best_551901,template_group,supplement-g010,max_actual_arm_velocity_rad_s,rad/s,all_primary_common_complete_success_within_stratum,8,8,0.29557577382628003,0.29351938669662136,0.3087417511427181,0.2864742063428785,0.31262214700027013
supplementary,PPO_best_551901,template_group,supplement-g010,speed_saturated_fraction,fraction,all_primary_common_complete_success_within_stratum,8,8,0.0,0.0,0.0,0.0,0.0
supplementary,PPO_best_551901,template_group,supplement-g010,soft_limited_fraction,fraction,all_primary_common_complete_success_within_stratum,8,8,0.0,0.0,0.0,0.0,0.0
supplementary,PPO_best_551901,template_group,supplement-g010,raw_policy_component_clip_fraction,fraction,all_primary_common_complete_success_within_stratum,8,8,0.7142857142857143,0.7142857142857143,0.7142857142857143,0.7142857142857143,0.7142857142857143
supplementary,PPO_best_551901,template_group,supplement-g010,raw_policy_decisions_with_clip_fraction,fraction,all_primary_common_complete_success_within_stratum,8,8,1.0,1.0,1.0,1.0,1.0
supplementary,PPO_best_551901,template_group,supplement-g010,u_component_clip_fraction,fraction,all_primary_common_complete_success_within_stratum,8,8,0.0,0.0,0.0,0.0,0.0
supplementary,PPO_best_551901,template_group,supplement-g010,u_decisions_with_clip_fraction,fraction,all_primary_common_complete_success_within_stratum,8,8,0.0,0.0,0.0,0.0,0.0
supplementary,PPO_best_551901,template_group,supplement-g010,mean_u_abs_rad_s,rad/s,all_primary_common_complete_success_within_stratum,8,8,0.1540217273080045,0.15375468128809838,0.15519486428972976,0.15272417196039376,0.1552471645919251
supplementary,PPO_best_551901,template_group,supplement-g010,provider_mean_s,s/48Hz decision,all_primary_common_complete_success_within_stratum,8,8,0.00025596524443471935,0.0002539222004240097,0.0002641168148405389,0.0002517608390917303,0.00026588029201472335
supplementary,PPO_best_551901,template_group,supplement-g010,core_mean_s,s/240Hz step,all_primary_common_complete_success_within_stratum,8,8,0.0005465995244776422,0.000546381540910564,0.0005506848987245879,0.000542085715308834,0.0005516014531470622
supplementary,PPO_best_551901,template_group,supplement-g010,outer_mean_s,s/240Hz step including decision when due,all_primary_common_complete_success_within_stratum,8,8,0.0006203744575714155,0.0006199373571386483,0.0006252724953098247,0.0006151967086528505,0.0006264902054984608
supplementary,PPO_best_551901,template_group,supplement-g011,max_error_m,m,all_primary_common_complete_success_within_stratum,8,8,4.087842450166033e-05,3.9475587814021e-05,5.0311170170949014e-05,3.242375429801228e-05,5.228263189055942e-05
supplementary,PPO_best_551901,template_group,supplement-g011,rmse_m,m,all_primary_common_complete_success_within_stratum,8,8,3.0395845128270866e-05,2.9344702453063903e-05,3.494526286623874e-05,2.7943592988299353e-05,3.6310382266203287e-05
supplementary,PPO_best_551901,template_group,supplement-g011,endpoint_error_m,m,all_primary_common_complete_success_within_stratum,8,8,3.68584291153868e-05,3.383207774308647e-05,5.0311170170949014e-05,2.4683816454710037e-05,5.228263189055942e-05
supplementary,PPO_best_551901,template_group,supplement-g011,minimum_external_distance_m,m,all_primary_common_complete_success_within_stratum,8,8,0.03228535201511013,0.03530354709260909,0.04691148567033041,0.015877322733144517,0.04828584296708299
supplementary,PPO_best_551901,template_group,supplement-g011,minimum_self_distance_m,m,all_primary_common_complete_success_within_stratum,8,8,0.019129370025689714,0.019566499610576507,0.01970578343322736,0.017710640205861758,0.01973399067877181
supplementary,PPO_best_551901,template_group,supplement-g011,command_smoothness_rms_rad_s2,rad/s^2,all_primary_common_complete_success_within_stratum,8,8,0.5761498062860486,0.6024484033284424,0.9025723954568328,0.21650278609149753,0.910700779095872
supplementary,PPO_best_551901,template_group,supplement-g011,max_actual_arm_velocity_rad_s,rad/s,all_primary_common_complete_success_within_stratum,8,8,0.28721962034046566,0.2884426881226476,0.3080381235736431,0.263363234851931,0.3096234566942644
supplementary,PPO_best_551901,template_group,supplement-g011,speed_saturated_fraction,fraction,all_primary_common_complete_success_within_stratum,8,8,0.0,0.0,0.0,0.0,0.0
supplementary,PPO_best_551901,template_group,supplement-g011,soft_limited_fraction,fraction,all_primary_common_complete_success_within_stratum,8,8,0.0,0.0,0.0,0.0,0.0
supplementary,PPO_best_551901,template_group,supplement-g011,raw_policy_component_clip_fraction,fraction,all_primary_common_complete_success_within_stratum,8,8,0.40001860119047616,0.41369047619047616,0.5786830357142857,0.17782738095238093,0.6034226190476191
supplementary,PPO_best_551901,template_group,supplement-g011,raw_policy_decisions_with_clip_fraction,fraction,all_primary_common_complete_success_within_stratum,8,8,0.955078125,1.0,1.0,0.640625,1.0
supplementary,PPO_best_551901,template_group,supplement-g011,u_component_clip_fraction,fraction,all_primary_common_complete_success_within_stratum,8,8,0.0,0.0,0.0,0.0,0.0
supplementary,PPO_best_551901,template_group,supplement-g011,u_decisions_with_clip_fraction,fraction,all_primary_common_complete_success_within_stratum,8,8,0.0,0.0,0.0,0.0,0.0
supplementary,PPO_best_551901,template_group,supplement-g011,mean_u_abs_rad_s,rad/s,all_primary_common_complete_success_within_stratum,8,8,0.14485370135439335,0.14154497132512917,0.16912459777254252,0.12842279126316067,0.17453636817767149
supplementary,PPO_best_551901,template_group,supplement-g011,provider_mean_s,s/48Hz decision,all_primary_common_complete_success_within_stratum,8,8,0.0002938307384662645,0.00029359327898722165,0.00030282852803793504,0.0002858039110833488,0.0003058455625553809
supplementary,PPO_best_551901,template_group,supplement-g011,core_mean_s,s/240Hz step,all_primary_common_complete_success_within_stratum,8,8,0.0005704261248600535,0.0005704975738656988,0.0005761132466507964,0.0005639718527769825,0.0005765494094703172
supplementary,PPO_best_551901,template_group,supplement-g011,outer_mean_s,s/240Hz step including decision when due,all_primary_common_complete_success_within_stratum,8,8,0.0007077322940820826,0.0007097881563216409,0.0007229825433872368,0.0006891361646012229,0.0007242174177614894
supplementary,PPO_best_551901,template_group,supplement-g013,max_error_m,m,all_primary_common_complete_success_within_stratum,6,6,9.073776888359597e-05,8.006000173565726e-05,0.00013010047897264187,5.845765267571293e-05,0.00013303762900399523
supplementary,PPO_best_551901,template_group,supplement-g013,rmse_m,m,all_primary_common_complete_success_within_stratum,6,6,6.897130761800029e-05,6.504472424294178e-05,9.731861435040572e-05,4.4492809226455885e-05,0.00010349273971043013
supplementary,PPO_best_551901,template_group,supplement-g013,endpoint_error_m,m,all_primary_common_complete_success_within_stratum,6,6,7.804754420104526e-05,6.372646245931176e-05,0.0001281291069257269,4.3284248288771495e-05,0.00013040913294144193
supplementary,PPO_best_551901,template_group,supplement-g013,minimum_external_distance_m,m,all_primary_common_complete_success_within_stratum,6,6,0.026473403988970235,0.03020492311917134,0.045348168178086304,0.0056866949652533555,0.04778448348395392
supplementary,PPO_best_551901,template_group,supplement-g013,minimum_self_distance_m,m,all_primary_common_complete_success_within_stratum,6,6,0.019460347916609087,0.019456392926529453,0.019533141592315173,0.019360592246624883,0.019535248432360555
supplementary,PPO_best_551901,template_group,supplement-g013,command_smoothness_rms_rad_s2,rad/s^2,all_primary_common_complete_success_within_stratum,6,6,0.6231497710868208,0.6252439518339897,0.9207940562100235,0.26377354515467694,0.9864504960847312
supplementary,PPO_best_551901,template_group,supplement-g013,max_actual_arm_velocity_rad_s,rad/s,all_primary_common_complete_success_within_stratum,6,6,0.22835970203409806,0.22998379140571393,0.25500090303537604,0.2000648683383498,0.2550540549654921
supplementary,PPO_best_551901,template_group,supplement-g013,speed_saturated_fraction,fraction,all_primary_common_complete_success_within_stratum,6,6,0.0,0.0,0.0,0.0,0.0
supplementary,PPO_best_551901,template_group,supplement-g013,soft_limited_fraction,fraction,all_primary_common_complete_success_within_stratum,6,6,0.0,0.0,0.0,0.0,0.0
supplementary,PPO_best_551901,template_group,supplement-g013,raw_policy_component_clip_fraction,fraction,all_primary_common_complete_success_within_stratum,6,6,0.14632936507936503,0.16815476190476186,0.23697916666666663,0.022321428571428572,0.2514880952380952
supplementary,PPO_best_551901,template_group,supplement-g013,raw_policy_decisions_with_clip_fraction,fraction,all_primary_common_complete_success_within_stratum,6,6,0.7569444444444445,0.9375,0.9973958333333334,0.15625,1.0
supplementary,PPO_best_551901,template_group,supplement-g013,u_component_clip_fraction,fraction,all_primary_common_complete_success_within_stratum,6,6,0.0,0.0,0.0,0.0,0.0
supplementary,PPO_best_551901,template_group,supplement-g013,u_decisions_with_clip_fraction,fraction,all_primary_common_complete_success_within_stratum,6,6,0.0,0.0,0.0,0.0,0.0
supplementary,PPO_best_551901,template_group,supplement-g013,mean_u_abs_rad_s,rad/s,all_primary_common_complete_success_within_stratum,6,6,0.12719347398956343,0.12641148681182782,0.13945785685310036,0.11789437124943583,0.14264881021656384
supplementary,PPO_best_551901,template_group,supplement-g013,provider_mean_s,s/48Hz decision,all_primary_common_complete_success_within_stratum,6,6,0.0002961642737773218,0.0002918357139757669,0.0003081484296671988,0.00028917082211895223,0.00030905696773212793
supplementary,PPO_best_551901,template_group,supplement-g013,core_mean_s,s/240Hz step,all_primary_common_complete_success_within_stratum,6,6,0.000579182908773469,0.0005775682028646165,0.0005871036057139159,0.0005724203964139937,0.0005877134982559558
supplementary,PPO_best_551901,template_group,supplement-g013,outer_mean_s,s/240Hz step including decision when due,all_primary_common_complete_success_within_stratum,6,6,0.0007224896790224497,0.0007153856024918544,0.0007447275509927446,0.0007057571679373116,0.0007453933151737146
supplementary,PPO_best_551901,template_group,supplement-g015,max_error_m,m,all_primary_common_complete_success_within_stratum,8,8,6.314640708281456e-05,6.236660768606261e-05,6.656402613203936e-05,6.120412543944305e-05,6.708172618081712e-05
supplementary,PPO_best_551901,template_group,supplement-g015,rmse_m,m,all_primary_common_complete_success_within_stratum,8,8,3.9549356701246255e-05,3.857137993230115e-05,4.4699274892120236e-05,3.533182231823302e-05,4.562316933564771e-05
supplementary,PPO_best_551901,template_group,supplement-g015,endpoint_error_m,m,all_primary_common_complete_success_within_stratum,8,8,6.314640708281456e-05,6.236660768606261e-05,6.656402613203936e-05,6.120412543944305e-05,6.708172618081712e-05
supplementary,PPO_best_551901,template_group,supplement-g015,minimum_external_distance_m,m,all_primary_common_complete_success_within_stratum,8,0,,,,,
supplementary,PPO_best_551901,template_group,supplement-g015,minimum_self_distance_m,m,all_primary_common_complete_success_within_stratum,8,8,0.01963124508421594,0.0196649382826992,0.019671894813854784,0.019454923625972474,0.01967239110022767
supplementary,PPO_best_551901,template_group,supplement-g015,command_smoothness_rms_rad_s2,rad/s^2,all_primary_common_complete_success_within_stratum,8,8,0.1281064613381218,0.12734830498019004,0.13189323816808357,0.12450668729728603,0.1322740160185881
supplementary,PPO_best_551901,template_group,supplement-g015,max_actual_arm_velocity_rad_s,rad/s,all_primary_common_complete_success_within_stratum,8,8,0.29669461581894485,0.298244149814733,0.3028575427483479,0.2862226318722024,0.30441837325971577
supplementary,PPO_best_551901,template_group,supplement-g015,speed_saturated_fraction,fraction,all_primary_common_complete_success_within_stratum,8,8,0.0,0.0,0.0,0.0,0.0
supplementary,PPO_best_551901,template_group,supplement-g015,soft_limited_fraction,fraction,all_primary_common_complete_success_within_stratum,8,8,0.0,0.0,0.0,0.0,0.0
supplementary,PPO_best_551901,template_group,supplement-g015,raw_policy_component_clip_fraction,fraction,all_primary_common_complete_success_within_stratum,8,8,0.7142857142857143,0.7142857142857143,0.7142857142857143,0.7142857142857143,0.7142857142857143
supplementary,PPO_best_551901,template_group,supplement-g015,raw_policy_decisions_with_clip_fraction,fraction,all_primary_common_complete_success_within_stratum,8,8,1.0,1.0,1.0,1.0,1.0
supplementary,PPO_best_551901,template_group,supplement-g015,u_component_clip_fraction,fraction,all_primary_common_complete_success_within_stratum,8,8,0.0,0.0,0.0,0.0,0.0
supplementary,PPO_best_551901,template_group,supplement-g015,u_decisions_with_clip_fraction,fraction,all_primary_common_complete_success_within_stratum,8,8,0.0,0.0,0.0,0.0,0.0
supplementary,PPO_best_551901,template_group,supplement-g015,mean_u_abs_rad_s,rad/s,all_primary_common_complete_success_within_stratum,8,8,0.15361909497435028,0.15370211654420318,0.1543066036994181,0.15288498959991903,0.15450118507336205
supplementary,PPO_best_551901,template_group,supplement-g015,provider_mean_s,s/48Hz decision,all_primary_common_complete_success_within_stratum,8,8,0.00026536727659731696,0.00025497130953529756,0.00030927556736060064,0.0002517320297859745,0.00033628092205617577
supplementary,PPO_best_551901,template_group,supplement-g015,core_mean_s,s/240Hz step,all_primary_common_complete_success_within_stratum,8,8,0.0005515505735919153,0.0005467798299074881,0.0005716646919942529,0.0005453862935003903,0.0005838103576024878
supplementary,PPO_best_551901,template_group,supplement-g015,outer_mean_s,s/240Hz step including decision when due,all_primary_common_complete_success_within_stratum,8,8,0.0006273003302226243,0.0006211927827735053,0.0006567214956582271,0.0006180816921187215,0.0006751058222107531
supplementary,PPO_best_551901,template_group,supplement-g016,max_error_m,m,all_primary_common_complete_success_within_stratum,1,1,4.7711398787618654e-05,4.7711398787618654e-05,4.7711398787618654e-05,4.7711398787618654e-05,4.7711398787618654e-05
supplementary,PPO_best_551901,template_group,supplement-g016,rmse_m,m,all_primary_common_complete_success_within_stratum,1,1,3.634974123912864e-05,3.634974123912864e-05,3.634974123912864e-05,3.634974123912864e-05,3.634974123912864e-05
supplementary,PPO_best_551901,template_group,supplement-g016,endpoint_error_m,m,all_primary_common_complete_success_within_stratum,1,1,4.330441416813198e-05,4.330441416813198e-05,4.330441416813198e-05,4.330441416813198e-05,4.330441416813198e-05
supplementary,PPO_best_551901,template_group,supplement-g016,minimum_external_distance_m,m,all_primary_common_complete_success_within_stratum,1,1,0.016519096485852675,0.016519096485852675,0.016519096485852675,0.016519096485852675,0.016519096485852675
supplementary,PPO_best_551901,template_group,supplement-g016,minimum_self_distance_m,m,all_primary_common_complete_success_within_stratum,1,1,0.019572748747447057,0.019572748747447057,0.019572748747447057,0.019572748747447057,0.019572748747447057
supplementary,PPO_best_551901,template_group,supplement-g016,command_smoothness_rms_rad_s2,rad/s^2,all_primary_common_complete_success_within_stratum,1,1,0.16957280231981958,0.16957280231981958,0.16957280231981958,0.16957280231981958,0.16957280231981958
supplementary,PPO_best_551901,template_group,supplement-g016,max_actual_arm_velocity_rad_s,rad/s,all_primary_common_complete_success_within_stratum,1,1,0.2646272994668765,0.2646272994668765,0.2646272994668765,0.2646272994668765,0.2646272994668765
supplementary,PPO_best_551901,template_group,supplement-g016,speed_saturated_fraction,fraction,all_primary_common_complete_success_within_stratum,1,1,0.0,0.0,0.0,0.0,0.0
supplementary,PPO_best_551901,template_group,supplement-g016,soft_limited_fraction,fraction,all_primary_common_complete_success_within_stratum,1,1,0.0,0.0,0.0,0.0,0.0
supplementary,PPO_best_551901,template_group,supplement-g016,raw_policy_component_clip_fraction,fraction,all_primary_common_complete_success_within_stratum,1,1,0.40550595238095233,0.40550595238095233,0.40550595238095233,0.40550595238095233,0.40550595238095233
supplementary,PPO_best_551901,template_group,supplement-g016,raw_policy_decisions_with_clip_fraction,fraction,all_primary_common_complete_success_within_stratum,1,1,1.0,1.0,1.0,1.0,1.0
supplementary,PPO_best_551901,template_group,supplement-g016,u_component_clip_fraction,fraction,all_primary_common_complete_success_within_stratum,1,1,0.0,0.0,0.0,0.0,0.0
supplementary,PPO_best_551901,template_group,supplement-g016,u_decisions_with_clip_fraction,fraction,all_primary_common_complete_success_within_stratum,1,1,0.0,0.0,0.0,0.0,0.0
supplementary,PPO_best_551901,template_group,supplement-g016,mean_u_abs_rad_s,rad/s,all_primary_common_complete_success_within_stratum,1,1,0.15442848028615117,0.15442848028615117,0.15442848028615117,0.15442848028615117,0.15442848028615117
supplementary,PPO_best_551901,template_group,supplement-g016,provider_mean_s,s/48Hz decision,all_primary_common_complete_success_within_stratum,1,1,0.0003262306610546754,0.0003262306610546754,0.0003262306610546754,0.0003262306610546754,0.0003262306610546754
supplementary,PPO_best_551901,template_group,supplement-g016,core_mean_s,s/240Hz step,all_primary_common_complete_success_within_stratum,1,1,0.0005870614571601133,0.0005870614571601133,0.0005870614571601133,0.0005870614571601133,0.0005870614571601133
supplementary,PPO_best_551901,template_group,supplement-g016,outer_mean_s,s/240Hz step including decision when due,all_primary_common_complete_success_within_stratum,1,1,0.000785695268677955,0.000785695268677955,0.000785695268677955,0.000785695268677955,0.000785695268677955
supplementary,PPO_best_551901,template_group,supplement-g018,max_error_m,m,all_primary_common_complete_success_within_stratum,5,5,5.8152633215461485e-05,5.819184544581514e-05,6.79780471220836e-05,4.862039041844419e-05,6.99069846855804e-05
supplementary,PPO_best_551901,template_group,supplement-g018,rmse_m,m,all_primary_common_complete_success_within_stratum,5,5,3.7518940577833354e-05,3.5564519961361e-05,4.599717427316885e-05,3.300928973237186e-05,4.853671099502807e-05
supplementary,PPO_best_551901,template_group,supplement-g018,endpoint_error_m,m,all_primary_common_complete_success_within_stratum,5,5,5.8152633215461485e-05,5.819184544581514e-05,6.79780471220836e-05,4.862039041844419e-05,6.99069846855804e-05
supplementary,PPO_best_551901,template_group,supplement-g018,minimum_external_distance_m,m,all_primary_common_complete_success_within_stratum,5,5,0.02449561792636691,0.024712057057360445,0.03117912898570471,0.018239283922822827,0.031724057321306995
supplementary,PPO_best_551901,template_group,supplement-g018,minimum_self_distance_m,m,all_primary_common_complete_success_within_stratum,5,5,0.015731343664543172,0.016005590888884487,0.016436762906749832,0.014268231607160753,0.016511120071935004
supplementary,PPO_best_551901,template_group,supplement-g018,command_smoothness_rms_rad_s2,rad/s^2,all_primary_common_complete_success_within_stratum,5,5,0.31973486540062523,0.35538472636845575,0.3785631431726033,0.24643237925563635,0.38431375040309584
supplementary,PPO_best_551901,template_group,supplement-g018,max_actual_arm_velocity_rad_s,rad/s,all_primary_common_complete_success_within_stratum,5,5,0.28666564495927155,0.2818038877023861,0.3083447023118018,0.2735728682162523,0.31465997243997457
supplementary,PPO_best_551901,template_group,supplement-g018,speed_saturated_fraction,fraction,all_primary_common_complete_success_within_stratum,5,5,0.0,0.0,0.0,0.0,0.0
supplementary,PPO_best_551901,template_group,supplement-g018,soft_limited_fraction,fraction,all_primary_common_complete_success_within_stratum,5,5,0.0,0.0,0.0,0.0,0.0
supplementary,PPO_best_551901,template_group,supplement-g018,raw_policy_component_clip_fraction,fraction,all_primary_common_complete_success_within_stratum,5,5,0.5703869047619047,0.6004464285714285,0.6476190476190475,0.4270833333333333,0.6562499999999999
supplementary,PPO_best_551901,template_group,supplement-g018,raw_policy_decisions_with_clip_fraction,fraction,all_primary_common_complete_success_within_stratum,5,5,1.0,1.0,1.0,1.0,1.0
supplementary,PPO_best_551901,template_group,supplement-g018,u_component_clip_fraction,fraction,all_primary_common_complete_success_within_stratum,5,5,0.0,0.0,0.0,0.0,0.0
supplementary,PPO_best_551901,template_group,supplement-g018,u_decisions_with_clip_fraction,fraction,all_primary_common_complete_success_within_stratum,5,5,0.0,0.0,0.0,0.0,0.0
supplementary,PPO_best_551901,template_group,supplement-g018,mean_u_abs_rad_s,rad/s,all_primary_common_complete_success_within_stratum,5,5,0.17534713753055603,0.17706753697157612,0.1823319886314372,0.16600180023261124,0.1831195281685463
supplementary,PPO_best_551901,template_group,supplement-g018,provider_mean_s,s/48Hz decision,all_primary_common_complete_success_within_stratum,5,5,0.00029998326951196453,0.00029119126596318284,0.00032970706167058476,0.00028120212997843436,0.00033561806306655245
supplementary,PPO_best_551901,template_group,supplement-g018,core_mean_s,s/240Hz step,all_primary_common_complete_success_within_stratum,5,5,0.0005791434555491529,0.0005765426408894807,0.0005864235303730918,0.0005704941973817768,0.0005865100801808391
supplementary,PPO_best_551901,template_group,supplement-g018,outer_mean_s,s/240Hz step including decision when due,all_primary_common_complete_success_within_stratum,5,5,0.0007063250203039691,0.0007013001804807573,0.0007201967412220256,0.0006896749021507275,0.0007204304335270232
supplementary,PPO_best_551901,template_group,supplement-g020,max_error_m,m,all_primary_common_complete_success_within_stratum,8,8,6.337840889054276e-05,6.308928594181591e-05,6.59171197820517e-05,6.090737489921244e-05,6.652177394660327e-05
supplementary,PPO_best_551901,template_group,supplement-g020,rmse_m,m,all_primary_common_complete_success_within_stratum,8,8,3.9623470312417866e-05,3.914759744595727e-05,4.793728519391329e-05,3.373735227180113e-05,5.0096148241971896e-05
supplementary,PPO_best_551901,template_group,supplement-g020,endpoint_error_m,m,all_primary_common_complete_success_within_stratum,8,8,6.337840889054276e-05,6.308928594181591e-05,6.59171197820517e-05,6.090737489921244e-05,6.652177394660327e-05
supplementary,PPO_best_551901,template_group,supplement-g020,minimum_external_distance_m,m,all_primary_common_complete_success_within_stratum,8,0,,,,,
supplementary,PPO_best_551901,template_group,supplement-g020,minimum_self_distance_m,m,all_primary_common_complete_success_within_stratum,8,8,0.019639652200301956,0.01964556518390181,0.019695140979609907,0.019549889159416176,0.01970502966857246
supplementary,PPO_best_551901,template_group,supplement-g020,command_smoothness_rms_rad_s2,rad/s^2,all_primary_common_complete_success_within_stratum,8,8,0.12768461648775964,0.127580230407099,0.13064972031291036,0.12463755121393379,0.1310552485896072
supplementary,PPO_best_551901,template_group,supplement-g020,max_actual_arm_velocity_rad_s,rad/s,all_primary_common_complete_success_within_stratum,8,8,0.2891879137723126,0.2891077527766023,0.29776254487518183,0.277767995328135,0.3001026275486992
supplementary,PPO_best_551901,template_group,supplement-g020,speed_saturated_fraction,fraction,all_primary_common_complete_success_within_stratum,8,8,0.0,0.0,0.0,0.0,0.0
supplementary,PPO_best_551901,template_group,supplement-g020,soft_limited_fraction,fraction,all_primary_common_complete_success_within_stratum,8,8,0.0,0.0,0.0,0.0,0.0
supplementary,PPO_best_551901,template_group,supplement-g020,raw_policy_component_clip_fraction,fraction,all_primary_common_complete_success_within_stratum,8,8,0.7142857142857143,0.7142857142857143,0.7142857142857143,0.7142857142857143,0.7142857142857143
supplementary,PPO_best_551901,template_group,supplement-g020,raw_policy_decisions_with_clip_fraction,fraction,all_primary_common_complete_success_within_stratum,8,8,1.0,1.0,1.0,1.0,1.0
supplementary,PPO_best_551901,template_group,supplement-g020,u_component_clip_fraction,fraction,all_primary_common_complete_success_within_stratum,8,8,0.0,0.0,0.0,0.0,0.0
supplementary,PPO_best_551901,template_group,supplement-g020,u_decisions_with_clip_fraction,fraction,all_primary_common_complete_success_within_stratum,8,8,0.0,0.0,0.0,0.0,0.0
supplementary,PPO_best_551901,template_group,supplement-g020,mean_u_abs_rad_s,rad/s,all_primary_common_complete_success_within_stratum,8,8,0.15420990445563804,0.1544062007839481,0.15495928051479582,0.15322787592387094,0.1550563032223311
supplementary,PPO_best_551901,template_group,supplement-g020,provider_mean_s,s/48Hz decision,all_primary_common_complete_success_within_stratum,8,8,0.00026183276609496414,0.0002554791610691609,0.0002913360039277298,0.0002516000692291224,0.00030850755835369154
supplementary,PPO_best_551901,template_group,supplement-g020,core_mean_s,s/240Hz step,all_primary_common_complete_success_within_stratum,8,8,0.0005485599518086322,0.0005467256478368654,0.000557036780855924,0.0005435887317313851,0.0005594217553759033
supplementary,PPO_best_551901,template_group,supplement-g020,outer_mean_s,s/240Hz step including decision when due,all_primary_common_complete_success_within_stratum,8,8,0.0006235403880812859,0.0006203761274415835,0.0006383939889777442,0.00061668580259114,0.0006445002470172767
supplementary,PPO_best_551901,template_group,supplement-g021,max_error_m,m,all_primary_common_complete_success_within_stratum,2,2,5.433134156121485e-05,5.433134156121485e-05,6.49496365022705e-05,4.253323607115301e-05,6.612944705127668e-05
supplementary,PPO_best_551901,template_group,supplement-g021,rmse_m,m,all_primary_common_complete_success_within_stratum,2,2,4.326253330861422e-05,4.326253330861422e-05,5.103094104344728e-05,3.463096915879972e-05,5.189409745842873e-05
supplementary,PPO_best_551901,template_group,supplement-g021,endpoint_error_m,m,all_primary_common_complete_success_within_stratum,2,2,1.953190262718085e-05,1.953190262718085e-05,2.1808652613193804e-05,1.700218042049979e-05,2.206162483386191e-05
supplementary,PPO_best_551901,template_group,supplement-g021,minimum_external_distance_m,m,all_primary_common_complete_success_within_stratum,2,2,0.03815102669490591,0.03815102669490591,0.04780015216835971,0.027429776168846134,0.04887227722096568
supplementary,PPO_best_551901,template_group,supplement-g021,minimum_self_distance_m,m,all_primary_common_complete_success_within_stratum,2,2,0.019688509355025266,0.019688509355025266,0.019698233172139444,0.01967770511378729,0.019699313596263243
supplementary,PPO_best_551901,template_group,supplement-g021,command_smoothness_rms_rad_s2,rad/s^2,all_primary_common_complete_success_within_stratum,2,2,0.5413209731140154,0.5413209731140154,0.5749977457500127,0.5039023368517963,0.5787396093762346
supplementary,PPO_best_551901,template_group,supplement-g021,max_actual_arm_velocity_rad_s,rad/s,all_primary_common_complete_success_within_stratum,2,2,0.28157058349287367,0.28157058349287367,0.28437560795892813,0.27845388964170203,0.2846872773440453
supplementary,PPO_best_551901,template_group,supplement-g021,speed_saturated_fraction,fraction,all_primary_common_complete_success_within_stratum,2,2,0.0,0.0,0.0,0.0,0.0
supplementary,PPO_best_551901,template_group,supplement-g021,soft_limited_fraction,fraction,all_primary_common_complete_success_within_stratum,2,2,0.0,0.0,0.0,0.0,0.0
supplementary,PPO_best_551901,template_group,supplement-g021,raw_policy_component_clip_fraction,fraction,all_primary_common_complete_success_within_stratum,2,2,0.43191964285714285,0.43191964285714285,0.45703125,0.40401785714285715,0.45982142857142855
supplementary,PPO_best_551901,template_group,supplement-g021,raw_policy_decisions_with_clip_fraction,fraction,all_primary_common_complete_success_within_stratum,2,2,1.0,1.0,1.0,1.0,1.0
supplementary,PPO_best_551901,template_group,supplement-g021,u_component_clip_fraction,fraction,all_primary_common_complete_success_within_stratum,2,2,0.0,0.0,0.0,0.0,0.0
supplementary,PPO_best_551901,template_group,supplement-g021,u_decisions_with_clip_fraction,fraction,all_primary_common_complete_success_within_stratum,2,2,0.0,0.0,0.0,0.0,0.0
supplementary,PPO_best_551901,template_group,supplement-g021,mean_u_abs_rad_s,rad/s,all_primary_common_complete_success_within_stratum,2,2,0.16013592203990334,0.16013592203990334,0.16181274141096288,0.15827278940539274,0.16199905467441394
supplementary,PPO_best_551901,template_group,supplement-g021,provider_mean_s,s/48Hz decision,all_primary_common_complete_success_within_stratum,2,2,0.0003057105548123218,0.0003057105548123218,0.00030986184003722883,0.00030109801567353617,0.0003103230939511074
supplementary,PPO_best_551901,template_group,supplement-g021,core_mean_s,s/240Hz step,all_primary_common_complete_success_within_stratum,2,2,0.0005735917558619501,0.0005735917558619501,0.00057532972438518,0.0005716606797250279,0.0005755228319988722
supplementary,PPO_best_551901,template_group,supplement-g021,outer_mean_s,s/240Hz step including decision when due,all_primary_common_complete_success_within_stratum,2,2,0.0007366915480057893,0.0007366915480057893,0.0007415487468294183,0.0007312946604239793,0.0007420884355875993
supplementary,PPO_best_551901,template_group,supplement-g022,max_error_m,m,all_primary_common_complete_success_within_stratum,4,4,4.509578587414196e-05,4.2367124984885014e-05,5.812444944668702e-05,3.529342754904794e-05,6.035546597774988e-05
supplementary,PPO_best_551901,template_group,supplement-g022,rmse_m,m,all_primary_common_complete_success_within_stratum,4,4,3.5356250287601617e-05,3.6802886482830154e-05,3.864882594226999e-05,2.9110114560736657e-05,3.870911362400952e-05
supplementary,PPO_best_551901,template_group,supplement-g022,endpoint_error_m,m,all_primary_common_complete_success_within_stratum,4,4,3.7912804858043405e-05,3.224741592564923e-05,5.6179333724314444e-05,2.6800921603125274e-05,6.035546597774988e-05
supplementary,PPO_best_551901,template_group,supplement-g022,minimum_external_distance_m,m,all_primary_common_complete_success_within_stratum,4,4,0.009259648590665373,0.009025984712918135,0.012332968901720299,0.006392134365558938,0.012594490571266284
supplementary,PPO_best_551901,template_group,supplement-g022,minimum_self_distance_m,m,all_primary_common_complete_success_within_stratum,4,4,0.01959061799199638,0.019576123204722785,0.019636709914737902,0.01956283235356572,0.019647393204974217
supplementary,PPO_best_551901,template_group,supplement-g022,command_smoothness_rms_rad_s2,rad/s^2,all_primary_common_complete_success_within_stratum,4,4,0.6716613529249564,0.7448464877497891,1.0762508560515973,0.11857489050255444,1.078377545697693
supplementary,PPO_best_551901,template_group,supplement-g022,max_actual_arm_velocity_rad_s,rad/s,all_primary_common_complete_success_within_stratum,4,4,0.28307420752941165,0.284380921730642,0.289763547923818,0.27284642948658894,0.29068855716977365
supplementary,PPO_best_551901,template_group,supplement-g022,speed_saturated_fraction,fraction,all_primary_common_complete_success_within_stratum,4,4,0.0,0.0,0.0,0.0,0.0
supplementary,PPO_best_551901,template_group,supplement-g022,soft_limited_fraction,fraction,all_primary_common_complete_success_within_stratum,4,4,0.0,0.0,0.0,0.0,0.0
supplementary,PPO_best_551901,template_group,supplement-g022,raw_policy_component_clip_fraction,fraction,all_primary_common_complete_success_within_stratum,4,4,0.5187872023809523,0.45982142857142855,0.7024925595238094,0.41294642857142855,0.7425595238095237
supplementary,PPO_best_551901,template_group,supplement-g022,raw_policy_decisions_with_clip_fraction,fraction,all_primary_common_complete_success_within_stratum,4,4,1.0,1.0,1.0,1.0,1.0
supplementary,PPO_best_551901,template_group,supplement-g022,u_component_clip_fraction,fraction,all_primary_common_complete_success_within_stratum,4,4,0.0,0.0,0.0,0.0,0.0
supplementary,PPO_best_551901,template_group,supplement-g022,u_decisions_with_clip_fraction,fraction,all_primary_common_complete_success_within_stratum,4,4,0.0,0.0,0.0,0.0,0.0
supplementary,PPO_best_551901,template_group,supplement-g022,mean_u_abs_rad_s,rad/s,all_primary_common_complete_success_within_stratum,4,4,0.15887834718035132,0.15706007296019897,0.16977356231366725,0.15030296058615758,0.17109028221484981
supplementary,PPO_best_551901,template_group,supplement-g022,provider_mean_s,s/48Hz decision,all_primary_common_complete_success_within_stratum,4,4,0.0003017578414604335,0.00029988041175480856,0.0003101347445863212,0.00029567251658590976,0.000311598025746207
supplementary,PPO_best_551901,template_group,supplement-g022,core_mean_s,s/240Hz step,all_primary_common_complete_success_within_stratum,4,4,0.000570494031474785,0.0005699678744501094,0.0005732253531778043,0.0005683091491846426,0.0005737312278142781
supplementary,PPO_best_551901,template_group,supplement-g022,outer_mean_s,s/240Hz step including decision when due,all_primary_common_complete_success_within_stratum,4,4,0.0007204362469944196,0.0007225156508714766,0.0007261980951398072,0.0007103782342710474,0.0007263354519636778
supplementary,PPO_best_551901,template_group,supplement-g023,max_error_m,m,all_primary_common_complete_success_within_stratum,6,6,3.419012639690568e-05,3.350664644282462e-05,3.8306551640974323e-05,3.052351620743068e-05,3.939613748246685e-05
supplementary,PPO_best_551901,template_group,supplement-g023,rmse_m,m,all_primary_common_complete_success_within_stratum,6,6,2.5754115742449453e-05,2.520923772559293e-05,2.840708849466467e-05,2.3111861492655004e-05,2.842540866313102e-05
supplementary,PPO_best_551901,template_group,supplement-g023,endpoint_error_m,m,all_primary_common_complete_success_within_stratum,6,6,2.7350788843434534e-05,2.7813006197165742e-05,3.2727871030956936e-05,1.9831482097984533e-05,3.36683077250821e-05
supplementary,PPO_best_551901,template_group,supplement-g023,minimum_external_distance_m,m,all_primary_common_complete_success_within_stratum,6,6,0.022395731915891753,0.020955549972741502,0.03153909540153449,0.01545446061004073,0.03239327571556404
supplementary,PPO_best_551901,template_group,supplement-g023,minimum_self_distance_m,m,all_primary_common_complete_success_within_stratum,6,6,0.01966062762824997,0.019662211404298722,0.01977333744785656,0.019539838013933136,0.019787261439910928
supplementary,PPO_best_551901,template_group,supplement-g023,command_smoothness_rms_rad_s2,rad/s^2,all_primary_common_complete_success_within_stratum,6,6,0.5425134981892435,0.493668859922055,0.7123684074700259,0.3842061696530095,0.720473396258855
supplementary,PPO_best_551901,template_group,supplement-g023,max_actual_arm_velocity_rad_s,rad/s,all_primary_common_complete_success_within_stratum,6,6,0.2930146899130536,0.29300670181883126,0.30655618955142794,0.2815556567775731,0.3092665876649296
supplementary,PPO_best_551901,template_group,supplement-g023,speed_saturated_fraction,fraction,all_primary_common_complete_success_within_stratum,6,6,0.0,0.0,0.0,0.0,0.0
supplementary,PPO_best_551901,template_group,supplement-g023,soft_limited_fraction,fraction,all_primary_common_complete_success_within_stratum,6,6,0.0,0.0,0.0,0.0,0.0
supplementary,PPO_best_551901,template_group,supplement-g023,raw_policy_component_clip_fraction,fraction,all_primary_common_complete_success_within_stratum,6,6,0.42075892857142855,0.42857142857142855,0.453125,0.3779761904761904,0.4613095238095238
supplementary,PPO_best_551901,template_group,supplement-g023,raw_policy_decisions_with_clip_fraction,fraction,all_primary_common_complete_success_within_stratum,6,6,1.0,1.0,1.0,1.0,1.0
supplementary,PPO_best_551901,template_group,supplement-g023,u_component_clip_fraction,fraction,all_primary_common_complete_success_within_stratum,6,6,0.0,0.0,0.0,0.0,0.0
supplementary,PPO_best_551901,template_group,supplement-g023,u_decisions_with_clip_fraction,fraction,all_primary_common_complete_success_within_stratum,6,6,0.0,0.0,0.0,0.0,0.0
supplementary,PPO_best_551901,template_group,supplement-g023,mean_u_abs_rad_s,rad/s,all_primary_common_complete_success_within_stratum,6,6,0.14642954600802202,0.14721307907162728,0.15493672693030366,0.13753855752010644,0.1558587880588415
supplementary,PPO_best_551901,template_group,supplement-g023,provider_mean_s,s/48Hz decision,all_primary_common_complete_success_within_stratum,6,6,0.00030293221139901207,0.0002961244658763462,0.0003295667557570899,0.0002872859787809527,0.0003348030722918338
supplementary,PPO_best_551901,template_group,supplement-g023,core_mean_s,s/240Hz step,all_primary_common_complete_success_within_stratum,6,6,0.0005757726112329289,0.0005744109021028029,0.00058088047799932,0.0005721192035101315,0.0005813399271877036
supplementary,PPO_best_551901,template_group,supplement-g023,outer_mean_s,s/240Hz step including decision when due,all_primary_common_complete_success_within_stratum,6,6,0.0007198006293341071,0.0007201015420984429,0.0007356345866128322,0.0007031349299419768,0.0007357651102211094
supplementary,PPO_best_552901,category,far,max_error_m,m,all_primary_common_complete_success_within_stratum,41,41,5.156475829509287e-05,5.097059736975188e-05,5.7944762321178736e-05,4.3981784615445455e-05,6.0426743238351195e-05
supplementary,PPO_best_552901,category,far,rmse_m,m,all_primary_common_complete_success_within_stratum,41,41,3.939476517024404e-05,3.8531335112293866e-05,4.4911949006444125e-05,3.395750356305854e-05,4.633730741241614e-05
supplementary,PPO_best_552901,category,far,endpoint_error_m,m,all_primary_common_complete_success_within_stratum,41,41,4.691120100331839e-05,4.682469864816452e-05,5.543453088758728e-05,4.0110130677030293e-05,5.559193334243737e-05
supplementary,PPO_best_552901,category,far,minimum_external_distance_m,m,all_primary_common_complete_success_within_stratum,41,0,,,,,
supplementary,PPO_best_552901,category,far,minimum_self_distance_m,m,all_primary_common_complete_success_within_stratum,41,41,0.019899930366174396,0.019936044428450296,0.019976323452699132,0.019493015056806944,0.019976544261843157
supplementary,PPO_best_552901,category,far,command_smoothness_rms_rad_s2,rad/s^2,all_primary_common_complete_success_within_stratum,41,41,0.04850143179374028,0.04730114282840315,0.06145794798199871,0.03215240383143509,0.07475864681259081
supplementary,PPO_best_552901,category,far,max_actual_arm_velocity_rad_s,rad/s,all_primary_common_complete_success_within_stratum,41,41,0.15941923541495834,0.1607969742347961,0.1801746649726422,0.14585670140328139,0.1920408764024174
supplementary,PPO_best_552901,category,far,speed_saturated_fraction,fraction,all_primary_common_complete_success_within_stratum,41,41,0.0,0.0,0.0,0.0,0.0
supplementary,PPO_best_552901,category,far,soft_limited_fraction,fraction,all_primary_common_complete_success_within_stratum,41,41,0.0,0.0,0.0,0.0,0.0
supplementary,PPO_best_552901,category,far,raw_policy_component_clip_fraction,fraction,all_primary_common_complete_success_within_stratum,41,41,0.14285714285714282,0.14285714285714282,0.14285714285714282,0.14285714285714282,0.14285714285714282
supplementary,PPO_best_552901,category,far,raw_policy_decisions_with_clip_fraction,fraction,all_primary_common_complete_success_within_stratum,41,41,1.0,1.0,1.0,1.0,1.0
supplementary,PPO_best_552901,category,far,u_component_clip_fraction,fraction,all_primary_common_complete_success_within_stratum,41,41,0.0,0.0,0.0,0.0,0.0
supplementary,PPO_best_552901,category,far,u_decisions_with_clip_fraction,fraction,all_primary_common_complete_success_within_stratum,41,41,0.0,0.0,0.0,0.0,0.0
supplementary,PPO_best_552901,category,far,mean_u_abs_rad_s,rad/s,all_primary_common_complete_success_within_stratum,41,41,0.061803790220944003,0.061864902143410984,0.06237239120722128,0.06082078925932625,0.06264572053804018
supplementary,PPO_best_552901,category,far,provider_mean_s,s/48Hz decision,all_primary_common_complete_success_within_stratum,41,41,0.00025969127598476536,0.0002561519369616387,0.0002726879221578808,0.00025274509001368034,0.00031205153042416595
supplementary,PPO_best_552901,category,far,core_mean_s,s/240Hz step,all_primary_common_complete_success_within_stratum,41,41,0.0005345169137562026,0.0005343897417333209,0.0005416145959619219,0.0005254666212446561,0.0005459326627412034
supplementary,PPO_best_552901,category,far,outer_mean_s,s/240Hz step including decision when due,all_primary_common_complete_success_within_stratum,41,41,0.00060904503942492,0.000607726676510841,0.000622299978749652,0.000598683877736524,0.0006276906193306786
supplementary,PPO_best_552901,category,near_link,max_error_m,m,all_primary_common_complete_success_within_stratum,43,43,5.980547577100139e-05,5.881175488718965e-05,7.073062800702583e-05,4.508095509274069e-05,8.885482578102791e-05
supplementary,PPO_best_552901,category,near_link,rmse_m,m,all_primary_common_complete_success_within_stratum,43,43,4.76578197725385e-05,4.75066785361075e-05,5.3848689443180094e-05,3.762856203964593e-05,6.64548083361131e-05
supplementary,PPO_best_552901,category,near_link,endpoint_error_m,m,all_primary_common_complete_success_within_stratum,43,43,4.879732061013169e-05,4.8443505205555664e-05,6.085815535699542e-05,3.3599023737418465e-05,6.331073394208577e-05
supplementary,PPO_best_552901,category,near_link,minimum_external_distance_m,m,all_primary_common_complete_success_within_stratum,43,43,0.02479563194616407,0.022192199141304575,0.04751442713967935,0.002116557785720591,0.04887227722096568
supplementary,PPO_best_552901,category,near_link,minimum_self_distance_m,m,all_primary_common_complete_success_within_stratum,43,43,0.01984357784488795,0.019897275760860353,0.019999005391187256,0.019457091083709195,0.02015431810144746
supplementary,PPO_best_552901,category,near_link,command_smoothness_rms_rad_s2,rad/s^2,all_primary_common_complete_success_within_stratum,43,43,0.20483756906404246,0.2076556021310029,0.38686745967260294,0.05252934826604282,0.4081059346342058
supplementary,PPO_best_552901,category,near_link,max_actual_arm_velocity_rad_s,rad/s,all_primary_common_complete_success_within_stratum,43,43,0.17159949043510042,0.182774528371415,0.21960211420218653,0.06548685017878564,0.2429956046187428
supplementary,PPO_best_552901,category,near_link,speed_saturated_fraction,fraction,all_primary_common_complete_success_within_stratum,43,43,0.0,0.0,0.0,0.0,0.0
supplementary,PPO_best_552901,category,near_link,soft_limited_fraction,fraction,all_primary_common_complete_success_within_stratum,43,43,0.0,0.0,0.0,0.0,0.0
supplementary,PPO_best_552901,category,near_link,raw_policy_component_clip_fraction,fraction,all_primary_common_complete_success_within_stratum,43,43,0.07552948504983385,0.053571428571428555,0.16904761904761897,0.0,0.24181547619047614
supplementary,PPO_best_552901,category,near_link,raw_policy_decisions_with_clip_fraction,fraction,all_primary_common_complete_success_within_stratum,43,43,0.48485949612403106,0.375,1.0,0.0,1.0
supplementary,PPO_best_552901,category,near_link,u_component_clip_fraction,fraction,all_primary_common_complete_success_within_stratum,43,43,0.0,0.0,0.0,0.0,0.0
supplementary,PPO_best_552901,category,near_link,u_decisions_with_clip_fraction,fraction,all_primary_common_complete_success_within_stratum,43,43,0.0,0.0,0.0,0.0,0.0
supplementary,PPO_best_552901,category,near_link,mean_u_abs_rad_s,rad/s,all_primary_common_complete_success_within_stratum,43,43,0.07203415304988726,0.07438225624589126,0.09653438401707848,0.02024600039834955,0.09763544828054452
supplementary,PPO_best_552901,category,near_link,provider_mean_s,s/48Hz decision,all_primary_common_complete_success_within_stratum,43,43,0.0003046929255211834,0.00030107024955820333,0.0003393863256709058,0.0002798085730925474,0.0003538416932921488
supplementary,PPO_best_552901,category,near_link,core_mean_s,s/240Hz step,all_primary_common_complete_success_within_stratum,43,43,0.0005690632568639698,0.0005668616998870372,0.0005831074962012886,0.0005570072529735626,0.0005876534917661047
supplementary,PPO_best_552901,category,near_link,outer_mean_s,s/240Hz step including decision when due,all_primary_common_complete_success_within_stratum,43,43,0.0007214810236827494,0.0007146733474655776,0.0007740488840317994,0.0006829963302455629,0.0007805025092541958
supplementary,PPO_best_552901,category,tight_layout,max_error_m,m,all_primary_common_complete_success_within_stratum,7,7,5.6607454458150096e-05,5.780565079224735e-05,5.907914648312324e-05,5.038965045675932e-05,5.9325979195345764e-05
supplementary,PPO_best_552901,category,tight_layout,rmse_m,m,all_primary_common_complete_success_within_stratum,7,7,4.641077658617144e-05,4.669944103274535e-05,4.862717044507793e-05,4.142582301603454e-05,4.886565913655729e-05
supplementary,PPO_best_552901,category,tight_layout,endpoint_error_m,m,all_primary_common_complete_success_within_stratum,7,7,5.542902374857725e-05,5.730948089480109e-05,5.834938606765909e-05,4.656692596065187e-05,5.844639257167276e-05
supplementary,PPO_best_552901,category,tight_layout,minimum_external_distance_m,m,all_primary_common_complete_success_within_stratum,7,7,0.007903217910813077,0.007200956651543217,0.012071447232174314,0.0030317946116961564,0.012594490571266284
supplementary,PPO_best_552901,category,tight_layout,minimum_self_distance_m,m,all_primary_common_complete_success_within_stratum,7,7,0.019811761422731722,0.019886193062745777,0.019945050061717706,0.0195690668845619,0.019949175420418915
supplementary,PPO_best_552901,category,tight_layout,command_smoothness_rms_rad_s2,rad/s^2,all_primary_common_complete_success_within_stratum,7,7,0.15143536950680944,0.15510826845314982,0.26598058710557226,0.05133101047331556,0.2669344379558473
supplementary,PPO_best_552901,category,tight_layout,max_actual_arm_velocity_rad_s,rad/s,all_primary_common_complete_success_within_stratum,7,7,0.1877703411886111,0.19692314279681944,0.20908823987737388,0.1534675565345337,0.2102690769214392
supplementary,PPO_best_552901,category,tight_layout,speed_saturated_fraction,fraction,all_primary_common_complete_success_within_stratum,7,7,0.0,0.0,0.0,0.0,0.0
supplementary,PPO_best_552901,category,tight_layout,soft_limited_fraction,fraction,all_primary_common_complete_success_within_stratum,7,7,0.0,0.0,0.0,0.0,0.0
supplementary,PPO_best_552901,category,tight_layout,raw_policy_component_clip_fraction,fraction,all_primary_common_complete_success_within_stratum,7,7,0.0943877551020408,0.10119047619047616,0.22351190476190466,0.0,0.23511904761904753
supplementary,PPO_best_552901,category,tight_layout,raw_policy_decisions_with_clip_fraction,fraction,all_primary_common_complete_success_within_stratum,7,7,0.5148809523809524,0.7083333333333334,1.0,0.0,1.0
supplementary,PPO_best_552901,category,tight_layout,u_component_clip_fraction,fraction,all_primary_common_complete_success_within_stratum,7,7,0.0,0.0,0.0,0.0,0.0
supplementary,PPO_best_552901,category,tight_layout,u_decisions_with_clip_fraction,fraction,all_primary_common_complete_success_within_stratum,7,7,0.0,0.0,0.0,0.0,0.0
supplementary,PPO_best_552901,category,tight_layout,mean_u_abs_rad_s,rad/s,all_primary_common_complete_success_within_stratum,7,7,0.09200012708830388,0.09602759822737428,0.09671439843307739,0.08170174626256561,0.09683057458494748
supplementary,PPO_best_552901,category,tight_layout,provider_mean_s,s/48Hz decision,all_primary_common_complete_success_within_stratum,7,7,0.00030984038656762484,0.0003111720472285621,0.0003236717269828659,0.00029398098771101405,0.00032500295810677926
supplementary,PPO_best_552901,category,tight_layout,core_mean_s,s/240Hz step,all_primary_common_complete_success_within_stratum,7,7,0.0005735750262309531,0.0005722384011581501,0.0005814548029138678,0.0005665994834998855,0.0005827193554068799
supplementary,PPO_best_552901,category,tight_layout,outer_mean_s,s/240Hz step including decision when due,all_primary_common_complete_success_within_stratum,7,7,0.0007422500286988258,0.0007309963828750673,0.000777785395190828,0.0007084411865434959,0.0007793325453955428
supplementary,PPO_best_552901,template_group,supplement-g000,max_error_m,m,all_primary_common_complete_success_within_stratum,9,9,5.256693247416416e-05,5.331905072626363e-05,5.6488796265168546e-05,4.828395447695998e-05,5.7008726380941365e-05
supplementary,PPO_best_552901,template_group,supplement-g000,rmse_m,m,all_primary_common_complete_success_within_stratum,9,9,4.3210369763635246e-05,4.3943333926139563e-05,4.576716405002734e-05,4.056459206370021e-05,4.633730741241614e-05
supplementary,PPO_best_552901,template_group,supplement-g000,endpoint_error_m,m,all_primary_common_complete_success_within_stratum,9,9,4.703547039607259e-05,4.7899845518720925e-05,5.257430032333636e-05,4.147655935960839e-05,5.543453088758728e-05
supplementary,PPO_best_552901,template_group,supplement-g000,minimum_external_distance_m,m,all_primary_common_complete_success_within_stratum,9,0,,,,,
supplementary,PPO_best_552901,template_group,supplement-g000,minimum_self_distance_m,m,all_primary_common_complete_success_within_stratum,9,9,0.01979540004251004,0.019855544842369628,0.019931325156062312,0.019493015056806944,0.01993342664104241
supplementary,PPO_best_552901,template_group,supplement-g000,command_smoothness_rms_rad_s2,rad/s^2,all_primary_common_complete_success_within_stratum,9,9,0.052241061716969364,0.05239061674438455,0.06892342372351833,0.038686282757130167,0.07475864681259081
supplementary,PPO_best_552901,template_group,supplement-g000,max_actual_arm_velocity_rad_s,rad/s,all_primary_common_complete_success_within_stratum,9,9,0.14690679987229335,0.1468195084278721,0.14834608998639767,0.14585670140328139,0.14855037360729528
supplementary,PPO_best_552901,template_group,supplement-g000,speed_saturated_fraction,fraction,all_primary_common_complete_success_within_stratum,9,9,0.0,0.0,0.0,0.0,0.0
supplementary,PPO_best_552901,template_group,supplement-g000,soft_limited_fraction,fraction,all_primary_common_complete_success_within_stratum,9,9,0.0,0.0,0.0,0.0,0.0
supplementary,PPO_best_552901,template_group,supplement-g000,raw_policy_component_clip_fraction,fraction,all_primary_common_complete_success_within_stratum,9,9,0.14285714285714282,0.14285714285714282,0.14285714285714282,0.14285714285714282,0.14285714285714282
supplementary,PPO_best_552901,template_group,supplement-g000,raw_policy_decisions_with_clip_fraction,fraction,all_primary_common_complete_success_within_stratum,9,9,1.0,1.0,1.0,1.0,1.0
supplementary,PPO_best_552901,template_group,supplement-g000,u_component_clip_fraction,fraction,all_primary_common_complete_success_within_stratum,9,9,0.0,0.0,0.0,0.0,0.0
supplementary,PPO_best_552901,template_group,supplement-g000,u_decisions_with_clip_fraction,fraction,all_primary_common_complete_success_within_stratum,9,9,0.0,0.0,0.0,0.0,0.0
supplementary,PPO_best_552901,template_group,supplement-g000,mean_u_abs_rad_s,rad/s,all_primary_common_complete_success_within_stratum,9,9,0.06201909603862088,0.06193852381381605,0.06251004203876837,0.061576963917607266,0.06264572053804018
supplementary,PPO_best_552901,template_group,supplement-g000,provider_mean_s,s/48Hz decision,all_primary_common_complete_success_within_stratum,9,9,0.00025933513124645866,0.00025694497329216876,0.00026888951097134853,0.00025293862078494084,0.00027093075929466676
supplementary,PPO_best_552901,template_group,supplement-g000,core_mean_s,s/240Hz step,all_primary_common_complete_success_within_stratum,9,9,0.000528633583868483,0.0005281902697485445,0.0005337498739633399,0.0005254666212446561,0.0005350304692910868
supplementary,PPO_best_552901,template_group,supplement-g000,outer_mean_s,s/240Hz step including decision when due,all_primary_common_complete_success_within_stratum,9,9,0.0006030293769745859,0.0006024426282237982,0.0006091754048975417,0.000598683877736524,0.0006107421021927924
supplementary,PPO_best_552901,template_group,supplement-g001,max_error_m,m,all_primary_common_complete_success_within_stratum,0,0,,,,,
supplementary,PPO_best_552901,template_group,supplement-g001,rmse_m,m,all_primary_common_complete_success_within_stratum,0,0,,,,,
supplementary,PPO_best_552901,template_group,supplement-g001,endpoint_error_m,m,all_primary_common_complete_success_within_stratum,0,0,,,,,
supplementary,PPO_best_552901,template_group,supplement-g001,minimum_external_distance_m,m,all_primary_common_complete_success_within_stratum,0,0,,,,,
supplementary,PPO_best_552901,template_group,supplement-g001,minimum_self_distance_m,m,all_primary_common_complete_success_within_stratum,0,0,,,,,
supplementary,PPO_best_552901,template_group,supplement-g001,command_smoothness_rms_rad_s2,rad/s^2,all_primary_common_complete_success_within_stratum,0,0,,,,,
supplementary,PPO_best_552901,template_group,supplement-g001,max_actual_arm_velocity_rad_s,rad/s,all_primary_common_complete_success_within_stratum,0,0,,,,,
supplementary,PPO_best_552901,template_group,supplement-g001,speed_saturated_fraction,fraction,all_primary_common_complete_success_within_stratum,0,0,,,,,
supplementary,PPO_best_552901,template_group,supplement-g001,soft_limited_fraction,fraction,all_primary_common_complete_success_within_stratum,0,0,,,,,
supplementary,PPO_best_552901,template_group,supplement-g001,raw_policy_component_clip_fraction,fraction,all_primary_common_complete_success_within_stratum,0,0,,,,,
supplementary,PPO_best_552901,template_group,supplement-g001,raw_policy_decisions_with_clip_fraction,fraction,all_primary_common_complete_success_within_stratum,0,0,,,,,
supplementary,PPO_best_552901,template_group,supplement-g001,u_component_clip_fraction,fraction,all_primary_common_complete_success_within_stratum,0,0,,,,,
supplementary,PPO_best_552901,template_group,supplement-g001,u_decisions_with_clip_fraction,fraction,all_primary_common_complete_success_within_stratum,0,0,,,,,
supplementary,PPO_best_552901,template_group,supplement-g001,mean_u_abs_rad_s,rad/s,all_primary_common_complete_success_within_stratum,0,0,,,,,
supplementary,PPO_best_552901,template_group,supplement-g001,provider_mean_s,s/48Hz decision,all_primary_common_complete_success_within_stratum,0,0,,,,,
supplementary,PPO_best_552901,template_group,supplement-g001,core_mean_s,s/240Hz step,all_primary_common_complete_success_within_stratum,0,0,,,,,
supplementary,PPO_best_552901,template_group,supplement-g001,outer_mean_s,s/240Hz step including decision when due,all_primary_common_complete_success_within_stratum,0,0,,,,,
supplementary,PPO_best_552901,template_group,supplement-g002,max_error_m,m,all_primary_common_complete_success_within_stratum,0,0,,,,,
supplementary,PPO_best_552901,template_group,supplement-g002,rmse_m,m,all_primary_common_complete_success_within_stratum,0,0,,,,,
supplementary,PPO_best_552901,template_group,supplement-g002,endpoint_error_m,m,all_primary_common_complete_success_within_stratum,0,0,,,,,
supplementary,PPO_best_552901,template_group,supplement-g002,minimum_external_distance_m,m,all_primary_common_complete_success_within_stratum,0,0,,,,,
supplementary,PPO_best_552901,template_group,supplement-g002,minimum_self_distance_m,m,all_primary_common_complete_success_within_stratum,0,0,,,,,
supplementary,PPO_best_552901,template_group,supplement-g002,command_smoothness_rms_rad_s2,rad/s^2,all_primary_common_complete_success_within_stratum,0,0,,,,,
supplementary,PPO_best_552901,template_group,supplement-g002,max_actual_arm_velocity_rad_s,rad/s,all_primary_common_complete_success_within_stratum,0,0,,,,,
supplementary,PPO_best_552901,template_group,supplement-g002,speed_saturated_fraction,fraction,all_primary_common_complete_success_within_stratum,0,0,,,,,
supplementary,PPO_best_552901,template_group,supplement-g002,soft_limited_fraction,fraction,all_primary_common_complete_success_within_stratum,0,0,,,,,
supplementary,PPO_best_552901,template_group,supplement-g002,raw_policy_component_clip_fraction,fraction,all_primary_common_complete_success_within_stratum,0,0,,,,,
supplementary,PPO_best_552901,template_group,supplement-g002,raw_policy_decisions_with_clip_fraction,fraction,all_primary_common_complete_success_within_stratum,0,0,,,,,
supplementary,PPO_best_552901,template_group,supplement-g002,u_component_clip_fraction,fraction,all_primary_common_complete_success_within_stratum,0,0,,,,,
supplementary,PPO_best_552901,template_group,supplement-g002,u_decisions_with_clip_fraction,fraction,all_primary_common_complete_success_within_stratum,0,0,,,,,
supplementary,PPO_best_552901,template_group,supplement-g002,mean_u_abs_rad_s,rad/s,all_primary_common_complete_success_within_stratum,0,0,,,,,
supplementary,PPO_best_552901,template_group,supplement-g002,provider_mean_s,s/48Hz decision,all_primary_common_complete_success_within_stratum,0,0,,,,,
supplementary,PPO_best_552901,template_group,supplement-g002,core_mean_s,s/240Hz step,all_primary_common_complete_success_within_stratum,0,0,,,,,
supplementary,PPO_best_552901,template_group,supplement-g002,outer_mean_s,s/240Hz step including decision when due,all_primary_common_complete_success_within_stratum,0,0,,,,,
supplementary,PPO_best_552901,template_group,supplement-g003,max_error_m,m,all_primary_common_complete_success_within_stratum,7,7,6.776622924347673e-05,6.908618635478764e-05,7.089030504209401e-05,6.212751430585018e-05,7.09127253022024e-05
supplementary,PPO_best_552901,template_group,supplement-g003,rmse_m,m,all_primary_common_complete_success_within_stratum,7,7,5.264170384908484e-05,5.2967140194801206e-05,5.4724293930406876e-05,5.066050187750492e-05,5.508180613813155e-05
supplementary,PPO_best_552901,template_group,supplement-g003,endpoint_error_m,m,all_primary_common_complete_success_within_stratum,7,7,4.9922329080091635e-05,5.139710474144694e-05,5.373923034511519e-05,4.280267553542247e-05,5.4532616280239926e-05
supplementary,PPO_best_552901,template_group,supplement-g003,minimum_external_distance_m,m,all_primary_common_complete_success_within_stratum,7,7,0.022067353403512586,0.02223653847877058,0.03912444793567464,0.002116557785720591,0.04508392004120823
supplementary,PPO_best_552901,template_group,supplement-g003,minimum_self_distance_m,m,all_primary_common_complete_success_within_stratum,7,7,0.0198391311372362,0.01989106213401968,0.019919236998294888,0.01951903903484866,0.019922868832681392
supplementary,PPO_best_552901,template_group,supplement-g003,command_smoothness_rms_rad_s2,rad/s^2,all_primary_common_complete_success_within_stratum,7,7,0.18554708710787443,0.21143102079844434,0.2534601903904239,0.0783377237215026,0.26035958138377285
supplementary,PPO_best_552901,template_group,supplement-g003,max_actual_arm_velocity_rad_s,rad/s,all_primary_common_complete_success_within_stratum,7,7,0.20882887928638105,0.2154545108944283,0.2242859544748769,0.182774528371415,0.22611701024935124
supplementary,PPO_best_552901,template_group,supplement-g003,speed_saturated_fraction,fraction,all_primary_common_complete_success_within_stratum,7,7,0.0,0.0,0.0,0.0,0.0
supplementary,PPO_best_552901,template_group,supplement-g003,soft_limited_fraction,fraction,all_primary_common_complete_success_within_stratum,7,7,0.0,0.0,0.0,0.0,0.0
supplementary,PPO_best_552901,template_group,supplement-g003,raw_policy_component_clip_fraction,fraction,all_primary_common_complete_success_within_stratum,7,7,0.1299957482993197,0.150297619047619,0.23199404761904754,0.0,0.24181547619047614
supplementary,PPO_best_552901,template_group,supplement-g003,raw_policy_decisions_with_clip_fraction,fraction,all_primary_common_complete_success_within_stratum,7,7,0.650297619047619,0.796875,1.0,0.0,1.0
supplementary,PPO_best_552901,template_group,supplement-g003,u_component_clip_fraction,fraction,all_primary_common_complete_success_within_stratum,7,7,0.0,0.0,0.0,0.0,0.0
supplementary,PPO_best_552901,template_group,supplement-g003,u_decisions_with_clip_fraction,fraction,all_primary_common_complete_success_within_stratum,7,7,0.0,0.0,0.0,0.0,0.0
supplementary,PPO_best_552901,template_group,supplement-g003,mean_u_abs_rad_s,rad/s,all_primary_common_complete_success_within_stratum,7,7,0.09184289611808695,0.09591465677977318,0.0973788005634699,0.079114215399438,0.09763544828054452
supplementary,PPO_best_552901,template_group,supplement-g003,provider_mean_s,s/48Hz decision,all_primary_common_complete_success_within_stratum,7,7,0.00030834081001428003,0.0003034969889389079,0.0003337131548353985,0.00029461142791357514,0.00034072063029573957
supplementary,PPO_best_552901,template_group,supplement-g003,core_mean_s,s/240Hz step,all_primary_common_complete_success_within_stratum,7,7,0.0005671371990372011,0.0005666173724421242,0.00057508652852448,0.0005610360710913179,0.0005754679518759076
supplementary,PPO_best_552901,template_group,supplement-g003,outer_mean_s,s/240Hz step including decision when due,all_primary_common_complete_success_within_stratum,7,7,0.0007301786954485578,0.0007253963463275189,0.0007681876753758843,0.0007003975003802528,0.0007717654120824591
supplementary,PPO_best_552901,template_group,supplement-g005,max_error_m,m,all_primary_common_complete_success_within_stratum,8,8,5.592892335820818e-05,5.585309998766549e-05,6.01876822652573e-05,5.170719483961908e-05,6.0426743238351195e-05
supplementary,PPO_best_552901,template_group,supplement-g005,rmse_m,m,all_primary_common_complete_success_within_stratum,8,8,4.309477970035109e-05,4.3047145911009454e-05,4.5323903137281025e-05,4.110840041778373e-05,4.557985668318303e-05
supplementary,PPO_best_552901,template_group,supplement-g005,endpoint_error_m,m,all_primary_common_complete_success_within_stratum,8,8,4.208393438155227e-05,4.1878086800385775e-05,4.435979946458855e-05,4.0110130677030293e-05,4.471507414466414e-05
supplementary,PPO_best_552901,template_group,supplement-g005,minimum_external_distance_m,m,all_primary_common_complete_success_within_stratum,8,0,,,,,
supplementary,PPO_best_552901,template_group,supplement-g005,minimum_self_distance_m,m,all_primary_common_complete_success_within_stratum,8,8,0.01993258905866676,0.01992987916453145,0.01997641328994659,0.019848712425022168,0.019976544261843157
supplementary,PPO_best_552901,template_group,supplement-g005,command_smoothness_rms_rad_s2,rad/s^2,all_primary_common_complete_success_within_stratum,8,8,0.04120829384612636,0.04054546374413645,0.04817852276529916,0.03215240383143509,0.04865095811593547
supplementary,PPO_best_552901,template_group,supplement-g005,max_actual_arm_velocity_rad_s,rad/s,all_primary_common_complete_success_within_stratum,8,8,0.14742419927011927,0.14755212286414315,0.14793717148083171,0.14681459469690716,0.14800909656603958
supplementary,PPO_best_552901,template_group,supplement-g005,speed_saturated_fraction,fraction,all_primary_common_complete_success_within_stratum,8,8,0.0,0.0,0.0,0.0,0.0
supplementary,PPO_best_552901,template_group,supplement-g005,soft_limited_fraction,fraction,all_primary_common_complete_success_within_stratum,8,8,0.0,0.0,0.0,0.0,0.0
supplementary,PPO_best_552901,template_group,supplement-g005,raw_policy_component_clip_fraction,fraction,all_primary_common_complete_success_within_stratum,8,8,0.14285714285714282,0.14285714285714282,0.14285714285714282,0.14285714285714282,0.14285714285714282
supplementary,PPO_best_552901,template_group,supplement-g005,raw_policy_decisions_with_clip_fraction,fraction,all_primary_common_complete_success_within_stratum,8,8,1.0,1.0,1.0,1.0,1.0
supplementary,PPO_best_552901,template_group,supplement-g005,u_component_clip_fraction,fraction,all_primary_common_complete_success_within_stratum,8,8,0.0,0.0,0.0,0.0,0.0
supplementary,PPO_best_552901,template_group,supplement-g005,u_decisions_with_clip_fraction,fraction,all_primary_common_complete_success_within_stratum,8,8,0.0,0.0,0.0,0.0,0.0
supplementary,PPO_best_552901,template_group,supplement-g005,mean_u_abs_rad_s,rad/s,all_primary_common_complete_success_within_stratum,8,8,0.061445582879726623,0.061447562686710935,0.06171267845723335,0.06112893274098281,0.06173279498138332
supplementary,PPO_best_552901,template_group,supplement-g005,provider_mean_s,s/48Hz decision,all_primary_common_complete_success_within_stratum,8,8,0.000258899897498092,0.0002539456806213517,0.0002801792878396251,0.00025274509001368034,0.00029379585627490695
supplementary,PPO_best_552901,template_group,supplement-g005,core_mean_s,s/240Hz step,all_primary_common_complete_success_within_stratum,8,8,0.0005340490574364291,0.0005334654247387031,0.0005419239440000941,0.0005283600460340191,0.0005459326627412034
supplementary,PPO_best_552901,template_group,supplement-g005,outer_mean_s,s/240Hz step including decision when due,all_primary_common_complete_success_within_stratum,8,8,0.0006084150036599567,0.0006069086264839521,0.0006207032393437355,0.0006017633185668576,0.0006276906193306786
supplementary,PPO_best_552901,template_group,supplement-g006,max_error_m,m,all_primary_common_complete_success_within_stratum,7,7,5.90216841140985e-05,6.0449392921361446e-05,6.339302852905067e-05,5.2169304115751084e-05,6.361875160287651e-05
supplementary,PPO_best_552901,template_group,supplement-g006,rmse_m,m,all_primary_common_complete_success_within_stratum,7,7,4.4233502916539144e-05,4.4375037477354676e-05,4.888215909142686e-05,3.762856203964593e-05,4.9549345360953055e-05
supplementary,PPO_best_552901,template_group,supplement-g006,endpoint_error_m,m,all_primary_common_complete_success_within_stratum,7,7,5.637520709763496e-05,5.73719596336146e-05,6.196844351577405e-05,4.559066657307113e-05,6.230067003703859e-05
supplementary,PPO_best_552901,template_group,supplement-g006,minimum_external_distance_m,m,all_primary_common_complete_success_within_stratum,7,7,0.025907474561308604,0.02072865491848172,0.04158684970351456,0.013856875066322674,0.041851902887720935
supplementary,PPO_best_552901,template_group,supplement-g006,minimum_self_distance_m,m,all_primary_common_complete_success_within_stratum,7,7,0.01980457074052119,0.019896330769468784,0.019933090114626094,0.019457091083709195,0.019934860724991225
supplementary,PPO_best_552901,template_group,supplement-g006,command_smoothness_rms_rad_s2,rad/s^2,all_primary_common_complete_success_within_stratum,7,7,0.2769764461586541,0.3075069551600785,0.381736557217805,0.1317287454346978,0.3941182259586739
supplementary,PPO_best_552901,template_group,supplement-g006,max_actual_arm_velocity_rad_s,rad/s,all_primary_common_complete_success_within_stratum,7,7,0.19309996815090255,0.1933803329294672,0.20183344715175916,0.17801537130244022,0.20263872618705597
supplementary,PPO_best_552901,template_group,supplement-g006,speed_saturated_fraction,fraction,all_primary_common_complete_success_within_stratum,7,7,0.0,0.0,0.0,0.0,0.0
supplementary,PPO_best_552901,template_group,supplement-g006,soft_limited_fraction,fraction,all_primary_common_complete_success_within_stratum,7,7,0.0,0.0,0.0,0.0,0.0
supplementary,PPO_best_552901,template_group,supplement-g006,raw_policy_component_clip_fraction,fraction,all_primary_common_complete_success_within_stratum,7,7,0.03858418367346938,0.007440476190476189,0.11815476190476182,0.0,0.13690476190476186
supplementary,PPO_best_552901,template_group,supplement-g006,raw_policy_decisions_with_clip_fraction,fraction,all_primary_common_complete_success_within_stratum,7,7,0.2700892857142857,0.052083333333333336,0.8270833333333331,0.0,0.9583333333333334
supplementary,PPO_best_552901,template_group,supplement-g006,u_component_clip_fraction,fraction,all_primary_common_complete_success_within_stratum,7,7,0.0,0.0,0.0,0.0,0.0
supplementary,PPO_best_552901,template_group,supplement-g006,u_decisions_with_clip_fraction,fraction,all_primary_common_complete_success_within_stratum,7,7,0.0,0.0,0.0,0.0,0.0
supplementary,PPO_best_552901,template_group,supplement-g006,mean_u_abs_rad_s,rad/s,all_primary_common_complete_success_within_stratum,7,7,0.08659994190157475,0.08587556119448328,0.09530905224934465,0.07159935263927245,0.09657177909255206
supplementary,PPO_best_552901,template_group,supplement-g006,provider_mean_s,s/48Hz decision,all_primary_common_complete_success_within_stratum,7,7,0.00031819330396978156,0.00030880495402622426,0.00034590246051872475,0.0003052140567281943,0.0003538416932921488
supplementary,PPO_best_552901,template_group,supplement-g006,core_mean_s,s/240Hz step,all_primary_common_complete_success_within_stratum,7,7,0.0005798053374876743,0.0005806386272827998,0.0005872512001496942,0.0005713107147736689,0.0005876534917661047
supplementary,PPO_best_552901,template_group,supplement-g006,outer_mean_s,s/240Hz step including decision when due,all_primary_common_complete_success_within_stratum,7,7,0.0007513043458770663,0.0007406997232465073,0.0007770614297714928,0.0007312510489100532,0.0007782437840432976
supplementary,PPO_best_552901,template_group,supplement-g007,max_error_m,m,all_primary_common_complete_success_within_stratum,2,2,5.697105698197584e-05,5.697105698197584e-05,5.77221914112202e-05,5.613646317170434e-05,5.780565079224735e-05
supplementary,PPO_best_552901,template_group,supplement-g007,rmse_m,m,all_primary_common_complete_success_within_stratum,2,2,4.391253717722492e-05,4.391253717722492e-05,4.615057992229626e-05,4.142582301603454e-05,4.63992513384153e-05
supplementary,PPO_best_552901,template_group,supplement-g007,endpoint_error_m,m,all_primary_common_complete_success_within_stratum,2,2,5.582053096857288e-05,5.582053096857288e-05,5.7541928007453424e-05,5.3907867592038946e-05,5.773319434510682e-05
supplementary,PPO_best_552901,template_group,supplement-g007,minimum_external_distance_m,m,all_primary_common_complete_success_within_stratum,2,2,0.0057762109696698205,0.0057762109696698205,0.008246185691846118,0.0030317946116961564,0.008520627327643485
supplementary,PPO_best_552901,template_group,supplement-g007,minimum_self_distance_m,m,all_primary_common_complete_success_within_stratum,2,2,0.01966662040589154,0.01966662040589154,0.019754418575088212,0.0195690668845619,0.019764173927221178
supplementary,PPO_best_552901,template_group,supplement-g007,command_smoothness_rms_rad_s2,rad/s^2,all_primary_common_complete_success_within_stratum,2,2,0.07391589203518371,0.07391589203518371,0.09424228544086505,0.05133101047331556,0.09650077359705186
supplementary,PPO_best_552901,template_group,supplement-g007,max_actual_arm_velocity_rad_s,rad/s,all_primary_common_complete_success_within_stratum,2,2,0.1692358844190519,0.1692358844190519,0.18342737951511828,0.1534675565345337,0.18500421230357011
supplementary,PPO_best_552901,template_group,supplement-g007,speed_saturated_fraction,fraction,all_primary_common_complete_success_within_stratum,2,2,0.0,0.0,0.0,0.0,0.0
supplementary,PPO_best_552901,template_group,supplement-g007,soft_limited_fraction,fraction,all_primary_common_complete_success_within_stratum,2,2,0.0,0.0,0.0,0.0,0.0
supplementary,PPO_best_552901,template_group,supplement-g007,raw_policy_component_clip_fraction,fraction,all_primary_common_complete_success_within_stratum,2,2,0.0,0.0,0.0,0.0,0.0
supplementary,PPO_best_552901,template_group,supplement-g007,raw_policy_decisions_with_clip_fraction,fraction,all_primary_common_complete_success_within_stratum,2,2,0.0,0.0,0.0,0.0,0.0
supplementary,PPO_best_552901,template_group,supplement-g007,u_component_clip_fraction,fraction,all_primary_common_complete_success_within_stratum,2,2,0.0,0.0,0.0,0.0,0.0
supplementary,PPO_best_552901,template_group,supplement-g007,u_decisions_with_clip_fraction,fraction,all_primary_common_complete_success_within_stratum,2,2,0.0,0.0,0.0,0.0,0.0
supplementary,PPO_best_552901,template_group,supplement-g007,mean_u_abs_rad_s,rad/s,all_primary_common_complete_success_within_stratum,2,2,0.08641214020677754,0.08641214020677754,0.09065149475656827,0.08170174626256561,0.09112253415098946
supplementary,PPO_best_552901,template_group,supplement-g007,provider_mean_s,s/48Hz decision,all_primary_common_complete_success_within_stratum,2,2,0.000317468695129719,0.000317468695129719,0.00032025583843733326,0.00031437186923236976,0.0003205655210270682
supplementary,PPO_best_552901,template_group,supplement-g007,core_mean_s,s/240Hz step,all_primary_common_complete_success_within_stratum,2,2,0.0005806117679185263,0.0005806117679185263,0.0005825085966580445,0.0005785041804301727,0.0005827193554068799
supplementary,PPO_best_552901,template_group,supplement-g007,outer_mean_s,s/240Hz step including decision when due,all_primary_common_complete_success_within_stratum,2,2,0.0007686964661540211,0.0007686964661540211,0.0007782689374713907,0.0007580603869124995,0.0007793325453955428
supplementary,PPO_best_552901,template_group,supplement-g008,max_error_m,m,all_primary_common_complete_success_within_stratum,1,1,8.885482578102791e-05,8.885482578102791e-05,8.885482578102791e-05,8.885482578102791e-05,8.885482578102791e-05
supplementary,PPO_best_552901,template_group,supplement-g008,rmse_m,m,all_primary_common_complete_success_within_stratum,1,1,6.64548083361131e-05,6.64548083361131e-05,6.64548083361131e-05,6.64548083361131e-05,6.64548083361131e-05
supplementary,PPO_best_552901,template_group,supplement-g008,endpoint_error_m,m,all_primary_common_complete_success_within_stratum,1,1,4.375371065892785e-05,4.375371065892785e-05,4.375371065892785e-05,4.375371065892785e-05,4.375371065892785e-05
supplementary,PPO_best_552901,template_group,supplement-g008,minimum_external_distance_m,m,all_primary_common_complete_success_within_stratum,1,1,0.01478208484617903,0.01478208484617903,0.01478208484617903,0.01478208484617903,0.01478208484617903
supplementary,PPO_best_552901,template_group,supplement-g008,minimum_self_distance_m,m,all_primary_common_complete_success_within_stratum,1,1,0.0199840263594651,0.0199840263594651,0.0199840263594651,0.0199840263594651,0.0199840263594651
supplementary,PPO_best_552901,template_group,supplement-g008,command_smoothness_rms_rad_s2,rad/s^2,all_primary_common_complete_success_within_stratum,1,1,0.07808834267238457,0.07808834267238457,0.07808834267238457,0.07808834267238457,0.07808834267238457
supplementary,PPO_best_552901,template_group,supplement-g008,max_actual_arm_velocity_rad_s,rad/s,all_primary_common_complete_success_within_stratum,1,1,0.09370410523591582,0.09370410523591582,0.09370410523591582,0.09370410523591582,0.09370410523591582
supplementary,PPO_best_552901,template_group,supplement-g008,speed_saturated_fraction,fraction,all_primary_common_complete_success_within_stratum,1,1,0.0,0.0,0.0,0.0,0.0
supplementary,PPO_best_552901,template_group,supplement-g008,soft_limited_fraction,fraction,all_primary_common_complete_success_within_stratum,1,1,0.0,0.0,0.0,0.0,0.0
supplementary,PPO_best_552901,template_group,supplement-g008,raw_policy_component_clip_fraction,fraction,all_primary_common_complete_success_within_stratum,1,1,0.0,0.0,0.0,0.0,0.0
supplementary,PPO_best_552901,template_group,supplement-g008,raw_policy_decisions_with_clip_fraction,fraction,all_primary_common_complete_success_within_stratum,1,1,0.0,0.0,0.0,0.0,0.0
supplementary,PPO_best_552901,template_group,supplement-g008,u_component_clip_fraction,fraction,all_primary_common_complete_success_within_stratum,1,1,0.0,0.0,0.0,0.0,0.0
supplementary,PPO_best_552901,template_group,supplement-g008,u_decisions_with_clip_fraction,fraction,all_primary_common_complete_success_within_stratum,1,1,0.0,0.0,0.0,0.0,0.0
supplementary,PPO_best_552901,template_group,supplement-g008,mean_u_abs_rad_s,rad/s,all_primary_common_complete_success_within_stratum,1,1,0.03604612547531447,0.03604612547531447,0.03604612547531447,0.03604612547531447,0.03604612547531447
supplementary,PPO_best_552901,template_group,supplement-g008,provider_mean_s,s/48Hz decision,all_primary_common_complete_success_within_stratum,1,1,0.00032710010342877166,0.00032710010342877166,0.00032710010342877166,0.00032710010342877166,0.00032710010342877166
supplementary,PPO_best_552901,template_group,supplement-g008,core_mean_s,s/240Hz step,all_primary_common_complete_success_within_stratum,1,1,0.0005596077675363631,0.0005596077675363631,0.0005596077675363631,0.0005596077675363631,0.0005596077675363631
supplementary,PPO_best_552901,template_group,supplement-g008,outer_mean_s,s/240Hz step including decision when due,all_primary_common_complete_success_within_stratum,1,1,0.0007576895347786679,0.0007576895347786679,0.0007576895347786679,0.0007576895347786679,0.0007576895347786679
supplementary,PPO_best_552901,template_group,supplement-g009,max_error_m,m,all_primary_common_complete_success_within_stratum,1,1,5.038965045675932e-05,5.038965045675932e-05,5.038965045675932e-05,5.038965045675932e-05,5.038965045675932e-05
supplementary,PPO_best_552901,template_group,supplement-g009,rmse_m,m,all_primary_common_complete_success_within_stratum,1,1,4.6530719916279954e-05,4.6530719916279954e-05,4.6530719916279954e-05,4.6530719916279954e-05,4.6530719916279954e-05
supplementary,PPO_best_552901,template_group,supplement-g009,endpoint_error_m,m,all_primary_common_complete_success_within_stratum,1,1,4.656692596065187e-05,4.656692596065187e-05,4.656692596065187e-05,4.656692596065187e-05,4.656692596065187e-05
supplementary,PPO_best_552901,template_group,supplement-g009,minimum_external_distance_m,m,all_primary_common_complete_success_within_stratum,1,1,0.006731509073690398,0.006731509073690398,0.006731509073690398,0.006731509073690398,0.006731509073690398
supplementary,PPO_best_552901,template_group,supplement-g009,minimum_self_distance_m,m,all_primary_common_complete_success_within_stratum,1,1,0.019675856914353765,0.019675856914353765,0.019675856914353765,0.019675856914353765,0.019675856914353765
supplementary,PPO_best_552901,template_group,supplement-g009,command_smoothness_rms_rad_s2,rad/s^2,all_primary_common_complete_success_within_stratum,1,1,0.06002464676100899,0.06002464676100899,0.06002464676100899,0.06002464676100899,0.06002464676100899
supplementary,PPO_best_552901,template_group,supplement-g009,max_actual_arm_velocity_rad_s,rad/s,all_primary_common_complete_success_within_stratum,1,1,0.16001921193747828,0.16001921193747828,0.16001921193747828,0.16001921193747828,0.16001921193747828
supplementary,PPO_best_552901,template_group,supplement-g009,speed_saturated_fraction,fraction,all_primary_common_complete_success_within_stratum,1,1,0.0,0.0,0.0,0.0,0.0
supplementary,PPO_best_552901,template_group,supplement-g009,soft_limited_fraction,fraction,all_primary_common_complete_success_within_stratum,1,1,0.0,0.0,0.0,0.0,0.0
supplementary,PPO_best_552901,template_group,supplement-g009,raw_policy_component_clip_fraction,fraction,all_primary_common_complete_success_within_stratum,1,1,0.0,0.0,0.0,0.0,0.0
supplementary,PPO_best_552901,template_group,supplement-g009,raw_policy_decisions_with_clip_fraction,fraction,all_primary_common_complete_success_within_stratum,1,1,0.0,0.0,0.0,0.0,0.0
supplementary,PPO_best_552901,template_group,supplement-g009,u_component_clip_fraction,fraction,all_primary_common_complete_success_within_stratum,1,1,0.0,0.0,0.0,0.0,0.0
supplementary,PPO_best_552901,template_group,supplement-g009,u_decisions_with_clip_fraction,fraction,all_primary_common_complete_success_within_stratum,1,1,0.0,0.0,0.0,0.0,0.0
supplementary,PPO_best_552901,template_group,supplement-g009,mean_u_abs_rad_s,rad/s,all_primary_common_complete_success_within_stratum,1,1,0.08559501933299804,0.08559501933299804,0.08559501933299804,0.08559501933299804,0.08559501933299804
supplementary,PPO_best_552901,template_group,supplement-g009,provider_mean_s,s/48Hz decision,all_primary_common_complete_success_within_stratum,1,1,0.00032500295810677926,0.00032500295810677926,0.00032500295810677926,0.00032500295810677926,0.00032500295810677926
supplementary,PPO_best_552901,template_group,supplement-g009,core_mean_s,s/240Hz step,all_primary_common_complete_success_within_stratum,1,1,0.000575995027005168,0.000575995027005168,0.000575995027005168,0.000575995027005168,0.000575995027005168
supplementary,PPO_best_552901,template_group,supplement-g009,outer_mean_s,s/240Hz step including decision when due,all_primary_common_complete_success_within_stratum,1,1,0.0007741753780464933,0.0007741753780464933,0.0007741753780464933,0.0007741753780464933,0.0007741753780464933
supplementary,PPO_best_552901,template_group,supplement-g010,max_error_m,m,all_primary_common_complete_success_within_stratum,8,8,4.73076022476697e-05,4.6444872311644024e-05,5.131763668726729e-05,4.3981784615445455e-05,5.220172383760641e-05
supplementary,PPO_best_552901,template_group,supplement-g010,rmse_m,m,all_primary_common_complete_success_within_stratum,8,8,3.597563583642399e-05,3.610193596140858e-05,3.7336757530688876e-05,3.395750356305854e-05,3.75918834583461e-05
supplementary,PPO_best_552901,template_group,supplement-g010,endpoint_error_m,m,all_primary_common_complete_success_within_stratum,8,8,4.61899130708604e-05,4.539528090764782e-05,4.977915123247255e-05,4.326021354686279e-05,5.037982366381223e-05
supplementary,PPO_best_552901,template_group,supplement-g010,minimum_external_distance_m,m,all_primary_common_complete_success_within_stratum,8,0,,,,,
supplementary,PPO_best_552901,template_group,supplement-g010,minimum_self_distance_m,m,all_primary_common_complete_success_within_stratum,8,8,0.0199631185578308,0.01996908954876897,0.019976399832183637,0.019936448493461226,0.019976532057324407
supplementary,PPO_best_552901,template_group,supplement-g010,command_smoothness_rms_rad_s2,rad/s^2,all_primary_common_complete_success_within_stratum,8,8,0.04645157894189096,0.0437457317712105,0.05854579638002293,0.03727901207147412,0.06023423848401543
supplementary,PPO_best_552901,template_group,supplement-g010,max_actual_arm_velocity_rad_s,rad/s,all_primary_common_complete_success_within_stratum,8,8,0.17168828431396999,0.16866396268481154,0.18788770240199607,0.1621639704974735,0.1920408764024174
supplementary,PPO_best_552901,template_group,supplement-g010,speed_saturated_fraction,fraction,all_primary_common_complete_success_within_stratum,8,8,0.0,0.0,0.0,0.0,0.0
supplementary,PPO_best_552901,template_group,supplement-g010,soft_limited_fraction,fraction,all_primary_common_complete_success_within_stratum,8,8,0.0,0.0,0.0,0.0,0.0
supplementary,PPO_best_552901,template_group,supplement-g010,raw_policy_component_clip_fraction,fraction,all_primary_common_complete_success_within_stratum,8,8,0.14285714285714282,0.14285714285714282,0.14285714285714282,0.14285714285714282,0.14285714285714282
supplementary,PPO_best_552901,template_group,supplement-g010,raw_policy_decisions_with_clip_fraction,fraction,all_primary_common_complete_success_within_stratum,8,8,1.0,1.0,1.0,1.0,1.0
supplementary,PPO_best_552901,template_group,supplement-g010,u_component_clip_fraction,fraction,all_primary_common_complete_success_within_stratum,8,8,0.0,0.0,0.0,0.0,0.0
supplementary,PPO_best_552901,template_group,supplement-g010,u_decisions_with_clip_fraction,fraction,all_primary_common_complete_success_within_stratum,8,8,0.0,0.0,0.0,0.0,0.0
supplementary,PPO_best_552901,template_group,supplement-g010,mean_u_abs_rad_s,rad/s,all_primary_common_complete_success_within_stratum,8,8,0.061846032469163356,0.06177141606985104,0.06229098210217975,0.06144844450644174,0.06237239120722128
supplementary,PPO_best_552901,template_group,supplement-g010,provider_mean_s,s/48Hz decision,all_primary_common_complete_success_within_stratum,8,8,0.0002573764600697359,0.00025629530364312814,0.0002634997594441302,0.00025385492320613895,0.00026537910252955044
supplementary,PPO_best_552901,template_group,supplement-g010,core_mean_s,s/240Hz step,all_primary_common_complete_success_within_stratum,8,8,0.000536386802002653,0.0005375858817690945,0.0005394263605027542,0.000532473786824994,0.0005396326748268621
supplementary,PPO_best_552901,template_group,supplement-g010,outer_mean_s,s/240Hz step including decision when due,all_primary_common_complete_success_within_stratum,8,8,0.0006104580237320078,0.0006117399713427101,0.0006137373490461565,0.0006060260688779333,0.0006137622710108795
supplementary,PPO_best_552901,template_group,supplement-g011,max_error_m,m,all_primary_common_complete_success_within_stratum,8,8,5.3364036717916874e-05,5.50185993089837e-05,5.7017170114491205e-05,4.508095509274069e-05,5.7145574145577804e-05
supplementary,PPO_best_552901,template_group,supplement-g011,rmse_m,m,all_primary_common_complete_success_within_stratum,8,8,4.4571051028541734e-05,4.388733465461137e-05,4.762102533479593e-05,4.145489795115565e-05,4.764636971525156e-05
supplementary,PPO_best_552901,template_group,supplement-g011,endpoint_error_m,m,all_primary_common_complete_success_within_stratum,8,8,4.461584645342374e-05,4.489426829146811e-05,4.7298107077053394e-05,4.203277302484687e-05,4.8443505205555664e-05
supplementary,PPO_best_552901,template_group,supplement-g011,minimum_external_distance_m,m,all_primary_common_complete_success_within_stratum,8,8,0.029551035578669886,0.035238861322501494,0.04691148567033041,0.0030753179326478003,0.04828584296708299
supplementary,PPO_best_552901,template_group,supplement-g011,minimum_self_distance_m,m,all_primary_common_complete_success_within_stratum,8,8,0.01985659075437431,0.019930345316196436,0.019974228336970847,0.019575836845653546,0.019976525297091575
supplementary,PPO_best_552901,template_group,supplement-g011,command_smoothness_rms_rad_s2,rad/s^2,all_primary_common_complete_success_within_stratum,8,8,0.22280737486512736,0.19718908451562409,0.4012681593994162,0.06876119111250614,0.4081059346342058
supplementary,PPO_best_552901,template_group,supplement-g011,max_actual_arm_velocity_rad_s,rad/s,all_primary_common_complete_success_within_stratum,8,8,0.16474631933950548,0.17286559715765698,0.1936146343701931,0.10348457524570925,0.1938911224879438
supplementary,PPO_best_552901,template_group,supplement-g011,speed_saturated_fraction,fraction,all_primary_common_complete_success_within_stratum,8,8,0.0,0.0,0.0,0.0,0.0
supplementary,PPO_best_552901,template_group,supplement-g011,soft_limited_fraction,fraction,all_primary_common_complete_success_within_stratum,8,8,0.0,0.0,0.0,0.0,0.0
supplementary,PPO_best_552901,template_group,supplement-g011,raw_policy_component_clip_fraction,fraction,all_primary_common_complete_success_within_stratum,8,8,0.07468377976190474,0.07589285714285712,0.14285714285714282,0.0,0.14285714285714282
supplementary,PPO_best_552901,template_group,supplement-g011,raw_policy_decisions_with_clip_fraction,fraction,all_primary_common_complete_success_within_stratum,8,8,0.5227864583333333,0.53125,1.0,0.0,1.0
supplementary,PPO_best_552901,template_group,supplement-g011,u_component_clip_fraction,fraction,all_primary_common_complete_success_within_stratum,8,8,0.0,0.0,0.0,0.0,0.0
supplementary,PPO_best_552901,template_group,supplement-g011,u_decisions_with_clip_fraction,fraction,all_primary_common_complete_success_within_stratum,8,8,0.0,0.0,0.0,0.0,0.0
supplementary,PPO_best_552901,template_group,supplement-g011,mean_u_abs_rad_s,rad/s,all_primary_common_complete_success_within_stratum,8,8,0.0605864353207705,0.06583711810578409,0.07275602970617044,0.039471407055610884,0.0729950875795025
supplementary,PPO_best_552901,template_group,supplement-g011,provider_mean_s,s/48Hz decision,all_primary_common_complete_success_within_stratum,8,8,0.00029688107883885095,0.00029723074938677507,0.0003087596236355239,0.00028565029257758095,0.00031178353780584683
supplementary,PPO_best_552901,template_group,supplement-g011,core_mean_s,s/240Hz step,all_primary_common_complete_success_within_stratum,8,8,0.0005627721913583628,0.0005630177815116137,0.0005668350290337306,0.0005591080604366046,0.0005668616998870372
supplementary,PPO_best_552901,template_group,supplement-g011,outer_mean_s,s/240Hz step including decision when due,all_primary_common_complete_success_within_stratum,8,8,0.0007013128009968265,0.0006984983688956465,0.0007168069274651619,0.00068391630466067,0.0007187726792835747
supplementary,PPO_best_552901,template_group,supplement-g013,max_error_m,m,all_primary_common_complete_success_within_stratum,6,6,6.0452182394315813e-05,6.228073232889657e-05,6.635348051751855e-05,5.031411690397801e-05,6.707502958821566e-05
supplementary,PPO_best_552901,template_group,supplement-g013,rmse_m,m,all_primary_common_complete_success_within_stratum,6,6,4.8667799687999814e-05,4.862767682475934e-05,5.0364018177881815e-05,4.572256885584547e-05,5.0448310961835744e-05
supplementary,PPO_best_552901,template_group,supplement-g013,endpoint_error_m,m,all_primary_common_complete_success_within_stratum,6,6,4.44568801047621e-05,4.641437454761779e-05,4.9846792915418305e-05,3.3599023737418465e-05,5.013330548879762e-05
supplementary,PPO_best_552901,template_group,supplement-g013,minimum_external_distance_m,m,all_primary_common_complete_success_within_stratum,6,6,0.021587396242153153,0.016674313306865182,0.04478446146401376,0.0056866949652533555,0.04778448348395392
supplementary,PPO_best_552901,template_group,supplement-g013,minimum_self_distance_m,m,all_primary_common_complete_success_within_stratum,6,6,0.01990139649192549,0.019882055906294632,0.020143989639453682,0.019658515406439384,0.02015431810144746
supplementary,PPO_best_552901,template_group,supplement-g013,command_smoothness_rms_rad_s2,rad/s^2,all_primary_common_complete_success_within_stratum,6,6,0.19441735341826497,0.1848467761593644,0.35780155566564564,0.05252934826604282,0.3715496910556241
supplementary,PPO_best_552901,template_group,supplement-g013,max_actual_arm_velocity_rad_s,rad/s,all_primary_common_complete_success_within_stratum,6,6,0.09559946354850431,0.0967185533456183,0.12907305600162838,0.06548685017878564,0.1340890730824486
supplementary,PPO_best_552901,template_group,supplement-g013,speed_saturated_fraction,fraction,all_primary_common_complete_success_within_stratum,6,6,0.0,0.0,0.0,0.0,0.0
supplementary,PPO_best_552901,template_group,supplement-g013,soft_limited_fraction,fraction,all_primary_common_complete_success_within_stratum,6,6,0.0,0.0,0.0,0.0,0.0
supplementary,PPO_best_552901,template_group,supplement-g013,raw_policy_component_clip_fraction,fraction,all_primary_common_complete_success_within_stratum,6,6,0.002976190476190476,0.0,0.013392857142857142,0.0,0.017857142857142856
supplementary,PPO_best_552901,template_group,supplement-g013,raw_policy_decisions_with_clip_fraction,fraction,all_primary_common_complete_success_within_stratum,6,6,0.020833333333333332,0.0,0.09375,0.0,0.125
supplementary,PPO_best_552901,template_group,supplement-g013,u_component_clip_fraction,fraction,all_primary_common_complete_success_within_stratum,6,6,0.0,0.0,0.0,0.0,0.0
supplementary,PPO_best_552901,template_group,supplement-g013,u_decisions_with_clip_fraction,fraction,all_primary_common_complete_success_within_stratum,6,6,0.0,0.0,0.0,0.0,0.0
supplementary,PPO_best_552901,template_group,supplement-g013,mean_u_abs_rad_s,rad/s,all_primary_common_complete_success_within_stratum,6,6,0.0346208907729248,0.034930019759606995,0.0475265247237985,0.02024600039834955,0.050661941201126735
supplementary,PPO_best_552901,template_group,supplement-g013,provider_mean_s,s/48Hz decision,all_primary_common_complete_success_within_stratum,6,6,0.00030529686197648215,0.0003000231480806785,0.00033425917437549896,0.0002919285678520585,0.0003452560727055243
supplementary,PPO_best_552901,template_group,supplement-g013,core_mean_s,s/240Hz step,all_primary_common_complete_success_within_stratum,6,6,0.0005627091199079991,0.0005623761684243315,0.0005691004767262105,0.0005570072529735626,0.00057021033323205
supplementary,PPO_best_552901,template_group,supplement-g013,outer_mean_s,s/240Hz step including decision when due,all_primary_common_complete_success_within_stratum,6,6,0.0007082581987661898,0.0007088304980698013,0.0007211560042757507,0.000694713927138461,0.000721792860046359
supplementary,PPO_best_552901,template_group,supplement-g015,max_error_m,m,all_primary_common_complete_success_within_stratum,8,8,5.0018061913145896e-05,4.957163896187454e-05,5.2875501655336254e-05,4.792292494805298e-05,5.3288099584180144e-05
supplementary,PPO_best_552901,template_group,supplement-g015,rmse_m,m,all_primary_common_complete_success_within_stratum,8,8,3.585526212636006e-05,3.544352722139081e-05,3.7689527061486365e-05,3.428656503866737e-05,3.786075951281521e-05
supplementary,PPO_best_552901,template_group,supplement-g015,endpoint_error_m,m,all_primary_common_complete_success_within_stratum,8,8,4.8424494903397786e-05,4.77565872832551e-05,5.112582781949215e-05,4.665758253568901e-05,5.158450768628926e-05
supplementary,PPO_best_552901,template_group,supplement-g015,minimum_external_distance_m,m,all_primary_common_complete_success_within_stratum,8,0,,,,,
supplementary,PPO_best_552901,template_group,supplement-g015,minimum_self_distance_m,m,all_primary_common_complete_success_within_stratum,8,8,0.019933786249608496,0.01994546067797439,0.019973577788676405,0.01985293156955515,0.019976323452699132
supplementary,PPO_best_552901,template_group,supplement-g015,command_smoothness_rms_rad_s2,rad/s^2,all_primary_common_complete_success_within_stratum,8,8,0.0507328448493968,0.053579368784464565,0.05968730924718608,0.03464155704269903,0.06135089178289482
supplementary,PPO_best_552901,template_group,supplement-g015,max_actual_arm_velocity_rad_s,rad/s,all_primary_common_complete_success_within_stratum,8,8,0.16969554305617784,0.1707126411665082,0.17878206420531653,0.15525050353232467,0.18050705609703513
supplementary,PPO_best_552901,template_group,supplement-g015,speed_saturated_fraction,fraction,all_primary_common_complete_success_within_stratum,8,8,0.0,0.0,0.0,0.0,0.0
supplementary,PPO_best_552901,template_group,supplement-g015,soft_limited_fraction,fraction,all_primary_common_complete_success_within_stratum,8,8,0.0,0.0,0.0,0.0,0.0
supplementary,PPO_best_552901,template_group,supplement-g015,raw_policy_component_clip_fraction,fraction,all_primary_common_complete_success_within_stratum,8,8,0.14285714285714282,0.14285714285714282,0.14285714285714282,0.14285714285714282,0.14285714285714282
supplementary,PPO_best_552901,template_group,supplement-g015,raw_policy_decisions_with_clip_fraction,fraction,all_primary_common_complete_success_within_stratum,8,8,1.0,1.0,1.0,1.0,1.0
supplementary,PPO_best_552901,template_group,supplement-g015,u_component_clip_fraction,fraction,all_primary_common_complete_success_within_stratum,8,8,0.0,0.0,0.0,0.0,0.0
supplementary,PPO_best_552901,template_group,supplement-g015,u_decisions_with_clip_fraction,fraction,all_primary_common_complete_success_within_stratum,8,8,0.0,0.0,0.0,0.0,0.0
supplementary,PPO_best_552901,template_group,supplement-g015,mean_u_abs_rad_s,rad/s,all_primary_common_complete_success_within_stratum,8,8,0.0617450571079514,0.06200591116517206,0.06216619106442003,0.06082078925932625,0.06220487552428885
supplementary,PPO_best_552901,template_group,supplement-g015,provider_mean_s,s/48Hz decision,all_primary_common_complete_success_within_stratum,8,8,0.0002587228526825432,0.0002565333481925336,0.00026806369482225515,0.0002549356092155601,0.0002726879221578808
supplementary,PPO_best_552901,template_group,supplement-g015,core_mean_s,s/240Hz step,all_primary_common_complete_success_within_stratum,8,8,0.0005382231687311408,0.0005377770542660679,0.0005436228929299129,0.0005324748264380711,0.0005449957635391911
supplementary,PPO_best_552901,template_group,supplement-g015,outer_mean_s,s/240Hz step including decision when due,all_primary_common_complete_success_within_stratum,8,8,0.000612581750579011,0.0006115542819619198,0.0006197279827180562,0.0006060791255246537,0.000622299978749652
supplementary,PPO_best_552901,template_group,supplement-g016,max_error_m,m,all_primary_common_complete_success_within_stratum,1,1,5.1661514093727867e-05,5.1661514093727867e-05,5.1661514093727867e-05,5.1661514093727867e-05,5.1661514093727867e-05
supplementary,PPO_best_552901,template_group,supplement-g016,rmse_m,m,all_primary_common_complete_success_within_stratum,1,1,4.310180926149424e-05,4.310180926149424e-05,4.310180926149424e-05,4.310180926149424e-05,4.310180926149424e-05
supplementary,PPO_best_552901,template_group,supplement-g016,endpoint_error_m,m,all_primary_common_complete_success_within_stratum,1,1,4.190473847286699e-05,4.190473847286699e-05,4.190473847286699e-05,4.190473847286699e-05,4.190473847286699e-05
supplementary,PPO_best_552901,template_group,supplement-g016,minimum_external_distance_m,m,all_primary_common_complete_success_within_stratum,1,1,0.016519096485852675,0.016519096485852675,0.016519096485852675,0.016519096485852675,0.016519096485852675
supplementary,PPO_best_552901,template_group,supplement-g016,minimum_self_distance_m,m,all_primary_common_complete_success_within_stratum,1,1,0.019901956964501616,0.019901956964501616,0.019901956964501616,0.019901956964501616,0.019901956964501616
supplementary,PPO_best_552901,template_group,supplement-g016,command_smoothness_rms_rad_s2,rad/s^2,all_primary_common_complete_success_within_stratum,1,1,0.07389355112996573,0.07389355112996573,0.07389355112996573,0.07389355112996573,0.07389355112996573
supplementary,PPO_best_552901,template_group,supplement-g016,max_actual_arm_velocity_rad_s,rad/s,all_primary_common_complete_success_within_stratum,1,1,0.12869560993264523,0.12869560993264523,0.12869560993264523,0.12869560993264523,0.12869560993264523
supplementary,PPO_best_552901,template_group,supplement-g016,speed_saturated_fraction,fraction,all_primary_common_complete_success_within_stratum,1,1,0.0,0.0,0.0,0.0,0.0
supplementary,PPO_best_552901,template_group,supplement-g016,soft_limited_fraction,fraction,all_primary_common_complete_success_within_stratum,1,1,0.0,0.0,0.0,0.0,0.0
supplementary,PPO_best_552901,template_group,supplement-g016,raw_policy_component_clip_fraction,fraction,all_primary_common_complete_success_within_stratum,1,1,0.0,0.0,0.0,0.0,0.0
supplementary,PPO_best_552901,template_group,supplement-g016,raw_policy_decisions_with_clip_fraction,fraction,all_primary_common_complete_success_within_stratum,1,1,0.0,0.0,0.0,0.0,0.0
supplementary,PPO_best_552901,template_group,supplement-g016,u_component_clip_fraction,fraction,all_primary_common_complete_success_within_stratum,1,1,0.0,0.0,0.0,0.0,0.0
supplementary,PPO_best_552901,template_group,supplement-g016,u_decisions_with_clip_fraction,fraction,all_primary_common_complete_success_within_stratum,1,1,0.0,0.0,0.0,0.0,0.0
supplementary,PPO_best_552901,template_group,supplement-g016,mean_u_abs_rad_s,rad/s,all_primary_common_complete_success_within_stratum,1,1,0.07723019605563465,0.07723019605563465,0.07723019605563465,0.07723019605563465,0.07723019605563465
supplementary,PPO_best_552901,template_group,supplement-g016,provider_mean_s,s/48Hz decision,all_primary_common_complete_success_within_stratum,1,1,0.0003224709850352762,0.0003224709850352762,0.0003224709850352762,0.0003224709850352762,0.0003224709850352762
supplementary,PPO_best_552901,template_group,supplement-g016,core_mean_s,s/240Hz step,all_primary_common_complete_success_within_stratum,1,1,0.000583361414707421,0.000583361414707421,0.000583361414707421,0.000583361414707421,0.000583361414707421
supplementary,PPO_best_552901,template_group,supplement-g016,outer_mean_s,s/240Hz step including decision when due,all_primary_common_complete_success_within_stratum,1,1,0.0007805025092541958,0.0007805025092541958,0.0007805025092541958,0.0007805025092541958,0.0007805025092541958
supplementary,PPO_best_552901,template_group,supplement-g018,max_error_m,m,all_primary_common_complete_success_within_stratum,5,5,5.5458262507591405e-05,5.520205273125576e-05,5.871090509476812e-05,5.080556272928227e-05,5.881175488718965e-05
supplementary,PPO_best_552901,template_group,supplement-g018,rmse_m,m,all_primary_common_complete_success_within_stratum,5,5,4.4672375032390846e-05,4.4428430905528506e-05,4.720583068195808e-05,4.253253143530538e-05,4.7468144899716575e-05
supplementary,PPO_best_552901,template_group,supplement-g018,endpoint_error_m,m,all_primary_common_complete_success_within_stratum,5,5,4.0578510644314184e-05,4.035779292318166e-05,4.370763749905242e-05,3.6084356284201925e-05,4.3828688729548735e-05
supplementary,PPO_best_552901,template_group,supplement-g018,minimum_external_distance_m,m,all_primary_common_complete_success_within_stratum,5,5,0.02449561792636691,0.024712057057360445,0.03117912898570471,0.018239283922822827,0.031724057321306995
supplementary,PPO_best_552901,template_group,supplement-g018,minimum_self_distance_m,m,all_primary_common_complete_success_within_stratum,5,5,0.01974719253567765,0.019752469123074302,0.019759501621564875,0.019724381357017817,0.019760605627986635
supplementary,PPO_best_552901,template_group,supplement-g018,command_smoothness_rms_rad_s2,rad/s^2,all_primary_common_complete_success_within_stratum,5,5,0.11496657519284618,0.08531045546388645,0.18180173447113762,0.062225142100195176,0.18189897275105635
supplementary,PPO_best_552901,template_group,supplement-g018,max_actual_arm_velocity_rad_s,rad/s,all_primary_common_complete_success_within_stratum,5,5,0.17625872947108934,0.1769990930279701,0.1793709675612365,0.1722587618680135,0.17953162743962645
supplementary,PPO_best_552901,template_group,supplement-g018,speed_saturated_fraction,fraction,all_primary_common_complete_success_within_stratum,5,5,0.0,0.0,0.0,0.0,0.0
supplementary,PPO_best_552901,template_group,supplement-g018,soft_limited_fraction,fraction,all_primary_common_complete_success_within_stratum,5,5,0.0,0.0,0.0,0.0,0.0
supplementary,PPO_best_552901,template_group,supplement-g018,raw_policy_component_clip_fraction,fraction,all_primary_common_complete_success_within_stratum,5,5,0.14285714285714282,0.14285714285714282,0.14285714285714282,0.14285714285714282,0.14285714285714282
supplementary,PPO_best_552901,template_group,supplement-g018,raw_policy_decisions_with_clip_fraction,fraction,all_primary_common_complete_success_within_stratum,5,5,1.0,1.0,1.0,1.0,1.0
supplementary,PPO_best_552901,template_group,supplement-g018,u_component_clip_fraction,fraction,all_primary_common_complete_success_within_stratum,5,5,0.0,0.0,0.0,0.0,0.0
supplementary,PPO_best_552901,template_group,supplement-g018,u_decisions_with_clip_fraction,fraction,all_primary_common_complete_success_within_stratum,5,5,0.0,0.0,0.0,0.0,0.0
supplementary,PPO_best_552901,template_group,supplement-g018,mean_u_abs_rad_s,rad/s,all_primary_common_complete_success_within_stratum,5,5,0.07140306125695046,0.07104765478002914,0.07392295590658685,0.06935502538977917,0.07438225624589126
supplementary,PPO_best_552901,template_group,supplement-g018,provider_mean_s,s/48Hz decision,all_primary_common_complete_success_within_stratum,5,5,0.00029003374023280537,0.00029243163407954853,0.00029693910358522164,0.0002798085730925474,0.00029801228962848353
supplementary,PPO_best_552901,template_group,supplement-g018,core_mean_s,s/240Hz step,all_primary_common_complete_success_within_stratum,5,5,0.0005644942934911038,0.000564438145981209,0.000569363449709878,0.0005593861828856461,0.000570013144594365
supplementary,PPO_best_552901,template_group,supplement-g018,outer_mean_s,s/240Hz step including decision when due,all_primary_common_complete_success_within_stratum,5,5,0.0006941529379522156,0.0006950873282524602,0.0007039741199211373,0.0006829963302455629,0.0007045963721490504
supplementary,PPO_best_552901,template_group,supplement-g020,max_error_m,m,all_primary_common_complete_success_within_stratum,8,8,5.1876999709892555e-05,5.175450119699649e-05,5.744976435050093e-05,4.52303548707851e-05,5.7944762321178736e-05
supplementary,PPO_best_552901,template_group,supplement-g020,rmse_m,m,all_primary_common_complete_success_within_stratum,8,8,3.836082785027592e-05,3.796460790557628e-05,4.144970715212158e-05,3.6156314796871944e-05,4.1645321560881524e-05
supplementary,PPO_best_552901,template_group,supplement-g020,endpoint_error_m,m,all_primary_common_complete_success_within_stratum,8,8,5.080665859061464e-05,5.0936107171717154e-05,5.55410289745944e-05,4.480626144829678e-05,5.559193334243737e-05
supplementary,PPO_best_552901,template_group,supplement-g020,minimum_external_distance_m,m,all_primary_common_complete_success_within_stratum,8,0,,,,,
supplementary,PPO_best_552901,template_group,supplement-g020,minimum_self_distance_m,m,all_primary_common_complete_success_within_stratum,8,8,0.019887824212713942,0.019932688204801246,0.01995673720588204,0.01973802633344489,0.0199614650842626
supplementary,PPO_best_552901,template_group,supplement-g020,command_smoothness_rms_rad_s2,rad/s^2,all_primary_common_complete_success_within_stratum,8,8,0.051405925873914245,0.05086791158435278,0.06309217429839883,0.03686661307713317,0.06397214231492199
supplementary,PPO_best_552901,template_group,supplement-g020,max_actual_arm_velocity_rad_s,rad/s,all_primary_common_complete_success_within_stratum,8,8,0.1629454050050645,0.16387696392781553,0.17301237675597433,0.14876208726860785,0.17631395596540633
supplementary,PPO_best_552901,template_group,supplement-g020,speed_saturated_fraction,fraction,all_primary_common_complete_success_within_stratum,8,8,0.0,0.0,0.0,0.0,0.0
supplementary,PPO_best_552901,template_group,supplement-g020,soft_limited_fraction,fraction,all_primary_common_complete_success_within_stratum,8,8,0.0,0.0,0.0,0.0,0.0
supplementary,PPO_best_552901,template_group,supplement-g020,raw_policy_component_clip_fraction,fraction,all_primary_common_complete_success_within_stratum,8,8,0.14285714285714282,0.14285714285714282,0.14285714285714282,0.14285714285714282,0.14285714285714282
supplementary,PPO_best_552901,template_group,supplement-g020,raw_policy_decisions_with_clip_fraction,fraction,all_primary_common_complete_success_within_stratum,8,8,1.0,1.0,1.0,1.0,1.0
supplementary,PPO_best_552901,template_group,supplement-g020,u_component_clip_fraction,fraction,all_primary_common_complete_success_within_stratum,8,8,0.0,0.0,0.0,0.0,0.0
supplementary,PPO_best_552901,template_group,supplement-g020,u_decisions_with_clip_fraction,fraction,all_primary_common_complete_success_within_stratum,8,8,0.0,0.0,0.0,0.0,0.0
supplementary,PPO_best_552901,template_group,supplement-g020,mean_u_abs_rad_s,rad/s,all_primary_common_complete_success_within_stratum,8,8,0.06193626938204814,0.06208624103871574,0.06237825827393127,0.0611167153307525,0.062456701177593686
supplementary,PPO_best_552901,template_group,supplement-g020,provider_mean_s,s/48Hz decision,all_primary_common_complete_success_within_stratum,8,8,0.0002641665565192852,0.00025725563788607053,0.00029512593734276984,0.0002545355103696541,0.00031205153042416595
supplementary,PPO_best_552901,template_group,supplement-g020,core_mean_s,s/240Hz step,all_primary_common_complete_success_within_stratum,8,8,0.0005360273729782723,0.0005349392605694447,0.0005415183158159683,0.0005303149539637767,0.0005416145959619219
supplementary,PPO_best_552901,template_group,supplement-g020,outer_mean_s,s/240Hz step including decision when due,all_primary_common_complete_success_within_stratum,8,8,0.0006114929999853302,0.0006093096208284502,0.0006229707411360626,0.0006042680121026933,0.000627241810131333
supplementary,PPO_best_552901,template_group,supplement-g021,max_error_m,m,all_primary_common_complete_success_within_stratum,2,2,6.183090341972193e-05,6.183090341972193e-05,6.402343070793463e-05,5.9394761988374485e-05,6.426704485106938e-05
supplementary,PPO_best_552901,template_group,supplement-g021,rmse_m,m,all_primary_common_complete_success_within_stratum,2,2,5.153873600333042e-05,5.153873600333042e-05,5.2365526695757616e-05,5.06200796784113e-05,5.245739232824953e-05
supplementary,PPO_best_552901,template_group,supplement-g021,endpoint_error_m,m,all_primary_common_complete_success_within_stratum,2,2,5.977724648172981e-05,5.977724648172981e-05,6.295738519605017e-05,5.624375902137386e-05,6.331073394208577e-05
supplementary,PPO_best_552901,template_group,supplement-g021,minimum_external_distance_m,m,all_primary_common_complete_success_within_stratum,2,2,0.03815102669490591,0.03815102669490591,0.04780015216835971,0.027429776168846134,0.04887227722096568
supplementary,PPO_best_552901,template_group,supplement-g021,minimum_self_distance_m,m,all_primary_common_complete_success_within_stratum,2,2,0.01970216461114363,0.01970216461114363,0.01990919116323688,0.019472135108817797,0.019932194113469463
supplementary,PPO_best_552901,template_group,supplement-g021,command_smoothness_rms_rad_s2,rad/s^2,all_primary_common_complete_success_within_stratum,2,2,0.31651869366474683,0.31651869366474683,0.3188954063623255,0.3138779017785483,0.31915948555094537
supplementary,PPO_best_552901,template_group,supplement-g021,max_actual_arm_velocity_rad_s,rad/s,all_primary_common_complete_success_within_stratum,2,2,0.22901360492394443,0.22901360492394443,0.24159740464926296,0.21503160522914605,0.2429956046187428
supplementary,PPO_best_552901,template_group,supplement-g021,speed_saturated_fraction,fraction,all_primary_common_complete_success_within_stratum,2,2,0.0,0.0,0.0,0.0,0.0
supplementary,PPO_best_552901,template_group,supplement-g021,soft_limited_fraction,fraction,all_primary_common_complete_success_within_stratum,2,2,0.0,0.0,0.0,0.0,0.0
supplementary,PPO_best_552901,template_group,supplement-g021,raw_policy_component_clip_fraction,fraction,all_primary_common_complete_success_within_stratum,2,2,0.05654761904761903,0.05654761904761903,0.103422619047619,0.004464285714285714,0.10863095238095234
supplementary,PPO_best_552901,template_group,supplement-g021,raw_policy_decisions_with_clip_fraction,fraction,all_primary_common_complete_success_within_stratum,2,2,0.3619791666666667,0.3619791666666667,0.6596354166666667,0.03125,0.6927083333333334
supplementary,PPO_best_552901,template_group,supplement-g021,u_component_clip_fraction,fraction,all_primary_common_complete_success_within_stratum,2,2,0.0,0.0,0.0,0.0,0.0
supplementary,PPO_best_552901,template_group,supplement-g021,u_decisions_with_clip_fraction,fraction,all_primary_common_complete_success_within_stratum,2,2,0.0,0.0,0.0,0.0,0.0
supplementary,PPO_best_552901,template_group,supplement-g021,mean_u_abs_rad_s,rad/s,all_primary_common_complete_success_within_stratum,2,2,0.09479087901321084,0.09479087901321084,0.09519358986072587,0.09434342251597194,0.09523833551044976
supplementary,PPO_best_552901,template_group,supplement-g021,provider_mean_s,s/48Hz decision,all_primary_common_complete_success_within_stratum,2,2,0.0003073011948041918,0.0003073011948041918,0.00031134524773885155,0.00030280780265456997,0.00031179458695381374
supplementary,PPO_best_552901,template_group,supplement-g021,core_mean_s,s/240Hz step,all_primary_common_complete_success_within_stratum,2,2,0.0005750627837642242,0.0005750627837642242,0.0005751932078283062,0.0005749178681374663,0.000575207699390982
supplementary,PPO_best_552901,template_group,supplement-g021,outer_mean_s,s/240Hz step including decision when due,all_primary_common_complete_success_within_stratum,2,2,0.0007389923567643564,0.0007389923567643564,0.0007472702987706726,0.0007297946434240051,0.0007481900701047077
supplementary,PPO_best_552901,template_group,supplement-g022,max_error_m,m,all_primary_common_complete_success_within_stratum,4,4,5.798010419658492e-05,5.8333865038345566e-05,5.92025628392345e-05,5.5926707514302766e-05,5.9325979195345764e-05
supplementary,PPO_best_552901,template_group,supplement-g022,rmse_m,m,all_primary_common_complete_success_within_stratum,4,4,4.7629910458117577e-05,4.7477270831583823e-05,4.8746414790817617e-05,4.669944103274535e-05,4.886565913655729e-05
supplementary,PPO_best_552901,template_group,supplement-g022,endpoint_error_m,m,all_primary_common_complete_success_within_stratum,4,4,5.7448794585560797e-05,5.7716259226547476e-05,5.8397889319665927e-05,5.591626731747549e-05,5.844639257167276e-05
supplementary,PPO_best_552901,template_group,supplement-g022,minimum_external_distance_m,m,all_primary_common_complete_success_within_stratum,4,4,0.009259648590665373,0.009025984712918135,0.012332968901720299,0.006392134365558938,0.012594490571266284
supplementary,PPO_best_552901,template_group,supplement-g022,minimum_self_distance_m,m,all_primary_common_complete_success_within_stratum,4,4,0.019918308058246296,0.019918931874910246,0.01994711274106831,0.019886193062745777,0.019949175420418915
supplementary,PPO_best_552901,template_group,supplement-g022,command_smoothness_rms_rad_s2,rad/s^2,all_primary_common_complete_success_within_stratum,4,4,0.21304778892907247,0.21507422465364634,0.26645751253070976,0.15510826845314982,0.2669344379558473
supplementary,PPO_best_552901,template_group,supplement-g022,max_actual_arm_velocity_rad_s,rad/s,all_primary_common_complete_success_within_stratum,4,4,0.20397535188617388,0.20435459391321842,0.20967865839940653,0.19692314279681944,0.2102690769214392
supplementary,PPO_best_552901,template_group,supplement-g022,speed_saturated_fraction,fraction,all_primary_common_complete_success_within_stratum,4,4,0.0,0.0,0.0,0.0,0.0
supplementary,PPO_best_552901,template_group,supplement-g022,soft_limited_fraction,fraction,all_primary_common_complete_success_within_stratum,4,4,0.0,0.0,0.0,0.0,0.0
supplementary,PPO_best_552901,template_group,supplement-g022,raw_policy_component_clip_fraction,fraction,all_primary_common_complete_success_within_stratum,4,4,0.1651785714285714,0.16220238095238093,0.2293154761904761,0.10119047619047616,0.23511904761904753
supplementary,PPO_best_552901,template_group,supplement-g022,raw_policy_decisions_with_clip_fraction,fraction,all_primary_common_complete_success_within_stratum,4,4,0.9010416666666667,0.9479166666666667,1.0,0.7083333333333334,1.0
supplementary,PPO_best_552901,template_group,supplement-g022,u_component_clip_fraction,fraction,all_primary_common_complete_success_within_stratum,4,4,0.0,0.0,0.0,0.0,0.0
supplementary,PPO_best_552901,template_group,supplement-g022,u_decisions_with_clip_fraction,fraction,all_primary_common_complete_success_within_stratum,4,4,0.0,0.0,0.0,0.0,0.0
supplementary,PPO_best_552901,template_group,supplement-g022,mean_u_abs_rad_s,rad/s,all_primary_common_complete_success_within_stratum,4,4,0.09639539746789352,0.09636170852962617,0.09677248650901243,0.09602759822737428,0.09683057458494748
supplementary,PPO_best_552901,template_group,supplement-g022,provider_mean_s,s/48Hz decision,all_primary_common_complete_success_within_stratum,4,4,0.0003022355894017892,0.0003018946613337903,0.00031000495954837485,0.00029398098771101405,0.0003111720472285621
supplementary,PPO_best_552901,template_group,supplement-g022,core_mean_s,s/240Hz step,all_primary_common_complete_success_within_stratum,4,4,0.0005694516551936127,0.0005694843680582077,0.0005720344438289733,0.0005665994834998855,0.0005722384011581501
supplementary,PPO_best_552901,template_group,supplement-g022,outer_mean_s,s/240Hz step including decision when due,all_primary_common_complete_success_within_stratum,4,4,0.000721045472634311,0.0007223721605593406,0.0007308624443324637,0.0007084411865434959,0.0007309963828750673
supplementary,PPO_best_552901,template_group,supplement-g023,max_error_m,m,all_primary_common_complete_success_within_stratum,6,6,5.883753621477452e-05,5.84729478058469e-05,6.437465498827627e-05,5.377701548920102e-05,6.542177573151746e-05
supplementary,PPO_best_552901,template_group,supplement-g023,rmse_m,m,all_primary_common_complete_success_within_stratum,6,6,4.7764771956205446e-05,4.8556782766682744e-05,5.3094532728326185e-05,4.1053561354417196e-05,5.346894068639721e-05
supplementary,PPO_best_552901,template_group,supplement-g023,endpoint_error_m,m,all_primary_common_complete_success_within_stratum,6,6,5.373808090313143e-05,5.3845343896401695e-05,5.507920864489143e-05,5.2249770142500676e-05,5.5389221903621334e-05
supplementary,PPO_best_552901,template_group,supplement-g023,minimum_external_distance_m,m,all_primary_common_complete_success_within_stratum,6,6,0.022395731915891753,0.020955549972741502,0.03153909540153449,0.01545446061004073,0.03239327571556404
supplementary,PPO_best_552901,template_group,supplement-g023,minimum_self_distance_m,m,all_primary_common_complete_success_within_stratum,6,6,0.01991342566244842,0.019919518288797813,0.01993695878622428,0.019877019723339766,0.01994030661600117
supplementary,PPO_best_552901,template_group,supplement-g023,command_smoothness_rms_rad_s2,rad/s^2,all_primary_common_complete_success_within_stratum,6,6,0.21025591006024055,0.21354393748831885,0.24434580861708957,0.14191064283896848,0.24540390688737682
supplementary,PPO_best_552901,template_group,supplement-g023,max_actual_arm_velocity_rad_s,rad/s,all_primary_common_complete_success_within_stratum,6,6,0.18533137471156103,0.18987013435906172,0.2096360519643312,0.1588682354393064,0.21225394323662217
supplementary,PPO_best_552901,template_group,supplement-g023,speed_saturated_fraction,fraction,all_primary_common_complete_success_within_stratum,6,6,0.0,0.0,0.0,0.0,0.0
supplementary,PPO_best_552901,template_group,supplement-g023,soft_limited_fraction,fraction,all_primary_common_complete_success_within_stratum,6,6,0.0,0.0,0.0,0.0,0.0
supplementary,PPO_best_552901,template_group,supplement-g023,raw_policy_component_clip_fraction,fraction,all_primary_common_complete_success_within_stratum,6,6,0.10416666666666664,0.14285714285714282,0.14285714285714282,0.0,0.14285714285714282
supplementary,PPO_best_552901,template_group,supplement-g023,raw_policy_decisions_with_clip_fraction,fraction,all_primary_common_complete_success_within_stratum,6,6,0.7291666666666666,1.0,1.0,0.0,1.0
supplementary,PPO_best_552901,template_group,supplement-g023,u_component_clip_fraction,fraction,all_primary_common_complete_success_within_stratum,6,6,0.0,0.0,0.0,0.0,0.0
supplementary,PPO_best_552901,template_group,supplement-g023,u_decisions_with_clip_fraction,fraction,all_primary_common_complete_success_within_stratum,6,6,0.0,0.0,0.0,0.0,0.0
supplementary,PPO_best_552901,template_group,supplement-g023,mean_u_abs_rad_s,rad/s,all_primary_common_complete_success_within_stratum,6,6,0.08267975032694745,0.0838005577701898,0.08815206172585022,0.07232958831452943,0.08848152191051105
supplementary,PPO_best_552901,template_group,supplement-g023,provider_mean_s,s/48Hz decision,all_primary_common_complete_success_within_stratum,6,6,0.00029914750295271614,0.0002991423699162018,0.00030457189484423,0.00029339360844460316,0.00030487054073091713
supplementary,PPO_best_552901,template_group,supplement-g023,core_mean_s,s/240Hz step,all_primary_common_complete_success_within_stratum,6,6,0.0005745206369889879,0.0005753678494026342,0.0005770098349633675,0.0005713276533242606,0.0005772307795571881
supplementary,PPO_best_552901,template_group,supplement-g023,outer_mean_s,s/240Hz step including decision when due,all_primary_common_complete_success_within_stratum,6,6,0.000717718280197409,0.0007140430015927753,0.0007300754668525163,0.0007115599646870881,0.0007329654053743677
