physical_step,time_s,posture_updated,held_from_step,error_m,command_applied,failure,failure_category,external_distance_m,external_censored,self_distance_m,self_censored,obstacle_contact_band,obstacle_negative_penetration,obstacle_buffer,self_contact_band,self_negative_penetration,self_buffer,obstacle_negative_distance,self_negative_distance,u_clipped,speed_scale,soft_limited,actual_x,actual_y,actual_z,ref_x,ref_y,ref_z,ref_v_x,ref_v_y,ref_v_z,q0,q1,q2,q3,q4,q5,q6,q7,q8,velocity0,velocity1,velocity2,velocity3,velocity4,velocity5,velocity6,velocity7,velocity8,u_raw0,u_raw1,u_raw2,u_raw3,u_raw4,u_raw5,u_raw6,u0,u1,u2,u3,u4,u5,u6,track0,track1,track2,track3,track4,track5,track6,secondary0,secondary1,secondary2,secondary3,secondary4,secondary5,secondary6,raw0,raw1,raw2,raw3,raw4,raw5,raw6,command0,command1,command2,command3,command4,command5,command6,secondary_leakage_m_s,min_singular_value,hard_position_violation,actual_speed_violation,tracking_error_violation,non_finite_state,obstacle_nearest_link_a,obstacle_nearest_link_b,self_nearest_link_a,self_nearest_link_b
0,0.0,1,0,0.0,1,,,0.00837310685292017,0,0.020154933643945418,0,0,0,1,0,0,1,0,0,0,1.0,0,0.3068861961364746,-1.9582610093493713e-06,0.4852786064147949,0.3068861961364746,-1.9582610093493713e-06,0.4852786064147949,0.0,-0.0,0.0,1.9740035568384908e-07,-0.7853937654416414,1.3552527156068806e-21,-2.3561944726969153,-9.522710487950758e-06,1.5707725610402021,0.7854008199130481,0.019998458963290208,0.020001578328712716,5.2692225582795515e-17,1.1608769501236793e-14,0.0,4.757305660518796e-14,-2.617697725249002e-15,-2.2370993946196904e-14,1.0889076099140915e-14,-3.443426099813962e-16,3.7947076036992655e-16,-0.17539855241775515,-0.13196275234222413,0.2,0.06524699926376343,0.07328240871429444,0.2,0.050843906402587895,-0.17539855241775515,-0.13196275234222413,0.2,0.06524699926376343,0.07328240871429444,0.2,0.050843906402587895,0.0,0.0,0.0,0.0,0.0,0.0,0.0,-0.2087816856988873,-0.09667806019774544,0.16468119459319855,-0.08541776092033145,0.05022165226196701,0.12212195921835253,0.050843906402587895,-0.2087816856988873,-0.09667806019774544,0.16468119459319855,-0.08541776092033145,0.05022165226196701,0.12212195921835253,0.050843906402587895,-0.2087816856988873,-0.09667806019774544,0.16468119459319855,-0.08541776092033145,0.05022165226196701,0.12212195921835253,0.050843906402587895,0.00015117349518795973,0.2836087836006162,0,0,0,0,panda_link6,obstacle,panda_link5,panda_link7
1,0.004166666666666667,0,0,2.1501043243841866e-07,1,,,0.008348188758927552,0,0.020154841976862348,0,0,0,1,0,0,1,0,0,0,1.0,0,0.30688637495040894,-1.9729577616089955e-06,0.4852787256240845,0.30688619655184196,-1.958808647544714e-06,0.4852786064467379,2.989085989253021e-07,-3.940939864784116e-07,2.298695806360925e-08,-0.0008697507192656162,-0.7857962680486479,0.0006861716441383274,-2.356550377212345,0.00019903144351941148,1.571279658534165,0.7856128619201829,0.019998507854070452,0.020001528233468454,-0.20878754870911204,-0.0966006256815655,0.16468119459319858,-0.08541708370309387,0.05005299696176694,0.12170339855112683,0.0508900817123542,1.173378725829793e-05,-1.2022858622612233e-05,-0.17539855241775515,-0.13196275234222413,0.2,0.06524699926376343,0.07328240871429444,0.2,0.050843906402587895,-0.17539855241775515,-0.13196275234222413,0.2,0.06524699926376343,0.07328240871429444,0.2,0.050843906402587895,-4.2266212818928623e-07,-3.972083776303374e-07,-4.4734950536352563e-07,-1.0252909989548697e-06,-2.922242118487594e-07,-1.0361750171345298e-06,0.0,-0.20876804128325238,-0.09675553954153222,0.16472207716227755,-0.08539714838620703,0.050228758601158524,0.12207465121538806,0.050843906402587895,-0.20876846394538057,-0.09675593674990986,0.1647216298127722,-0.08539817367720598,0.050228466376946675,0.12207361504037093,0.050843906402587895,-0.20876846394538057,-0.09675593674990986,0.1647216298127722,-0.08539817367720598,0.050228466376946675,0.12207361504037093,0.050843906402587895,0.00015119277596572356,0.2835454662565044,0,0,0,0,panda_link6,obstacle,panda_link5,panda_link7
2,0.008333333333333333,0,0,2.463555698127399e-07,1,,,0.008323564688201474,0,0.020154731811549136,0,0,0,1,0,0,1,0,0,0,1.0,0,0.3068864047527313,-2.0289187432354083e-06,0.4852787256240845,0.3068861994542195,-1.9626352672965778e-06,0.4852786066699393,1.193142193365225e-06,-1.5730901188841471e-06,9.17561745008988e-08,-0.0017396005745120167,-0.7861989779927303,0.0013725117683582116,-2.356906201144382,0.00040736348267668475,1.5717859216430512,0.7858249783617385,0.01999850308005367,0.020001533134892547,-0.20876396525913613,-0.09665038657978006,0.1647216298127722,-0.08539774368894568,0.04999968939774558,0.12150314613267962,0.0509079459733352,-1.1457640278255202e-06,1.1763417826107618e-06,-0.17539855241775515,-0.13196275234222413,0.2,0.06524699926376343,0.07328240871429444,0.2,0.050843906402587895,-0.17539855241775515,-0.13196275234222413,0.2,0.06524699926376343,0.07328240871429444,0.2,0.050843906402587895,-1.639661864548039e-06,1.2849322876653504e-06,-1.7326813453504818e-06,-1.496764191411806e-07,-1.1312129260555092e-06,9.162121600107271e-07,0.0,-0.20875433400152735,-0.09683319278014069,0.1647629405012413,-0.08537647900053284,0.05023587727594441,0.12202731464784124,0.050843906402587895,-0.2087559736633919,-0.09683190784785302,0.16476120781989595,-0.08537662867695199,0.05023474606301836,0.12202823086000125,0.050843906402587895,-0.2087559736633919,-0.09683190784785302,0.16476120781989595,-0.08537662867695199,0.05023474606301836,0.12202823086000125,0.050843906402587895,0.00015121228353253433,0.28348210236353344,0,0,0,0,panda_link6,obstacle,panda_link5,panda_link7
3,0.0125,0,0,3.0608319317468544e-07,1,,,0.008299246151209805,0,0.02015460251914697,0,0,0,1,0,0,1,0,0,0,1.0,0,0.3068864643573761,-2.089663894366822e-06,0.4852787256240845,0.30688620731634947,-1.9730010385017804e-06,0.48527860727456046,2.67896833005602e-06,-3.5320673698819486e-06,2.0602061258239128e-07,-0.002609399275866786,-0.7866020039679441,0.0020590168009411115,-2.3572619352642836,0.0006157196060205745,1.5722919924742884,0.7860370963050884,0.01999849870069464,0.02000153764073491,-0.2087516883251447,-0.09672623405132216,0.16476120781989595,-0.085376188776426,0.05000546960253355,0.12145699949692279,0.05090830640398641,-1.051046166830518e-06,1.0814021673107369e-06,-0.17539855241775515,-0.13196275234222413,0.2,0.06524699926376343,0.07328240871429444,0.2,0.050843906402587895,-0.17539855241775515,-0.13196275234222413,0.2,0.06524699926376343,0.07328240871429444,0.2,0.050843906402587895,-3.845364126042674e-06,4.019849125296752e-06,-4.059252678398125e-06,1.2766946716600615e-06,-2.6492484077732635e-06,4.093259394357451e-06,0.0,-0.20874055335402497,-0.09691098880002827,0.1648037981821973,-0.08535576422976432,0.05024300805787445,0.12197994786006011,0.050843906402587895,-0.208744398718151,-0.09690696895090298,0.16479973892951888,-0.08535448753509266,0.05024035880946667,0.12198404111945448,0.050843906402587895,-0.208744398718151,-0.09690696895090298,0.16479973892951888,-0.08535448753509266,0.05024035880946667,0.12198404111945448,0.050843906402587895,0.00015123199614668265,0.2834186746546524,0,0,0,0,panda_link6,obstacle,panda_link5,panda_link7
4,0.016666666666666666,0,0,3.388016711984313e-07,1,,,0.008275232759026835,0,0.020154454117104627,0,0,0,1,0,0,1,0,0,0,1.0,0,0.3068864941596985,-2.1584016849374166e-06,0.4852787256240845,0.3068862225954384,-1.993145648202158e-06,0.4852786084495677,4.752662356054237e-06,-6.266114996415208e-06,3.654938354463824e-07,-0.003479150640231778,-0.7870053423278487,0.002745682379814107,-2.3576175770883947,0.000824097348453819,1.5727978767901971,0.7862492156652519,0.019998494727426472,0.02000154173843745,-0.20874032744759807,-0.09680120637708736,0.16479973892951888,-0.08535403778667719,0.05001065818397868,0.12141223581807406,0.05090864643921132,-9.535843603740435e-07,9.834486100856847e-07,-0.17539855241775515,-0.13196275234222413,0.2,0.06524699926376343,0.07328240871429444,0.2,0.050843906402587895,-0.17539855241775515,-0.13196275234222413,0.2,0.06524699926376343,0.07328240871429444,0.2,0.050843906402587895,-7.0356475130950455e-06,8.358346938309413e-06,-7.418975942923324e-06,3.4961188932730844e-06,-4.840461382368808e-06,9.103443567479797e-06,0.0,-0.20872669914402361,-0.09698892635214748,0.1648446499108576,-0.08533500430047611,0.05025015122643591,0.12193255122162151,0.050843906402587895,-0.2087337347915367,-0.09698056800520917,0.16483723093491467,-0.08533150818158283,0.05024531076505354,0.121941654665189,0.050843906402587895,-0.2087337347915367,-0.09698056800520917,0.16483723093491467,-0.08533150818158283,0.05024531076505354,0.121941654665189,0.050843906402587895,0.0001512519135936202,0.2833551834414994,0,0,0,0,panda_link6,obstacle,panda_link5,panda_link7
5,0.020833333333333332,1,5,3.897704199390603e-07,1,,,0.008251524114007883,0,0.02015428662043084,0,0,0,1,0,0,1,0,0,0,1.0,0,0.30688655376434326,-2.238385832242784e-06,0.4852787256240845,0.3068862477331897,-2.026288343435724e-06,0.4852786103827354,7.410507418736729e-06,-9.770332539705975e-06,5.698900060989414e-07,-0.0043488584594744625,-0.7874089869809605,0.0034325041753762516,-2.357973123123885,0.0010324939567124675,1.573303582107261,0.7864613364451579,0.019998491119652486,0.020001545468819448,-0.20872987661824438,-0.0968747167468243,0.16483723093491467,-0.08533104851766637,0.05001518598207563,0.12136927609530263,0.05090898717746387,-8.658657563629345e-07,8.952916792110549e-07,-0.181692636013031,-0.13437995910644532,0.2,0.0685895562171936,0.06508471965789796,0.2,0.05132834911346436,-0.181692636013031,-0.13437995910644532,0.2,0.0685895562171936,0.06508471965789796,0.2,0.05132834911346436,-1.120534780205939e-05,1.3782186199881757e-05,-1.1804589559311178e-05,6.276929580217436e-06,-7.699756643240793e-06,1.537293048207477e-05,0.0,-0.21041130901101474,-0.09691337415308107,0.16975209832219706,-0.08516263132343471,0.04523398079694714,0.12167707088939546,0.05132834911346436,-0.2104225143588168,-0.0968995919668812,0.16974029373263774,-0.0851563543938545,0.0452262810403039,0.12169244381987754,0.05132834911346436,-0.2104225143588168,-0.0968995919668812,0.16974029373263774,-0.0851563543938545,0.0452262810403039,0.12169244381987754,0.05132834911346436,0.00015101793577262435,0.28329162912546685,0,0,0,0,panda_link6,obstacle,panda_link5,panda_link7
6,0.025,0,5,4.778729404836776e-07,1,,,0.008231374677840061,0,0.02015410409692958,0,0,0,1,0,0,1,0,0,0,1.0,0,0.3068866431713104,-2.3584289010614157e-06,0.48527875542640686,0.306886285155836,-2.075627974087831e-06,0.4852786132606479,1.064879446580065e-05,-1.4039829825254951e-05,8.189238874139106e-07,-0.005225606047369099,-0.7878122939176639,0.004139755399262242,-2.3583279392146363,0.0012199760409483716,1.5738082469186168,0.7866754769856972,0.01999848833028748,0.020001548365970095,-0.21041942109471265,-0.09679366480881574,0.16974029373263774,-0.08515586178027512,0.04499570021661698,0.12111955472537078,0.05139372972943093,-6.694476015821176e-07,6.953161552692745e-07,-0.181692636013031,-0.13437995910644532,0.2,0.0685895562171936,0.06508471965789796,0.2,0.05132834911346436,-0.181692636013031,-0.13437995910644532,0.2,0.0685895562171936,0.06508471965789796,0.2,0.05132834911346436,-1.6221348471029094e-05,2.0446385699334884e-05,-1.707226609885562e-05,9.46357414089065e-06,-1.1133116150250476e-05,2.2915898614755466e-05,0.0,-0.210398421525021,-0.09699274701442236,0.1697928606498153,-0.0851397410880574,0.0452426078738849,0.12162868307356979,0.05132834911346436,-0.21041464287349204,-0.09697230062872302,0.16977578838371646,-0.08513027751391651,0.04523147475773465,0.12165159897218454,0.05132834911346436,-0.21041464287349204,-0.09697230062872302,0.16977578838371646,-0.08513027751391651,0.04523147475773465,0.12165159897218454,0.05132834911346436,0.00015103566081159316,0.28322812290394034,0,0,0,0,panda_link6,obstacle,panda_link5,panda_link7
7,0.029166666666666667,0,5,5.2502267808837e-07,1,,,0.008211538552408693,0,0.02015390254496549,0,0,0,1,0,0,1,0,0,0,1.0,0,0.3068867027759552,-2.4950134047685424e-06,0.48527875542640686,0.30688633727417197,-2.1443430357423324e-06,0.4852786172687026,1.4463822245263449e-05,-1.9069726962841476e-05,1.112310842132905e-06,-0.00610231945676251,-0.7882159033962175,0.0048471545175277275,-2.358682646703546,0.0014074781620894456,1.5743127389650937,0.7868896191239739,0.019998485305969455,0.020001551511038496,-0.21041121825441872,-0.09686627485286609,0.16977578838371646,-0.08512979733832413,0.04500050907385776,0.12107809115444787,0.05139411318642933,-7.258363259429919e-07,7.548164159235267e-07,-0.181692636013031,-0.13437995910644532,0.2,0.0685895562171936,0.06508471965789796,0.2,0.05132834911346436,-0.181692636013031,-0.13437995910644532,0.2,0.0685895562171936,0.06508471965789796,0.2,0.05132834911346436,-2.221386032955315e-05,2.862347984645273e-05,-2.3355808106512726e-05,1.3619643866182338e-05,-1.5226905296356837e-05,3.234586163146947e-05,0.0,-0.21038545935995098,-0.0970722600003284,0.16983361602904556,-0.08511680586416896,0.04525124565778102,0.12158026344168812,0.05132834911346436,-0.21040767322028053,-0.09704363652048194,0.16981026022093906,-0.08510318622030277,0.04523601875248466,0.12161260930331959,0.05132834911346436,-0.21040767322028053,-0.09704363652048194,0.16981026022093906,-0.08510318622030277,0.04523601875248466,0.12161260930331959,0.05132834911346436,0.00015105359634511953,0.28316455529501067,0,0,0,0,panda_link6,obstacle,panda_link5,panda_link7
8,0.03333333333333333,0,5,6.03122448106868e-07,1,,,0.008192015392323573,0,0.020153681976619923,0,0,0,1,0,0,1,0,0,0,1.0,0,0.30688682198524475,-2.652088824106613e-06,0.48527875542640686,0.30688640648358667,-2.235591712532741e-06,0.4852786225911119,1.885189730546288e-05,-2.4855154346523567e-05,1.4497668328653134e-06,-0.006979004743567877,-0.7886198097385975,0.005554697268448307,-2.359037241267853,0.0015949974553350142,1.5748170661762868,0.7871037626966945,0.019998482555584462,0.020001554380763356,-0.21040446883328806,-0.09693752217120369,0.16981026022093906,-0.08510269543360946,0.04500463037893648,0.1210385306863245,0.05139445745291982,-6.600923986212898e-07,6.887339663625043e-07,-0.181692636013031,-0.13437995910644532,0.2,0.0685895562171936,0.06508471965789796,0.2,0.05132834911346436,-0.181692636013031,-0.13437995910644532,0.2,0.0685895562171936,0.06508471965789796,0.2,0.05132834911346436,-2.917308477186772e-05,3.7665952779848134e-05,-3.0644804190150744e-05,1.8234305379689488e-05,-1.9974374363175238e-05,4.2790081748988474e-05,0.0,-0.21037242234377568,-0.09715191153265643,0.16987436410906265,-0.08509382593980194,0.045259894499628806,0.12153181246524775,0.05132834911346436,-0.21040159542854756,-0.09711424557987658,0.1698437193048725,-0.08507559163442226,0.04523992012526563,0.12157460254699673,0.05132834911346436,-0.21040159542854756,-0.09711424557987658,0.1698437193048725,-0.08507559163442226,0.04523992012526563,0.12157460254699673,0.05132834911346436,0.00015107174198579566,0.28310092681234666,0,0,0,0,panda_link6,obstacle,panda_link5,panda_link7
9,0.0375,0,5,6.543935451827697e-07,1,,,0.008172804664112382,0,0.020153442407514655,0,0,0,1,0,0,1,0,0,0,1.0,0,0.3068869113922119,-2.8328304324531928e-06,0.48527878522872925,0.3068864951640959,-2.352511919993394e-06,0.48527862941090616,2.3809333995056986e-05,-3.1391252654637864e-05,1.8310084220882972e-06,-0.007855665619916598,-0.7890240099175132,0.006262379432218609,-2.3593917208102013,0.0017825312448825322,1.5753212326547195,0.7873179077062962,0.019998480052058194,0.020001557002369812,-0.2103986103236931,-0.09700804293978364,0.1698437193048725,-0.08507509016360201,0.0450081094914043,0.12099995482381562,0.05139480230440094,-6.008463041516643e-07,6.291855496293013e-07,-0.181692636013031,-0.13437995910644532,0.2,0.0685895562171936,0.06508471965789796,0.2,0.05132834911346436,-0.181692636013031,-0.13437995910644532,0.2,0.0685895562171936,0.06508471965789796,0.2,0.05132834911346436,-3.709561444045281e-05,4.85320554666989e-05,-3.8928271982663934e-05,2.3506621787081124e-05,-2.536766431538543e-05,5.515004281981742e-05,0.0,-0.21035931031377555,-0.09723170049126015,0.16991510455137965,-0.0850708015130921,0.04526855459891361,0.12148333049355617,0.05132834911346436,-0.210396405928216,-0.09718316843579344,0.169876176279397,-0.08504729489130501,0.04524318693459822,0.12153848053637599,0.05132834911346436,-0.210396405928216,-0.09718316843579344,0.169876176279397,-0.08504729489130501,0.04524318693459822,0.12153848053637599,0.05132834911346436,0.00015109009766817958,0.2830372377789509,0,0,0,0,panda_link6,obstacle,panda_link5,panda_link7
10,0.041666666666666664,1,10,7.227910336216395e-07,1,,,0.008153905539410575,0,0.020153183848256713,0,0,0,1,0,0,1,0,0,0,1.0,0,0.30688706040382385,-3.040393494302407e-06,0.48527878522872925,0.30688660568037485,-2.4982213479106097e-06,0.48527863790993586,2.9332454463024142e-05,-3.867317284979969e-05,2.2557527721467924e-06,-0.008732305782842936,-0.7894284969081174,0.0069701968333827635,-2.3597460824046457,0.0019700768881599595,1.5758252462595965,0.7875320541553227,0.01999847777091363,0.020001559400473396,-0.21039363910232098,-0.09707687774503065,0.169876176279397,-0.08504678266666393,0.04501095438658253,0.12096326517048872,0.05139514776637266,-5.474746951820812e-07,5.755448598070666e-07,-0.1843529224395752,-0.13499836921691896,0.2,0.06932861208915711,0.06350865364074708,0.2,0.050927001237869265,-0.1843529224395752,-0.13499836921691896,0.2,0.06932861208915711,0.06350865364074708,0.2,0.050927001237869265,-4.59754346693634e-05,6.015532608515399e-05,-4.8202619836167e-05,2.9408508220813033e-05,-3.140412338934389e-05,6.855990555672605e-05,0.0,-0.2115650090591632,-0.09730601205565442,0.17148260662848477,-0.08503381284379238,0.044696405517456274,0.12141646851548472,0.050927001237869265,-0.21161098449383256,-0.09724585672956927,0.1714344040086486,-0.08500440433557158,0.04466500139406693,0.12148502842104145,0.050927001237869265,-0.21161098449383256,-0.09724585672956927,0.1714344040086486,-0.08500440433557158,0.04466500139406693,0.12148502842104145,0.050927001237869265,0.0001509354206566225,0.28297348852477067,0,0,0,0,panda_link6,obstacle,panda_link5,panda_link7
11,0.04583333333333333,0,10,7.874711155506866e-07,1,,,0.00813601515828076,0,0.020152903860376346,0,0,0,1,0,0,1,0,0,0,1.0,0,0.3068872094154358,-3.2859884413483087e-06,0.48527881503105164,0.30688674038179065,-2.6758175031738526e-06,0.4852786482688744,3.541758865866298e-05,-4.669607617890301e-05,2.7237176452535066e-06,-0.009614008102622994,-0.7898332449245545,0.007684506850085466,-2.3601002652222003,0.002155212029948281,1.576329035813666,0.7877445296139822,0.019998475860962723,0.020001561421896387,-0.21160855674721382,-0.09713952394491117,0.1714344040086486,-0.08500387621307007,0.04443243402919716,0.12090949297665188,0.0509941100782964,-4.583882174374193e-07,4.85141517714803e-07,-0.1843529224395752,-0.13499836921691896,0.2,0.06932861208915711,0.06350865364074708,0.2,0.050927001237869265,-0.1843529224395752,-0.13499836921691896,0.2,0.06932861208915711,0.06350865364074708,0.2,0.050927001237869265,-5.576837322593761e-05,7.336556648205481e-05,-5.841342074688625e-05,3.585965268837216e-05,-3.8047917398117424e-05,8.362257257136657e-05,0.0,-0.21155185311769004,-0.09738696555670699,0.17152352947779348,-0.08501007400828504,0.0447053082701573,0.12136725053169567,0.050927001237869265,-0.21160762149091597,-0.09731359999022493,0.1714651160570466,-0.08497421435559667,0.04466726035275918,0.12145087310426704,0.050927001237869265,-0.21160762149091597,-0.09731359999022493,0.1714651160570466,-0.08497421435559667,0.04466726035275918,0.12145087310426704,0.050927001237869265,0.00015095409182142085,0.2829096865894857,0,0,0,0,panda_link6,obstacle,panda_link5,panda_link7
12,0.05,0,10,8.471724906751458e-07,1,,,0.00811843840415541,0,0.020152604942171033,0,0,0,1,0,0,1,0,0,0,1.0,0,0.3068873882293701,-3.56444525095867e-06,0.48527881503105164,0.30688690160243476,-2.8883777526268916e-06,0.48527866066722025,4.206107433159249e-05,-5.545513417312045e-05,3.2346214034889224e-06,-0.010495696815319644,-0.7902382746460505,0.008398944833656493,-2.3604543222233554,0.002340354459339099,1.5768326796618797,0.7879570066719368,0.01999847394468306,0.020001563453618365,-0.2116052910471961,-0.09720713315901022,0.1714651160570466,-0.08497368027724758,0.044434183053796386,0.12087452357133147,0.0509944939090974,-4.599071193648295e-07,4.876132746554213e-07,-0.1843529224395752,-0.13499836921691896,0.2,0.06932861208915711,0.06350865364074708,0.2,0.050927001237869265,-0.1843529224395752,-0.13499836921691896,0.2,0.06932861208915711,0.06350865364074708,0.2,0.050927001237869265,-6.651095257529205e-05,8.763180145581721e-05,-6.959997941027949e-05,4.306835527976933e-05,-4.53239722946716e-05,0.00010006373938644571,0.0,-0.21153862079957583,-0.09746805411532203,0.1715644432984402,-0.08498629069942908,0.04471422242143383,0.12131800162125758,0.050927001237869265,-0.21160513175215112,-0.0973804223138662,0.17149484331902992,-0.0849432223441493,0.04466889844913916,0.12141806536064403,0.050927001237869265,-0.21160513175215112,-0.0973804223138662,0.17149484331902992,-0.0849432223441493,0.04466889844913916,0.12141806536064403,0.050927001237869265,0.0001509729766281614,0.2828458250868294,0,0,0,0,panda_link6,obstacle,panda_link5,panda_link7
13,0.05416666666666667,0,10,9.118828926361577e-07,1,,,0.008101174965505706,0,0.020152287103142014,0,0,0,1,0,0,1,0,0,0,1.0,0,0.30688759684562683,-3.8789403333794326e-06,0.485278844833374,0.3068870916611556,-3.1389593659189624e-06,0.48527867528329977,4.9259257031751884e-05,-6.494552864790324e-05,3.788183008801293e-06,-0.011377376062367493,-0.7906435824239545,0.009113506680819117,-2.360808250044884,0.002525501946024569,1.5773361844349558,0.7881694851840771,0.019998472192659055,0.020001565320207436,-0.2116030192914836,-0.09727386669697953,0.17149484331902992,-0.08494267716688789,0.04443539680451278,0.1208411455382857,0.05099484291367004,-4.2048576136136454e-07,4.4798137694779597e-07,-0.1843529224395752,-0.13499836921691896,0.2,0.06932861208915711,0.06350865364074708,0.2,0.050927001237869265,-0.1843529224395752,-0.13499836921691896,0.2,0.06932861208915711,0.06350865364074708,0.2,0.050927001237869265,-7.81977284006039e-05,0.000103247628769615,-8.175175564148116e-05,5.071785088429823e-05,-5.322545242473853e-05,0.00011789428443872345,0.0,-0.21152531195611113,-0.09754927635880564,0.17160534773072345,-0.08496246317239974,0.04472314818429197,0.12126872219284945,0.050927001237869265,-0.21160350968451172,-0.09744602873003602,0.17152359597508196,-0.08491174532151544,0.04466992273186723,0.12138661647728818,0.050927001237869265,-0.21160350968451172,-0.09744602873003602,0.17152359597508196,-0.08491174532151544,0.04466992273186723,0.12138661647728818,0.050927001237869265,0.00015099207485945869,0.2827819044516546,0,0,0,0,panda_link6,obstacle,panda_link5,panda_link7
14,0.058333333333333334,0,10,9.69171616423244e-07,1,,,0.008084223914522168,0,0.020151950353352502,0,0,0,1,0,0,1,0,0,0,1.0,0,0.30688783526420593,-4.232547780702589e-06,0.485278844833374,0.30688731286159077,-3.430599558355927e-06,0.48527869229426945,5.700849010940074e-05,-7.516245170298134e-05,4.384122023006647e-06,-0.01225904945495397,-0.7910491631942512,0.009828188330715292,-2.3611620466656307,0.0027106519366955255,1.5778395558077474,0.7883819651521198,0.01999847058911587,0.020001567037527417,-0.21160161422075452,-0.09733938487121406,0.17152359597508196,-0.08491118897926994,0.04443599776102954,0.12080912946996619,0.05099519233023361,-3.848503637906425e-07,4.1215679550494697e-07,-0.1843529224395752,-0.13499836921691896,0.2,0.06932861208915711,0.06350865364074708,0.2,0.050927001237869265,-0.1843529224395752,-0.13499836921691896,0.2,0.06932861208915711,0.06350865364074708,0.2,0.050927001237869265,-9.082445985393828e-05,0.00011994984588368981,-9.486358977127311e-05,5.913448043245375e-05,-6.174806382042e-05,0.00013713551726395875,0.0,-0.21151192634772342,-0.09763063106279946,0.17164624256069,-0.0849385916505036,0.044732085847550306,0.12121941262020787,0.050927001237869265,-0.21160275080757737,-0.09751068121691576,0.17155137897091874,-0.08487945717007114,0.044670337783729884,0.12135654813747183,0.050927001237869265,-0.21160275080757737,-0.09751068121691576,0.17155137897091874,-0.08487945717007114,0.044670337783729884,0.12135654813747183,0.050927001237869265,0.00015101138633367978,0.28271792496512815,0,0,0,0,panda_link6,obstacle,panda_link5,panda_link7
15,0.0625,1,15,1.0280237752742554e-06,1,,,0.008067584917716919,0,0.02015159470198559,0,0,0,1,0,0,1,0,0,0,1.0,0,0.3068881034851074,-4.628321221389342e-06,0.4852788746356964,0.3068875674921999,-3.766315533751438e-06,0.48527871187611876,6.53051347151189e-05,-8.610110572236327e-05,5.022158607788783e-06,-0.013140720585500785,-0.7914550129805018,0.01054298574309412,-2.3615157087056033,0.002895801888383198,1.5783427995237944,0.7885944465803257,0.019998469118456923,0.02000156862128997,-0.21160107133123576,-0.09740394870014263,0.17155137897091874,-0.0848788895933997,0.044435988405041385,0.12077849185127779,0.050995542769416445,-3.5295814773987286e-07,3.8010301317992906e-07,-0.18644353151321413,-0.13564516305923463,0.2,0.06986351013183593,0.06230792999267579,0.2,0.050574111938476565,-0.18644353151321413,-0.13564516305923463,0.2,0.06986351013183593,0.06230792999267579,0.2,0.050574111938476565,-0.00010438610348237282,0.00013803168215447868,-0.00010892494121329147,6.800143292307986e-05,-7.088504248963224e-05,0.00015779792858498372,0.0,-0.2124668750766585,-0.09776934840282303,0.17287748143756643,-0.08495527617183361,0.04431562256778202,0.12122869142978474,0.050574111938476565,-0.21257126118014089,-0.09763131672066855,0.17276855649635314,-0.08488727473891053,0.04424473752529239,0.12138648935836972,0.050574111938476565,-0.21257126118014089,-0.09763131672066855,0.17276855649635314,-0.08488727473891053,0.04424473752529239,0.12138648935836972,0.050574111938476565,0.0001508352089627127,0.28265388709557265,0,0,0,0,panda_link6,obstacle,panda_link5,panda_link7
16,0.06666666666666667,0,15,1.087627642448198e-06,1,,,0.008051761048376196,0,0.020151217634978937,0,0,0,1,0,0,1,0,0,0,1.0,0,0.3068884015083313,-5.075583885627566e-06,0.4852789044380188,0.306887857826297,-4.149104527278096e-06,0.4852787342036722,7.414555979980653e-05,-9.775670337433629e-05,5.702013524699278e-06,-0.014026428439711046,-0.7918613652404186,0.011262854728495591,-2.361869403255885,0.003079177124712092,1.578846166676889,0.7888054589537171,0.01999846791207752,0.020001569936375595,-0.21256988501046287,-0.09752454238002253,0.17276855649635314,-0.08488669206766425,0.04401005671893459,0.12080811674270939,0.050642969613936356,-2.895310569216332e-07,3.1562055007733347e-07,-0.18644353151321413,-0.13564516305923463,0.2,0.06986351013183593,0.06230792999267579,0.2,0.050574111938476565,-0.18644353151321413,-0.13564516305923463,0.2,0.06986351013183593,0.06230792999267579,0.2,0.050574111938476565,-0.0001188470228892082,0.000157369000089073,-0.00012389593657813333,7.748401610598093e-05,-8.060979964001756e-05,0.0001798999041140673,0.0,-0.2124534392551576,-0.09785167153727936,0.17291855979368712,-0.08493082883555528,0.04432477686795576,0.12117877432268422,0.050574111938476565,-0.2125722862780468,-0.09769430253719029,0.17279466385710898,-0.0848533448194493,0.04424416706831574,0.12135867422679829,0.050574111938476565,-0.2125722862780468,-0.09769430253719029,0.17279466385710898,-0.0848533448194493,0.04424416706831574,0.12135867422679829,0.050574111938476565,0.00015085471428423182,0.28258975721717855,0,0,0,0,panda_link6,obstacle,panda_link5,panda_link7
17,0.07083333333333333,0,15,1.156279198707452e-06,1,,,0.008036250247325225,0,0.02015082169206387,0,0,0,1,0,0,1,0,0,0,1.0,0,0.30688875913619995,-5.570925623032963e-06,0.4852789342403412,0.30688818612208296,-4.581943848318611e-06,0.4852787594505921,8.35261421146841e-05,-0.0001101244676114663,6.42340813515748e-06,-0.014912141097849062,-0.7922679793809451,0.01198283249456688,-2.3622229563995165,0.0032625478342752086,1.579349414534999,0.7890164729399464,0.019998466656912753,0.020001571303805567,-0.21257103795312396,-0.097587393726336,0.17279466385710898,-0.08485275447152574,0.044008970295147956,0.12077948594645285,0.050643356695024684,-3.0123954392665547e-07,3.281831929178268e-07,-0.18644353151321413,-0.13564516305923463,0.2,0.06986351013183593,0.06230792999267579,0.2,0.050574111938476565,-0.18644353151321413,-0.13564516305923463,0.2,0.06986351013183593,0.06230792999267579,0.2,0.050574111938476565,-0.0001342335648497887,0.00017770780528011203,-0.00013980463115728281,8.746898371784794e-05,-9.094043446462764e-05,0.00020316086845567627,0.0,-0.21243992550655935,-0.09793412468876707,0.1729596272665781,-0.08490633761107003,0.044333943240218256,0.12112882735257824,0.050574111938476565,-0.21257415907140914,-0.09775641688348696,0.1728198226354208,-0.08481886862735218,0.04424300280575363,0.12133198822103392,0.050574111938476565,-0.21257415907140914,-0.09775641688348696,0.1728198226354208,-0.08481886862735218,0.04424300280575363,0.12133198822103392,0.050574111938476565,0.00015087443569878736,0.2825255695392845,0,0,0,0,panda_link6,obstacle,panda_link5,panda_link7
18,0.075,0,15,1.217820804086581e-06,1,,,0.00802105180542377,0,0.020150406880101987,0,0,0,1,0,0,1,0,0,0,1.0,0,0.306889146566391,-6.117374141467735e-06,0.4852789640426636,0.3068885546226779,-5.06779092331697e-06,0.48527878778938116,9.344326621129234e-05,-0.0001231996316705978,7.186064400450509e-06,-0.01579786245539802,-0.7926748519617649,0.012702915088881132,-2.3625763658442724,0.00344591192083556,1.5798525488333084,0.7892274883989256,0.01999846550094645,0.02000157257148837,-0.21257312581175009,-0.09764941939675677,0.1728198226354208,-0.08481826674142601,0.04400738077448437,0.12075223159423878,0.05064371015503048,-2.774319122337589e-07,3.042438727718193e-07,-0.18644353151321413,-0.13564516305923463,0.2,0.06986351013183593,0.06230792999267579,0.2,0.050574111938476565,-0.18644353151321413,-0.13564516305923463,0.2,0.06986351013183593,0.06230792999267579,0.2,0.050574111938476565,-0.00015054200921302174,0.0001993313394885493,-0.00015664158746792598,9.807886635656958e-05,-0.00010187008113258997,0.00022789246439417662,0.0,-0.21242633365140196,-0.09801670663611298,0.17300068356406403,-0.0848818027263425,0.044343121873617275,0.121078850889284,0.050574111938476565,-0.21257687566061498,-0.09781737529662443,0.1728440419765961,-0.08478372385998593,0.044241251792484684,0.12130674335367818,0.050574111938476565,-0.21257687566061498,-0.09781737529662443,0.1728440419765961,-0.08478372385998593,0.044241251792484684,0.12130674335367818,0.050574111938476565,0.00015089437307210342,0.282461324389301,0,0,0,0,panda_link6,obstacle,panda_link5,panda_link7
19,0.07916666666666666,0,15,1.2714951774622917e-06,1,,,0.00800616500429116,0,0.02014997320496347,0,0,0,1,0,0,1,0,0,0,1.0,0,0.3068895637989044,-6.717902579111978e-06,0.48527899384498596,0.30688896555615397,-5.609583338629586e-06,0.4852788193913846,0.00010389332444149234,-0.00013697743907285396,7.989704881733258e-06,-0.016683596024046288,-0.7930819781667868,0.01342309859711695,-2.3629296288041557,0.0036292669395757288,1.580355575578814,0.7894385053335982,0.019998464434214158,0.020001573749461807,-0.21257605647558425,-0.09771028920527242,0.1728440419765961,-0.0847831103719448,0.04400520449764049,0.12072641892133634,0.05064406432139306,-2.56015750469199e-07,2.8271362471259456e-07,-0.18644353151321413,-0.13564516305923463,0.2,0.06986351013183593,0.06230792999267579,0.2,0.050574111938476565,-0.18644353151321413,-0.13564516305923463,0.2,0.06986351013183593,0.06230792999267579,0.2,0.050574111938476565,-0.00016776786140122057,0.00022225420113719418,-0.00017439902139916962,0.00010931814057680843,-0.00011339322746213878,0.00025411005910935233,0.0,-0.21241266350193466,-0.0980994160769582,0.17304172840689142,-0.08485722442112024,0.04435231301823516,0.12102884533898091,0.050574111938476565,-0.21258043136333588,-0.097877161875821,0.17286732938549224,-0.08474790628054343,0.044238919790773025,0.12128295539809027,0.050574111938476565,-0.21258043136333588,-0.097877161875821,0.17286732938549224,-0.08474790628054343,0.044238919790773025,0.12128295539809027,0.050574111938476565,0.00015091452619997174,0.2823970221573957,0,0,0,0,panda_link6,obstacle,panda_link5,panda_link7
20,0.08333333333333333,1,20,1.3168638128915965e-06,1,,,0.007991589105991612,0,0.0201495206715848,0,0,0,1,0,0,1,0,0,0,1.0,0,0.30689001083374023,-7.3754645200097e-06,0.48527902364730835,0.3068894211355677,-6.210238883376471e-06,0.48527885442679314,0.0001148727169574654,-0.0001514531436236366,8.83405274002839e-06,-0.017569345295963726,-0.793489353113504,0.014143379136223167,-2.36328274247552,0.0038126104693409746,1.5808585008433471,0.7896495237470056,0.01999846344768519,0.020001574846824157,-0.2125798252601853,-0.0977699872121214,0.17286732938549224,-0.08474728112749616,0.044002447143658995,0.12070206348798612,0.050644419217780914,-2.3676695306814113e-07,2.6336696423755537e-07,-0.18850728273391726,-0.13631279468536378,0.2,0.07038035988807678,0.06112682819366455,0.2,0.05021733641624451,-0.18850728273391726,-0.13631279468536378,0.2,0.07038035988807678,0.06112682819366455,0.2,0.05021733641624451,-0.00018590665106319658,0.00024649088566938357,-0.0001930691381604565,0.00012119122550844696,-0.00012550435218359636,0.00028182889335224746,0.0,-0.21335630158105956,-0.09825182111572049,0.17425757931928212,-0.08488145731619029,0.04394498857829431,0.1210493821248482,0.05021733641624451,-0.21354220823212275,-0.0980053302300511,0.17406451018112168,-0.08476026609068184,0.04381948422611072,0.12133121101820045,0.05021733641624451,-0.21354220823212275,-0.0980053302300511,0.17406451018112168,-0.08476026609068184,0.04381948422611072,0.12133121101820045,0.05021733641624451,0.00015074092888988806,0.2823326632367279,0,0,0,0,panda_link6,obstacle,panda_link5,panda_link7
21,0.0875,0,20,1.3721696343502523e-06,1,,,0.007977819243831688,0,0.02014904667249557,0,0,0,1,0,0,1,0,0,0,1.0,0,0.3068905174732208,-8.099192200461403e-06,0.48527905344963074,0.3068899235589925,-6.872655592292388e-06,0.4852788930646451,0.00012637785171171323,-0.00016662200941262628,9.718831736226354e-06,-0.01845910319491569,-0.7938972619180673,0.014868647928644507,-2.3636359075819477,0.003994204963698895,1.5813616258472682,0.789859056933312,0.019998462672313512,0.020001575728991503,-0.2135418957484708,-0.09789811309520377,0.17406451018112168,-0.08475962554261768,0.0435826786459009,0.1207500009410675,0.050287964713561575,-1.8608920205947718e-07,2.1172016272932512e-07,-0.18850728273391726,-0.13631279468536378,0.2,0.07038035988807678,0.06112682819366455,0.2,0.05021733641624451,-0.18850728273391726,-0.13631279468536378,0.2,0.07038035988807678,0.06112682819366455,0.2,0.05021733641624451,-0.0002049219770968175,0.0002717868788726863,-0.00021261316948837915,0.00013358445862505592,-0.00013817830179161864,0.00031076768850163254,0.0,-0.21334258065801004,-0.09833548576751107,0.17429880943780315,-0.08485630811201557,0.043954399604377054,0.12099877008574675,0.05021733641624451,-0.21354750263510686,-0.09806369888863838,0.17408619626831479,-0.08472272365339051,0.04381622130258544,0.12130953777424838,0.05021733641624451,-0.21354750263510686,-0.09806369888863838,0.17408619626831479,-0.08472272365339051,0.04381622130258544,0.12130953777424838,0.05021733641624451,0.00015076126736936825,0.28226820682104153,0,0,0,0,panda_link6,obstacle,panda_link5,panda_link7
22,0.09166666666666666,0,20,1.4337927920625433e-06,1,,,0.007964361407933815,0,0.020148553831186272,0,0,0,1,0,0,1,0,0,0,1.0,0,0.3068910837173462,-8.885675015335437e-06,0.4852791130542755,0.306890475009551,-7.599711788578019e-06,0.48527893547282913,0.00013840514445705778,-0.0001824793108137821,1.0643766231085359e-05,-0.019348883702507626,-0.7943054133656297,0.015594007079762485,-2.363988916227259,0.004175783704898287,1.5818646571544077,0.7900685917511175,0.019998461810721208,0.020001576701045447,-0.21354732182206468,-0.09795634741496574,0.17408619626831479,-0.08472207487463726,0.04357889788785409,0.12072751371345627,0.05028835627332528,-2.067821530827435e-07,2.332929468018899e-07,-0.18850728273391726,-0.13631279468536378,0.2,0.07038035988807678,0.06112682819366455,0.2,0.05021733641624451,-0.18850728273391726,-0.13631279468536378,0.2,0.07038035988807678,0.06112682819366455,0.2,0.05021733641624451,-0.00022484016529060178,0.0002982947183092725,-0.0002330549870571691,0.00014634185164413992,-0.0001514305337888148,0.0003409382958230652,0.0,-0.21332878028284977,-0.09841927551977377,0.17434002684437883,-0.08483111558546431,0.04396382322338898,0.12094812924641211,0.05021733641624451,-0.21355362044814036,-0.09812098080146449,0.17410697185732166,-0.08468477373382018,0.04381239268960017,0.12128906754223517,0.05021733641624451,-0.21355362044814036,-0.09812098080146449,0.17410697185732166,-0.08468477373382018,0.04381239268960017,0.12128906754223517,0.05021733641624451,0.00015078182453609102,0.28220369439378623,0,0,0,0,panda_link6,obstacle,panda_link5,panda_link7
23,0.09583333333333333,0,20,1.481092793705234e-06,1,,,0.007951214487995364,0,0.02014804215031113,0,0,0,1,0,0,1,0,0,0,1.0,0,0.30689167976379395,-9.737831533129793e-06,0.4852791428565979,0.30689107765544804,-8.39426612675112e-06,0.48527898181808654,0.0001509510187466413,-0.00019902033248534183,1.1608581185231392e-05,-0.02023869058485115,-0.7947138031186048,0.016319452795834657,-2.364341766698078,0.004357344717573665,1.582367600807617,0.7902781280603076,0.019998461009890476,0.020001577611982117,-0.21355365176244603,-0.09801354071403656,0.17410697185732166,-0.08468411299660988,0.04357464304209086,0.12070647677025753,0.050288714205607446,-1.9219937571037307e-07,2.186248008770146e-07,-0.18850728273391726,-0.13631279468536378,0.2,0.07038035988807678,0.06112682819366455,0.2,0.05021733641624451,-0.18850728273391726,-0.13631279468536378,0.2,0.07038035988807678,0.06112682819366455,0.2,0.05021733641624451,-0.0002456587336720756,0.0003260201130511962,-0.0002543891475719336,0.00015990667665018185,-0.0001652558520941904,0.00037265790255240904,0.0,-0.2133149002207033,-0.09850318917767431,0.17438123134247435,-0.08480587996276223,0.043973259657173615,0.12089745996929815,0.05021733641624451,-0.21356055895437537,-0.09817716906462312,0.17412684219490243,-0.08464597328611205,0.043808003805079425,0.12127011787185056,0.05021733641624451,-0.21356055895437537,-0.09817716906462312,0.17412684219490243,-0.08464597328611205,0.043808003805079425,0.12127011787185056,0.05021733641624451,0.00015080260024083765,0.28213912620647813,0,0,0,0,panda_link6,obstacle,panda_link5,panda_link7
24,0.1,0,20,1.532758645059289e-06,1,,,0.007938377973879862,0,0.020147511631420714,0,0,0,1,0,0,1,0,0,0,1.0,0,0.3068923354148865,-1.0658536666596774e-05,0.4852792024612427,0.3068917336500026,-9.25915763549769e-06,0.485279032266014,0.0001640119059339264,-0.00021624036936982203,1.2613002159158216e-05,-0.021128527257413713,-0.7951224266184741,0.017044981304980084,-2.3646944554502767,0.0045388856629805345,1.582870463134267,0.7904876658650895,0.019998460263022204,0.02000157846867191,-0.21356080141501493,-0.09806963996863095,0.17412684219490243,-0.08464530052770716,0.04356982689764852,0.12068695839596108,0.05028907314764721,-1.7924838543580818e-07,2.056055501522061e-07,-0.18850728273391726,-0.13631279468536378,0.2,0.07038035988807678,0.06112682819366455,0.2,0.05021733641624451,-0.18850728273391726,-0.13631279468536378,0.2,0.07038035988807678,0.06112682819366455,0.2,0.05021733641624451,-0.00026737098096633253,0.0003549851252518052,-0.00027660549652463307,0.00017384428616673501,-0.00017964850048047837,0.000405638661537526,0.0,-0.21330094033883296,-0.09858722536260625,0.17442242258705332,-0.08478060149957169,0.04398270911432417,0.12084676269333132,0.05021733641624451,-0.21356831131979928,-0.09823224023735444,0.17414581709052868,-0.08460675721340495,0.04380306061384369,0.12125240135486884,0.05021733641624451,-0.21356831131979928,-0.09823224023735444,0.17414581709052868,-0.08460675721340495,0.04380306061384369,0.12125240135486884,0.05021733641624451,0.0001508235942563869,0.2820745027576995,0,0,0,0,panda_link6,obstacle,panda_link5,panda_link7
25,0.10416666666666667,1,25,1.581222007453766e-06,1,,,0.007925850720154962,0,0.02014696227718716,0,0,0,1,0,0,1,0,0,0,1.0,0,0.3068930506706238,-1.1650642591121141e-05,0.48527923226356506,0.30689244513168057,-1.0197205760523121e-05,0.48527908698106587,0.0001775842451726959,-0.00023413472669401764,1.3656755313227356e-05,-0.02201839710717864,-0.7955312792127579,0.01777058887619062,-2.3650469807518517,0.004720404235449557,1.583373249284297,0.7906972051671944,0.019998459565271944,0.02000157927599073,-0.21356876394358223,-0.09812462262810134,0.17414581709052868,-0.08460607237800391,0.04356445739256541,0.12066867600718961,0.05028943250520624,-1.674600627445469e-07,1.9375651687811649e-07,-0.19012629985809326,-0.13670821189880372,0.2,0.07089446187019348,0.060215461254119876,0.2,0.04997571408748627,-0.19012629985809326,-0.13670821189880372,0.2,0.07089446187019348,0.060215461254119876,0.2,0.04997571408748627,-0.00028997315491768215,0.00038492601183834585,-0.0002997014207342494,0.0001884800874681793,-0.00019460546500933056,0.00043990108662022003,0.0,-0.21404179703403173,-0.09866019979259728,0.17538110660704923,-0.08473320906808364,0.04367725198418186,0.120766447521429,0.04997571408748627,-0.21433177018894942,-0.09827527378075894,0.175081405186315,-0.08454472898061546,0.04348264651917253,0.12120634860804921,0.04997571408748627,-0.21433177018894942,-0.09827527378075894,0.175081405186315,-0.08454472898061546,0.04348264651917253,0.12120634860804921,0.04997571408748627,0.00015081573247375778,0.2820098243323161,0,0,0,0,panda_link6,obstacle,panda_link5,panda_link7
26,0.10833333333333334,0,25,1.6252167468597906e-06,1,,,0.007914062395545263,0,0.020146392883458687,0,0,0,1,0,0,1,0,0,0,1.0,0,0.30689379572868347,-1.2721819985017646e-05,0.48527929186820984,0.3068932142241273,-1.1211210407403365e-05,0.48527914612655676,0.00019166448341705286,-0.0002526987199690024,1.4739567407668121e-05,-0.022911449153328278,-0.7959403108346073,0.0185000947311336,-2.365399247539955,0.004900586143350307,1.5838758416766157,0.7909057391373315,0.019998458996321248,0.020001579952017304,-0.21433249107591296,-0.09816758924383653,0.175081405186315,-0.08454402914472359,0.04324365789618004,0.12062217415649326,0.05004815283290554,-1.365481667745319e-07,1.6224637837966918e-07,-0.19012629985809326,-0.13670821189880372,0.2,0.07089446187019348,0.060215461254119876,0.2,0.04997571408748627,-0.19012629985809326,-0.13670821189880372,0.2,0.07089446187019348,0.060215461254119876,0.2,0.04997571408748627,-0.000313437999184104,0.0004164037004001571,-0.0003236358094240498,0.00020361440223249624,-0.00021010025629501243,0.00047575021219701494,0.0,-0.2140277500876978,-0.09874504659232428,0.17542240388037125,-0.08470745890768776,0.04368684787954473,0.12071526056521462,0.04997571408748627,-0.2143411880868819,-0.09832864289192413,0.1750987680709472,-0.08450384450545526,0.04347674762324972,0.12119101077741164,0.04997571408748627,-0.2143411880868819,-0.09832864289192413,0.1750987680709472,-0.08450384450545526,0.04347674762324972,0.12119101077741164,0.04997571408748627,0.00015083711881593479,0.28194510319428867,0,0,0,0,panda_link6,obstacle,panda_link5,panda_link7
27,0.1125,0,25,1.6784189677075791e-06,1,,,0.007902583463489446,0,0.020145804682421865,0,0,0,1,0,0,1,0,0,0,1.0,0,0.3068946301937103,-1.3869928807253018e-05,0.4852793514728546,0.3068940430362,-1.2303951984436103e-05,0.4852792098646641,0.0002062490754214209,-0.00027192767499012894,1.5861165802577596e-05,-0.023804541068875622,-0.7963495643677829,0.019229672931429215,-2.365751343936833,0.005080741520372618,1.5843783673144998,0.7911142746864632,0.01999845837451659,0.02000158068319036,-0.2143420597313628,-0.09822084796216776,0.1750987680709472,-0.08450313525081476,0.04323729048535474,0.12060615309219741,0.050048531791610756,-1.4923311751190854e-07,1.7548153317644213e-07,-0.19012629985809326,-0.13670821189880372,0.2,0.07089446187019348,0.060215461254119876,0.2,0.04997571408748627,-0.19012629985809326,-0.13670821189880372,0.2,0.07089446187019348,0.060215461254119876,0.2,0.04997571408748627,-0.00033778237650120783,0.00044875337795882253,-0.00034843514069678963,0.00021917702461149612,-0.0002261499951503295,0.0005126098724954299,0.0,-0.2140136222867117,-0.09883001319954618,0.17546368672124185,-0.08468166616229061,0.043696456900746736,0.1206640461001934,0.04997571408748627,-0.2143514046632129,-0.09838125982158735,0.17511525158054506,-0.08446248913767912,0.043470306905596404,0.12117665597268884,0.04997571408748627,-0.2143514046632129,-0.09838125982158735,0.17511525158054506,-0.08446248913767912,0.043470306905596404,0.12117665597268884,0.04997571408748627,0.00015085872577029824,0.28188032783261036,0,0,0,0,panda_link6,obstacle,panda_link5,panda_link7
28,0.11666666666666667,0,25,1.7290380256228471e-06,1,,,0.00789141302117495,0,0.020145197675591593,0,0,0,1,0,0,1,0,0,0,1.0,0,0.30689552426338196,-1.5097804862307385e-05,0.4852794110774994,0.3068949336620003,-1.3478191445491889e-05,0.4852792783564305,0.00022133448374054372,-0.00029181692783702805,1.702127845792063e-05,-0.02469767642354565,-0.7967590367675333,0.01995931981301482,-2.3661032679682634,0.005260868278090736,1.5848808307771516,0.7913228117454184,0.019998457789483705,0.02000158137739648,-0.21435248512080712,-0.09827337594010951,0.17511525158054506,-0.08446176754325868,0.043230421852348454,0.12059123103641506,0.05004889414923837,-1.4040789311992388e-07,1.6660946899459822e-07,-0.19012629985809326,-0.13670821189880372,0.2,0.07089446187019348,0.060215461254119876,0.2,0.04997571408748627,-0.19012629985809326,-0.13670821189880372,0.2,0.07089446187019348,0.060215461254119876,0.2,0.04997571408748627,-0.00036300328687172546,0.0004822580369709742,-0.00037408916458428677,0.00023528963457948698,-0.0002427471492925121,0.0005507908209456568,0.0,-0.21399941348404403,-0.0989150984981808,0.175504954826258,-0.08465583104053678,0.04370607918308156,0.12061280449092086,0.04997571408748627,-0.21436241677091575,-0.09843284046120981,0.1751308656616737,-0.0844205414059573,0.04346333203378905,0.12116359531186652,0.04997571408748627,-0.21436241677091575,-0.09843284046120981,0.1751308656616737,-0.0844205414059573,0.04346333203378905,0.12116359531186652,0.04997571408748627,0.00015088055327537096,0.28181549858931687,0,0,0,0,panda_link6,obstacle,panda_link5,panda_link7
29,0.12083333333333333,0,25,1.776523973773199e-06,1,,,0.007880550154758428,0,0.020144571862451846,0,0,0,1,0,0,1,0,0,0,1.0,0,0.30689647793769836,-1.640822119952645e-05,0.48527947068214417,0.30689588818090674,-1.4736670332865324e-05,0.48527935176176623,0.00023691717872948532,-0.00031236182487360956,1.821963393352985e-05,-0.025590858528017586,-0.7971687237161046,0.020689031753271792,-2.3664550171658307,0.00544096419052954,1.5853832374580799,0.7915313503172018,0.019998457237424952,0.020001582038473017,-0.21436370507326405,-0.09832486765708955,0.1751308656616737,-0.08441980741616104,0.04322301898531275,0.12057760342278179,0.05004925722800118,-1.324941006652404e-07,1.5865836895233992e-07,-0.19012629985809326,-0.13670821189880372,0.2,0.07089446187019348,0.060215461254119876,0.2,0.04997571408748627,-0.19012629985809326,-0.13670821189880372,0.2,0.07089446187019348,0.060215461254119876,0.2,0.04997571408748627,-0.0003890963054804243,0.0005169309400460849,-0.00040059032999988645,0.00025195625693742914,-0.0002598863928981624,0.0005903070285751872,0.0,-0.21398512351606638,-0.09900030126537912,0.17554620791670444,-0.08462995377094697,0.04371571491690172,0.12056153613693792,0.04997571408748627,-0.2143742198215468,-0.09848337032533304,0.17514561758670455,-0.08437799751400954,0.04345582852400356,0.1211518431655131,0.04997571408748627,-0.2143742198215468,-0.09848337032533304,0.17514561758670455,-0.08437799751400954,0.04345582852400356,0.1211518431655131,0.04997571408748627,0.0001509026011821242,0.2817506158534279,0,0,0,0,panda_link6,obstacle,panda_link5,panda_link7
30,0.125,1,30,1.8223363100698422e-06,1,,,0.007869993932191108,0,0.02014392724162682,0,0,0,1,0,0,1,0,0,0,1.0,0,0.30689749121665955,-1.780393358785659e-05,0.48527956008911133,0.30689690865760716,-1.608211082012622e-05,0.4852794302394521,0.00025299363854363016,-0.00033355772274806187,1.945596138910565e-05,-0.02648409067385724,-0.7975786208353408,0.02141880515988306,-2.3668065890453076,0.005621027054605463,1.5858855928104145,0.7917398904048418,0.019998456714902604,0.02000158266989397,-0.21437571500151648,-0.09837530861670488,0.17514561758670455,-0.08437725107446978,0.04321508737822163,0.12056528456034177,0.05004962103360094,-1.2540536379820888e-07,1.5154102910377998e-07,-0.19174584150314333,-0.13712632656097412,0.2,0.07139566540718079,0.059312653541564946,0.2,0.049725309014320374,-0.19174584150314333,-0.13712632656097412,0.2,0.07139566540718079,0.059312653541564946,0.2,0.049725309014320374,-0.00041605651349955103,0.00055292368418572,-0.000427927914477877,0.000269020402963888,-0.00027756090746395407,0.0006311691000436344,0.0,-0.21472845042251248,-0.09908579181643049,0.17650345272401535,-0.08458975764645414,0.043417524827438464,0.12049186938384936,0.049725309014320374,-0.21514450693601203,-0.09853286813224477,0.17607552480953748,-0.08432073724349025,0.04313996391997451,0.121123038483893,0.049725309014320374,-0.21514450693601203,-0.09853286813224477,0.17607552480953748,-0.08432073724349025,0.04313996391997451,0.121123038483893,0.049725309014320374,0.00015089006582902437,0.2816856800165284,0,0,0,0,panda_link6,obstacle,panda_link5,panda_link7
31,0.12916666666666665,0,30,1.8666166634512429e-06,1,,,0.007860169169088743,0,0.020143262523005148,0,0,0,1,0,0,1,0,0,0,1.0,0,0.3068985641002655,-1.9292499928269535e-05,0.4852796196937561,0.30689799714213145,-1.7517215754970735e-05,0.4852795139471413,0.0002695603491386828,-0.00035539998839285183,2.0729990584216204e-05,-0.02738053343656719,-0.797988723920618,0.0221524531799228,-2.3671579222766486,0.0057997722179129576,1.586387826300014,0.7919473885805743,0.019998456302729048,0.02000158318860144,-0.21514626305038875,-0.09842474046652339,0.17607552480953748,-0.08431997552188017,0.042898839193798735,0.12053603750387293,0.0497995621758084,-9.892165297401695e-08,1.244897929043691e-07,-0.19174584150314333,-0.13712632656097412,0.2,0.07139566540718079,0.059312653541564946,0.2,0.049725309014320374,-0.19174584150314333,-0.13712632656097412,0.2,0.07139566540718079,0.059312653541564946,0.2,0.049725309014320374,-0.00044385720579227767,0.0005899729378976861,-0.00045607465584278443,0.0002868064429147273,-0.00029575169100730744,0.000673397439549523,0.0,-0.21471407215855276,-0.09917180032337547,0.1765448149916613,-0.08456340887061153,0.04342730981337081,0.1204401072059399,0.049725309014320374,-0.21515792936434502,-0.09858182738547779,0.1760887403358185,-0.0842766024276968,0.0431315581223635,0.12111350464548942,0.049725309014320374,-0.21515792936434502,-0.09858182738547779,0.1760887403358185,-0.0842766024276968,0.0431315581223635,0.12111350464548942,0.049725309014320374,0.00015091250014065988,0.2816206964599922,0,0,0,0,panda_link6,obstacle,panda_link5,panda_link7
32,0.13333333333333333,0,30,1.908376813488679e-06,1,,,0.007850651014334839,0,0.020142579016276377,0,0,0,1,0,0,1,0,0,0,1.0,0,0.30689969658851624,-2.0871704691671766e-05,0.48527970910072327,0.30689915566988374,-1.904466870207259e-05,0.4852796030413626,0.0002866138042706684,-0.00037788399902472544,2.204145187829747e-05,-0.028277032757424925,-0.7983990305374249,0.02288615626465538,-2.367509071571803,0.005978480386773609,1.586890017193658,0.7921548883562637,0.019998455823392457,0.02000158377684626,-0.2151598370058566,-0.0984735880336498,0.1760887403358185,-0.08427583083705037,0.04288996052655634,0.12052581447456698,0.049799946165454266,-1.1504078211745095e-07,1.4117875733136304e-07,-0.19174584150314333,-0.13712632656097412,0.2,0.07139566540718079,0.059312653541564946,0.2,0.049725309014320374,-0.19174584150314333,-0.13712632656097412,0.2,0.07139566540718079,0.059312653541564946,0.2,0.049725309014320374,-0.00047251697773342924,0.0006283680676393362,-0.00048504298971439197,0.00030499774403644286,-0.0003144673408390622,0.0007169989620087947,0.0,-0.21469961175635124,-0.0992579236110397,0.1765861610031733,-0.08453701819489322,0.043437108235809305,0.12038831878890012,0.049725309014320374,-0.21517212873408467,-0.09862955554340036,0.1761011180134589,-0.08423202045085677,0.04312264089497024,0.12110531775090891,0.049725309014320374,-0.21517212873408467,-0.09862955554340036,0.1761011180134589,-0.08423202045085677,0.04312264089497024,0.12110531775090891,0.049725309014320374,0.00015093515724071366,0.2815556605492885,0,0,0,0,panda_link6,obstacle,panda_link5,panda_link7
33,0.1375,0,30,1.9537340877214e-06,1,,,0.007841438161777015,0,0.0201418767165532,0,0,0,1,0,0,1,0,0,0,1.0,0,0.30690091848373413,-2.2544272724189796e-05,0.48527979850769043,0.30690038626167515,-2.0667133985934154e-05,0.4852796976775223,0.00030415050549593205,-0.0004010051421447067,2.3390076230653156e-05,-0.029173592098745982,-0.7988095356510599,0.02361991092304479,-2.3678600350558074,0.006157149614080852,1.5873921716176145,0.7923623896591344,0.019998455367071177,0.020001584341963134,-0.21517424191705337,-0.09852122727240194,0.1761011180134589,-0.0842312361611123,0.042880614553738254,0.12051706174955737,0.049800312688973426,-1.0951710698427555e-07,1.3562804977631376e-07,-0.19174584150314333,-0.13712632656097412,0.2,0.07139566540718079,0.059312653541564946,0.2,0.049725309014320374,-0.19174584150314333,-0.13712632656097412,0.2,0.07139566540718079,0.059312653541564946,0.2,0.049725309014320374,-0.0005020296263612781,0.0006677129946756353,-0.0005148316170237432,0.0003236412880934822,-0.0003337066060957794,0.0007616933162315337,0.0,-0.21468506898877715,-0.09934416046569851,0.17662749058211227,-0.08451058585185861,0.04344692031530114,0.12033650452150332,0.049725309014320374,-0.21518709861513843,-0.09867644747102287,0.17611265896508854,-0.08418694456376513,0.04311321370920536,0.12109819783773486,0.049725309014320374,-0.21518709861513843,-0.09867644747102287,0.17611265896508854,-0.08418694456376513,0.04311321370920536,0.12109819783773486,0.049725309014320374,0.0001509580369509156,0.28149057257878146,0,0,0,0,panda_link6,obstacle,panda_link5,panda_link7
34,0.14166666666666666,0,30,2.0016261770820208e-06,1,,,0.007832529606836003,0,0.0201411556215981,0,0,0,1,0,0,1,0,0,0,1.0,0,0.3069022297859192,-2.4312887035193853e-05,0.4852798879146576,0.3069016909237562,-2.238725673373764e-05,0.485279798009907,0.00032216696217113924,-0.0004247588155380986,2.4775595200454745e-05,-0.030070214667042922,-0.7992202357764674,0.02435371366873266,-2.368210810670483,0.006335777772737303,1.5878942940140468,0.7925698924927735,0.019998454931034866,0.020001584886721886,-0.21518941639126554,-0.09856803009778746,0.17611265896508854,-0.08418614752214931,0.04287075807754831,0.12050937514378146,0.04980068007339174,-1.0464871467302794e-07,1.3074210082923352e-07,-0.19174584150314333,-0.13712632656097412,0.2,0.07139566540718079,0.059312653541564946,0.2,0.049725309014320374,-0.19174584150314333,-0.13712632656097412,0.2,0.07139566540718079,0.059312653541564946,0.2,0.049725309014320374,-0.0005323905990748851,0.0007080201524203737,-0.0005454332190308759,0.00034274094577247874,-0.00035346435391214406,0.0008074937049536298,0.0,-0.2146704437169832,-0.09943050977165631,0.17666880343466299,-0.08448411205127421,0.043456746188719184,0.12028466478281702,0.049725309014320374,-0.2152028343160581,-0.09872248961923594,0.1761233702156321,-0.08414137110550172,0.043103281834807036,0.12109215848777065,0.049725309014320374,-0.2152028343160581,-0.09872248961923594,0.1761233702156321,-0.08414137110550172,0.043103281834807036,0.12109215848777065,0.049725309014320374,0.00015098113919679044,0.2814254329193598,0,0,0,0,panda_link6,obstacle,panda_link5,panda_link7
35,0.14583333333333334,1,35,2.0360482653629842e-06,1,,,0.007823924329014534,0,0.02014041572843228,0,0,0,1,0,0,1,0,0,0,1.0,0,0.30690357089042664,-2.618019971123431e-05,0.48527997732162476,0.30690307164784925,-2.420766291819634e-05,0.48527990419168615,0.00034065969145327614,-0.00044914042727448305,2.619774094674152e-05,-0.0309669036492696,-0.7996311273729485,0.025087561044631126,-2.368561396342408,0.006514362759422978,1.588396388886107,0.792777396860201,0.019998454513100266,0.02000158541333414,-0.21520535573440314,-0.09861398315545364,0.1761233702156321,-0.08414056126193695,0.042860396804561995,0.1205027692944646,0.04980104818259071,-1.003043040483792e-07,1.2638694096150926e-07,-0.1933878302574158,-0.13756680488586426,0.2,0.07188991308212281,0.05839904546737671,0.2,0.049465021491050726,-0.1933878302574158,-0.13756680488586426,0.2,0.07188991308212281,0.05839904546737671,0.2,0.049465021491050726,-0.0005636001866387465,0.0007498433135350815,-0.0005768335535562373,0.00036253495004794333,-0.0003737297056937617,0.000855007559933704,0.0,-0.21542458715426172,-0.09952693231563081,0.17763900839102506,-0.08444951071180073,0.04315583150792251,0.12022342701231273,0.049465021491050726,-0.21598818734090047,-0.09877708900209572,0.17706217483746883,-0.0840869757617528,0.042782101802228745,0.12107843457224643,0.049465021491050726,-0.21598818734090047,-0.09877708900209572,0.17706217483746883,-0.0840869757617528,0.042782101802228745,0.12107843457224643,0.049465021491050726,0.00015096446034573808,0.2813602419441246,0,0,0,0,panda_link6,obstacle,panda_link5,panda_link7
36,0.15,0,35,2.0853880860439984e-06,1,,,0.007816052606074125,0,0.020139655657481263,0,0,0,1,0,0,1,0,0,0,1.0,0,0.30690503120422363,-2.8153735911473632e-05,0.4852800965309143,0.3069045304111812,-2.6130959400405612e-05,0.48528001637491425,0.00035962521829964846,-0.00047414539570771983,2.76562462284205e-05,-0.03186686599768104,-0.8000422461925144,0.025825320106453914,-2.368911755302071,0.006691607896993752,1.5888984247403959,0.7929838181556901,0.01999845419389743,0.02000158583893555,-0.21599096361874653,-0.09866851669582341,0.17706217483746883,-0.08408615031913427,0.042538833016985834,0.12048860502935585,0.04954111091738316,-7.660868016822961e-08,1.0214433757886957e-07,-0.1933878302574158,-0.13756680488586426,0.2,0.07188991308212281,0.05839904546737671,0.2,0.049465021491050726,-0.1933878302574158,-0.13756680488586426,0.2,0.07188991308212281,0.05839904546737671,0.2,0.049465021491050726,-0.0005956230777723795,0.0007925218746551331,-0.0006090053461689081,0.0003825142725606865,-0.00039448741837136517,0.0009033534219751843,0.0,-0.2154098729812357,-0.09961408929816087,0.17768043258161148,-0.08442255952524558,0.04316581144155249,0.1201710845226931,0.049465021491050726,-0.2160054960590081,-0.09882156742350574,0.17707142723544259,-0.0840400452526849,0.04277132402318112,0.12107443794466828,0.049465021491050726,-0.2160054960590081,-0.09882156742350574,0.17707142723544259,-0.0840400452526849,0.04277132402318112,0.12107443794466828,0.049465021491050726,0.0001509879481518654,0.28129499957533394,0,0,0,0,panda_link6,obstacle,panda_link5,panda_link7
37,0.15416666666666667,0,35,2.1273343944665944e-06,1,,,0.007798899957705094,0,0.02013887680060847,0,0,0,1,0,0,1,0,0,0,1.0,0,0.3069065511226654,-3.02311236737296e-05,0.48528018593788147,0.30690606917651575,-2.815973397269426e-05,0.4852801347105337,0.00037906007546788316,-0.0004997691494759485,2.9150844404266524e-05,-0.032766901095615183,-0.8004535498723379,0.026563117719934925,-2.3692619186752553,0.006868806148807434,1.5894004410685285,0.7931902410695498,0.019998453800029795,0.020001586341605915,-0.21600842350419358,-0.09871288315761723,0.17707142723544259,-0.08403920956425237,0.042527580435283575,0.12048391875184575,0.04954149932633517,-9.452823235278629e-08,1.2064088781953142e-07,-0.1933878302574158,-0.13756680488586426,0.2,0.07188991308212281,0.05839904546737671,0.2,0.049465021491050726,-0.1933878302574158,-0.13756680488586426,0.2,0.07188991308212281,0.05839904546737671,0.2,0.049465021491050726,-0.0006284848309511364,0.0008363324097973393,-0.0006419685532054207,0.00040323833018101284,-0.0004157471584925657,0.0009531450632472348,0.0,-0.21539507529669055,-0.09970135631617477,0.1777218388649081,-0.08439556707486434,0.04317580504929157,0.12011871699880385,0.049465021491050726,-0.21602356012764168,-0.09886502390637743,0.1770798703117027,-0.08399232874468333,0.042760057890799,0.12107186206205107,0.049465021491050726,-0.21602356012764168,-0.09886502390637743,0.1770798703117027,-0.08399232874468333,0.042760057890799,0.12107186206205107,0.049465021491050726,0.0001510116611175991,0.28122970653874574,0,0,0,0,panda_link7,obstacle,panda_link5,panda_link7
38,0.15833333333333333,0,35,2.170550992981762e-06,1,,,0.007717378899801355,0,0.020138079148798886,0,0,0,1,0,0,1,0,0,0,1.0,0,0.30690816044807434,-3.241499143769033e-05,0.485280305147171,0.306907689892186,-3.0296555401475468e-05,0.4852802593483771,0.00039896080351592666,-0.000526007127501586,3.068126943292215e-05,-0.03366701230369608,-0.80086503424749,0.02730095051290035,-2.369611883175297,0.007045955661939216,1.589902444295691,0.7933966655300174,0.019998453420088023,0.020001586830310274,-0.2160266899394145,-0.09875625003650843,0.1770798703117027,-0.08399148000991905,0.04251588315162763,0.12048077451901104,0.049541870512225875,-9.118602570376208e-08,1.1728904596945006e-07,-0.1933878302574158,-0.13756680488586426,0.2,0.07188991308212281,0.05839904546737671,0.2,0.049465021491050726,-0.1933878302574158,-0.13756680488586426,0.2,0.07188991308212281,0.05839904546737671,0.2,0.049465021491050726,-0.0006621772381864651,0.0008812925681207254,-0.0006757114893329582,0.00042427289429162286,-0.00043750294381183325,0.0010040911010607617,0.0,-0.21538019399111683,-0.09978873203566717,0.1777632269177235,-0.08436853361640842,0.04318581247060657,0.12006632488095277,0.049465021491050726,-0.21604237122930328,-0.09890743946754645,0.17708751542839055,-0.0839442607221168,0.04274830952679474,0.12107041598201353,0.049465021491050726,-0.21604237122930328,-0.09890743946754645,0.17708751542839055,-0.0839442607221168,0.04274830952679474,0.12107041598201353,0.049465021491050726,0.0001510355990309217,0.2811643633266028,0,0,0,0,panda_link7,obstacle,panda_link5,panda_link7
39,0.1625,0,35,2.2074688743402455e-06,1,,,0.007635862625788484,0,0.020137262695978278,0,0,0,1,0,0,1,0,0,0,1.0,0,0.30690982937812805,-3.4707914892351255e-05,0.48528042435646057,0.30690939449212695,-3.254397347009816e-05,0.4852803904371698,0.0004193239508020462,-0.0005528547789913291,3.2247255872897744e-05,-0.03456720273060142,-0.8012766949829044,0.028038815160518645,-2.369961647337371,0.007223054431285981,1.590404439141359,0.7936030915386403,0.019998453053227692,0.02000158730589936,-0.21604570245728227,-0.0987985764994715,0.17708751542839055,-0.08394339889779084,0.04250370464322369,0.12047876296028717,0.049542242069482156,-8.804647915784669e-08,1.1414138023939022e-07,-0.1933878302574158,-0.13756680488586426,0.2,0.07188991308212281,0.05839904546737671,0.2,0.049465021491050726,-0.1933878302574158,-0.13756680488586426,0.2,0.07188991308212281,0.05839904546737671,0.2,0.049465021491050726,-0.0006966992123976371,0.0009275472511258708,-0.0007102267683683774,0.00044589897347867475,-0.00045974822351704743,0.0010565049576838593,0.0,-0.21536522886812823,-0.09987621537295883,0.17780459654224,-0.08434145935773582,0.043195833877475456,0.12001390853919437,0.049465021491050726,-0.21606192808052588,-0.09894866812183296,0.17709436977387163,-0.08389556038425715,0.04273608565395841,0.12107041349687823,0.049465021491050726,-0.21606192808052588,-0.09894866812183296,0.17709436977387163,-0.08389556038425715,0.04273608565395841,0.12107041349687823,0.049465021491050726,0.00015105976180099408,0.2810989702294931,0,0,0,0,panda_link7,obstacle,panda_link5,panda_link7
40,0.16666666666666666,1,40,2.2499773263619234e-06,1,,,0.0075543525491023195,0,0.02013642743255576,0,0,0,1,0,0,1,0,0,0,1.0,0,0.3069116175174713,-3.7112458812771365e-05,0.4852805435657501,0.30691118489590813,-3.490451902169802e-05,0.4852805281245324,0.000440146073484829,-0.0005803075634361523,3.3848538882571445e-05,-0.03546747547975856,-0.8016885271321517,0.028776708367909777,-2.3703112085266316,0.007400100472823933,1.5909064316156656,0.7938095190991427,0.01999845269762786,0.020001587770228032,-0.21606545979771385,-0.09883971581933088,0.17709436977387163,-0.08389468542258338,0.04249104996910849,0.12047819383356903,0.049542614520581556,-8.53439590634171e-08,1.1143888166810847e-07,-0.1950518250465393,-0.13802828788757324,0.2,0.07237768173217773,0.05747494101524353,0.2,0.04919545948505402,-0.1950518250465393,-0.13802828788757324,0.2,0.07237768173217773,0.05747494101524353,0.2,0.04919545948505402,-0.0007320410807852235,0.0009745660916353541,-0.0007455147484439571,0.00046788598074057656,-0.0004824842012218934,0.0011098043926560525,0.0,-0.21613001088737288,-0.09998306328037426,0.17878752852364,-0.08431194466798925,0.042892345621776434,0.11996037921734026,0.04919545948505402,-0.2168620519681581,-0.09900849718873891,0.17804201377519605,-0.08384405868724867,0.04240986142055454,0.12107018360999632,0.04919545948505402,-0.2168620519681581,-0.09900849718873891,0.17804201377519605,-0.08384405868724867,0.04240986142055454,0.12107018360999632,0.04919545948505402,0.00015104010774508793,0.2810335276650425,0,0,0,0,panda_link7,obstacle,panda_link5,panda_link7
41,0.17083333333333334,0,40,2.291087381478553e-06,1,,,0.007472985310438246,0,0.020135571899485186,0,0,0,1,0,0,1,0,0,0,1.0,0,0.30691346526145935,-3.9636113797314465e-05,0.48528069257736206,0.30691306300876586,-3.738070400204877e-05,0.48528067255698315,0.00046142373552318286,-0.0006083609506113094,3.5484854220189146e-05,-0.036371083115696465,-0.8021006082959846,0.029518550091973093,-2.3706605550592785,0.007575785648670652,1.5914084213092294,0.7940148249602633,0.019998452433601713,0.020001588140754423,-0.21686583262509762,-0.09889947931990373,0.17804201377519605,-0.08384316783530196,0.042164442203212374,0.12047752645532,0.04927340666895732,-6.336627518185867e-08,8.892633347442128e-08,-0.1950518250465393,-0.13802828788757324,0.2,0.07237768173217773,0.05747494101524353,0.2,0.04919545948505402,-0.1950518250465393,-0.13802828788757324,0.2,0.07237768173217773,0.05747494101524353,0.2,0.04919545948505402,-0.0007681800088330065,0.0010230423789380763,-0.0007815290676420644,0.0004903102594108195,-0.0005056802266879732,0.0011645935746065843,0.0,-0.21611495599725902,-0.10007135680853561,0.17882901144766514,-0.08428438700549525,0.04290252521437563,0.1199074510682661,0.04919545948505402,-0.21688313600609202,-0.09904831442959754,0.17804748238002308,-0.08379407674608443,0.04239684498768766,0.12107204464287269,0.04919545948505402,-0.21688313600609202,-0.09904831442959754,0.17804748238002308,-0.08379407674608443,0.04239684498768766,0.12107204464287269,0.04919545948505402,0.00015106465728307258,0.28096803021851124,0,0,0,0,panda_link7,obstacle,panda_link5,panda_link7
42,0.175,0,40,2.3311806170133625e-06,1,,,0.0073916267227534665,0,0.020134697561347295,0,0,0,1,0,0,1,0,0,0,1.0,0,0.30691540241241455,-4.227634781273082e-05,0.4852808117866516,0.3069150307216359,-3.997502150241318e-05,0.4852808238799407,0.0004831535086763356,-0.0006370104205763324,3.715593824386453e-05,-0.03727477923022495,-0.8025128548954256,0.030260414601889857,-2.3710096932896025,0.0077514145987632975,1.591910415871002,0.7942201324596265,0.019998452090511147,0.0200015885927717,-0.21688706748683667,-0.09893918386582903,0.17804748238002308,-0.08379317527772082,0.042150948022234985,0.12047869482539889,0.049273799847157664,-8.234173571848927e-08,1.0848414670316248e-07,-0.1950518250465393,-0.13802828788757324,0.2,0.07237768173217773,0.05747494101524353,0.2,0.04919545948505402,-0.1950518250465393,-0.13802828788757324,0.2,0.07237768173217773,0.05747494101524353,0.2,0.04919545948505402,-0.000805134284028557,0.0010724395761579594,-0.0008183021864913627,0.0005133796041502162,-0.0005293557356838223,0.0012205940259199433,0.0,-0.21609981625935076,-0.10015975550988812,0.17887047480026216,-0.08425678874066397,0.042912718626398796,0.11985449914797991,0.04919545948505402,-0.21690495054337933,-0.09908731593373016,0.1780521726137708,-0.08374340913651376,0.042383362890714975,0.12107509317389985,0.04919545948505402,-0.21690495054337933,-0.09908731593373016,0.1780521726137708,-0.08374340913651376,0.042383362890714975,0.12107509317389985,0.04919545948505402,0.0001510894343438595,0.2809024839451635,0,0,0,0,panda_link7,obstacle,panda_link5,panda_link7
43,0.17916666666666667,0,40,2.3746643508534437e-06,1,,,0.007310277817918667,0,0.020133804407684044,0,0,0,1,0,0,1,0,0,0,1.0,0,0.3069174587726593,-4.5035689254291356e-05,0.48528096079826355,0.30691708991118594,-4.268994580239441e-05,0.4852809822377263,0.0005053319725038357,-0.0006662514636750323,3.8861527911579054e-05,-0.03817856706893881,-0.8029252636267576,0.031002298654447234,-2.3713586203491634,0.007926985571156467,1.592412420766093,0.7944254415237568,0.01999845175634684,0.020001589035854212,-0.21690908129132566,-0.09897809551969503,0.1780521726137708,-0.08374249429461877,0.042137033374360484,0.12048117482183784,0.04927417539127262,-8.019943407294727e-08,1.0633980284009692e-07,-0.1950518250465393,-0.13802828788757324,0.2,0.07237768173217773,0.05747494101524353,0.2,0.04919545948505402,-0.1950518250465393,-0.13802828788757324,0.2,0.07237768173217773,0.05747494101524353,0.2,0.04919545948505402,-0.0008428950578124972,0.001122773550305135,-0.0008558221495487867,0.0005366600218929235,-0.000553504870529663,0.001277513010116705,0.0,-0.21608459159037993,-0.10024825816077099,0.17891191824253427,-0.08422915010997142,0.042922925943120006,0.11980152387502874,0.04919545948505402,-0.21692748664819242,-0.09912548461046586,0.17805609609298548,-0.0836924900880785,0.04236942107259034,0.12107903688514544,0.04919545948505402,-0.21692748664819242,-0.09912548461046586,0.17805609609298548,-0.0836924900880785,0.04236942107259034,0.12107903688514544,0.04919545948505402,0.0001511144387902356,0.28083688931709816,0,0,0,0,panda_link7,obstacle,panda_link5,panda_link7
44,0.18333333333333332,0,40,2.411995531434273e-06,1,,,0.007228939353278188,0,0.02013289243144655,0,0,0,1,0,0,1,0,0,0,1.0,0,0.30691957473754883,-4.7916626499500126e-05,0.4852811098098755,0.3069192424398481,-4.5527932412786995e-05,0.48528114777356657,0.0005279557143655514,-0.0006960795805354982,4.060136078118192e-05,-0.03908244963446259,-0.8033378310219608,0.03174419905483467,-2.3717073351901377,0.008102496654563985,1.5929144397362807,0.7946307521541576,0.01999845143075296,0.02000158947036098,-0.21693181572570783,-0.09901617484874754,0.17805609609298548,-0.0836915618338259,0.042122660017804577,0.12048455284502746,0.04927455129618854,-7.814253056041484e-08,1.0428162427762039e-07,-0.1950518250465393,-0.13802828788757324,0.2,0.07237768173217773,0.05747494101524353,0.2,0.04919545948505402,-0.1950518250465393,-0.13802828788757324,0.2,0.07237768173217773,0.05747494101524353,0.2,0.04919545948505402,-0.0008814646037102764,0.0011744608287142517,-0.0008940774286450489,0.0005605489557152409,-0.0005781174921885027,0.001335961260540881,0.0,-0.2160692818178364,-0.10033686378843854,0.17895334156060214,-0.0842014713020533,0.0429331472853904,0.11974852559655248,0.04919545948505402,-0.2169507464215467,-0.09916240295972428,0.17805926413195708,-0.08364092234633806,0.042355029793201895,0.12108448685709336,0.04919545948505402,-0.2169507464215467,-0.09916240295972428,0.17805926413195708,-0.08364092234633806,0.042355029793201895,0.12108448685709336,0.04919545948505402,0.00015113967060794494,0.2807712466046162,0,0,0,0,panda_link7,obstacle,panda_link5,panda_link7
45,0.1875,1,45,2.4513590787013902e-06,1,,,0.007147612864791181,0,0.020131961619018125,0,0,0,1,0,0,1,0,0,0,1.0,0,0.3069218099117279,-5.092162246000953e-05,0.4852812886238098,0.3069214901558514,-4.849141811842818e-05,0.4852813206295958,0.0005510213294216722,-0.0007264902820700991,4.2375175010390166e-05,-0.03998642993830332,-0.8037505518702839,0.032486112655384494,-2.3720558351094536,0.008277945973358352,1.593416479052388,0.7948360643545928,0.01999845111233289,0.020001589897720506,-0.21695527292177572,-0.09905300359754618,0.17805926413195708,-0.08363998063578076,0.04210783651064817,0.12048943586573302,0.04927492810444687,-7.642081682269e-08,1.0256628634255915e-07,-0.19669638872146608,-0.13855971097946168,0.2,0.0728035569190979,0.056599664688110354,0.2,0.048920932412147525,-0.19669638872146608,-0.13855971097946168,0.2,0.0728035569190979,0.056599664688110354,0.2,0.048920932412147525,-0.0009208318666443697,0.0012271072755457824,-0.0009330646386889773,0.0005846557663632257,-0.0006031933626059813,0.0013953516706907503,0.0,-0.21683530418231017,-0.10048325887236428,0.17991594003672765,-0.08420325132279642,0.04266507182503895,0.11973930688767113,0.048920932412147525,-0.21775613604895455,-0.0992561515968185,0.17898287539803867,-0.0836185955564332,0.04206187846243297,0.12113465855836189,0.048920932412147525,-0.21775613604895455,-0.0992561515968185,0.17898287539803867,-0.0836185955564332,0.04206187846243297,0.12113465855836189,0.048920932412147525,0.00015107229710104709,0.2807055562369474,0,0,0,0,panda_link7,obstacle,panda_link5,panda_link7
46,0.19166666666666665,0,45,2.4906014744384285e-06,1,,,0.007066402850773507,0,0.020131010066494655,0,0,0,1,0,0,1,0,0,0,1.0,0,0.30692410469055176,-5.405795673141256e-05,0.48528143763542175,0.30692383489325425,-5.1582821021048905e-05,0.48528150094685846,0.0005745254206327066,-0.0007574790894754811,4.4182709356788523e-05,-0.04089376703475969,-0.8041636630939263,0.033231874636209656,-2.372404241933973,0.008452172295897757,1.593918725758646,0.7950402341638616,0.01999845088817215,0.020001590228428744,-0.2177609031495295,-0.09914669367417411,0.17898287539803867,-0.0836176378846546,0.04181431740945694,0.12053920950195357,0.04900075422453401,-5.379857736772034e-08,7.936997733918108e-08,-0.19669638872146608,-0.13855971097946168,0.2,0.0728035569190979,0.056599664688110354,0.2,0.048920932412147525,-0.19669638872146608,-0.13855971097946168,0.2,0.0728035569190979,0.056599664688110354,0.2,0.048920932412147525,-0.0009609781818971341,0.0012809936820881536,-0.0009727505886356705,0.0006095364817155885,-0.0006287078433859846,0.0014562997737047425,0.0,-0.21681990219502512,-0.10057266793820413,0.17995749831223767,-0.08417509784342367,0.042675457094260995,0.11968579177902056,0.048920932412147525,-0.21778088037692225,-0.09929167425611597,0.178984747723602,-0.08356556136170808,0.04204674925087501,0.1211420915527253,0.048920932412147525,-0.21778088037692225,-0.09929167425611597,0.178984747723602,-0.08356556136170808,0.04204674925087501,0.1211420915527253,0.048920932412147525,0.00015109785974064393,0.28063978776246423,0,0,0,0,panda_link7,obstacle,panda_link5,panda_link7
47,0.19583333333333333,0,45,2.531068824134997e-06,1,,,0.006985207432625623,0,0.020130039663596132,0,0,0,1,0,0,1,0,0,0,1.0,0,0.30692651867866516,-5.732314457418397e-05,0.4852816164493561,0.306926278471977,-5.4804540582125104e-05,0.4852816888653119,0.0005984645987594842,-0.0007890415342325696,4.602370317782954e-05,-0.04180120787011189,-0.804576921826743,0.03397764441839133,-2.372752427736132,0.008626333509635434,1.5944210003772636,0.7952444056525688,0.019998450574265084,0.02000159065154653,-0.21778580048452753,-0.0991820958760049,0.178984747723602,-0.08356459251817155,0.041798691297042515,0.12054590846820712,0.04900115728972041,-7.533769606424268e-08,1.0154826877734752e-07,-0.19669638872146608,-0.13855971097946168,0.2,0.0728035569190979,0.056599664688110354,0.2,0.048920932412147525,-0.19669638872146608,-0.13855971097946168,0.2,0.0728035569190979,0.056599664688110354,0.2,0.048920932412147525,-0.001001914153566345,0.0013358615079599285,-0.0010131541250293816,0.0006346415167717267,-0.0006546755720930318,0.0015182133663857037,0.0,-0.21680441409878026,-0.10066217750339997,0.17999903531698236,-0.084146904377997,0.04268585618747969,0.1196322541620562,0.048920932412147525,-0.2178063282523466,-0.09932631599544003,0.17898588119195297,-0.08351226286122528,0.04203118061538666,0.1211504675284419,0.048920932412147525,-0.2178063282523466,-0.09932631599544003,0.17898588119195297,-0.08351226286122528,0.04203118061538666,0.1211504675284419,0.048920932412147525,0.00015112365240939403,0.2805739723709899,0,0,0,0,panda_link7,obstacle,panda_link5,panda_link7
48,0.2,0,45,2.572428326810122e-06,1,,,0.006904027494854234,0,0.020129050398558987,0,0,0,1,0,0,1,0,0,0,1.0,0,0.3069290518760681,-6.071960160625167e-05,0.4852817952632904,0.3069288226978345,-5.8158957665728797e-05,0.4852818845238286,0.000622835482363155,-0.0008211731581065693,4.7897896430833554e-05,-0.0427087555555876,-0.8049903245265223,0.0347234189233578,-2.373100391404226,0.008800428049885255,1.5949233075353295,0.79544857872308,0.01999845026698956,0.02000159106802461,-0.21781144451416995,-0.09921664794704406,0.17898588119195297,-0.08351128034248034,0.041782689659956955,0.12055371793583425,0.04900153692267252,-7.374612584921253e-08,9.995473903168933e-08,-0.19669638872146608,-0.13855971097946168,0.2,0.0728035569190979,0.056599664688110354,0.2,0.048920932412147525,-0.19669638872146608,-0.13855971097946168,0.2,0.0728035569190979,0.056599664688110354,0.2,0.048920932412147525,-0.0010436361203263829,0.0013915836550135437,-0.0010542729568267474,0.0006601343217858589,-0.0006810938714453808,0.0015811075559604834,0.0,-0.2167888397114192,-0.10075178655116263,0.1800405508623036,-0.08411867112875582,0.04269626921462461,0.1195786943906122,0.048920932412147525,-0.2178324758317456,-0.09936020289614908,0.17898627790547686,-0.08345853680696996,0.04201517534317923,0.12115980194657268,0.048920932412147525,-0.2178324758317456,-0.09936020289614908,0.17898627790547686,-0.08345853680696996,0.04201517534317923,0.12115980194657268,0.048920932412147525,0.00015114967505660884,0.28050811032272693,0,0,0,0,panda_link7,obstacle,panda_link5,panda_link7
49,0.20416666666666666,0,45,2.611838992672422e-06,1,,,0.006822863846193447,0,0.02012804226072456,0,0,0,1,0,0,1,0,0,0,1.0,0,0.30693167448043823,-6.424971070373431e-05,0.48528197407722473,0.3069314693625684,-6.164843458137927e-05,0.4852820880601988,0.0006476346978051891,-0.0008538695131469625,4.9805029672988643e-05,-0.043616413002905925,-0.805403868047268,0.03546919508129728,-2.3734481311566102,0.008974454094961181,1.5954256512222404,0.7956527533789967,0.019998449965217567,0.020001591479021193,-0.21783778735639822,-0.09925044497897753,0.17898627790547686,-0.08345754057228758,0.04176625081822214,0.12056248485860344,0.04900191742000652,-7.242527801489332e-08,9.863918040307548e-08,-0.19669638872146608,-0.13855971097946168,0.2,0.0728035569190979,0.056599664688110354,0.2,0.048920932412147525,-0.19669638872146608,-0.13855971097946168,0.2,0.0728035569190979,0.056599664688110354,0.2,0.048920932412147525,-0.0010861431381597234,0.0014484429843488744,-0.0010960951452326164,0.0006861347813824847,-0.0007079537831757247,0.0016452914857882006,0.0,-0.21677317892227976,-0.10084149404372925,0.18008204466669467,-0.08409039829829551,0.042706696253737284,0.11952511284214085,0.048920932412147525,-0.21785932206043948,-0.09939305105938037,0.17898594952146205,-0.08340426351691302,0.04199874247056156,0.12117040432792904,0.048920932412147525,-0.21785932206043948,-0.09939305105938037,0.17898594952146205,-0.08340426351691302,0.04199874247056156,0.12117040432792904,0.048920932412147525,0.00015117592764177313,0.2804422019920726,0,0,0,0,panda_link7,obstacle,panda_link5,panda_link7
50,0.20833333333333334,1,50,2.64834996988542e-06,1,,,0.006741717729338251,0,0.020127015235559494,0,0,0,1,0,0,1,0,0,0,1.0,0,0.3069343864917755,-6.791585474275053e-05,0.48528218269348145,0.30693422024387973,-6.527531512689425e-05,0.48528229961113295,0.0006728588792473765,-0.0008871261616875106,5.174484406135067e-05,-0.04452418311936759,-0.8058175480608482,0.03621496987097004,-2.3737956447129784,0.009148409862592386,1.5959280367212756,0.7958569296233455,0.019998449668194702,0.020001591885310803,-0.2178648279507992,-0.0992832032592291,0.17898594952146205,-0.08340325352837333,0.04174938423148906,0.12057251976841687,0.0490022986437263,-7.128548768289833e-08,9.750950602082503e-08,-0.19831440448760987,-0.13916455507278444,0.2,0.07316330671310425,0.05577771067619324,0.2,0.04864210188388825,-0.19831440448760987,-0.13916455507278444,0.2,0.07316330671310425,0.05577771067619324,0.2,0.04864210188388825,-0.001129430104776209,0.0015065879446048717,-0.0011386079330801245,0.0007124858602007559,-0.0007352475391833967,0.0017107725149695585,0.0,-0.21753738431111286,-0.10102953225428832,0.18102034376378123,-0.084125501849003,0.04247600310210793,0.11956294132307489,0.04864210188388825,-0.21866681441588906,-0.09952294430968345,0.1798817358307011,-0.08341301598880224,0.04174075556292454,0.12127371383804444,0.04864210188388825,-0.21866681441588906,-0.09952294430968345,0.1798817358307011,-0.08341301598880224,0.04174075556292454,0.12127371383804444,0.04864210188388825,0.00015105682141358385,0.2803762477869859,0,0,0,0,panda_link7,obstacle,panda_link5,panda_link7
51,0.2125,0,50,2.689877556038423e-06,1,,,0.0066606596833165,0,0.020125966880866993,0,0,0,1,0,0,1,0,0,0,1.0,0,0.30693721771240234,-7.172507321229205e-05,0.48528239130973816,0.3069370771054617,-6.9041924631241e-05,0.4852825193122644,0.0006985046686518282,-0.0009209386763462537,5.371708135284326e-05,-0.04543531875532095,-0.8062317690832391,0.03696447710359796,-2.374143194671362,0.009321289222551757,1.5964308511914378,0.7960599455393315,0.019998449470219587,0.02000159218996522,-0.21867255262880578,-0.09941304537382506,0.1798817358307011,-0.08341199001196259,0.04149104639024902,0.12067547283893929,0.048723819836635214,-4.7514027467707165e-08,7.311705949855293e-08,-0.19831440448760987,-0.13916455507278444,0.2,0.07316330671310425,0.05577771067619324,0.2,0.04864210188388825,-0.19831440448760987,-0.13916455507278444,0.2,0.07316330671310425,0.05577771067619324,0.2,0.04864210188388825,-0.0011734692647652983,0.0015656215510534578,-0.0011817883778607531,0.0007392324408718456,-0.0007629603638356567,0.0017772691022459098,0.0,-0.21752162884527768,-0.10112003451218543,0.1810619957754838,-0.0840967645426265,0.042486600028421216,0.11950883960726041,0.04864210188388825,-0.21869509811004298,-0.09955441296113197,0.17988020739762303,-0.08335753210175466,0.04172363966458556,0.12128610870950632,0.04864210188388825,-0.21869509811004298,-0.09955441296113197,0.17988020739762303,-0.08335753210175466,0.04172363966458556,0.12128610870950632,0.04864210188388825,0.00015108334118611348,0.2803101907662399,0,0,0,0,panda_link7,obstacle,panda_link5,panda_link7
52,0.21666666666666667,0,50,2.730074634116729e-06,1,,,0.006579621660249335,0,0.020124899607540152,0,0,0,1,0,0,1,0,0,0,1.0,0,0.30694013833999634,-7.567495049443096e-05,0.4852825999259949,0.30694004169703165,-7.295056999738763e-05,0.4852827472981515,0.0007245687157809752,-0.0009553026400255109,5.5721483904257855e-05,-0.04634657288633196,-0.806646120690794,0.03771397796775472,-2.3744905133980354,0.009494095115390759,1.5969337140755588,0.7962629631771779,0.01999844917313902,0.020001592596623485,-0.21870099144264424,-0.09944438581315962,0.17988020739762303,-0.08335649440171522,0.041473414281360615,0.1206870921890503,0.04872423308315938,-7.129933640628167e-08,9.759798368742453e-08,-0.19831440448760987,-0.13916455507278444,0.2,0.07316330671310425,0.05577771067619324,0.2,0.04864210188388825,-0.19831440448760987,-0.13916455507278444,0.2,0.07316330671310425,0.05577771067619324,0.2,0.04864210188388825,-0.0012182813588935343,0.0016258244807098026,-0.001225650276224751,0.0007664956707732726,-0.0007910994675554529,0.0018450888726462712,0.0,-0.21750578592166683,-0.10121063306466119,0.18110362500055158,-0.08406798777054868,0.04249721072200882,0.11945471654698789,0.04864210188388825,-0.21872406728056037,-0.09958480858395138,0.17987797472432682,-0.0833014920997754,0.041706111254453365,0.12129980541963416,0.04864210188388825,-0.21872406728056037,-0.09958480858395138,0.17987797472432682,-0.0833014920997754,0.041706111254453365,0.12129980541963416,0.04864210188388825,0.00015111009375350115,0.2802440884874132,0,0,0,0,panda_link7,obstacle,panda_link5,panda_link7
53,0.22083333333333333,0,50,2.770493424010435e-06,1,,,0.006498605017796477,0,0.020123813396392742,0,0,0,1,0,0,1,0,0,0,1.0,0,0.3069431781768799,-7.976778579177335e-05,0.4852828085422516,0.30694311575436406,-7.7003539745154e-05,0.48528298370228057,0.0007510476781975683,-0.0009902136459118789,5.775779467225359e-05,-0.04725794852670312,-0.8070605985708216,0.03846346952910608,-2.37483759856653,0.009666826160024367,1.597436631659916,0.7964659824163332,0.019998448880512335,0.020001592998841942,-0.2187301536890784,-0.09947469120661662,0.17987797472432682,-0.08330044043873375,0.041455450712066064,0.12070022024569982,0.048724617397249176,-7.023040360636806e-08,9.653242984217908e-08,-0.19831440448760987,-0.13916455507278444,0.2,0.07316330671310425,0.05577771067619324,0.2,0.04864210188388825,-0.19831440448760987,-0.13916455507278444,0.2,0.07316330671310425,0.05577771067619324,0.2,0.04864210188388825,-0.001263858660839409,0.001686934610744527,-0.0012701916958161032,0.0007941619424682817,-0.0008196640965911919,0.0019139446411381169,0.0,-0.21748985539442825,-0.10130132669592695,0.18114523121795956,-0.0840391717757815,0.04250783529056879,0.1194005725596215,0.04864210188388825,-0.21875371405526767,-0.09961439208518243,0.17987503952214345,-0.08324500983331322,0.0416881711939776,0.12131451720075961,0.04864210188388825,-0.21875371405526767,-0.09961439208518243,0.17987503952214345,-0.08324500983331322,0.0416881711939776,0.12131451720075961,0.04864210188388825,0.00015113707893805382,0.280177941340581,0,0,0,0,panda_link7,obstacle,panda_link5,panda_link7
54,0.225,0,50,2.8088838367008183e-06,1,,,0.006417610677593402,0,0.02012270823308039,0,0,0,1,0,0,1,0,0,0,1.0,0,0.306946337223053,-8.400587103096768e-05,0.4852830469608307,0.30694630099932274,-8.120310405406326e-05,0.4852832286570679,0.0007779382212646797,-0.0010256672974762345,5.982575721335748e-05,-0.04816944849610018,-0.8074751993396883,0.03921294886044834,-2.3751844483339335,0.009839480641263656,1.5979396081754809,0.7966690032596137,0.019998448591779672,0.020001593397198904,-0.21875999265529444,-0.09950418452800437,0.17987503952214345,-0.0832439441768312,0.04143707549742934,0.12071436373558922,0.04872500238731703,-6.929583940733577e-08,9.560567107349399e-08,-0.19831440448760987,-0.13916455507278444,0.2,0.07316330671310425,0.05577771067619324,0.2,0.04864210188388825,-0.19831440448760987,-0.13916455507278444,0.2,0.07316330671310425,0.05577771067619324,0.2,0.04864210188388825,-0.0013101959297288819,0.0017490995063035911,-0.0013153998243946256,0.0008220742139202324,-0.0008486465588779577,0.0019838430061080107,0.0,-0.2174738371545686,-0.10139211435466466,0.18118681415972818,-0.08401031676638765,0.04251847380715829,0.11934640803250657,0.04864210188388825,-0.2187840330842975,-0.09964301484836108,0.17987141433533355,-0.08318824255246741,0.04166982724828033,0.12133025103861458,0.04864210188388825,-0.2187840330842975,-0.09964301484836108,0.17987141433533355,-0.08318824255246741,0.04166982724828033,0.12133025103861458,0.04864210188388825,0.00015116429668111632,0.28011174971014396,0,0,0,0,panda_link7,obstacle,panda_link5,panda_link7
55,0.22916666666666666,1,55,2.846826404010545e-06,1,,,0.006336639646801714,0,0.020121584102582073,0,0,0,1,0,0,1,0,0,0,1.0,0,0.30694958567619324,-8.839149086270481e-05,0.4852832853794098,0.3069495991398934,-8.555151480619254e-05,0.48528348229386276,0.0008052370181457008,-0.0010616592084737315,6.192511568396419e-05,-0.04908107559186673,-0.807889918995265,0.03996241308684557,-2.375531061512554,0.010012056877969312,1.5984426478863514,0.7968720257092688,0.01999844830668468,0.020001593791960457,-0.21879050298397285,-0.0995327173384119,0.17987141433533355,-0.08318716286897118,0.041418296809357304,0.12072953060891525,0.04872538791724649,-6.842279843795665e-08,9.474277315761268e-08,-0.2,-0.1398861050605774,0.2,0.07351369261741639,0.054858773946762085,0.2,0.04831548929214478,-0.2,-0.1398861050605774,0.2,0.07351369261741639,0.054858773946762085,0.2,0.04831548929214478,-0.001357293665137765,0.0018124645646902151,-0.001361267562701221,0.0008505119107940199,-0.000878039979580955,0.002055096695171119,0.0,-0.21825484347421717,-0.10161987701388814,0.18218197303436123,-0.08407582212949502,0.04222731192709004,0.11942800606089435,0.04831548929214478,-0.21961213713935493,-0.09980741244919793,0.18082070547166001,-0.083225310218701,0.041349271947509085,0.12148310275606547,0.04831548929214478,-0.21961213713935493,-0.09980741244919793,0.18082070547166001,-0.083225310218701,0.041349271947509085,0.12148310275606547,0.04831548929214478,0.00015099926744306644,0.2800455138888415,0,0,0,0,panda_link7,obstacle,panda_link5,panda_link7
56,0.23333333333333334,0,55,2.8899248903660643e-06,1,,,0.006255762943758375,0,0.02012043777981054,0,0,0,1,0,0,1,0,0,0,1.0,0,0.30695295333862305,-9.293187758885324e-05,0.4852835237979889,0.30695301187021634,-9.005100562902459e-05,0.4852837447429495,0.0008329407498043443,-0.0010981850029438043,6.405561484033629e-05,-0.04999615407847012,-0.8083053234465548,0.04071583269297748,-2.375877829071624,0.010183296045374834,1.5989463231010848,0.7970736887401423,0.019998448127643995,0.02000159407783144,-0.21961883678481345,-0.09969706830956408,0.18082070547166001,-0.08322421417666254,0.04109740017732534,0.12088205153599488,0.04839912740963201,-4.2969764377318725e-08,6.86090362812461e-08,-0.2,-0.1398861050605774,0.2,0.07351369261741639,0.054858773946762085,0.2,0.04831548929214478,-0.2,-0.1398861050605774,0.2,0.07351369261741639,0.054858773946762085,0.2,0.04831548929214478,-0.001405122451238927,0.0018767703494301704,-0.001407765827161161,0.0008793591474340718,-0.0009078268206141049,0.002127419910623956,0.0,-0.21823875185683536,-0.10171146365147835,0.1822237335426259,-0.0840464802704829,0.04223815539703681,0.11937330438170385,0.04831548929214478,-0.21964387430807428,-0.09983469330204818,0.18081596771546474,-0.08316712112304883,0.04133032857642271,0.1215007242923278,0.04831548929214478,-0.21964387430807428,-0.09983469330204818,0.18081596771546474,-0.08316712112304883,0.04133032857642271,0.1215007242923278,0.04831548929214478,0.00015102664208136357,0.2799791526225915,0,0,0,0,panda_link7,obstacle,panda_link5,panda_link7
57,0.2375,0,55,2.9307756035650668e-06,1,,,0.006174912263483781,0,0.02011927244166821,0,0,0,1,0,0,1,0,0,0,1.0,0,0.3069564402103424,-9.762425179360434e-05,0.4852837920188904,0.3069565408706186,-9.470379193829851e-05,0.4852840161335503,0.000861046105004642,-0.0011352403152101638,6.621700003860399e-05,-0.050911365435442064,-0.8087208410117473,0.04146923255845859,-2.3762243541265313,0.01035445407640012,1.5994500683896173,0.7972753535296464,0.019998447838903175,0.020001594476592333,-0.21965072567326718,-0.09972421564619671,0.18081596771546474,-0.08316601317781283,0.04107792744606848,0.12089886924783119,0.048399549480987965,-6.929779658697982e-08,9.570261390789633e-08,-0.2,-0.1398861050605774,0.2,0.07351369261741639,0.054858773946762085,0.2,0.04831548929214478,-0.2,-0.1398861050605774,0.2,0.07351369261741639,0.054858773946762085,0.2,0.04831548929214478,-0.0014536989586328743,0.0019421609403114362,-0.001454908997802593,0.0009084608817884868,-0.0009380163493422685,0.0022008170552816134,0.0,-0.21822257145458726,-0.10180314235192173,0.18226546977529995,-0.08401709946314553,0.04224901245472706,0.11931858252637512,0.04831548929214478,-0.21967627041322013,-0.09986098141161029,0.18081056077749735,-0.08310863858135704,0.04131099610538479,0.12151939958165672,0.04831548929214478,-0.21967627041322013,-0.09986098141161029,0.18081056077749735,-0.08310863858135704,0.04131099610538479,0.12151939958165672,0.04831548929214478,0.00015105425235392505,0.2799127479012128,0,0,0,0,panda_link7,obstacle,panda_link5,panda_link7
58,0.24166666666666667,0,55,2.974048490950251e-06,1,,,0.0060940887324889975,0,0.020118088068158776,0,0,0,1,0,0,1,0,0,0,1.0,0,0.3069600462913513,-0.0001024708035402,0.4852840304374695,0.3069601878076467,-9.951207098086129e-05,0.4852842965938276,0.0008895497803109469,-0.001172820789880801,6.840901723476536e-05,-0.051826712568403994,-0.8091364677344142,0.042222609895031495,-2.3765706354448812,0.010525529737875627,1.599953889123852,0.7974770199388197,0.019998447553994776,0.02000159487152336,-0.21968331191086243,-0.09975041344003989,0.18081056077749735,-0.08310751640396846,0.041058158754121984,0.12091697621634928,0.048399938201594425,-6.837801547849784e-08,9.478344665603614e-08,-0.2,-0.1398861050605774,0.2,0.07351369261741639,0.054858773946762085,0.2,0.04831548929214478,-0.2,-0.1398861050605774,0.2,0.07351369261741639,0.054858773946762085,0.2,0.04831548929214478,-0.0015030211898700492,0.0020083714109522506,-0.0015027022990091142,0.0009381398409297764,-0.0009686095200127775,0.0022753065862759696,0.0,-0.21820630208135777,-0.10189491206115094,0.18230718157781944,-0.08398767992317725,0.04225988319548247,0.11926384086609629,0.04831548929214478,-0.21970932327122783,-0.09988654065019868,0.18080447927881033,-0.08304954008224748,0.04129127367546969,0.12153914745237225,0.04831548929214478,-0.21970932327122783,-0.09988654065019868,0.18080447927881033,-0.08304954008224748,0.04129127367546969,0.12153914745237225,0.04831548929214478,0.00015108209816969853,0.27984629999560634,0,0,0,0,panda_link7,obstacle,panda_link5,panda_link7
59,0.24583333333333332,0,55,3.0150322828696317e-06,1,,,0.006013293315518156,0,0.020116884641340392,0,0,0,1,0,0,1,0,0,0,1.0,0,0.3069637715816498,-0.00010747373744379729,0.48528429865837097,0.30696395433409923,-0.0001044780218775187,0.4852845862508864,0.0009184484800879325,-0.0012109220818479855,7.063141298468627e-05,-0.05274219821034509,-0.8095522005758121,0.042975961892026536,-2.376916670460037,0.01069652140047691,1.6004577897635144,0.7976786879719755,0.019998447271747325,0.020001595263834396,-0.2197165540658629,-0.09977588193551214,0.18080447927881033,-0.08304840363729812,0.041037999024307985,0.12093615351893963,0.04840032795740147,-6.773938829524387e-08,9.415464825206568e-08,-0.2,-0.1398861050605774,0.2,0.07351369261741639,0.054858773946762085,0.2,0.04831548929214478,-0.2,-0.1398861050605774,0.2,0.07351369261741639,0.054858773946762085,0.2,0.04831548929214478,-0.001553082863990241,0.002075685981933192,-0.0015511263210099585,0.0009680788613317873,-0.0009995954601206317,0.002350890224564311,0.0,-0.2181899436937139,-0.10198677166570327,0.18234886861311275,-0.08395822187168293,0.04227076764554506,0.11920907981807052,0.04831548929214478,-0.21974302655770414,-0.09991108568377008,0.1807977422921028,-0.08299014301035115,0.04127117218542443,0.12155997004263483,0.04831548929214478,-0.21974302655770414,-0.09991108568377008,0.1807977422921028,-0.08299014301035115,0.04127117218542443,0.12155997004263483,0.04831548929214478,0.00015111017944577934,0.279779809393119,0,0,0,0,panda_link7,obstacle,panda_link5,panda_link7
60,0.25,1,60,3.0535153377681175e-06,1,,,0.00593252712574871,0,0.02011566214256439,0,0,0,1,0,0,1,0,0,0,1.0,0,0.3069676160812378,-0.0001126352435676381,0.48528459668159485,0.3069678420890591,-0.00010960380566588659,0.485284885230777,0.0009477389165005917,-0.0012495398562882652,7.288393444410025e-05,-0.0536578250676763,-0.8099680353119972,0.04372928581824363,-2.377262457927839,0.010867427488742193,1.6009617747973386,0.7978803576305961,0.019998446992349105,0.02000159565333699,-0.21975044575949074,-0.09980033668442348,0.1807977422921028,-0.08298899227259393,0.04101746118366775,0.12095640811778624,0.04840071806893535,-6.705557295018372e-08,9.348062220398273e-08,-0.2,-0.14082711935043335,0.2,0.07385628819465638,0.05374020338058472,0.2,0.04789798855781555,-0.2,-0.14082711935043335,0.2,0.07385628819465638,0.05374020338058472,0.2,0.04789798855781555,-0.0016038797267112132,0.002144114062933161,-0.0016001736381313755,0.0009982806968114116,-0.0010309690275684931,0.0024275778122924982,0.0,-0.21789142747757967,-0.1022609933889689,0.18271582802527808,-0.08409185005814221,0.0413711561854328,0.1193933347828223,0.04789798855781555,-0.2194953072042909,-0.10011687932603573,0.18111565438714672,-0.08309356936133079,0.040340187157864305,0.1218209125951148,0.04789798855781555,-0.2194953072042909,-0.10011687932603573,0.18111565438714672,-0.08309356936133079,0.040340187157864305,0.1218209125951148,0.04789798855781555,0.00015097372464717855,0.27971327639541016,0,0,0,0,panda_link7,obstacle,panda_link5,panda_link7
61,0.25416666666666665,0,60,3.0940600598537493e-06,1,,,0.005851968957061193,0,0.02011441558629653,0,0,0,1,0,0,1,0,0,0,1.0,0,0.30697157979011536,-0.00011795903265010566,0.4852848947048187,0.3069718526979261,-0.00011489156534324187,0.48528519365849765,0.0009774178095142384,-0.0012886697886624664,7.516632936860871e-05,-0.05457242067646175,-0.8103847271274551,0.04448393437819008,-2.3776086762699467,0.011034452595511206,1.6014668446277434,0.7980802893414022,0.01999844674165087,0.020001596013436155,-0.2195029461085078,-0.10000603570989508,0.18111565438714672,-0.08309240210576618,0.04008602562456322,0.12121675929712403,0.047983610593465995,-6.016757678152171e-08,8.642379943808731e-08,-0.2,-0.14082711935043335,0.2,0.07385628819465638,0.05374020338058472,0.2,0.04789798855781555,-0.2,-0.14082711935043335,0.2,0.07385628819465638,0.05374020338058472,0.2,0.04789798855781555,-0.0016554039333622913,0.0022135289545685316,-0.0016498397164248265,0.0010289062952781023,-0.001062728824425531,0.0025053816719120825,0.0,-0.21787525852593279,-0.10235274995540634,0.18275752937635167,-0.08406221781481221,0.04138244004649487,0.11933865701516529,0.04789798855781555,-0.2195306624592951,-0.10013922100083782,0.18110768965992685,-0.08303331151953411,0.040319711222069336,0.12184403868707737,0.04789798855781555,-0.2195306624592951,-0.10013922100083782,0.18110768965992685,-0.08303331151953411,0.040319711222069336,0.12184403868707737,0.04789798855781555,0.0001510008812183651,0.27964658513521173,0,0,0,0,panda_link7,obstacle,panda_link5,panda_link7
62,0.2583333333333333,0,60,3.1325001450798118e-06,1,,,0.005771442976087449,0,0.02011314987037173,0,0,0,1,0,0,1,0,0,0,1.0,0,0.30697569251060486,-0.00012344562856014818,0.4852851927280426,0.3069759877724496,-0.00012034342590937404,0.4852855116579965,0.0010074818868945061,-0.001328307564715694,7.747834611368074e-05,-0.05548716424545459,-0.8108015116769752,0.045238549751773105,-2.3779546434868104,0.011201390631659805,1.6019720085567055,0.7982802226734578,0.01999844646476239,0.02000159640055301,-0.21953845655828183,-0.10002829188481552,0.18110768965992685,-0.0830321320473516,0.040065128675663524,0.12123934295090427,0.04798399969334024,-6.645323466763359e-08,9.290804519170373e-08,-0.2,-0.14082711935043335,0.2,0.07385628819465638,0.05374020338058472,0.2,0.04789798855781555,-0.2,-0.14082711935043335,0.2,0.07385628819465638,0.05374020338058472,0.2,0.04789798855781555,-0.0017076522932741776,0.0022836652987991844,-0.0017001282021483464,0.0010598436263741721,-0.0010948750921425884,0.002584014541395741,0.0,-0.21785900038523393,-0.10244459358600908,0.18279920598258959,-0.08403254774272398,0.04139373767920439,0.11928396071263928,0.04789798855781555,-0.2195666526785081,-0.10016092828720989,0.18109907778044124,-0.08297270411634981,0.0402988625870618,0.12186797525403502,0.04789798855781555,-0.2195666526785081,-0.10016092828720989,0.18109907778044124,-0.08297270411634981,0.0402988625870618,0.12186797525403502,0.04789798855781555,0.0001510282720257303,0.2795798524010941,0,0,0,0,panda_link7,obstacle,panda_link5,panda_link7
63,0.2625,0,60,3.1748796645469285e-06,1,,,0.0056909498624465316,0,0.02011186497781784,0,0,0,1,0,0,1,0,0,0,1.0,0,0.3069798946380615,-0.00012909722863696516,0.4852854907512665,0.30698024891076087,-0.00012596149440943604,0.4852858393521746,0.0010379278842073503,-0.0013684488804773332,7.981973363465334e-05,-0.05640205855092563,-0.8112183862972052,0.045993129242524945,-2.3783003581126363,0.011368239980569555,1.6024772698527574,0.7984801576414327,0.01999844618976392,0.020001596785803304,-0.21957463331304897,-0.10004990885519664,0.18109907778044124,-0.0829715101982445,0.04004384373834019,0.1212627110524761,0.047984392313961226,-6.59996329090487e-08,9.246007078196616e-08,-0.2,-0.14082711935043335,0.2,0.07385628819465638,0.05374020338058472,0.2,0.04789798855781555,-0.2,-0.14082711935043335,0.2,0.07385628819465638,0.05374020338058472,0.2,0.04789798855781555,-0.0017606291144790917,0.002355079532718208,-0.001751019176645771,0.0010913276488829758,-0.0011273924428869722,0.0026640831109703235,0.0,-0.2178426529778245,-0.10253652334214705,0.18284085756312937,-0.08400284003186052,0.041405049106864614,0.11922924624359996,0.04789798855781555,-0.2196032820923036,-0.10018144380942884,0.1810898383864836,-0.08291151238297755,0.04027765666397764,0.12189332935457028,0.04789798855781555,-0.2196032820923036,-0.10018144380942884,0.1810898383864836,-0.08291151238297755,0.04027765666397764,0.12189332935457028,0.04789798855781555,0.00015105589708156708,0.27951307856492347,0,0,0,0,panda_link7,obstacle,panda_link5,panda_link7
64,0.26666666666666666,0,60,3.212262080186278e-06,1,,,0.005610491157370973,0,0.020110560883142087,0,0,0,1,0,0,1,0,0,0,1.0,0,0.3069842457771301,-0.00013491592835634947,0.48528581857681274,0.3069846376974056,-0.0001317478599767953,0.48528617686288833,0.0010687525448190441,-0.0014090894422610451,8.219024148673111e-05,-0.057317106252685567,-0.8116353460222727,0.04674767023580196,-2.3786458177126013,0.011534999152713495,1.6029826344215352,0.7986800942483998,0.019998445916210854,0.02000159716965305,-0.21961144842238545,-0.10007033401620061,0.1810898383864836,-0.08291030399158969,0.0400222013145458,0.1212874965066485,0.04798478567211252,-6.565273595994861e-08,9.212393893825305e-08,-0.2,-0.14082711935043335,0.2,0.07385628819465638,0.05374020338058472,0.2,0.04789798855781555,-0.2,-0.14082711935043335,0.2,0.07385628819465638,0.05374020338058472,0.2,0.04789798855781555,-0.0018143202989692523,0.0024273703991657424,-0.0018025114838400268,0.0011229687314374328,-0.0011602830220004937,0.002744995250169627,0.0,-0.21782621617812017,-0.10262853802379084,0.18288248390599338,-0.08397309492442089,0.0414163744349943,0.11917451404731955,0.04789798855781555,-0.21964053647708942,-0.1002011676246251,0.18107997242215335,-0.08285012619298346,0.04025609141299381,0.12191950929748917,0.04789798855781555,-0.21964053647708942,-0.1002011676246251,0.18107997242215335,-0.08285012619298346,0.04025609141299381,0.12191950929748917,0.04789798855781555,0.00015108375619810648,0.2794462640589973,0,0,0,0,panda_link7,obstacle,panda_link5,panda_link7
65,0.2708333333333333,1,65,3.251353268247769e-06,1,,,0.005530067660989166,0,0.020109237567619398,0,0,0,1,0,0,1,0,0,0,1.0,0,0.3069887161254883,-0.00014090385229792446,0.485286146402359,0.3069891557033763,-0.00013770459387588526,0.48528652431095154,0.0010999526198961832,-0.0014502249666647716,8.458961982498656e-05,-0.058232309951212965,-0.8120523875544007,0.04750217012089426,-2.3789910214763723,0.0117016666528086,1.6034881057097718,0.7988800324964961,0.019998445644102518,0.020001597552110884,-0.21964888764657653,-0.10008996771070133,0.18107997242215335,-0.08284890330501943,0.040000200022825165,0.12131310917680999,0.04798517954310286,-6.530600063243269e-08,9.178987956867668e-08,-0.2,-0.14182858467102052,0.2,0.07418803572654724,0.05258435010910034,0.2,0.04745269119739533,-0.2,-0.14182858467102052,0.2,0.07418803572654724,0.05258435010910034,0.2,0.04745269119739533,-0.0018687271761848832,0.0025006834929339984,-0.001854598270095257,0.0011550453954090963,-0.0011935398301839355,0.002827063216516165,0.0,-0.21751985215853975,-0.10292269816548962,0.18326156370707233,-0.08412442895760083,0.04048745019302371,0.11938507135481642,0.04745269119739533,-0.21938857933472464,-0.10042201467255561,0.18140696543697707,-0.08296938356219173,0.03929391036283977,0.12221213457133259,0.04745269119739533,-0.21938857933472464,-0.10042201467255561,0.18140696543697707,-0.08296938356219173,0.03929391036283977,0.12221213457133259,0.04745269119739533,0.00015091868584662555,0.27937940915945014,0,0,0,0,panda_link7,obstacle,panda_link5,panda_link7
66,0.275,0,65,3.2944622677415346e-06,1,,,0.005449858954584108,0,0.020107889451756268,0,0,0,1,0,0,1,0,0,0,1.0,0,0.306993305683136,-0.000147064623888582,0.4852864742279053,0.3069938044861452,-0.00014383374954505653,0.48528688181613855,0.0011315248684056827,-0.0014918511805707328,8.701761940435994e-05,-0.059146464724694946,-0.812470348893197,0.048258032476881665,-2.3793367220761854,0.011864323199012112,1.6039947938319503,0.7990781169906119,0.019998445400383123,0.020001597905456612,-0.21939714563567525,-0.10031072131111324,0.18140696543697707,-0.08296814395514529,0.039037571088842975,0.12160514932283734,0.047540278587791744,-5.849265524715541e-08,8.480297481079646e-08,-0.2,-0.14182858467102052,0.2,0.07418803572654724,0.05258435010910034,0.2,0.04745269119739533,-0.2,-0.14182858467102052,0.2,0.07418803572654724,0.05258435010910034,0.2,0.04745269119739533,-0.0019238416205516736,0.002575029320159953,-0.001907269675312146,0.0011875580382554702,-0.0012271596264483852,0.002910294345004526,0.0,-0.21750362015683877,-0.10301459003815255,0.1833032140135933,-0.08409451294918045,0.040499195105889584,0.11933042547367428,0.04745269119739533,-0.21942746177739045,-0.10043956071799261,0.18139594433828116,-0.08290695491092498,0.0392720354794412,0.12224071981867882,0.04745269119739533,-0.21942746177739045,-0.10043956071799261,0.18139594433828116,-0.08290695491092498,0.0392720354794412,0.12224071981867882,0.04745269119739533,0.00015094554252071768,0.2793123851194254,0,0,0,0,panda_link7,obstacle,panda_link5,panda_link7
67,0.2791666666666667,0,65,3.332215374072295e-06,1,,,0.005369688589611343,0,0.020106522012795294,0,0,0,1,0,0,1,0,0,0,1.0,0,0.30699804425239563,-0.00015339867968577892,0.4852868318557739,0.3069985855896963,-0.00015013736263942744,0.48528724949718627,0.001163466057114778,-0.0015339638211454266,8.947399157965919e-05,-0.06006078214463684,-0.8128883829798005,0.049013848911624504,-2.3796821625048827,0.012026886835080523,1.6045015987734907,0.7992762031250562,0.01999844512795469,0.020001598288387077,-0.21943618078605387,-0.10032818078483974,0.18139594433828116,-0.08290570288731483,0.03901527265641877,0.12163318596972619,0.047540672266618136,-6.538282432307085e-08,9.19033114957224e-08,-0.2,-0.14182858467102052,0.2,0.07418803572654724,0.05258435010910034,0.2,0.04745269119739533,-0.2,-0.14182858467102052,0.2,0.07418803572654724,0.05258435010910034,0.2,0.04745269119739533,-0.00197965821194324,0.0026502779715404435,-0.001960521744491238,0.0012202351947999208,-0.0012611384510980476,0.0029943962410093287,0.0,-0.2174872986888525,-0.10310656408972368,0.18334483905618365,-0.08406456020197407,0.04051095386659235,0.11927576270354386,0.04745269119739533,-0.21946695690079573,-0.10045628611818325,0.1813843173116924,-0.08284432500717415,0.0392498154154943,0.12227015894455319,0.04745269119739533,-0.21946695690079573,-0.10045628611818325,0.1813843173116924,-0.08284432500717415,0.0392498154154943,0.12227015894455319,0.04745269119739533,0.00015097263206613284,0.2792453217119456,0,0,0,0,panda_link7,obstacle,panda_link5,panda_link7
68,0.2833333333333333,0,65,3.3731781439846794e-06,1,,,0.005289557406987555,0,0.02010513523004325,0,0,0,1,0,0,1,0,0,0,1.0,0,0.3070029020309448,-0.00015990808606147766,0.4852871894836426,0.307003500544558,-0.000156617451073736,0.48528762747179693,0.0011957729605910248,-0.0015765586358396306,9.195848830556016e-05,-0.060975264890148824,-0.8133064863808224,0.049769616900423225,-2.380027341914653,0.012189356073029196,1.6050085240168548,0.799474290910518,0.01999844485672282,0.020001598670139835,-0.21947585892287705,-0.10034481624524111,0.1813843173116924,-0.08284305834486527,0.03899261710768174,0.12166205840738226,0.04754106851082946,-6.509564890073982e-08,9.162066186415782e-08,-0.2,-0.14182858467102052,0.2,0.07418803572654724,0.05258435010910034,0.2,0.04745269119739533,-0.2,-0.14182858467102052,0.2,0.07418803572654724,0.05258435010910034,0.2,0.04745269119739533,-0.002036178656264948,0.0027265752040830284,-0.0020143476693886895,0.0012533550868859735,-0.0012954692407397674,0.003079681072552037,0.0,-0.21747088761559055,-0.10319861942471728,0.18338643864915183,-0.0840345709020913,0.04052272653562161,0.11922108339863553,0.04745269119739533,-0.2195070662718555,-0.10047204422063426,0.18137209097976315,-0.08278121581520533,0.03922725729488184,0.12230076447118757,0.04745269119739533,-0.2195070662718555,-0.10047204422063426,0.18137209097976315,-0.08278121581520533,0.03922725729488184,0.12230076447118757,0.04745269119739533,0.00015099995448767273,0.2791782192202661,0,0,0,0,panda_link7,obstacle,panda_link5,panda_link7
69,0.2875,0,65,3.4145016743808815e-06,1,,,0.005209466631294235,0,0.020103729077884547,0,0,0,1,0,0,1,0,0,0,1.0,0,0.30700787901878357,-0.00016659486573189497,0.4852875769138336,0.30700855086783574,-0.00016327601506519067,0.48528801585664033,0.0012284423612022991,-0.0016196313823884,9.447086213660636e-05,-0.06188991551726135,-0.8137246550647146,0.050525333946172236,-2.3803722583083538,0.01235172950129083,1.6055155744160252,0.799672380350803,0.01999844458598981,0.020001599051443632,-0.21951615050700576,-0.10036048413411952,0.18137209097976315,-0.0827799344881516,0.0389696227827922,0.12169209580089724,0.047541465668401534,-6.497592220950504e-08,9.151291178967e-08,-0.2,-0.14182858467102052,0.2,0.07418803572654724,0.05258435010910034,0.2,0.04745269119739533,-0.2,-0.14182858467102052,0.2,0.07418803572654724,0.05258435010910034,0.2,0.04745269119739533,-0.0020933976644205605,0.0028040664787921405,-0.0020687329335797285,0.0012867602794740592,-0.0013301434341448748,0.0031661531659820494,0.0,-0.2174543868397466,-0.10329075496551936,0.18342801256137847,-0.0840045452700861,0.04053451317143134,0.11916638796991139,0.04745269119739533,-0.21954778450416718,-0.10048668848672722,0.18135927962779874,-0.08271778499061205,0.03920436973728647,0.12233254113589344,0.04745269119739533,-0.21954778450416718,-0.10048668848672722,0.18135927962779874,-0.08271778499061205,0.03920436973728647,0.12233254113589344,0.04745269119739533,0.00015102750967742947,0.27911107805067914,0,0,0,0,panda_link7,obstacle,panda_link5,panda_link7
70,0.2916666666666667,1,70,3.452667274830392e-06,1,,,0.005129417568246905,0,0.02010230352992092,0,0,0,1,0,0,1,0,0,0,1.0,0,0.30701303482055664,-0.00017346104141324759,0.48528793454170227,0.30701373806324445,-0.00017011503717632146,0.48528841476735673,0.001261471049116798,-0.0016631778288110706,9.701086622720916e-05,-0.06280473655941321,-0.8141428843913933,0.051280997611288064,-2.3807169103457677,0.012514005748931165,1.6060227548558486,0.7998704714480912,0.019998444315810295,0.020001599432252277,-0.21955705011644813,-0.10037503840288586,0.18135927962779874,-0.08271648897935288,0.038946299433680456,0.1217233055575753,0.04754186334915284,-6.484308336064323e-08,9.139407482856507e-08,-0.2,-0.14284112453460693,0.2,0.07451430559158326,0.0514269232749939,0.2,0.04700340926647187,-0.2,-0.14284112453460693,0.2,0.07451430559158326,0.0514269232749939,0.2,0.04700340926647187,-0.00215130362742572,0.0028819376382291945,-0.0021236994942276117,0.0013205407587407749,-0.0013651747693393219,0.003253232383911172,0.0,-0.21714907819227647,-0.10358894486897835,0.1838086505817819,-0.0841594681474101,0.03960518816456013,0.11938305790101628,0.04700340926647187,-0.21930038181970218,-0.10070700723074916,0.18168495108755428,-0.08283892738866933,0.038240013395220804,0.12263629028492745,0.04700340926647187,-0.21930038181970218,-0.10070700723074916,0.18168495108755428,-0.08283892738866933,0.038240013395220804,0.12263629028492745,0.04700340926647187,0.00015085641491264254,0.27904389851655304,0,0,0,0,panda_link7,obstacle,panda_link5,panda_link7
71,0.29583333333333334,0,70,3.4955884785876642e-06,1,,,0.005049588988115736,0,0.020100852775211106,0,0,0,1,0,0,1,0,0,0,1.0,0,0.3070182800292969,-0.00018051017832476646,0.4852883517742157,0.3070190636211409,-0.0001771364823578311,0.4852888243185589,0.0012948558223030366,-0.0017071937534112534,9.95782543316476e-05,-0.06371852763149363,-0.8145620313205407,0.052038018240819536,-2.381062067072955,0.012672261972702038,1.6065311984619548,0.800066692208408,0.019998444070598073,0.020001599787447255,-0.2193098572993016,-0.10059526299537838,0.18168495108755428,-0.0828376145250187,0.037981493705009396,0.1220264654654803,0.04709298247602785,-5.885093327983107e-08,8.524679457862575e-08,-0.2,-0.14284112453460693,0.2,0.07451430559158326,0.0514269232749939,0.2,0.04700340926647187,-0.2,-0.14284112453460693,0.2,0.07451430559158326,0.0514269232749939,0.2,0.04700340926647187,-0.002209899927638926,0.00296143255388581,-0.00217919429964742,0.0013545650004371276,-0.0014005327874468357,0.0033418083063713844,0.0,-0.21713278478380482,-0.10368094788381672,0.18385025068122574,-0.08412927739982633,0.03961739794967723,0.11932844849777466,0.04700340926647187,-0.21934268471144375,-0.10071951532993091,0.18167105638157832,-0.0827747123993892,0.0382168651622304,0.12267025680414605,0.04700340926647187,-0.21934268471144375,-0.10071951532993091,0.18167105638157832,-0.0827747123993892,0.0382168651622304,0.12267025680414605,0.04700340926647187,0.00015088295573744258,0.27897654936215033,0,0,0,0,panda_link7,obstacle,panda_link5,panda_link7
72,0.3,0,70,3.535230038880074e-06,1,,,0.004969805097047933,0,0.0200993825163793,0,0,0,1,0,0,1,0,0,0,1.0,0,0.30702370405197144,-0.00018774256750475615,0.48528873920440674,0.30702452901855637,-0.00018434229799144656,0.48528924462383494,0.0013285934865298536,-0.0017516749447768422,0.0001021727808040686,-0.06463249559509036,-0.8149812300110947,0.05279498097574278,-2.381406956184999,0.012830419991626495,1.607039781335198,0.8002629146205358,0.019998443799183533,0.020001600169634703,-0.21935231126321483,-0.1006076857329509,0.18167105638157832,-0.08277338689046299,0.03795792454186991,0.12205988957836508,0.047093378910673264,-6.513949001767452e-08,9.172498751470679e-08,-0.2,-0.14284112453460693,0.2,0.07451430559158326,0.0514269232749939,0.2,0.04700340926647187,-0.2,-0.14284112453460693,0.2,0.07451430559158326,0.0514269232749939,0.2,0.04700340926647187,-0.002269175541055177,0.00304132364632371,-0.002235257791611524,0.0013889690085586404,-0.0014362392894717987,0.003431008158720429,0.0,-0.21711640154419784,-0.10377302839394946,0.18389182518664376,-0.08409905096583671,0.03962962165695046,0.11927382380063026,0.04700340926647187,-0.21938557708525303,-0.10073170474762574,0.18165656739503225,-0.08271008195727807,0.038193382367478663,0.12270483195935068,0.04700340926647187,-0.21938557708525303,-0.10073170474762574,0.18165656739503225,-0.08271008195727807,0.038193382367478663,0.12270483195935068,0.04700340926647187,0.00015090972812536083,0.27890916274948324,0,0,0,0,panda_link7,obstacle,panda_link5,panda_link7
73,0.30416666666666664,0,70,3.5770627245377146e-06,1,,,0.004890066289502795,0,0.020097892733235916,0,0,0,1,0,0,1,0,0,0,1.0,0,0.30702924728393555,-0.00019516024622134864,0.48528915643692017,0.30703013571922916,-0.00019173441393276972,0.4852896757957507,0.0013626808553664049,-0.001796617201780006,0.00010479420059848677,-0.065546643025412,-0.8154004791146898,0.053551883339888744,-2.3817515759417756,0.012988478347610318,1.6075485059009174,0.8004591387011303,0.019998443527584554,0.020001600552049664,-0.21939538327719155,-0.10061978486282822,0.18165656739503225,-0.08270874162645159,0.03793400543611741,0.12209389577266605,0.047093779342677354,-6.518375505028609e-08,9.177959080447842e-08,-0.2,-0.14284112453460693,0.2,0.07451430559158326,0.0514269232749939,0.2,0.04700340926647187,-0.2,-0.14284112453460693,0.2,0.07451430559158326,0.0514269232749939,0.2,0.04700340926647187,-0.002329133507442948,0.003122441621202602,-0.0022918526837546215,0.0014236673064975977,-0.0014722699286910295,0.0035214290554445595,0.0,-0.21709992849323526,-0.10386518552853446,0.18393337372887228,-0.08406878902556818,0.039641859219630565,0.11921918417610072,0.04700340926647187,-0.21942906200067822,-0.10074274390733186,0.18164152104511766,-0.08264512171907058,0.03816958929093953,0.12274061323154528,0.04700340926647187,-0.21942906200067822,-0.10074274390733186,0.18164152104511766,-0.08264512171907058,0.03816958929093953,0.12274061323154528,0.04700340926647187,0.00015093673214210357,0.2788417391233962,0,0,0,0,panda_link7,obstacle,panda_link5,panda_link7
74,0.30833333333333335,0,70,3.6187833983501944e-06,1,,,0.004810373942863183,0,0.02009638339635169,0,0,0,1,0,0,1,0,0,0,1.0,0,0.3070349395275116,-0.00020276512077543885,0.4852895736694336,0.30703588517363684,-0.00019931474255412894,0.48529011794585225,0.00139711475018217,-0.0018420163335771957,0.00010744226926878463,-0.06646097238788584,-0.8158197738403393,0.05430872301091007,-2.382095924969077,0.013146435751537556,1.6080573771943096,0.8006553644516573,0.0199984432562063,0.020001600934287822,-0.21943904699372443,-0.10063073415587236,0.18164152104511766,-0.08264376655230912,0.03790977694253701,0.12212911041412508,0.04709418012647648,-6.513078035490921e-08,9.173715806009425e-08,-0.2,-0.14284112453460693,0.2,0.07451430559158326,0.0514269232749939,0.2,0.04700340926647187,-0.2,-0.14284112453460693,0.2,0.07451430559158326,0.0514269232749939,0.2,0.04700340926647187,-0.0023897660236559403,0.0032043829662978494,-0.0023489873348368174,0.0014587059432077916,-0.0015086296976792634,0.0036127847347939158,0.0,-0.2170833654725112,-0.1039574182552782,0.18397489617073176,-0.0840384917947845,0.0396541107322122,0.11916453002051097,0.04700340926647187,-0.21947313149616715,-0.10075303528898034,0.18162590883589494,-0.0825797858515767,0.038145481034532934,0.12277731475530489,0.04700340926647187,-0.21947313149616715,-0.10075303528898034,0.18162590883589494,-0.0825797858515767,0.038145481034532934,0.12277731475530489,0.04700340926647187,0.00015096396767484824,0.27877427880084515,0,0,0,0,panda_link7,obstacle,panda_link5,panda_link7
75,0.3125,1,75,3.6643816759632037e-06,1,,,0.004730728977375323,0,0.020094854479737856,0,0,0,1,0,0,1,0,0,0,1.0,0,0.3070407509803772,-0.0002105591120198369,0.4852900207042694,0.3070417788190291,-0.00020708517878742963,0.4852905711846683,0.0014318920001469445,-0.0018878681596091367,0.00011011674296871223,-0.06737548611503914,-0.8162391110712551,0.05506549763105963,-2.3824400017016916,0.013304290887394802,1.60856639904416,0.8008515918758405,0.01999844298447785,0.02000160131694795,-0.21948329451679305,-0.10064093541978095,0.18162590883589494,-0.08257841582755868,0.0378852326057389,0.12216524396411782,0.04709458180398512,-6.521482753688371e-08,9.18384308714118e-08,-0.2,-0.1438617467880249,0.2,0.0748347282409668,0.050272864103317265,0.2,0.046551775932312016,-0.2,-0.1438617467880249,0.2,0.0748347282409668,0.050272864103317265,0.2,0.046551775932312016,-0.002451072953796604,0.0032875670483496046,-0.0024066391766424076,0.0014940431542204815,-0.0015453037119316196,0.003705377728357275,0.0,-0.2167803982345755,-0.10425886373395216,0.1843556903405392,-0.0841963415791056,0.03872843207968898,0.11938629941739351,0.046551775932312016,-0.2192314711883721,-0.10097129668560255,0.18194905116389679,-0.08270229842488512,0.037183128367757355,0.12309167714575078,0.046551775932312016,-0.2192314711883721,-0.10097129668560255,0.18194905116389679,-0.08270229842488512,0.037183128367757355,0.12309167714575078,0.046551775932312016,0.00015078800126623466,0.27870678216209915,0,0,0,0,panda_link7,obstacle,panda_link5,panda_link7
76,0.31666666666666665,0,75,3.7038688015955968e-06,1,,,0.004651310408136461,0,0.02009329993724901,0,0,0,1,0,0,1,0,0,0,1.0,0,0.3070467412471771,-0.00021854568331036717,0.4852904677391052,0.3070478180794601,-0.00021504760016700635,0.4852910356217128,0.0014670094422308477,-0.0019341685096008368,0.00011281737845188763,-0.0682889937768556,-0.8166593573325112,0.05582361867757587,-2.3827845888327355,0.013458134349021551,1.6090767282813851,0.8010459391824153,0.01999844273559223,0.02000160167616597,-0.21924183883594817,-0.10085910270144616,0.18194905116389679,-0.08270091145057964,0.03692243079041982,0.12247901693403027,0.046643353577936905,-5.973254871369932e-08,8.621232490402253e-08,-0.2,-0.1438617467880249,0.2,0.0748347282409668,0.050272864103317265,0.2,0.046551775932312016,-0.2,-0.1438617467880249,0.2,0.0748347282409668,0.050272864103317265,0.2,0.046551775932312016,-0.0025130378330491185,0.0033713170386346566,-0.00246482341777,0.00152960661597008,-0.001582307187357995,0.0037986198464595054,0.0,-0.2167640439104672,-0.10435095572931005,0.18439724135846955,-0.08416588524042556,0.03874110852204174,0.11933173033065475,0.046551775932312016,-0.21927708174351632,-0.10097963869067539,0.18193241794069956,-0.08263627862445548,0.037158801334683744,0.12313035017711425,0.046551775932312016,-0.21927708174351632,-0.10097963869067539,0.18193241794069956,-0.08263627862445548,0.037158801334683744,0.12313035017711425,0.046551775932312016,0.0001508142152017186,0.27863911574946737,0,0,0,0,panda_link7,obstacle,panda_link5,panda_link7
77,0.3208333333333333,0,75,3.753114876995776e-06,1,,,0.004571941962458123,0,0.02009172570142937,0,0,0,1,0,0,1,0,0,0,1.0,0,0.3070528507232666,-0.00022672509658150375,0.48529091477394104,0.3070540043658208,-0.00022320386687247297,0.4852915113654875,0.0015024639212043176,-0.0019809132235615802,0.00011554393307179649,-0.06920269210604531,-0.8170796379971925,0.05658167041899545,-2.383128900827621,0.013611874695214124,1.6095872163981955,0.8012402881556617,0.01999844246183275,0.020001602061001603,-0.21928759900553133,-0.10086735952353568,0.18193241794069956,-0.08263487877251394,0.03689768308621727,0.12251714803448674,0.046643753579157746,-6.570227526880162e-08,9.236055180860889e-08,-0.2,-0.1438617467880249,0.2,0.0748347282409668,0.050272864103317265,0.2,0.046551775932312016,-0.2,-0.1438617467880249,0.2,0.0748347282409668,0.050272864103317265,0.2,0.046551775932312016,-0.0025756709734770394,0.0034561886703068467,-0.0025235197361917344,0.0015656322963827757,-0.0016196197909391294,0.0038931197289274414,0.0,-0.21674759960869291,-0.10444312080631417,0.18443876624735497,-0.08413539420878324,0.03875379871513212,0.1192771475040513,0.046551775932312016,-0.21932327058216997,-0.10098693213600732,0.18191524651116325,-0.08256976191240047,0.03713417892419299,0.12317026723297875,0.046551775932312016,-0.21932327058216997,-0.10098693213600732,0.18191524651116325,-0.08256976191240047,0.03713417892419299,0.12317026723297875,0.046551775932312016,0.0001508406596094888,0.2785714138986652,0,0,0,0,panda_link7,obstacle,panda_link5,panda_link7
78,0.325,0,75,3.7900304709252746e-06,1,,,0.00449262500788189,0,0.020090131740096676,0,0,0,1,0,0,1,0,0,0,1.0,0,0.3070591390132904,-0.00023509924358222634,0.48529139161109924,0.30706033907587177,-0.00023155582177157477,0.4852919985234843,0.0015382522896381149,-0.0020280981517849326,0.0001182961647817925,-0.07011658362330495,-0.8174999486763048,0.05733965061279196,-2.3834729356071236,0.013765510633029183,1.6100978684703913,0.8014346388125962,0.01999844218773392,0.020001602446214333,-0.21933396414231288,-0.1008745629869598,0.18191524651116325,-0.0825683470806223,0.036872625075614215,0.12255649732701077,0.04664415766428784,-6.578371895306356e-08,9.245105547480217e-08,-0.2,-0.1438617467880249,0.2,0.0748347282409668,0.050272864103317265,0.2,0.046551775932312016,-0.2,-0.1438617467880249,0.2,0.0748347282409668,0.050272864103317265,0.2,0.046551775932312016,-0.0026389555332546905,0.0035417753333089755,-0.002582728488489029,0.001601731381420443,-0.0016572452979935815,0.003988281504894698,0.0,-0.21673106524471125,-0.10453535788147075,0.18448026479110072,-0.08410486870880396,0.03876650270897196,0.11922255136094635,0.046551775932312016,-0.21937002077796594,-0.10099358254816178,0.18189753630261168,-0.08250313732738351,0.037109257410978376,0.12321083286584104,0.046551775932312016,-0.21937002077796594,-0.10099358254816178,0.18189753630261168,-0.08250313732738351,0.037109257410978376,0.12321083286584104,0.046551775932312016,0.0001508673343602423,0.2785036770286241,0,0,0,0,panda_link7,obstacle,panda_link5,panda_link7
79,0.32916666666666666,0,75,3.838388523094984e-06,1,,,0.004413360180563611,0,0.020088518028809753,0,0,0,1,0,0,1,0,0,0,1.0,0,0.30706554651260376,-0.00024366997240576893,0.48529186844825745,0.3070668235942755,-0.00024010529046303872,0.4852924972021879,0.0015743714079033157,-0.0020757191548487334,0.00012107383213509671,-0.07103067066428936,-0.8179202866914587,0.05809755701405284,-2.3838166927217195,0.01391904091801755,1.610608687205431,0.801628991155328,0.019998441913433865,0.020001602831675458,-0.2193808898362608,-0.10088112363691329,0.18189753630261168,-0.0825017075029651,0.036847268397208234,0.1225964964095472,0.0466445622556415,-6.583201344343217e-08,9.2510670129161e-08,-0.2,-0.1438617467880249,0.2,0.0748347282409668,0.050272864103317265,0.2,0.046551775932312016,-0.2,-0.1438617467880249,0.2,0.0748347282409668,0.050272864103317265,0.2,0.046551775932312016,-0.0027029001646893796,0.003628498572466099,-0.002642435292068686,0.0016382966790388898,-0.0016951701571310672,0.004084716351560345,0.0,-0.21671444070729354,-0.10462766617994525,0.18452173680423006,-0.0840743089092106,0.03877922051349153,0.11916794223079259,0.046551775932312016,-0.21941734087198292,-0.10099916760747915,0.1818793015121614,-0.0824360122301717,0.03708405035636046,0.12325265858235293,0.046551775932312016,-0.21941734087198292,-0.10099916760747915,0.1818793015121614,-0.0824360122301717,0.03708405035636046,0.12325265858235293,0.046551775932312016,0.00015089423951954167,0.27843590539673396,0,0,0,0,panda_link7,obstacle,panda_link5,panda_link7
80,0.3333333333333333,1,80,3.87452529345866e-06,1,,,0.004334148897112894,0,0.020086884533578542,0,0,0,1,0,0,1,0,0,0,1.0,0,0.30707213282585144,-0.0002524391165934503,0.48529237508773804,0.30707345929262897,-0.00024885408131942495,0.48529300750707816,0.0016108181441713213,-0.0021237721036151055,0.00012387669428479833,-0.0719449556004584,-0.818340647602499,0.05885538743702018,-2.3841601700858646,0.014072464357349292,1.6111196778472328,0.8018233451876905,0.0199984416383551,0.020001603217991517,-0.21942838468056672,-0.10088661864969672,0.1818793015121614,-0.08243456739486185,0.03682162543961835,0.12263775403239652,0.04664496776700014,-6.601890387885126e-08,9.271585401900498e-08,-0.2,-0.14475390911102295,0.2,0.07515337467193604,0.04924280643463135,0.2,0.046152302622795106,-0.2,-0.14475390911102295,0.2,0.07515337467193604,0.04924280643463135,0.2,0.046152302622795106,-0.0027674878085062436,0.00371595106444878,-0.0027026408341180898,0.001674939475828992,-0.0017333984385684911,0.004181827893379565,0.0,-0.216443430347123,-0.1048918014658797,0.18486674422665605,-0.0841987520649097,0.0379547595650365,0.1193424043776025,0.046152302622795106,-0.21921091815562924,-0.10117585040143093,0.18216410339253797,-0.08252381258908072,0.03622136112646801,0.12352423227098207,0.046152302622795106,-0.21921091815562924,-0.10117585040143093,0.18216410339253797,-0.08252381258908072,0.03622136112646801,0.12352423227098207,0.046152302622795106,0.0001507684610836831,0.27836809941902263,0,0,0,0,panda_link7,obstacle,panda_link5,panda_link7
81,0.3375,0,80,3.925291528525801e-06,1,,,0.004255161337722704,0,0.0200852260148345,0,0,0,1,0,0,1,0,0,0,1.0,0,0.30707883834838867,-0.0002614098775666207,0.48529288172721863,0.30708024752949603,-0.0002578039855299787,0.48529352954263266,0.001647589374413851,-0.0021722528792304484,0.00012670451098385416,-0.0728583812639723,-0.8187617442840271,0.05961440453448909,-2.38450401321454,0.01422229135244934,1.6116317975023002,0.8020160364659987,0.019998441376030317,0.02000160359124092,-0.21922215924333868,-0.10106320356675483,0.18216410339253797,-0.0825223508821156,0.0359584788240116,0.12290871721621141,0.04624590679396814,-6.295794839584687e-08,8.957985725378467e-08,-0.2,-0.14475390911102295,0.2,0.07515337467193604,0.04924280643463135,0.2,0.046152302622795106,-0.2,-0.14475390911102295,0.2,0.07515337467193604,0.04924280643463135,0.2,0.046152302622795106,-0.0028327254443053077,0.003804556671445496,-0.0027633302601675984,0.0017120497372188372,-0.0017719207548599438,0.004280224917771532,0.0,-0.21642697552773602,-0.1049839929329652,0.1849082300725878,-0.08416804661695491,0.0379678543700887,0.11928786892416318,0.046152302622795106,-0.2192597009720413,-0.1011794362615197,0.1821448998124202,-0.08245599687973608,0.036195933615228756,0.12356809384193472,0.046152302622795106,-0.2192597009720413,-0.1011794362615197,0.1821448998124202,-0.08245599687973608,0.036195933615228756,0.12356809384193472,0.046152302622795106,0.0001507945233010799,0.27830015009594244,0,0,0,0,panda_link7,obstacle,panda_link5,panda_link7
82,0.3416666666666667,0,80,3.969128692344426e-06,1,,,0.004176230148736387,0,0.020083547601699323,0,0,0,1,0,0,1,0,0,0,1.0,0,0.30708572268486023,-0.0002705825609154999,0.4852933883666992,0.30708718965044,-0.0002669567771434799,0.4852940634123293,0.0016846819824029443,-0.0022211573731254395,0.00012955704258508876,-0.07377201081590531,-0.8191828555676096,0.06037334161704084,-2.384847573722562,0.014372010681724341,1.6121440977408759,0.8022087294127003,0.019998441099012446,0.020001603979631088,-0.21927109246392307,-0.10106670805978475,0.1821448998124202,-0.08245452192533967,0.03593263902600028,0.12295205725812466,0.04624630720837563,-6.648428863085393e-08,9.321364044653432e-08,-0.2,-0.14475390911102295,0.2,0.07515337467193604,0.04924280643463135,0.2,0.046152302622795106,-0.2,-0.14475390911102295,0.2,0.07515337467193604,0.04924280643463135,0.2,0.046152302622795106,-0.0028986000944773763,0.0038937692372149808,-0.0028245145466644617,0.0017494007925159118,-0.0018107421340493245,0.004379317917777232,0.0,-0.21641043050507758,-0.10507625292208227,0.18494968932878547,-0.08413730749789132,0.037980962812958874,0.11923332136383413,0.046152302622795106,-0.21930903059955495,-0.10118248368486729,0.182125174782121,-0.08238790670537541,0.03617022067890955,0.12361263928161137,0.046152302622795106,-0.21930903059955495,-0.10118248368486729,0.182125174782121,-0.08238790670537541,0.03617022067890955,0.12361263928161137,0.046152302622795106,0.00015082081484177548,0.27823216729101363,0,0,0,0,panda_link7,obstacle,panda_link5,panda_link7
83,0.3458333333333333,0,80,4.023563838522255e-06,1,,,0.004097355948320905,0,0.020081849267707695,0,0,0,1,0,0,1,0,0,0,1.0,0,0.30709272623062134,-0.0002799590292852372,0.4852939248085022,0.3070942869880564,-0.0002763142131110959,0.4852946092186484,0.0017220928597109623,-0.0022704814870150368,0.0001324340500411946,-0.07468584662885527,-0.8196039791741305,0.061132196511966344,-2.3851908504585375,0.014521621059391197,1.6126565812192581,0.8024014240587237,0.019998440821231513,0.020001604368835156,-0.21932059510799032,-0.10106966556502486,0.182125174782121,-0.08238641663410431,0.03590649064004546,0.12299603481172519,0.04624671504562358,-6.666742388044058e-08,9.340897604969561e-08,-0.2,-0.14475390911102295,0.2,0.07515337467193604,0.04924280643463135,0.2,0.046152302622795106,-0.2,-0.14475390911102295,0.2,0.07515337467193604,0.04924280643463135,0.2,0.046152302622795106,-0.0029651176469262367,0.003984283487852244,-0.0028861607520248803,0.0017870659474007499,-0.00184983968277906,0.004479708163363185,0.0,-0.21639379524266802,-0.10516858061300294,0.1849911217295442,-0.08410653488441268,0.037994084861834504,0.11917876205260491,0.046152302622795106,-0.21935891288959425,-0.10118429712515069,0.18210496097751933,-0.08231946893701193,0.03614424517905544,0.1236584702159681,0.046152302622795106,-0.21935891288959425,-0.10118429712515069,0.18210496097751933,-0.08231946893701193,0.03614424517905544,0.1236584702159681,0.046152302622795106,0.00015084733575637132,0.2781641513655302,0,0,0,0,panda_link7,obstacle,panda_link5,panda_link7
84,0.35,0,80,4.071883144115049e-06,1,,,0.004018540277200458,0,0.020080130975832076,0,0,0,1,0,0,1,0,0,0,1.0,0,0.3070999085903168,-0.00028954105800949037,0.4852944612503052,0.30710154086200486,-0.0002858780333292316,0.48529516706307596,0.0017598189057105847,-0.0023202211328984747,0.00013533529490473173,-0.07559989100234973,-0.8200251099627228,0.06189096718270601,-2.3855338419741177,0.014671121392842242,1.613169253297638,0.8025941204063012,0.019998440542801556,0.020001604758749063,-0.21937064963867178,-0.1010713892621625,0.18210496097751933,-0.08231796373918898,0.03588008002825072,0.1230412988111973,0.04624712341857963,-6.682318943670995e-08,9.357933798649284e-08,-0.2,-0.14475390911102295,0.2,0.07515337467193604,0.04924280643463135,0.2,0.046152302622795106,-0.2,-0.14475390911102295,0.2,0.07515337467193604,0.04924280643463135,0.2,0.046152302622795106,-0.003032263491320863,0.004075418208174727,-0.002948287875082987,0.0018249756443106742,-0.001889226619774595,0.004580808321956473,0.0,-0.2163770695921256,-0.10526097496863773,0.18503252715918683,-0.08407572899709118,0.0380072205998337,0.11912419139838404,0.046152302622795106,-0.21940933308344646,-0.10118555676046301,0.18208423928410383,-0.0822507533527805,0.036117993980059104,0.1237049997203405,0.046152302622795106,-0.21940933308344646,-0.10118555676046301,0.18208423928410383,-0.0822507533527805,0.036117993980059104,0.1237049997203405,0.046152302622795106,0.00015087408590475776,0.27809610264359785,0,0,0,0,panda_link7,obstacle,panda_link5,panda_link7
85,0.3541666666666667,1,85,4.113838464296588e-06,1,,,0.003939783805474176,0,0.020078392697588925,0,0,0,1,0,0,1,0,0,0,1.0,0,0.30710726976394653,-0.00029933033511042595,0.48529499769210815,0.3071089525790423,-0.00029564996068238124,0.48529573704610535,0.0017978570275748137,-0.0023703722330592697,0.00013826053932812819,-0.0765141461746345,-0.8204462456248176,0.06264965151305645,-2.3858765471116747,0.014820510530582871,1.613682116880956,0.8027868184591527,0.01999844026323629,0.020001605149885564,-0.21942124134834523,-0.10107255890273993,0.18208423928410383,-0.08224923301372258,0.03585339305775107,0.12308725999631806,0.046247532684363345,-6.709566421209123e-08,9.387276056569555e-08,-0.2,-0.1454971194267273,0.2,0.07546895742416382,0.04835945963859559,0.2,0.04581323862075806,-0.2,-0.1454971194267273,0.2,0.07546895742416382,0.04835945963859559,0.2,0.04581323862075806,-0.00310003368531525,0.004167179858872258,-0.0030108898385242454,0.0018631317336812935,-0.0019288986990976848,0.004682625147213538,0.0,-0.2161432897505261,-0.10548246451587055,0.18533477582885294,-0.08416186350688253,0.03730223697330931,0.11924404208040987,0.04581323862075806,-0.21924332343584135,-0.1013152846569983,0.1823238859903287,-0.08229873177320123,0.03537333827421162,0.12392666722762341,0.04581323862075806,-0.21924332343584135,-0.1013152846569983,0.1823238859903287,-0.08229873177320123,0.03537333827421162,0.12392666722762341,0.04581323862075806,0.00015080493195947944,0.27802802148080064,0,0,0,0,panda_link7,obstacle,panda_link5,panda_link7
86,0.35833333333333334,0,85,4.170226578151051e-06,1,,,0.0038612457162408437,0,0.020076630197321782,0,0,0,1,0,0,1,0,0,0,1.0,0,0.30711475014686584,-0.0003093297709710896,0.4852955639362335,0.3071165234330549,-0.0003056317010859788,0.4852963192672402,0.0018362041402769688,-0.0024209307200652114,0.00014120954606367954,-0.07742771043187605,-0.8208679213955548,0.06340933437134948,-2.3862194520895104,0.014966794994096646,1.6141959014428753,0.8029781054941212,0.019998439986038154,0.020001605538650692,-0.21925542173796939,-0.1012021849769158,0.1823238859903287,-0.08229719468054891,0.03510827124330578,0.12330829486060885,0.04590888839244538,-6.652755301338187e-08,9.330363059945057e-08,-0.2,-0.1454971194267273,0.2,0.07546895742416382,0.04835945963859559,0.2,0.04581323862075806,-0.2,-0.1454971194267273,0.2,0.07546895742416382,0.04835945963859559,0.2,0.04581323862075806,-0.003168433649802859,0.004260265005671551,-0.003073933677215833,0.0019016048992078496,-0.0019688373468982846,0.004785757316985023,0.0,-0.21612668772983318,-0.1055747717086247,0.18537617831234487,-0.08413092587480826,0.03731569314261092,0.1191895325490898,0.04581323862075806,-0.21929512137963603,-0.10131450670295315,0.18230224463512903,-0.08222932097560041,0.03534685579571264,0.12397528986607483,0.04581323862075806,-0.21929512137963603,-0.10131450670295315,0.18230224463512903,-0.08222932097560041,0.03534685579571264,0.12397528986607483,0.04581323862075806,0.0001508310457218956,0.27795982698376676,0,0,0,0,panda_link7,obstacle,panda_link5,panda_link7
87,0.3625,0,85,4.2159511219394264e-06,1,,,0.0037827697116220582,0,0.02007484760554324,0,0,0,1,0,0,1,0,0,0,1.0,0,0.3071224093437195,-0.0003195398603565991,0.4852961599826813,0.30712425470509097,-0.00031582494352925015,0.48529691382499707,0.0018748571665906928,-0.0024718925367683744,0.00014418207846354937,-0.07834149114378318,-0.8212895936019838,0.06416892705732918,-2.386562067798982,0.015112967431907601,1.6147098865129899,0.8031693941981491,0.019998439704683926,0.02000160593171585,-0.219307370857713,-0.10120132954297087,0.18230224463512903,-0.08222777027321537,0.03508138507462926,0.12335641682750151,0.0459092889667046,-6.752501458808999e-08,9.433563736118214e-08,-0.2,-0.1454971194267273,0.2,0.07546895742416382,0.04835945963859559,0.2,0.04581323862075806,-0.2,-0.1454971194267273,0.2,0.07546895742416382,0.04835945963859559,0.2,0.04581323862075806,-0.0032374485028029525,0.00435412614851296,-0.0031374299385366518,0.0019401684791987052,-0.002009047646957872,0.0048896141552178295,0.0,-0.21610999532899128,-0.1056671430670239,0.18541755363627904,-0.08409995555700589,0.03732916274864458,0.11913501254049842,0.04581323862075806,-0.21934744383179422,-0.10131301691851094,0.18228012369774238,-0.08215978707780719,0.035320115101686714,0.12402462669571625,0.04581323862075806,-0.21934744383179422,-0.10131301691851094,0.18228012369774238,-0.08215978707780719,0.035320115101686714,0.12402462669571625,0.04581323862075806,0.00015085738788894032,0.2778916008912399,0,0,0,0,panda_link7,obstacle,panda_link5,panda_link7
88,0.36666666666666664,0,85,4.261787070372079e-06,1,,,0.0037043565398351963,0,0.020073044892948505,0,0,0,1,0,0,1,0,0,0,1.0,0,0.30713024735450745,-0.0003299623494967818,0.48529672622680664,0.3071321476633931,-0.0003262313601180635,0.4852975208169074,0.0019138130370899465,-0.0025232536363051067,0.00014717790047976887,-0.07925549057319922,-0.8217112592272969,0.06492842757273644,-2.3869043937204357,0.015259026638051917,1.6152240747904856,0.8033606846160691,0.019998439422464112,0.02000160632570855,-0.21935986305985095,-0.10119975007514678,0.18228012369774238,-0.08215822114888172,0.03505420947463579,0.12340518659899,0.04590970030080249,-6.773275496680872e-08,9.455824778346542e-08,-0.2,-0.1454971194267273,0.2,0.07546895742416382,0.04835945963859559,0.2,0.04581323862075806,-0.2,-0.1454971194267273,0.2,0.07546895742416382,0.04835945963859559,0.2,0.04581323862075806,-0.0033070771516096925,0.004448497322287862,-0.003201390830510503,0.0019791430091848643,-0.002049534207178755,0.004994212393377947,0.0,-0.21609321244839233,-0.10575957782620311,0.18545890162761258,-0.0840689527236861,0.03734264579920028,0.11908048239385638,0.04581323862075806,-0.21940028960000202,-0.10131108050391525,0.1822575107971021,-0.08208980971450124,0.03529311159202153,0.12407469478723433,0.04581323862075806,-0.21940028960000202,-0.10131108050391525,0.1822575107971021,-0.08208980971450124,0.03529311159202153,0.12407469478723433,0.04581323862075806,0.00015088395851096454,0.2778233434753246,0,0,0,0,panda_link7,obstacle,panda_link5,panda_link7
89,0.37083333333333335,0,85,4.318772520825256e-06,1,,,0.0036260068706525095,0,0.020071222028484013,0,0,0,1,0,0,1,0,0,0,1.0,0,0.30713820457458496,-0.0003405988682061434,0.4852973520755768,0.307140203563431,-0.0003368526061177809,0.4852981403395207,0.001953068690149013,-0.002575009982096039,0.00015019677666423708,-0.08016971089779996,-0.8221329164083202,0.06568783386772437,-2.387246428006031,0.015404971511982219,1.6157384693100736,0.803551976752595,0.01999843913852806,0.020001606721517462,-0.2194128779041786,-0.10119772344557565,0.1822575107971021,-0.08208822854285486,0.035026769743272436,0.1234546847011227,0.04591011276621901,-6.814465254058322e-08,9.49941390757103e-08,-0.2,-0.1454971194267273,0.2,0.07546895742416382,0.04835945963859559,0.2,0.04581323862075806,-0.2,-0.1454971194267273,0.2,0.07546895742416382,0.04835945963859559,0.2,0.04581323862075806,-0.0033773236596747703,0.004544345781839073,-0.003265763092136415,0.002018282492166174,-0.0020902639296638817,0.0051001426602442276,0.0,-0.21607633912273486,-0.1058520751102293,0.18550022195689067,-0.08403791756330806,0.037356142211665375,0.11902594249037307,0.04581323862075806,-0.21945366278240963,-0.10130772932839023,0.18223445886475426,-0.08201963507114188,0.03526587828200149,0.1241260851506173,0.04581323862075806,-0.21945366278240963,-0.10130772932839023,0.18223445886475426,-0.08201963507114188,0.03526587828200149,0.1241260851506173,0.04581323862075806,0.00015091075760208597,0.2777550551880785,0,0,0,0,panda_link7,obstacle,panda_link5,panda_link7
90,0.375,1,90,4.363329394014064e-06,1,,,0.0035477223930003438,0,0.02006937897077797,0,0,0,1,0,0,1,0,0,0,1.0,0,0.3071463704109192,-0.0003514510754030198,0.48529794812202454,0.3071484236479339,-0.0003476903199961087,0.4852987724884064,0.001992621071942494,-0.0026271575478460773,0.00015323847216872077,-0.08108415431179325,-0.8225545592529955,0.06644714411299417,-2.3875881698337738,0.01555080110245116,1.6162530755963072,0.8037432706081722,0.019998438853760077,0.020001607118243094,-0.21946641935838912,-0.10119428272207062,0.18223445886475426,-0.08201803865825563,0.034999101712546055,0.12350550869603924,0.04591052533851774,-6.834431595268906e-08,9.521415134539774e-08,-0.2,-0.146242094039917,0.2,0.07577651143074036,0.04749029874801636,0.2,0.04547435641288758,-0.2,-0.146242094039917,0.2,0.07577651143074036,0.04749029874801636,0.2,0.04547435641288758,-0.0034481695363327023,0.004640440030113176,-0.0033305963794334034,0.0020577209879423385,-0.002131268331987122,0.005206526956451306,0.0,-0.21584723691293992,-0.10607584362018763,0.18579921647706443,-0.08412601386982647,0.03666343301936419,0.11914914993926512,0.04547435641288758,-0.21929540644927262,-0.10143540359007445,0.18246862009763104,-0.08206829288188414,0.03453216468737707,0.12435567689571643,0.04547435641288758,-0.21929540644927262,-0.10143540359007445,0.18246862009763104,-0.08206829288188414,0.03453216468737707,0.12435567689571643,0.04547435641288758,0.00015083648324114787,0.27768673626163176,0,0,0,0,panda_link7,obstacle,panda_link5,panda_link7
91,0.37916666666666665,0,90,4.413376474488558e-06,1,,,0.0034696587142726,0,0.020067511344062962,0,0,0,1,0,0,1,0,0,0,1.0,0,0.30715468525886536,-0.00036252179415896535,0.4852985739707947,0.30715680914692284,-0.0003587461234659501,0.4852994173581569,0.002032467136445312,-0.0026796923175444083,0.00015630275274485452,-0.08199793909742338,-0.822976733649084,0.06720743003006763,-2.3879301143324247,0.015693571610062202,1.6167686358743492,0.8039331542200681,0.019998438569655906,0.02000160751435936,-0.21930834855123196,-0.10132185506124536,0.18246862009763104,-0.08206667967625267,0.034264921826649856,0.123734466730061,0.04557206685501454,-6.818500124282714e-08,9.506790350473707e-08,-0.2,-0.146242094039917,0.2,0.07577651143074036,0.04749029874801636,0.2,0.04547435641288758,-0.2,-0.146242094039917,0.2,0.07577651143074036,0.04749029874801636,0.2,0.04547435641288758,-0.0035196195202701927,0.004737612948925743,-0.0033958474926449487,0.0020973692426284845,-0.0021725240794659008,0.005313958218571652,0.0,-0.21583048542117844,-0.10616824892846508,0.185840536272971,-0.08409485190504928,0.0366772475440775,0.11909467017614603,0.04547435641288758,-0.21935010494144863,-0.10143063597953933,0.18244468878032605,-0.0819974826624208,0.0345047234646116,0.12440862839471768,0.04547435641288758,-0.21935010494144863,-0.10143063597953933,0.18244468878032605,-0.0819974826624208,0.0345047234646116,0.12440862839471768,0.04547435641288758,0.0001508626471630194,0.2776183043719436,0,0,0,0,panda_link7,obstacle,panda_link5,panda_link7
92,0.3833333333333333,0,90,4.468897799900618e-06,1,,,0.0033916623661054135,0,0.02006562342045353,0,0,0,1,0,0,1,0,0,0,1.0,0,0.30716314911842346,-0.00037381143192760646,0.4852992296218872,0.30716536127774346,-0.0003700216215282551,0.4853000750423896,0.002072603845432711,-0.0027326102854644974,0.00015938938474414067,-0.08291195241585111,-0.8233988878566307,0.06796761623331898,-2.388271763731091,0.015836226095459916,1.6172844146916776,0.8041230395159159,0.01999843828222019,0.020001607913929638,-0.2193631964226567,-0.10131700981121372,0.18244468878032605,-0.08199585567984982,0.03423707649545127,0.12378691615881357,0.045572471003496144,-6.898457188906498e-08,9.589686702322561e-08,-0.2,-0.146242094039917,0.2,0.07577651143074036,0.04749029874801636,0.2,0.04547435641288758,-0.2,-0.146242094039917,0.2,0.07577651143074036,0.04749029874801636,0.2,0.04547435641288758,-0.003591670904632815,0.004835868753541418,-0.0034615087791666785,0.002137231276774677,-0.0022140213554390394,0.005422444991703146,0.0,-0.21581364343124698,-0.10626071432191575,0.18588182832622646,-0.08406365818687067,0.03669107519956111,0.1190401815107611,0.04547435641288758,-0.2194053143358798,-0.10142484556837433,0.18242031954705978,-0.081926426910096,0.03447705384412207,0.12446262650246424,0.04547435641288758,-0.2194053143358798,-0.10142484556837433,0.18242031954705978,-0.081926426910096,0.03447705384412207,0.12446262650246424,0.04547435641288758,0.0001508890387262976,0.2775498427174502,0,0,0,0,panda_link7,obstacle,panda_link5,panda_link7
93,0.3875,0,90,4.521730549434616e-06,1,,,0.003313734580522684,0,0.020063715162480032,0,0,0,1,0,0,1,0,0,0,1.0,0,0.3071717917919159,-0.00038532158941961825,0.48529988527297974,0.3071740812450984,-0.0003815184025148719,0.4853007456337497,0.0021130281684802535,-0.0027859074561640876,0.00016249813511794932,-0.08382619646763163,-0.8238210175636341,0.0687277008980984,-2.3886131170002742,0.015978763478337245,1.617800416135255,0.8043129265411261,0.01999843799360746,0.020001608314752974,-0.2194185724273257,-0.10131112968082745,0.18242031954705978,-0.08192478460400521,0.03420897189055882,0.12384034645859704,0.04557288605045291,-6.92670548752862e-08,9.61976004383927e-08,-0.2,-0.146242094039917,0.2,0.07577651143074036,0.04749029874801636,0.2,0.04547435641288758,-0.2,-0.146242094039917,0.2,0.07577651143074036,0.04749029874801636,0.2,0.04547435641288758,-0.0036643147172005547,0.004934800502741296,-0.003527593056198586,0.002177352803744004,-0.0022557680339962164,0.005531698357200097,0.0,-0.21579671082814011,-0.10635323890631493,0.18592309250335684,-0.08403243291180021,0.03670491602626073,0.11898568432353382,0.04547435641288758,-0.21946102554534067,-0.10141843840357363,0.18239549944715824,-0.0818550801080562,0.03444914799226451,0.12451738268073391,0.04547435641288758,-0.21946102554534067,-0.10141843840357363,0.18239549944715824,-0.0818550801080562,0.03444914799226451,0.12451738268073391,0.04547435641288758,0.0001509156578717461,0.2774813516036854,0,0,0,0,panda_link7,obstacle,panda_link5,panda_link7
94,0.39166666666666666,0,90,4.572236001463261e-06,1,,,0.0032358761559325294,0,0.020061786535883724,0,0,0,1,0,0,1,0,0,0,1.0,0,0.30718061327934265,-0.00039705392555333674,0.48530054092407227,0.30718297024107966,-0.0003932380381313985,0.4853014292239127,0.002153737082963823,-0.0028395798444852006,0.0001656287714175183,-0.08474067334084684,-0.8242431201990953,0.0694876821457949,-2.388954172927227,0.016121182771321744,1.6183166433570053,0.8045028152995409,0.01999843770333719,0.020001608717336524,-0.2194744495716492,-0.10130463251068515,0.18239549944715824,-0.08185342246866195,0.034180630316279596,0.12389453322003877,0.045573302019576246,-6.966486511272851e-08,9.662005170073262e-08,-0.2,-0.146242094039917,0.2,0.07577651143074036,0.04749029874801636,0.2,0.04547435641288758,-0.2,-0.146242094039917,0.2,0.07577651143074036,0.04749029874801636,0.2,0.04547435641288758,-0.0037375465092333313,0.005034413758557206,-0.0035940936392991735,0.00221773534532279,-0.0022977594736958615,0.0056417240245584515,0.0,-0.21577968758253918,-0.10644582185875029,0.1859643285687953,-0.0840011762622334,0.03671876997926724,0.11893117897844732,0.04547435641288758,-0.2195172340917725,-0.10141140810019308,0.18237023492949614,-0.0817834409169106,0.03442101050557138,0.12457290300300577,0.04547435641288758,-0.2195172340917725,-0.10141140810019308,0.18237023492949614,-0.0817834409169106,0.03442101050557138,0.12457290300300577,0.04547435641288758,0.00015094250461128428,0.27741283139003764,0,0,0,0,panda_link7,obstacle,panda_link5,panda_link7
95,0.3958333333333333,1,95,4.630661278876852e-06,1,,,0.0031580879050243787,0,0.020059837505820806,0,0,0,1,0,0,1,0,0,0,1.0,0,0.30718958377838135,-0.0004090099537279457,0.4853012263774872,0.30719202944520135,-0.0004051820835000333,0.48530212590358657,0.0021947275740596237,-0.002893623475554138,0.0001687810617939534,-0.08565538510481792,-0.8246651931664508,0.0702475581246678,-2.3892949302936386,0.01626348300864475,1.618833099539831,0.8046927057941017,0.01999843741131908,0.020001609121784256,-0.21953082335306068,-0.10129751216533728,0.18237023492949614,-0.08178176793878528,0.03415205695752175,0.12394948387815688,0.04557371869457168,-7.00843464460782e-08,9.706745598058938e-08,-0.2,-0.1471965789794922,0.2,0.07607216238975525,0.04644724130630493,0.2,0.045053699612617494,-0.2,-0.1471965789794922,0.2,0.07607216238975525,0.04644724130630493,0.2,0.045053699612617494,-0.003811367689360171,0.005135126970590933,-0.003660984320414195,0.0022583361385662263,-0.0023399785142650194,0.005752822470840341,0.0,-0.2155097974566002,-0.10673250648441873,0.18631667634447016,-0.08414587177638094,0.03588646846418355,0.11913676255362592,0.045053699612617494,-0.21932116514596037,-0.1015973795138278,0.18265569202405596,-0.08188753563781472,0.03354648994991853,0.12488958502446626,0.045053699612617494,-0.21932116514596037,-0.1015973795138278,0.18265569202405596,-0.08188753563781472,0.03354648994991853,0.12488958502446626,0.045053699612617494,0.0001507805792009298,0.27734428243608134,0,0,0,0,panda_link7,obstacle,panda_link5,panda_link7
96,0.4,0,95,4.6892411402042e-06,1,,,0.003080536632426495,0,0.020057861833579556,0,0,0,1,0,0,1,0,0,0,1.0,0,0.30719873309135437,-0.0004211926425341517,0.4853019118309021,0.307201260024432,-0.00041735207720242697,0.4853028357625148,0.0022359966347441805,-0.0029480343847814792,0.000171954774998228,-0.08656928068167968,-0.8250880406106239,0.07100862350810137,-2.3896361213170727,0.01640213751426755,1.6193508727011972,0.80488084531567,0.01999843712939125,0.02000160951591592,-0.21933493844682309,-0.1014833866015368,0.18265569202405596,-0.08188584562414819,0.03327708134947217,0.12426555872786776,0.04515348517638285,-6.76626799832325e-08,9.459159955793259e-08,-0.2,-0.1471965789794922,0.2,0.07607216238975525,0.04644724130630493,0.2,0.045053699612617494,-0.2,-0.1471965789794922,0.2,0.07607216238975525,0.04644724130630493,0.2,0.045053699612617494,-0.0038857691814456726,0.005236536040673764,-0.0037282809400655346,0.0022991971499363058,-0.0023824411162472843,0.005864701400809478,0.0,-0.21549295736102322,-0.10682494445615731,0.18635793994951028,-0.08411448202196399,0.0359007138408791,0.11908233104076493,0.045053699612617494,-0.2193787265424689,-0.10158840841548354,0.18262965900944475,-0.08181528487202769,0.03351827272463182,0.12494703244157442,0.045053699612617494,-0.2193787265424689,-0.10158840841548354,0.18262965900944475,-0.08181528487202769,0.03351827272463182,0.12494703244157442,0.045053699612617494,0.00015080650956079907,0.2772755809327398,0,0,0,0,panda_link7,obstacle,panda_link5,panda_link7
97,0.4041666666666667,0,95,4.741312319610571e-06,1,,,0.0030030584033309965,0,0.020055865621824473,0,0,0,1,0,0,1,0,0,0,1.0,0,0.3072080612182617,-0.0004336020501796156,0.4853026270866394,0.30721066313322715,-0.00042974954132253253,0.48530355888947846,0.002277541265794336,-0.003002808617862081,0.00017514968038118318,-0.08748341670088618,-0.82551085033244,0.07176958042064073,-2.389977011238514,0.016540672720887592,1.61986888302564,0.8050689865530676,0.019998436833909793,0.020001609924022435,-0.21939264460955896,-0.10147433323585663,0.18262965900944475,-0.08181358114590498,0.03324844958880995,0.12432247786631223,0.045153896975429354,-7.091554955415691e-08,9.794556321942108e-08,-0.2,-0.1471965789794922,0.2,0.07607216238975525,0.04644724130630493,0.2,0.045053699612617494,-0.2,-0.1471965789794922,0.2,0.07607216238975525,0.04644724130630493,0.2,0.045053699612617494,-0.003960745577675495,0.005338778678939081,-0.0037959649584861873,0.002340164142920378,-0.002425130680156911,0.005977363573645423,0.0,-0.21547602668667326,-0.10691743852817437,0.18639917539782663,-0.08408306141627742,0.03591497196632981,0.1190278921517037,0.045053699612617494,-0.21943677226434877,-0.10157865984923528,0.18260321043934044,-0.08174289727335704,0.0334898412861729,0.12500525572534912,0.045053699612617494,-0.21943677226434877,-0.10157865984923528,0.18260321043934044,-0.08174289727335704,0.0334898412861729,0.12500525572534912,0.045053699612617494,0.000150832666668283,0.27720685152218755,0,0,0,0,panda_link7,obstacle,panda_link5,panda_link7
98,0.4083333333333333,0,95,4.8099473715744386e-06,1,,,0.0029256541080324994,0,0.02005384883454607,0,0,0,1,0,0,1,0,0,0,1.0,0,0.307217538356781,-0.00044623977737501264,0.4853033423423767,0.3072202399135618,-0.00044237598148945753,0.48530429537229874,0.002319358475787256,-0.003057942230775081,0.00017836554789352804,-0.08839779525911717,-0.8259336190613744,0.07253042713080465,-2.390317599480726,0.01667908765089523,1.620387133577702,0.805257129535723,0.019998436537179528,0.020001610333447984,-0.2194508539754405,-0.10146449494425173,0.18260321043934044,-0.08174117813082704,0.033219583201833144,0.1243801324948968,0.04515431583731879,-7.121526358422683e-08,9.82621318431666e-08,-0.2,-0.1471965789794922,0.2,0.07607216238975525,0.04644724130630493,0.2,0.045053699612617494,-0.2,-0.1471965789794922,0.2,0.07607216238975525,0.04644724130630493,0.2,0.045053699612617494,-0.004036301638911494,0.005442001967468454,-0.0038640299078066013,0.0023815126060279684,-0.0024680395680031814,0.006091120193960393,0.0,-0.2154590053408278,-0.10700998793652294,0.1864403825396903,-0.08405161013344753,0.03592924283708208,0.11897344623232473,0.045053699612617494,-0.2194953069797393,-0.10156798596905449,0.1825763526318837,-0.08167009752741956,0.03346120326907889,0.1250645664262851,0.045053699612617494,-0.2194953069797393,-0.10156798596905449,0.1825763526318837,-0.08167009752741956,0.03346120326907889,0.1250645664262851,0.045053699612617494,0.00015085905054666265,0.27713809447632437,0,0,0,0,panda_link7,obstacle,panda_link5,panda_link7
99,0.4125,0,95,4.856680532644862e-06,1,,,0.0028483250232833046,0,0.020051811429007062,0,0,0,1,0,0,1,0,0,0,1.0,0,0.307227224111557,-0.0004591073375195265,0.4853040874004364,0.30722999149496294,-0.0004552328869203151,0.4853050452978396,0.0023614452811004266,-0.003113431289783895,0.00018160214808583933,-0.0893124183911386,-0.8263563429407003,0.0732911619334375,-2.390657884326398,0.01681738144033292,1.6209056288811707,0.8054452742675359,0.01999843623870706,0.02000161074471395,-0.219509551685142,-0.10145373103820716,0.1825763526318837,-0.08166836296129784,0.03319050946504567,0.1244388728324797,0.04515473563509258,-7.163339246513828e-08,9.870383213409287e-08,-0.2,-0.1471965789794922,0.2,0.07607216238975525,0.04644724130630493,0.2,0.045053699612617494,-0.2,-0.1471965789794922,0.2,0.07607216238975525,0.04644724130630493,0.2,0.045053699612617494,-0.004112416768493662,0.005545791441509872,-0.003932478824610895,0.0024228549220262777,-0.0025111741369031916,0.006205369923993906,0.0,-0.2154418932805113,-0.10710259173042566,0.18648156117725628,-0.08402012838121048,0.03594352643846616,0.11891899368775952,0.045053699612617494,-0.21955431004900497,-0.10155680028891578,0.1825490823526454,-0.0815972734591842,0.03343235230156297,0.12512436361175341,0.045053699612617494,-0.21955431004900497,-0.10155680028891578,0.1825490823526454,-0.0815972734591842,0.03343235230156297,0.12512436361175341,0.045053699612617494,0.00015088566110186123,0.27706931018743,0,0,0,0,panda_link7,obstacle,panda_link5,panda_link7
100,0.4166666666666667,1,100,4.921603719519528e-06,1,,,0.002771071669034564,0,0.020049753372584994,0,0,0,1,0,0,1,0,0,0,1.0,0,0.30723705887794495,-0.00047220615670084953,0.4853048324584961,0.3072399189945421,-0.0004683217304630744,0.4853058087520103,0.002403798705911652,-0.0031692718714362174,0.00018485925210856157,-0.09022728804547155,-0.8267790198388314,0.07405178310990686,-2.390997865674193,0.01695555320382432,1.6214243709677894,0.8056334207504924,0.019998435938761085,0.020001611157555048,-0.21956871703990766,-0.10144245555146729,0.1825490823526454,-0.08159552347080828,0.033161223237936036,0.12449810078847631,0.0451551559095741,-7.19870336396422e-08,9.908186365337537e-08,-0.2,-0.14825041294097902,0.2,0.0763621985912323,0.04531826972961426,0.2,0.04459411501884461,-0.2,-0.14825041294097902,0.2,0.0763621985912323,0.04531826972961426,0.2,0.04459411501884461,-0.0041891039254034245,0.005650571821193813,-0.004001295976179735,0.0024645812969344987,-0.0025545191904284606,0.006320724383256635,0.0,-0.21515269337169843,-0.10741853587067941,0.18686085728390409,-0.08419134941788822,0.03504272090769769,0.11916373660755913,0.04459411501884461,-0.21934179729710185,-0.1017679640494856,0.18285956130772435,-0.08172676812095372,0.032488201717269224,0.12548446099081578,0.04459411501884461,-0.21934179729710185,-0.1017679640494856,0.18285956130772435,-0.08172676812095372,0.032488201717269224,0.12548446099081578,0.04459411501884461,0.00015068332482447798,0.2770004988896289,0,0,0,0,panda_link7,obstacle,panda_link5,panda_link7
101,0.42083333333333334,0,100,4.989862857683632e-06,1,,,0.0026940678371199928,0,0.0200476674191001,0,0,0,1,0,0,1,0,0,0,1.0,0,0.3072470724582672,-0.0004855392617173493,0.4853055775165558,0.3072500235170278,-0.0004816439686394122,0.48530658581976766,0.0024464157821990577,-0.003225460062564019,0.00018813663171200697,-0.09114127298541884,-0.8272025761859508,0.07481369794868904,-2.391338386511504,0.017089789119762642,1.621944610949113,0.8058196540742114,0.019998435650840224,0.020001611558079575,-0.2193563855873515,-0.10165352330866337,0.18285956130772435,-0.08172500095469709,0.03221661982519699,0.12485759551763179,0.044695997692566845,-6.910100638825994e-08,9.612588673961128e-08,-0.2,-0.14825041294097902,0.2,0.0763621985912323,0.04531826972961426,0.2,0.04459411501884461,-0.2,-0.14825041294097902,0.2,0.0763621985912323,0.04531826972961426,0.2,0.04459411501884461,-0.0042663526924562505,0.005756074752161727,-0.004070488746131893,0.0025065736474142947,-0.0025980879209795064,0.006436884725408014,0.0,-0.215135794915064,-0.10751096526725648,0.18690207601257672,-0.08415973416319578,0.03505743098430529,0.11910936405796475,0.04459411501884461,-0.21940214760752025,-0.10175489051509476,0.18283158726644483,-0.08165316051578148,0.032459343063325784,0.12554624878337275,0.04459411501884461,-0.21940214760752025,-0.10175489051509476,0.18283158726644483,-0.08165316051578148,0.032459343063325784,0.12554624878337275,0.04459411501884461,0.00015070888668865189,0.27693151763438734,0,0,0,0,panda_link7,obstacle,panda_link5,panda_link7
102,0.425,0,100,5.054840150359567e-06,1,,,0.0026171427343725795,0,0.020045560661413865,0,0,0,1,0,0,1,0,0,0,1.0,0,0.3072572648525238,-0.0004991065361537039,0.48530635237693787,0.30726030615479794,-0.0004952010416875646,0.48530737658511885,0.00248929354974109,-0.003281991960283552,0.00019143405924635566,-0.09205550997572902,-0.8276260777123493,0.0755754962289659,-2.3916786005931905,0.017223903053457362,1.622465106147379,0.8060058891335441,0.01999843534681118,0.020001611975201256,-0.21941687767444448,-0.10164036633563776,0.18283158726644483,-0.08165137960475621,0.03218734408673251,0.12491884758387012,0.044696414239851004,-7.296697051000639e-08,1.00109203248714e-07,-0.2,-0.14825041294097902,0.2,0.0763621985912323,0.04531826972961426,0.2,0.04459411501884461,-0.2,-0.14825041294097902,0.2,0.0763621985912323,0.04531826972961426,0.2,0.04459411501884461,-0.004344156552058904,0.005862436268894135,-0.004140036725801787,0.0025486784254869486,-0.0026418615433841984,0.006553853293697661,0.0,-0.21511880584867404,-0.1076034469605784,0.186943266241651,-0.08412808891515636,0.035072153320230934,0.11905498560203234,0.04459411501884461,-0.21946296240073296,-0.10174101069168426,0.1828032295158492,-0.08157941048966941,0.03243029177684673,0.12560883889573,0.04459411501884461,-0.21946296240073296,-0.10174101069168426,0.1828032295158492,-0.08157941048966941,0.03243029177684673,0.12560883889573,0.04459411501884461,0.00015073467442610798,0.2768625103075942,0,0,0,0,panda_link7,obstacle,panda_link5,panda_link7
103,0.42916666666666664,0,100,5.098940442639851e-06,1,,,0.002540297312893375,0,0.020043433060243115,0,0,0,1,0,0,1,0,0,0,1.0,0,0.3072676658630371,-0.0005129093769937754,0.48530715703964233,0.30727076798791253,-0.0005089943736051771,0.4853081811311237,0.002532429056116516,-0.0033388636719953483,0.00019475130766165557,-0.09297000103106541,-0.8280495210322516,0.0763371763519486,-2.3920185073185123,0.017357894128082883,1.6229858597640088,0.8061921259542899,0.019998435041502498,0.020001612393663767,-0.21947785328073466,-0.10162639677655141,0.1828032295158492,-0.08157761407720127,0.03215785791012507,0.1249808679911816,0.04469683697899119,-7.327408305113359e-08,1.0043100252994652e-07,-0.2,-0.14825041294097902,0.2,0.0763621985912323,0.04531826972961426,0.2,0.04459411501884461,-0.2,-0.14825041294097902,0.2,0.0763621985912323,0.04531826972961426,0.2,0.04459411501884461,-0.004422503944371574,0.005969382832440665,-0.004209944251033588,0.002590782155118595,-0.0026858441747106654,0.006671333991515849,0.0,-0.21510172608380132,-0.10769598019060536,0.18698442783120428,-0.08409641384873154,0.035086887905535186,0.11900060158822112,0.04459411501884461,-0.2195242300281729,-0.1017265973581647,0.1827744835801707,-0.08150563169361294,0.03240104373082452,0.12567193557973697,0.04459411501884461,-0.2195242300281729,-0.1017265973581647,0.1827744835801707,-0.08150563169361294,0.03240104373082452,0.12567193557973697,0.04459411501884461,0.00015076068805166388,0.27679347718093644,0,0,0,0,panda_link7,obstacle,panda_link5,panda_link7
104,0.43333333333333335,0,100,5.171113008684737e-06,1,,,0.0024635321378189134,0,0.020041284580689045,0,0,0,1,0,0,1,0,0,0,1.0,0,0.30727821588516235,-0.0005269493558444083,0.4853079319000244,0.30728141008414606,-0.0005230253721921567,0.4853089995398972,0.002575819356704422,-0.003396071315384215,0.00019808815050782223,-0.09388474803549128,-0.8284729039225196,0.07709873670019932,-2.392358106567592,0.017491761523147506,1.623506873908389,0.8063783645393927,0.019998434734776808,0.02000161281362261,-0.21953928106220755,-0.10161189366430678,0.1827744835801707,-0.08150381977913002,0.0321281748155097,0.12504339465125636,0.04469726042467728,-7.361416518763056e-08,1.0079012193646777e-07,-0.2,-0.14825041294097902,0.2,0.0763621985912323,0.04531826972961426,0.2,0.04459411501884461,-0.2,-0.14825041294097902,0.2,0.0763621985912323,0.04531826972961426,0.2,0.04459411501884461,-0.004501409661125257,0.006077204479790631,-0.004280205492377956,0.0026334336122807674,-0.002730025156608805,0.006789944285584772,0.0,-0.21508455554769168,-0.10778856432635006,0.18702556062049028,-0.08406470911577132,0.03510163469165216,0.11894621232594227,0.04459411501884461,-0.21958596520881693,-0.10171135984655943,0.18274535512811232,-0.08143127550349055,0.03237160953504335,0.12573615661152704,0.04459411501884461,-0.21958596520881693,-0.10171135984655943,0.18274535512811232,-0.08143127550349055,0.03237160953504335,0.12573615661152704,0.04459411501884461,0.0001507869276687476,0.2767244184890272,0,0,0,0,panda_link7,obstacle,panda_link5,panda_link7
105,0.4375,1,105,5.235937321564149e-06,1,,,0.002386848500640304,0,0.02003911517600144,0,0,0,1,0,0,1,0,0,0,1.0,0,0.3072889447212219,-0.0005412278114818037,0.48530876636505127,0.30729223349901996,-0.0005372954290935225,0.48530983189261206,0.0026194615146842137,-0.0034536110184192376,0.00020144436193463898,-0.09479975293469346,-0.8288962229468244,0.07786017567989978,-2.3926973959345883,0.017625504457430788,1.624028153252592,0.806564604893664,0.01999843442582969,0.020001613235919685,-0.21960117580852506,-0.10159656583315158,0.18274535512811232,-0.08142944807916508,0.03209830422798762,0.1251070426086912,0.044697685025113676,-7.414730829324867e-08,1.0135129850999403e-07,-0.2,-0.14926815032958984,0.2,0.07667165994644165,0.0442072331905365,0.2,0.04414061307907105,-0.2,-0.14926815032958984,0.2,0.07667165994644165,0.0442072331905365,0.2,0.04414061307907105,-0.004580856143234692,0.006186033606262012,-0.004350790951275823,0.0026760420464732853,-0.002774391848400022,0.00690937064944076,0.0,-0.21480094435244315,-0.10808808089992099,0.18740015294289478,-0.08422144591490296,0.034215811976933866,0.11917122263594425,0.04414061307907105,-0.21938180049567785,-0.10190204729365898,0.18304936199161895,-0.08154540386842968,0.03144142012853384,0.126080593285385,0.04414061307907105,-0.21938180049567785,-0.10190204729365898,0.18304936199161895,-0.08154540386842968,0.03144142012853384,0.126080593285385,0.04414061307907105,0.00015061197324556556,0.2766553347197774,0,0,0,0,panda_link7,obstacle,panda_link5,panda_link7
106,0.44166666666666665,0,105,5.30738648651998e-06,1,,,0.00231042799270835,0,0.020036917829116527,0,0,0,1,0,0,1,0,0,0,1.0,0,0.3072998523712158,-0.0005557475378736854,0.4853096008300781,0.30730323927583525,-0.000551805919842257,0.48531067826950125,0.002663352601035619,-0.0035114789193537847,0.000204819716691757,-0.09571390788695165,-0.8293203360884732,0.07862288135486485,-2.393037160764694,0.017755369684089622,1.624550865159253,0.8067489574621849,0.019998434123008946,0.020001613651972956,-0.21939718854196533,-0.10178715399572649,0.18304936199161895,-0.0815435592254044,0.031167654398120383,0.1254508575986567,0.04424461644500607,-7.267697831872186e-08,9.98527852316862e-08,-0.2,-0.14926815032958984,0.2,0.07667165994644165,0.0442072331905365,0.2,0.04414061307907105,-0.2,-0.14926815032958984,0.2,0.07667165994644165,0.0442072331905365,0.2,0.04414061307907105,-0.004660845838557531,0.0062956083332478645,-0.0044217221492262255,0.002718922001725173,-0.002818962147166774,0.007029625334247176,0.0,-0.21478398318360364,-0.10818048891025563,0.18744131783117396,-0.08418961284576053,0.03423097303167957,0.11911691220140457,0.04414061307907105,-0.21944482902216117,-0.10188488057700776,0.18301959568194773,-0.08147069084403535,0.031412010884512793,0.12614653753565175,0.04414061307907105,-0.21944482902216117,-0.10188488057700776,0.18301959568194773,-0.08147069084403535,0.031412010884512793,0.12614653753565175,0.04414061307907105,0.00015063721062647306,0.2765860937577825,0,0,0,0,panda_link7,obstacle,panda_link5,panda_link7
107,0.4458333333333333,0,105,5.365825345665151e-06,1,,,0.0022340918307370006,0,0.020034699407394482,0,0,0,1,0,0,1,0,0,0,1.0,0,0.30731096863746643,-0.0005705084186047316,0.485310435295105,0.30731442844570483,-0.0005665582039021573,0.4853115387498604,0.002707489694538686,-0.0035696711667255,0.00020821399012869535,-0.09662832604160958,-0.8297443773699623,0.07938546300353963,-2.393376614232831,0.017885110671174854,1.625073849681966,0.8069333117676232,0.01999843381122495,0.02000161407725263,-0.2194603571179027,-0.10176990755739082,0.18301959568194773,-0.08146883235286398,0.031137836900455528,0.12551628545111315,0.044245033305187614,-7.482815899328629e-08,1.0206712131900775e-07,-0.2,-0.14926815032958984,0.2,0.07667165994644165,0.0442072331905365,0.2,0.04414061307907105,-0.2,-0.14926815032958984,0.2,0.07667165994644165,0.0442072331905365,0.2,0.04414061307907105,-0.004741365303068011,0.006405650242132603,-0.004492999740026061,0.002761964435063559,-0.0028637303058724386,0.007150415259103323,0.0,-0.21476693135127536,-0.10827294560060033,0.1874824539459358,-0.08415775060883637,0.034246145810815865,0.11906259728966055,0.04414061307907105,-0.21950829665434338,-0.10186729535846772,0.18298945420590973,-0.08139578617377281,0.031382415504943424,0.12621301254876388,0.04414061307907105,-0.21950829665434338,-0.10186729535846772,0.18298945420590973,-0.08139578617377281,0.031382415504943424,0.12621301254876388,0.04414061307907105,0.00015066267308315456,0.27651682843152586,0,0,0,0,panda_link7,obstacle,panda_link5,panda_link7
108,0.45,0,105,5.444272169982262e-06,1,,,0.0021578405452600674,0,0.020032459874561384,0,0,0,1,0,0,1,0,0,0,1.0,0,0.307322233915329,-0.0005855119088664651,0.4853112995624542,0.3073258020275862,-0.0005815536247106867,0.4853124134120504,0.002751869881773782,-0.003628183919356307,0.00021162695819484058,-0.0975430093035512,-0.8301683450047354,0.08014791906273092,-2.3937157555332687,0.018014726530024706,1.625597108799826,0.8071176678513979,0.01999843349772057,0.020001614504322196,-0.2195239828659879,-0.10175223234552627,0.18298945420590973,-0.0813939121050023,0.031107806123964618,0.12558218828638681,0.044245460105941326,-7.52410516113855e-08,1.0249669633302302e-07,-0.2,-0.14926815032958984,0.2,0.07667165994644165,0.0442072331905365,0.2,0.04414061307907105,-0.2,-0.14926815032958984,0.2,0.07667165994644165,0.0442072331905365,0.2,0.04414061307907105,-0.004822423980998117,0.006516855712049316,-0.004564583010135419,0.0028052406245495237,-0.002908668221822776,0.0072723404816360335,0.0,-0.21474978886165708,-0.1083654503024448,0.1875235610424243,-0.08412585936185392,0.03426133022233552,0.11900827823450323,0.04414061307907105,-0.21957221284265518,-0.10184859459039548,0.18295897803228886,-0.0813206187373044,0.03135266200051274,0.12628061871613927,0.04414061307907105,-0.21957221284265518,-0.10184859459039548,0.18295897803228886,-0.0813206187373044,0.03135266200051274,0.12628061871613927,0.04414061307907105,0.0001506883607096964,0.2764475390787917,0,0,0,0,panda_link7,obstacle,panda_link5,panda_link7
109,0.45416666666666666,0,105,5.510862530794825e-06,1,,,0.0020816755841649576,0,0.020030199181288906,0,0,0,1,0,0,1,0,0,0,1.0,0,0.30733370780944824,-0.000600759289227426,0.48531216382980347,0.3073373610283138,-0.0005967935097218244,0.48531330233349973,0.002796490257121595,-0.003687013346352407,0.00021505839743944728,-0.0984579595389844,-0.830592234345368,0.08091024813786546,-2.3940545835711706,0.018144216603230155,1.626120647229375,0.8073020257156487,0.019998433182688728,0.020001614932997163,-0.21958805650396637,-0.10173344175183219,0.18295897803228886,-0.08131872909643079,0.03107761756930773,0.12564922309177995,0.044245887420184836,-7.560764157116262e-08,1.0288199222803843e-07,-0.2,-0.14926815032958984,0.2,0.07667165994644165,0.0442072331905365,0.2,0.04414061307907105,-0.2,-0.14926815032958984,0.2,0.07667165994644165,0.0442072331905365,0.2,0.04414061307907105,-0.004904004211618675,0.006628536441097404,-0.004636500085026004,0.002848681396951537,-0.002953795277479146,0.007394809008019054,0.0,-0.21473255561100546,-0.1084580021269017,0.18756463902381795,-0.0840939393051321,0.03427652627990428,0.11895395542421765,0.04414061307907105,-0.21963655982262414,-0.1018294656858043,0.18292813893879195,-0.08124525790818057,0.031322731002425136,0.1263487644322367,0.04414061307907105,-0.21963655982262414,-0.1018294656858043,0.18292813893879195,-0.08124525790818057,0.031322731002425136,0.1263487644322367,0.04414061307907105,0.0001507142734108105,0.2763782259969406,0,0,0,0,panda_link7,obstacle,panda_link5,panda_link7
110,0.4583333333333333,1,110,5.579621905959445e-06,1,,,0.0020055975210202664,0,0.020027917289145714,0,0,0,1,0,0,1,0,0,0,1.0,0,0.30734536051750183,-0.0006162519566714764,0.4853130578994751,0.30734910644263175,-0.0006122791704489191,0.48531420559070726,0.002841347922763133,-0.003746155627104281,0.0002185080850116376,-0.09937317854037675,-0.8310160436068377,0.08167244871677709,-2.394393097540729,0.018273580148334682,1.6266444672121392,0.8074863853641756,0.019998432865709667,0.020001615363723486,-0.2196525603341664,-0.10171422275272138,0.18292813893879195,-0.08124335269400429,0.031047250825086897,0.12571679586342516,0.044246315646467915,-7.607497427234572e-08,1.0337431718228027e-07,-0.2,-0.1504020929336548,0.2,0.07699277997016907,0.04302082657814026,0.2,0.04364386200904846,-0.2,-0.1504020929336548,0.2,0.07699277997016907,0.04302082657814026,0.2,0.04364386200904846,-0.004986107558709924,0.006741110067630106,-0.004708721197706301,0.0028922433807451234,-0.0029990920926981223,0.007518119720613018,0.0,-0.2144334172148601,-0.10878718026642287,0.18796405325288262,-0.08427757028872436,0.03333113908329039,0.11921854035683149,0.04364386200904846,-0.21941952477357002,-0.10204607019879276,0.18325533205517633,-0.08138532690797924,0.03033204699059227,0.12673666007744452,0.04364386200904846,-0.21941952477357002,-0.10204607019879276,0.18325533205517633,-0.08138532690797924,0.03033204699059227,0.12673666007744452,0.04364386200904846,0.0001505059661829044,0.276308889515502,0,0,0,0,panda_link7,obstacle,panda_link5,panda_link7
111,0.46249999999999997,0,110,5.658559923585635e-06,1,,,0.0019297937922949232,0,0.02002560608565667,0,0,0,1,0,0,1,0,0,0,1.0,0,0.30735719203948975,-0.000631992646958679,0.48531395196914673,0.3073610392532258,-0.0006280119025075375,0.48531512325924436,0.002886439988679726,-0.0038056069512866883,0.00022197579866040172,-0.10028749395668314,-0.8314407549793937,0.08243601260034032,-2.3947321950589977,0.018398813939177805,1.6271699008646547,0.8076686770334753,0.019998432557132306,0.02000161578585597,-0.21943569991353387,-0.101930729413446,0.18325533205517633,-0.08138340438456373,0.030056109802349174,0.1261040766037261,0.04375000063193056,-7.405856705276423e-08,1.0131179668413856e-07,-0.2,-0.1504020929336548,0.2,0.07699277997016907,0.04302082657814026,0.2,0.04364386200904846,-0.2,-0.1504020929336548,0.2,0.07699277997016907,0.04302082657814026,0.2,0.04364386200904846,-0.005068736258201443,0.00685445104685684,-0.004781259117842822,0.002936080895853713,-0.003044573680506229,0.007642278509840365,0.0,-0.21441642873975184,-0.10887953028551003,0.18800518293435683,-0.08424552171961042,0.03334678353878553,0.11916429892759975,0.04364386200904846,-0.21948516499795329,-0.1020250792386532,0.183223923816514,-0.0813094408237567,0.0303022098582793,0.12680657743744012,0.04364386200904846,-0.21948516499795329,-0.1020250792386532,0.183223923816514,-0.0813094408237567,0.0303022098582793,0.12680657743744012,0.04364386200904846,0.0001505307241260618,0.2762393780088042,0,0,0,0,panda_link7,obstacle,panda_link5,panda_link7
112,0.4666666666666667,0,110,5.720784256521388e-06,1,,,0.0018540798792606589,0,0.020023273516678784,0,0,0,1,0,0,1,0,0,0,1.0,0,0.3073692321777344,-0.0006479810690507293,0.48531487584114075,0.3073731604307565,-0.0006439929856583176,0.4853160554137578,0.0029317635726530226,-0.003865363518858668,0.0002254613167345974,-0.10120208344726796,-0.8318653785504863,0.08319944561624247,-2.395070976327361,0.01852392169203249,1.6276956236444216,0.8078509704614872,0.01999843223664467,0.020001616220243358,-0.21950147774035564,-0.10190965706219676,0.183223923816514,-0.08130750440719334,0.030025860685123935,0.1261734671440088,0.04375042272284709,-7.691703299327404e-08,1.0425297287735766e-07,-0.2,-0.1504020929336548,0.2,0.07699277997016907,0.04302082657814026,0.2,0.04364386200904846,-0.2,-0.1504020929336548,0.2,0.07699277997016907,0.04302082657814026,0.2,0.04364386200904846,-0.0051518729296271305,0.006968413681432096,-0.004854101278520529,0.0029799268882359773,-0.0030902265197156275,0.007766985674122702,0.0,-0.21439934966750795,-0.10897192553440696,0.18804628354638456,-0.08421344475626887,0.03336243903960334,0.11911005440444503,0.04364386200904846,-0.21955122259713508,-0.10200351185297486,0.18319218226786402,-0.08123351786803289,0.030272212519887716,0.12687704007856773,0.04364386200904846,-0.21955122259713508,-0.10200351185297486,0.18319218226786402,-0.08123351786803289,0.030272212519887716,0.12687704007856773,0.04364386200904846,0.00015055570636501455,0.2761698439149828,0,0,0,0,panda_link7,obstacle,panda_link5,panda_link7
113,0.4708333333333333,0,110,5.793496770922082e-06,1,,,0.0017784564209133435,0,0.020020919543071572,0,0,0,1,0,0,1,0,0,0,1.0,0,0.30738145112991333,-0.0006642186781391501,0.48531579971313477,0.30738547093389146,-0.000660223683849818,0.4853170021279718,0.002977315800264991,-0.003925421540063534,0.00022896441818295006,-0.10211694882567748,-0.8322899118833837,0.0839627463756919,-2.395409441184912,0.018648902644475166,1.6282216376341232,0.8080332656832533,0.01999843191473545,0.020001616656103442,-0.21956769081828634,-0.10188799989540406,0.18319218226786402,-0.08123156581221458,0.02999542858624279,0.12624335752841417,0.04375085322385868,-7.72582123098435e-08,1.0460642048230884e-07,-0.2,-0.1504020929336548,0.2,0.07699277997016907,0.04302082657814026,0.2,0.04364386200904846,-0.2,-0.1504020929336548,0.2,0.07699277997016907,0.04302082657814026,0.2,0.04364386200904846,-0.005235523382850345,0.007083145564963203,-0.0049272412249661245,0.003024055621120267,-0.0031360426722133405,0.007892551901800172,0.0,-0.21438217993517295,-0.10906436540237724,0.18808735493796924,-0.08418133954905815,0.03337810553071977,0.1190558071001921,0.04364386200904846,-0.2196177033180233,-0.10198121983741404,0.18316011371300311,-0.08115728392793789,0.030242062858506433,0.12694835900199228,0.04364386200904846,-0.2196177033180233,-0.10198121983741404,0.18316011371300311,-0.08115728392793789,0.030242062858506433,0.12694835900199228,0.04364386200904846,0.00015058091300153043,0.27610028747490134,0,0,0,0,panda_link7,obstacle,panda_link5,panda_link7
114,0.475,0,110,5.871335603787461e-06,1,,,0.0017029244443255293,0,0.02001854411821742,0,0,0,1,0,0,1,0,0,0,1.0,0,0.3073938488960266,-0.0006807065801694989,0.48531675338745117,0.3073979717093376,-0.0006767052452613714,0.4853179634746911,0.0030230938048979215,-0.003985777235428883,0.0002324848825540532,-0.1030320918525165,-0.8327143519575064,0.08472591351616275,-2.395747588335882,0.018773756158525397,1.6287479463940135,0.8082155627027371,0.019998431590919456,0.020001617093952116,-0.21963432644136366,-0.10186561778945277,0.18316011371300311,-0.08115531623272856,0.029964843372055485,0.12631410237369353,0.04375128467610076,-7.771583868804166e-08,1.0508368185595945e-07,-0.2,-0.1504020929336548,0.2,0.07699277997016907,0.04302082657814026,0.2,0.04364386200904846,-0.2,-0.1504020929336548,0.2,0.07699277997016907,0.04302082657814026,0.2,0.04364386200904846,-0.005319682218601067,0.007198785278212239,-0.005000661108140706,0.0030683090568344633,-0.003182012139539423,0.008018974619607827,0.0,-0.2143649195340017,-0.1091568490906357,0.1881283969081733,-0.08414920628083639,0.03339378294115811,0.11900155738742187,0.04364386200904846,-0.21968460175260277,-0.10195806381242345,0.18312773580003258,-0.08108089722400193,0.030211770801618684,0.1270205320070297,0.04364386200904846,-0.21968460175260277,-0.10195806381242345,0.18312773580003258,-0.08108089722400193,0.030211770801618684,0.1270205320070297,0.04364386200904846,0.00015060634401923767,0.27603070904905525,0,0,0,0,panda_link7,obstacle,panda_link5,panda_link7
115,0.4791666666666667,1,115,5.9403245851488654e-06,1,,,0.001627485041193602,0,0.020016147194951997,0,0,0,1,0,0,1,0,0,0,1.0,0,0.3074064552783966,-0.0006974461139179766,0.4853177070617676,0.30741066369187386,-0.0006934389023459333,0.48531893952580285,0.0030690947277344244,-0.004046426835766589,0.00023602248999636795,-0.10394751426557168,-0.8331386951736477,0.08548894574866289,-2.396085417143792,0.018898481642652818,1.6292745534867965,0.8083978615219335,0.019998431265451547,0.020001617533540333,-0.21970137913324345,-0.10184237187389666,0.18312773580003258,-0.08107891389851538,0.029934116190581023,0.12638570226793333,0.04375171660712697,-7.811229848532497e-08,1.0550117210709684e-07,-0.2,-0.1515902280807495,0.2,0.07729709148406982,0.04181052446365357,0.2,0.043133103847503663,-0.2,-0.1515902280807495,0.2,0.07729709148406982,0.04181052446365357,0.2,0.043133103847503663,-0.005404338681602197,0.007314921975218196,-0.0050743786136039915,0.0031127325265183445,-0.0032281459254053643,0.008145961930577818,0.0,-0.2140622307609882,-0.1095053215286853,0.1885368747505362,-0.08435043849510587,0.03243053086400559,0.11929197456843169,0.043133103847503663,-0.2194665694425904,-0.1021903995534671,0.18346249613693222,-0.08123770596858752,0.029202384938600223,0.1274379364990095,0.043133103847503663,-0.2194665694425904,-0.1021903995534671,0.18346249613693222,-0.08123770596858752,0.029202384938600223,0.1274379364990095,0.043133103847503663,0.0001503707425235439,0.2759611089021982,0,0,0,0,panda_link7,obstacle,panda_link5,panda_link7
116,0.48333333333333334,0,115,6.016901722627087e-06,1,,,0.0015523215234312104,0,0.020013719902165515,0,0,0,1,0,0,1,0,0,0,1.0,0,0.3074192404747009,-0.0007144399569369853,0.48531869053840637,0.3074235478043839,-0.0007104258718729343,0.48531993035227966,0.0031153157177574286,-0.0041073665821728025,0.00023957702125822306,-0.10486202892347643,-0.8335640060551502,0.0862533728159001,-2.396423899249345,0.019018999466732245,1.6298028972386138,0.8085780340089134,0.019998430950237088,0.020001617962616663,-0.21948351789714027,-0.10207461156060049,0.18346249613693222,-0.08123570533269084,0.02892427777906278,0.12680250043615882,0.04324139687518333,-7.565147035724917e-08,1.0297831956824002e-07,-0.2,-0.1515902280807495,0.2,0.07729709148406982,0.04181052446365357,0.2,0.043133103847503663,-0.2,-0.1515902280807495,0.2,0.07729709148406982,0.04181052446365357,0.2,0.043133103847503663,-0.005489500394670006,0.0074319798693563135,-0.005148371599072945,0.0031572761393284425,-0.0032744392471202193,0.008273808219761359,0.0,-0.21404522743513385,-0.10959759055084108,0.18857797960253087,-0.08431818037158317,0.032446670822650604,0.11923780525207614,0.043133103847503663,-0.21953472782980385,-0.10216561068148476,0.18342960800345792,-0.08116090423225474,0.029172231575530384,0.1275116134718375,0.043133103847503663,-0.21953472782980385,-0.10216561068148476,0.18342960800345792,-0.08116090423225474,0.029172231575530384,0.1275116134718375,0.043133103847503663,0.00015039495421310955,0.27589132242552866,0,0,0,0,panda_link7,obstacle,panda_link5,panda_link7
117,0.4875,0,115,6.1071574917939644e-06,1,,,0.0014772531947321657,0,0.02001127093641939,0,0,0,1,0,0,1,0,0,0,1.0,0,0.3074322044849396,-0.0007316878181882203,0.48531967401504517,0.30743662495788815,-0.0007276673549711317,0.48532093602418164,0.003161753931750186,-0.004168592726027957,0.0002431482576878153,-0.10577682814166775,-0.8339892133029879,0.08701766284924785,-2.3967620612892975,0.019139389917552773,1.6303315457353815,0.8087582082773742,0.01999843062101479,0.020001618406104895,-0.21955181236591614,-0.10204973948105012,0.18342960800345792,-0.08115888958857473,0.02889370819692652,0.12687563922423606,0.04324182443060259,-7.901335210983365e-08,1.0643717578227158e-07,-0.2,-0.1515902280807495,0.2,0.07729709148406982,0.04181052446365357,0.2,0.043133103847503663,-0.2,-0.1515902280807495,0.2,0.07729709148406982,0.04181052446365357,0.2,0.043133103847503663,-0.005575161333193412,0.007549821007505759,-0.005222638787859425,0.0032021054918558115,-0.003320879737310859,0.00840252671839126,0.0,-0.21402813353732067,-0.10968990160130598,0.18861905520764005,-0.08428589456441068,0.03246282110147816,0.11918363415281275,0.043133103847503663,-0.21960329487051408,-0.10214008059380023,0.18339641641978063,-0.08108378907255487,0.0291419413641673,0.127586160871204,0.043133103847503663,-0.21960329487051408,-0.10214008059380023,0.18339641641978063,-0.08108378907255487,0.0291419413641673,0.127586160871204,0.043133103847503663,0.00015041938951495946,0.27582151500374325,0,0,0,0,panda_link7,obstacle,panda_link5,panda_link7
118,0.49166666666666664,0,115,6.184152626951617e-06,1,,,0.0014022811023277834,0,0.020008800249337523,0,0,0,1,0,0,1,0,0,0,1.0,0,0.30744537711143494,-0.0007491909200325608,0.48532068729400635,0.30744989605157663,-0.0007451645371714601,0.48532195661065913,0.0032084065342962674,-0.004230101528996763,0.0002467359812332092,-0.10669191369340125,-0.8344143138001726,0.08778181458433026,-2.397099901950669,0.019259652345331463,1.630860502449496,0.8089383843571206,0.01999843028998194,0.020001618851459985,-0.21962053241604035,-0.10202411932433103,0.18339641641978063,-0.08108175872922047,0.02886298266688589,0.12694961138748484,0.04324225913913738,-7.944788443878942e-08,1.0688522166261635e-07,-0.2,-0.1515902280807495,0.2,0.07729709148406982,0.04181052446365357,0.2,0.043133103847503663,-0.2,-0.1515902280807495,0.2,0.07729709148406982,0.04181052446365357,0.2,0.043133103847503663,-0.005661306114506353,0.007668303566633334,-0.005297173287652589,0.0032469483022651412,-0.0033674662681433755,0.008531812702161641,0.0,-0.21401094906581652,-0.10978225389265903,0.1886601013653664,-0.08425358125462251,0.032478981626013516,0.11912946164497429,0.043133103847503663,-0.21967225518032288,-0.10211395032602569,0.18336292807771382,-0.08100663295235737,0.02911151535787014,0.12766127434713592,0.043133103847503663,-0.21967225518032288,-0.10211395032602569,0.18336292807771382,-0.08100663295235737,0.02911151535787014,0.12766127434713592,0.043133103847503663,0.00015044404841749493,0.2757516870021175,0,0,0,0,panda_link7,obstacle,panda_link5,panda_link7
119,0.49583333333333335,0,115,6.254380255706552e-06,1,,,0.001327405958233073,0,0.020006307797557688,0,0,0,1,0,0,1,0,0,0,1.0,0,0.307458758354187,-0.0007669504266232252,0.48532170057296753,0.3074633619728415,-0.0007629185884498825,0.4853229921799553,0.003255270697779563,-0.004291889263028207,0.00025033997444233686,-0.10760728721468067,-0.8348393050467633,0.08854582678465407,-2.397437421062836,0.01937978618599807,1.631389769743441,0.8091185622501578,0.01999842995737643,0.020001619298452566,-0.2196896451070606,-0.10199789918176408,0.18336292807771382,-0.08100458692014129,0.028832121759985545,0.127024150546803,0.0432426943289045,-7.982532230967759e-08,1.0727821923850467e-07,-0.2,-0.1515902280807495,0.2,0.07729709148406982,0.04181052446365357,0.2,0.043133103847503663,-0.2,-0.1515902280807495,0.2,0.07729709148406982,0.04181052446365357,0.2,0.043133103847503663,-0.005747933194324295,0.007787295668281556,-0.00537198221333612,0.0032919640811290615,-0.0034142012903411617,0.00866167523317733,0.0,-0.21399367395894003,-0.10987464682007755,0.18870111794051644,-0.08422124059292255,0.032495152329638816,0.11907528804068104,0.043133103847503663,-0.21974160715326432,-0.102087351151796,0.18332913572718032,-0.08092927651179349,0.029080951039297653,0.12773696327385836,0.043133103847503663,-0.21974160715326432,-0.102087351151796,0.18332913572718032,-0.08092927651179349,0.029080951039297653,0.12773696327385836,0.043133103847503663,0.00015046893101135718,0.27568183865284007,0,0,0,0,panda_link7,obstacle,panda_link5,panda_link7
120,0.5,1,120,6.334242289517957e-06,1,,,0.001252628428189767,0,0.020003793537214494,0,0,0,1,0,0,1,0,0,0,1.0,0,0.3074723184108734,-0.0007849675021134317,0.4853227436542511,0.30747702359730933,-0.0007809306632702411,0.4853240427994084,0.003302343602384284,-0.0043539522103555545,0.0002539600204629982,-0.1085229503351408,-0.8352641850877786,0.08930969818351732,-2.3977746177911423,0.01949979086014724,1.6319193500076876,0.8092987419603875,0.019998429622757326,0.020001619747552206,-0.21975914891042939,-0.1019712098436688,0.18332913572718032,-0.08092721479348383,0.028801121795801046,0.12709926341921132,0.0432431304551362,-8.030858457235002e-08,1.0778391328070125e-07,-0.2,-0.15274150371551515,0.2,0.07758718729019165,0.04063950777053833,0.2,0.04263834953308106,-0.2,-0.15274150371551515,0.2,0.07758718729019165,0.04063950777053833,0.2,0.04263834953308106,-0.005835045216193252,0.007907214686425064,-0.005447034078301739,0.0033371090081271617,-0.0034610643502490926,0.008792412294053973,0.0,-0.21370186391954898,-0.11021554365269831,0.18909883565328434,-0.08441590393892275,0.031564643067338506,0.11935669715859774,0.04263834953308106,-0.21953690913574223,-0.10230832896627325,0.1836518015749826,-0.08107879493079559,0.028103578717089413,0.1281491094526517,0.04263834953308106,-0.21953690913574223,-0.10230832896627325,0.1836518015749826,-0.08107879493079559,0.028103578717089413,0.1281491094526517,0.04263834953308106,0.0001502413890663272,0.27561197028351014,0,0,0,0,panda_link7,obstacle,panda_link5,panda_link7
121,0.5041666666666667,0,120,6.409418082661972e-06,1,,,0.0011781277017482994,0,0.020001248628033028,0,0,0,1,0,0,1,0,0,0,1.0,0,0.30748608708381653,-0.0008032447076402605,0.48532378673553467,0.3074908817888737,-0.00079920190062711,0.48532510853545435,0.0033496224360949635,-0.004416286663496355,0.00025759590304286114,-0.10943776124347382,-0.8356899854679707,0.09007491402341308,-2.398112437440966,0.019615721261641753,1.6324506450069687,0.8094768620394467,0.019998429296322735,0.02000162018826727,-0.21955461799992493,-0.10219209124610601,0.1836518015749826,-0.08107671595769853,0.02782329635868282,0.12751079982745978,0.04274881897419371,-7.834430214986865e-08,1.0577161529664106e-07,-0.2,-0.15274150371551515,0.2,0.07758718729019165,0.04063950777053833,0.2,0.04263834953308106,-0.2,-0.15274150371551515,0.2,0.07758718729019165,0.04063950777053833,0.2,0.04263834953308106,-0.005922637719318806,0.008027655930685348,-0.005522357888281813,0.003382421791864699,-0.0035080837349723733,0.008923727229375004,0.0,-0.2136848331112047,-0.11030772574204134,0.18913991117765142,-0.08438344517633432,0.031581260922871605,0.11930259992996325,0.04263834953308106,-0.2196074708305235,-0.102280069811356,0.1836175532893696,-0.08100102338446963,0.028073177187899232,0.12822632715933827,0.04263834953308106,-0.2196074708305235,-0.102280069811356,0.1836175532893696,-0.08100102338446963,0.028073177187899232,0.12822632715933827,0.04263834953308106,0.00015026510818284843,0.2755419219721473,0,0,0,0,panda_link7,obstacle,panda_link5,panda_link7
122,0.5083333333333333,0,120,6.49577959281648e-06,1,,,0.0011037272638861895,0,0.019998681731111398,0,0,0,1,0,0,1,0,0,0,1.0,0,0.30750003457069397,-0.0008217817521654069,0.4853248596191406,0.3075049373997277,-0.0008177334240886444,0.48532618945362943,0.0033971043946964524,-0.004478888925252431,0.0002612474065294611,-0.1103528667220224,-0.8361156677560624,0.09083998716211879,-2.398449932983687,0.01973152325835026,1.6329822595041321,0.809654983914748,0.019998428958099473,0.020001620641104424,-0.21962531485165748,-0.10216374914200502,0.1836175532893696,-0.08099893025309121,0.027792479210041347,0.12758747931923875,0.04274925007230357,-8.117358244385739e-08,1.086809168454432e-07,-0.2,-0.15274150371551515,0.2,0.07758718729019165,0.04063950777053833,0.2,0.04263834953308106,-0.2,-0.15274150371551515,0.2,0.07758718729019165,0.04063950777053833,0.2,0.04263834953308106,-0.006010707860673485,0.008149029849830146,-0.005597912886027583,0.0034278648338036195,-0.00355522328374238,0.00905592179251688,0.0,-0.21366771185880762,-0.11039994677525286,0.18918095717701636,-0.08435095940861734,0.03159788825448782,0.11924850222605267,0.04263834953308106,-0.2196784197194811,-0.10225091692542271,0.18358304429098876,-0.08092309457481371,0.028042664970745437,0.12830442401856956,0.04263834953308106,-0.2196784197194811,-0.10225091692542271,0.18358304429098876,-0.08092309457481371,0.028042664970745437,0.12830442401856956,0.04263834953308106,0.00015028905033170984,0.2754718544042758,0,0,0,0,panda_link7,obstacle,panda_link5,panda_link7
123,0.5125,0,120,6.57776089374996e-06,1,,,0.001029428256535965,0,0.019996092795394542,0,0,0,1,0,0,1,0,0,0,1.0,0,0.3075141906738281,-0.0008405797416344285,0.4853259325027466,0.30751919127039645,-0.0008365263418394337,0.4853272856185724,0.003444786681773923,-0.0045417553087098855,0.00026491431587020146,-0.11126826844821264,-0.8365412281993195,0.09160491651333125,-2.398787103757457,0.019847196309489192,1.6335141970063014,0.8098331076169163,0.01999842861834989,0.020001621095513004,-0.21969641428565895,-0.10213450638172229,0.18358304429098876,-0.08092098570471995,0.027761532273343895,0.12766500052062627,0.0427496885203874,-8.153989943145146e-08,1.090580592096567e-07,-0.2,-0.15274150371551515,0.2,0.07758718729019165,0.04063950777053833,0.2,0.04263834953308106,-0.2,-0.15274150371551515,0.2,0.07758718729019165,0.04063950777053833,0.2,0.04263834953308106,-0.0060992450413682306,0.008270924359419547,-0.0056737192051706424,0.003473483266430432,-0.003602495562855505,0.009188703136044009,0.0,-0.21365050009086148,-0.11049220602731584,0.18922197354286918,-0.08431844680804035,0.03161452502436532,0.119194404398958,0.04263834953308106,-0.2197497451322297,-0.10222128166789629,0.18354825433769853,-0.08084496354160992,0.028012029461509814,0.128383107535002,0.04263834953308106,-0.2197497451322297,-0.10222128166789629,0.18354825433769853,-0.08084496354160992,0.028012029461509814,0.128383107535002,0.04263834953308106,0.00015031321551396698,0.2754017678480946,0,0,0,0,panda_link7,obstacle,panda_link5,panda_link7
124,0.5166666666666666,0,120,6.6725836654223965e-06,1,,,0.0009552313768056708,0,0.019993481774829597,0,0,0,1,0,0,1,0,0,0,1.0,0,0.3075285255908966,-0.0008596398402005434,0.4853270351886749,0.3075336442297697,-0.0008555817467233504,0.4853283970940275,0.0034926665087128676,-0.0046048821372391,0.0002685964166123532,-0.11218396798867834,-0.8369666647866283,0.09236970090640499,-2.399123948919694,0.019962739898167207,1.6340464599504108,0.8100112331498938,0.01999842827662121,0.020001621551976736,-0.21976788971177044,-0.10210478095409692,0.18354825433769853,-0.08084283893689204,0.02773046128272394,0.12774310658623717,0.042750127914585,-8.201488287508732e-08,1.0955129567825211e-07,-0.2,-0.15274150371551515,0.2,0.07758718729019165,0.04063950777053833,0.2,0.04263834953308106,-0.2,-0.15274150371551515,0.2,0.07758718729019165,0.04063950777053833,0.2,0.04263834953308106,-0.006188251863057399,0.008393756695947895,-0.005749744186364615,0.0035192331168262137,-0.00364987937890195,0.009322368853648148,0.0,-0.2136331978245846,-0.11058450285355306,0.18926296006198698,-0.08428590753129557,0.031631171115005824,0.11914030678274726,0.04263834953308106,-0.219821449687642,-0.10219074615760516,0.18351321587562236,-0.08076667441446936,0.027981291736103874,0.1284626756363954,0.04263834953308106,-0.219821449687642,-0.10219074615760516,0.18351321587562236,-0.08076667441446936,0.027981291736103874,0.1284626756363954,0.04263834953308106,0.00015033760380473075,0.2753316626298309,0,0,0,0,panda_link7,obstacle,panda_link5,panda_link7
125,0.5208333333333334,1,125,6.758223870793028e-06,1,,,0.0008811377982017171,0,0.01999084861643493,0,0,0,1,0,0,1,0,0,0,1.0,0,0.3075430691242218,-0.0008789630373939872,0.48532816767692566,0.30754829709513404,-0.0008749007162864038,0.4853295239428463,0.0035407410946991028,-0.004668265744494738,0.00027229349490305544,-0.11309996692066597,-0.8373919737677331,0.09313433930588676,-2.39946046781173,0.020078153600214362,1.6345790520258938,0.8101893605156768,0.019998427933163317,0.020001622010252424,-0.21983974367703063,-0.10207415546514743,0.18351321587562236,-0.08076453408868886,0.02769928849131724,0.1278220981159572,0.04275056778791775,-8.242989444316728e-08,1.0998616481851589e-07,-0.2,-0.15378232002258302,0.2,0.07784526348114014,0.039569079875946045,0.2,0.042188629508018494,-0.2,-0.15378232002258302,0.2,0.07784526348114014,0.039569079875946045,0.2,0.042188629508018494,-0.006277715425970622,0.008517248845345719,-0.005825995096177329,0.0035650008801691663,-0.0036973809571924227,0.009456619335964348,0.0,-0.21336602570000918,-0.1109016292291294,0.18963069347510841,-0.08445928341988744,0.03078269958411154,0.1193910889239137,0.042188629508018494,-0.21964374112597979,-0.10238438038378368,0.1838046983789311,-0.08089428253971827,0.027085318626919118,0.12884770825987804,0.042188629508018494,-0.21964374112597979,-0.10238438038378368,0.1838046983789311,-0.08089428253971827,0.027085318626919118,0.12884770825987804,0.042188629508018494,0.00015013317271065952,0.27526153901076145,0,0,0,0,panda_link7,obstacle,panda_link5,panda_link7
126,0.525,0,125,6.8419942039007206e-06,1,,,0.0008073136780218232,0,0.019988185101147214,0,0,0,1,0,0,1,0,0,0,1.0,0,0.3075578212738037,-0.0008985517779365182,0.4853293001651764,0.30756315067220574,-0.0008944843128195882,0.48533066622699095,0.003589007666718755,-0.004731902474415732,0.00027600533748931434,-0.11401522607819964,-0.8378180891529678,0.09390019221579897,-2.3997975183329268,0.02018983218633497,1.6351132458376634,0.8103656159132997,0.019998427594327746,0.020001622463816034,-0.21966219780808008,-0.10226769245633403,0.1838046983789311,-0.08089212508720481,0.026802860668945768,0.12820651482471776,0.042301295429483486,-8.13205370034896e-08,1.0885526621241814e-07,-0.2,-0.15378232002258302,0.2,0.07784526348114014,0.039569079875946045,0.2,0.042188629508018494,-0.2,-0.15378232002258302,0.2,0.07784526348114014,0.039569079875946045,0.2,0.042188629508018494,-0.0063676404523003,0.008641275443761766,-0.005902489164040727,0.0036109394302184577,-0.0037450189445538636,0.009591459162628045,0.0,-0.2133489295597061,-0.11099373426701803,0.18967172497063095,-0.08442663575323403,0.030799752678455607,0.11933706100003155,0.042188629508018494,-0.2197165700120064,-0.10235245882325626,0.18376923580659021,-0.08081569632301558,0.027054733733901742,0.1289285201626596,0.042188629508018494,-0.2197165700120064,-0.10235245882325626,0.18376923580659021,-0.08081569632301558,0.027054733733901742,0.1289285201626596,0.042188629508018494,0.00015015655370208963,0.27519125232929365,0,0,0,0,panda_link7,obstacle,panda_link5,panda_link7
127,0.5291666666666667,0,125,6.923529911074195e-06,1,,,0.0007335951207966124,0,0.019985499276352348,0,0,0,1,0,0,1,0,0,0,1.0,0,0.30757278203964233,-0.0009184057707898319,0.4853304326534271,0.30757820575516304,-0.0009143335834017372,0.485331824007536,0.0036374634595582834,-0.004795788681225306,0.0002797317317180048,-0.11493078925118018,-0.8382440711887915,0.09466589736499309,-2.4001342413517484,0.020301381609617482,1.6356477741319997,0.8105418731201461,0.01999842724738378,0.020001622925711393,-0.21973516151532896,-0.10223568859767045,0.18376923580659021,-0.08081352451720852,0.026771861587803213,0.12828679064073567,0.04230172964314884,-8.32665520539809e-08,1.1085488587107492e-07,-0.2,-0.15378232002258302,0.2,0.07784526348114014,0.039569079875946045,0.2,0.042188629508018494,-0.2,-0.15378232002258302,0.2,0.07784526348114014,0.039569079875946045,0.2,0.042188629508018494,-0.006458017140299045,0.008765831937434595,-0.005979211762936421,0.0036570553577998047,-0.0037927741222453294,0.009726894196973368,0.0,-0.21333174303110553,-0.11108587523498024,0.1897127267214244,-0.0843939617486397,0.03081681442998956,0.11928303392220788,0.042188629508018494,-0.21978976017140456,-0.10232004329754565,0.18373351495848797,-0.08073690639083989,0.02702404030774423,0.12900992811918124,0.042188629508018494,-0.21978976017140456,-0.10232004329754565,0.18373351495848797,-0.08073690639083989,0.02702404030774423,0.12900992811918124,0.042188629508018494,0.0001501801572317876,0.27512094795792497,0,0,0,0,panda_link7,obstacle,panda_link5,panda_link7
128,0.5333333333333333,0,125,7.020891197835072e-06,1,,,0.0006599828358597251,0,0.019982791094872852,0,0,0,1,0,0,1,0,0,0,1.0,0,0.3075879216194153,-0.0009385260636918247,0.48533159494400024,0.3075934631266787,-0.000934449559942373,0.48533299734467134,0.003686105715804458,-0.004859920729430952,0.00028347246553586853,-0.11584665800071334,-0.838669917784151,0.09543145367732013,-2.400470636013476,0.02041280132960976,1.6361826392140395,0.8107181321712359,0.01999842689847228,0.020001623389638592,-0.21980849988795817,-0.10220318288627957,0.18373351495848797,-0.08073471881466701,0.026740732798146972,0.12836761968954813,0.04230217226153143,-8.373875983206866e-08,1.1134252757239935e-07,-0.2,-0.15378232002258302,0.2,0.07784526348114014,0.039569079875946045,0.2,0.042188629508018494,-0.2,-0.15378232002258302,0.2,0.07784526348114014,0.039569079875946045,0.2,0.042188629508018494,-0.006548848650151992,0.008891335470562603,-0.0060561296855164756,0.0037033045227121376,-0.0038406249624115467,0.009863221688553803,0.0,-0.21331446613772415,-0.11117805150412396,0.18975369851448115,-0.08436126156037974,0.03083388471921776,0.1192290080246099,0.042188629508018494,-0.21986331478787613,-0.10228671603356136,0.18369756882896468,-0.0806579570376676,0.026993259756806214,0.1290922297131637,0.042188629508018494,-0.21986331478787613,-0.10228671603356136,0.18369756882896468,-0.0806579570376676,0.026993259756806214,0.1290922297131637,0.042188629508018494,0.0001502039833811703,0.2750506262275098,0,0,0,0,panda_link7,obstacle,panda_link5,panda_link7
129,0.5375,0,125,7.117343845886186e-06,1,,,0.0005864780236926326,0,0.019980060501499634,0,0,0,1,0,0,1,0,0,0,1.0,0,0.30760326981544495,-0.0009589136461727321,0.48533275723457336,0.30760892355795244,-0.0009548332592245577,0.4853341862977045,0.003734931685844376,-0.004924294993824447,0.0002872273274895158,-0.11676283384292918,-0.8390956251408836,0.09619686021410748,-2.400806701653918,0.020524090984910072,1.636717844810584,0.810894393068604,0.0199984265478258,0.02000162385537342,-0.21988220213180243,-0.10216976561584137,0.18369756882896468,-0.0806557537060647,0.0267095172720748,0.12844934317064,0.042302615368357624,-8.41551556721859e-08,1.1177635873089661e-07,-0.2,-0.15378232002258302,0.2,0.07784526348114014,0.039569079875946045,0.2,0.042188629508018494,-0.2,-0.15378232002258302,0.2,0.07784526348114014,0.039569079875946045,0.2,0.042188629508018494,-0.006640124202715615,0.009017373014143095,-0.0061332646107874825,0.0037497319151377838,-0.003888585012935509,0.010000148068362327,0.0,-0.21329709881085565,-0.11127026235927959,0.18979464025476944,-0.08432853535978592,0.030850963495978496,0.11917498365812765,0.042188629508018494,-0.21993722301357127,-0.10225288934513649,0.18366137564398197,-0.08057880344464814,0.026962378483042986,0.12917513172648998,0.042188629508018494,-0.21993722301357127,-0.10225288934513649,0.18366137564398197,-0.08057880344464814,0.026962378483042986,0.12917513172648998,0.042188629508018494,0.0001502280321419743,0.27498028739737784,0,0,0,0,panda_link7,obstacle,panda_link5,panda_link7
130,0.5416666666666666,1,130,7.183695517251907e-06,1,,,0.0005130814236450759,0,0.019977307447125732,0,0,0,1,0,0,1,0,0,0,1.0,0,0.3076188564300537,-0.0009795696241781116,0.48533394932746887,0.30762458780874363,-0.0009754856829477446,0.4853353909250633,0.0037839386278654503,-0.004988907859481845,0.00029099610672542425,-0.11767931824909571,-0.8395211911768656,0.0969621159459574,-2.4011424374221018,0.020635250152762515,1.6372533934160338,0.8110706558161703,0.019998426195028816,0.020001624323359314,-0.21995625747996658,-0.1021358486356787,0.18366137564398197,-0.08057658436417656,0.02667820028458605,0.12853166530797125,0.042303059415924,-8.467127561020624e-08,1.1231661466463636e-07,-0.2,-0.15481618642807007,0.2,0.07809722423553467,0.03851852416992188,0.2,0.04174338579177857,-0.2,-0.15481618642807007,0.2,0.07809722423553467,0.03851852416992188,0.2,0.04174338579177857,-0.006731826563210899,0.00914379940120901,-0.006210609707898941,0.003796065614873533,-0.003936653465360053,0.010137366094359728,0.0,-0.2130363104956842,-0.11158641885169351,0.1901576614513506,-0.08450124152225182,0.030019572017967736,0.1194251816648075,0.04174338579177857,-0.21976813705889509,-0.10244261945048451,0.18394705174345166,-0.08070517590737829,0.026082918552607685,0.12956254775916723,0.04174338579177857,-0.21976813705889509,-0.10244261945048451,0.18394705174345166,-0.08070517590737829,0.026082918552607685,0.12956254775916723,0.04174338579177857,0.00015002471813887238,0.2749099317910933,0,0,0,0,panda_link7,obstacle,panda_link5,panda_link7
131,0.5458333333333333,0,130,7.2925934836365356e-06,1,,,0.0004399559055108457,0,0.019974523557809112,0,0,0,1,0,0,1,0,0,0,1.0,0,0.3076345920562744,-0.0010004962095990777,0.48533517122268677,0.3076404566274037,-0.0009964078177706304,0.48533661128429806,0.0038331238078554153,-0.005053755721763476,0.0002947785929899393,-0.11859509879437363,-0.8399475473499036,0.09772856199488844,-2.401478699671074,0.02074274301062487,1.6377905536824,0.8112450652634342,0.019998425845857315,0.020001624787664967,-0.21978733086670268,-0.10232548152911124,0.18394705174345166,-0.08070293975330248,0.02579828588696529,0.12891846392785927,0.041858267343334477,-8.38011601556922e-08,1.1143335642551863e-07,-0.2,-0.15481618642807007,0.2,0.07809722423553467,0.03851852416992188,0.2,0.04174338579177857,-0.2,-0.15481618642807007,0.2,0.07809722423553467,0.03851852416992188,0.2,0.04174338579177857,-0.006823989579652773,0.009271467019953475,-0.006288129153166373,0.003842641019494399,-0.0039848115915805254,0.010275779651092892,0.0,-0.21301914599186875,-0.11167843762769536,0.19019864937189007,-0.08446841129486668,0.03003705060213589,0.1193712242697419,0.04174338579177857,-0.21984313557152152,-0.10240697060774188,0.1839105202187237,-0.08062577027537228,0.026052239010555363,0.12964700392083478,0.04174338579177857,-0.21984313557152152,-0.10240697060774188,0.1839105202187237,-0.08062577027537228,0.026052239010555363,0.12964700392083478,0.04174338579177857,0.00015004777398099263,0.27483941511959903,0,0,0,0,panda_link7,obstacle,panda_link5,panda_link7
132,0.55,0,130,7.378376348740903e-06,1,,,0.00036694138453426117,0,0.019971717023217976,0,0,0,1,0,0,1,0,0,0,1.0,0,0.3076505661010742,-0.001021693111397326,0.48533639311790466,0.30765653075090843,-0.0010176006353540049,0.4853378474320845,0.0038824844996023285,-0.005118834986313957,0.00029857457662927446,-0.11951119238979442,-0.8403737546434354,0.09849485582913313,-2.401814631003073,0.020850106312017336,1.6383280636104234,0.8114194765352319,0.019998425489865048,0.02000162525897776,-0.21986246290099068,-0.10228975044763457,0.1839105202187237,-0.08062351967971218,0.02576719233419183,0.12900238272560524,0.04185870523145731,-8.543814391300669e-08,1.1311507032559995e-07,-0.2,-0.15481618642807007,0.2,0.07809722423553467,0.03851852416992188,0.2,0.04174338579177857,-0.2,-0.15481618642807007,0.2,0.07809722423553467,0.03851852416992188,0.2,0.04174338579177857,-0.006916574912977406,0.009399392796555954,-0.0063658622766624455,0.003889281814572934,-0.004033078099528468,0.010414494380208661,0.0,-0.21300189117138185,-0.11177048938445087,0.19023960734928258,-0.08443555537418101,0.03005453698070817,0.11931726904075404,0.04174338579177857,-0.21991846608435925,-0.10237109658789492,0.18387374507262014,-0.08054627355960808,0.026021458881179703,0.1297317634209627,0.04174338579177857,-0.21991846608435925,-0.10237109658789492,0.18387374507262014,-0.08054627355960808,0.026021458881179703,0.1297317634209627,0.04174338579177857,0.0001500710518820908,0.2747688823069365,0,0,0,0,panda_link7,obstacle,panda_link5,panda_link7
133,0.5541666666666667,0,130,7.46529930950915e-06,1,,,0.000294038186732494,0,0.019968887800562087,0,0,0,1,0,0,1,0,0,0,1.0,0,0.30766674876213074,-0.0010431611444801092,0.48533761501312256,0.3076728109048908,-0.0010390650924036013,0.48533909942422593,0.003932017984694562,-0.00518414206906217,0.0003023838485895105,-0.1204276004703991,-0.840799812085796,0.09926099643360238,-2.402150231032976,0.020957339548526542,1.6388659242823151,0.8115938896677232,0.019998425131815503,0.020001625732418725,-0.21993793934512465,-0.10225378616653776,0.18387374507262014,-0.0805440071767484,0.025735976762209234,0.12908656125403686,0.04185915179788804,-8.593189102000867e-08,1.1362583136843504e-07,-0.2,-0.15481618642807007,0.2,0.07809722423553467,0.03851852416992188,0.2,0.04174338579177857,-0.2,-0.15481618642807007,0.2,0.07809722423553467,0.03851852416992188,0.2,0.04174338579177857,-0.007009589471828582,0.009527859470689386,-0.006443790694694086,0.0039361021157186754,-0.004081439023512803,0.010553813831789398,0.0,-0.21298454607618625,-0.11186257364237423,0.1902805351519571,-0.08440267388920533,0.030072030998377203,0.11926331627074956,0.04174338579177857,-0.21999413554801484,-0.10233471417168484,0.183836744457263,-0.08046657177348665,0.0259905919748644,0.12981713010253895,0.04174338579177857,-0.21999413554801484,-0.10233471417168484,0.183836744457263,-0.08046657177348665,0.0259905919748644,0.12981713010253895,0.04174338579177857,0.0001500945520185892,0.274698333650207,0,0,0,0,panda_link7,obstacle,panda_link5,panda_link7
134,0.5583333333333333,0,130,7.566690292630938e-06,1,,,0.00022124707556281376,0,0.01996603583880343,0,0,0,1,0,0,1,0,0,0,1.0,0,0.3076831102371216,-0.0010649015894159675,0.48533889651298523,0.3076892978036732,-0.0010608021307129507,0.4853403673156559,0.003981721552520812,-0.005249673396221286,0.0003062062004165962,-0.12134432444629853,-0.8412257175583906,0.10002698286884097,-2.4024854989063744,0.021064442357717993,1.6394041382255904,0.8117683046639443,0.019998424771620782,0.02000162620809428,-0.22001375421586053,-0.10221731342270822,0.183836744457263,-0.08046428961555069,0.0257046742059483,0.129171346386084,0.041859599093079604,-8.644673341875672e-08,1.1416213316567739e-07,-0.2,-0.15481618642807007,0.2,0.07809722423553467,0.03851852416992188,0.2,0.04174338579177857,-0.2,-0.15481618642807007,0.2,0.07809722423553467,0.03851852416992188,0.2,0.04174338579177857,-0.007103032275376536,0.009657417834821483,-0.006521863401421101,0.003982899251213752,-0.004129863449842168,0.010694027704350203,0.0,-0.21296711073282298,-0.1119546897831326,0.19032143257997433,-0.08436976699310253,0.030089532523593168,0.11920936629193486,0.04174338579177857,-0.22007014300819952,-0.10229727194831112,0.18379956917855322,-0.08038686774188877,0.025959669073751,0.12990339399628506,0.04174338579177857,-0.22007014300819952,-0.10229727194831112,0.18379956917855322,-0.08038686774188877,0.025959669073751,0.12990339399628506,0.04174338579177857,0.00015011827446257127,0.2746277694707001,0,0,0,0,panda_link7,obstacle,panda_link5,panda_link7
135,0.5625,1,135,7.651922186972652e-06,1,,,0.0001485693392306378,0,0.019963161079671422,0,0,0,1,0,0,1,0,0,0,1.0,0,0.30769971013069153,-0.0010869150282815099,0.4853401482105255,0.3077059921503002,-0.0010828126772062306,0.4853416511604405,0.004031592500270095,-0.005315425404288753,0.00031004142425634836,-0.12226136572329116,-0.8416514666471876,0.10079281440708494,-2.402820434614005,0.0211714145105534,1.6399427091878052,0.8119427215248393,0.019998424409881366,0.02000162668539822,-0.22008990647823193,-0.10217978131129314,0.18379956917855322,-0.08038456983137204,0.02567331668049794,0.12925703093156113,0.04186004661477619,-8.681746023518969e-08,1.1455294586558765e-07,-0.2,-0.15584545135498049,0.2,0.07834420204162598,0.03748147487640381,0.2,0.04130115509033203,-0.2,-0.15584545135498049,0.2,0.07834420204162598,0.03748147487640381,0.2,0.04130115509033203,-0.007196889135959842,0.009787104427545447,-0.006600148893521017,0.004029921062389876,-0.004178392878696197,0.010834553163500422,0.0,-0.21271109347604408,-0.11227018546271379,0.19068156258647284,-0.08454213041804809,0.029270007949564372,0.11945950023975474,0.04130115509033203,-0.21990798261200392,-0.10248308103516834,0.18408141369295183,-0.08051220935565821,0.025091615070868177,0.13029405340325517,0.04130115509033203,-0.21990798261200392,-0.10248308103516834,0.18408141369295183,-0.08051220935565821,0.025091615070868177,0.13029405340325517,0.04130115509033203,0.00014991569383324642,0.2745571899281163,0,0,0,0,panda_link7,obstacle,panda_link5,panda_link7
136,0.5666666666666667,0,135,7.75951009167824e-06,0,related_collision:obstacle,external_collision_band,7.616625533449911e-05,0,0.01996025496850621,0,1,0,1,0,0,1,0,0,0,,0,0.3077164888381958,-0.0011092039057984948,0.4853414297103882,0.3077228946365708,-0.0011050976439811167,0.48534295101178127,0.0040816281329317475,-0.005381394540046295,0.0003138893128544512,-0.12317773198339368,-0.8420779895325708,0.10155982029747224,-2.403155892507383,0.021274767871741082,1.640482905301857,0.8121152976591909,0.019998424049917723,0.020001627160934392,-0.2199279024246052,-0.10236549249197939,0.18408141369295183,-0.08050989441076362,0.0248048066850432,0.12964706737245665,0.04141827224438333,-8.639127417695708e-08,1.1412868159907386e-07,-0.2,-0.15584545135498049,0.2,0.07834420204162598,0.03748147487640381,0.2,0.04130115509033203,-0.2,-0.15584545135498049,0.2,0.07834420204162598,0.03748147487640381,0.2,0.04130115509033203,,,,,,,,,,,,,,,,,,,,,,,,,,,,,,,0,0,0,0,panda_link7,obstacle,panda_link5,panda_link7
