physical_step,time_s,posture_updated,held_from_step,error_m,command_applied,failure,failure_category,external_distance_m,external_censored,self_distance_m,self_censored,obstacle_contact_band,obstacle_negative_penetration,obstacle_buffer,self_contact_band,self_negative_penetration,self_buffer,obstacle_negative_distance,self_negative_distance,u_clipped,speed_scale,soft_limited,actual_x,actual_y,actual_z,ref_x,ref_y,ref_z,ref_v_x,ref_v_y,ref_v_z,q0,q1,q2,q3,q4,q5,q6,q7,q8,velocity0,velocity1,velocity2,velocity3,velocity4,velocity5,velocity6,velocity7,velocity8,u_raw0,u_raw1,u_raw2,u_raw3,u_raw4,u_raw5,u_raw6,u0,u1,u2,u3,u4,u5,u6,track0,track1,track2,track3,track4,track5,track6,secondary0,secondary1,secondary2,secondary3,secondary4,secondary5,secondary6,raw0,raw1,raw2,raw3,raw4,raw5,raw6,command0,command1,command2,command3,command4,command5,command6,secondary_leakage_m_s,min_singular_value,hard_position_violation,actual_speed_violation,tracking_error_violation,non_finite_state,obstacle_nearest_link_a,obstacle_nearest_link_b,self_nearest_link_a,self_nearest_link_b
0,0.0,1,0,0.0,1,,,0.0033440804203699326,0,0.020154933643945418,0,0,0,1,0,0,1,0,0,0,1.0,0,0.3068861961364746,-1.9582610093493713e-06,0.4852786064147949,0.3068861961364746,-1.9582610093493713e-06,0.4852786064147949,-0.0,0.0,-0.0,1.9740035568384908e-07,-0.7853937654416414,1.3552527156068806e-21,-2.3561944726969153,-9.522710487950758e-06,1.5707725610402021,0.7854008199130481,0.019998458963290208,0.020001578328712716,5.2692225582795515e-17,1.1608769501236793e-14,0.0,4.757305660518796e-14,-2.617697725249002e-15,-2.2370993946196904e-14,1.0889076099140915e-14,-3.443426099813962e-16,3.7947076036992655e-16,-0.10642925500869752,-0.08107270002365113,0.14938316345214844,0.07610970735549927,0.014235040545463562,0.0578234612941742,-0.0500780999660492,-0.10642925500869752,-0.08107270002365113,0.14938316345214844,0.07610970735549927,0.014235040545463562,0.0578234612941742,-0.0500780999660492,0.0,0.0,0.0,0.0,0.0,0.0,0.0,-0.13005622436183611,-0.02574931156200966,0.12438607767950897,-0.022610065396977,-0.002086409094408796,0.032378131302503714,-0.0500780999660492,-0.13005622436183611,-0.02574931156200966,0.12438607767950897,-0.022610065396977,-0.002086409094408796,0.032378131302503714,-0.0500780999660492,-0.13005622436183611,-0.02574931156200966,0.12438607767950897,-0.022610065396977,-0.002086409094408796,0.032378131302503714,-0.0500780999660492,8.660874850693087e-05,0.2836087836006162,0,0,0,0,panda_link4,obstacle,panda_link5,panda_link7
1,0.004166666666666667,0,0,3.049684305557641e-07,1,,,0.003317079230697559,0,0.020154486889339213,0,0,0,1,0,0,1,0,0,0,1.0,0,0.30688589811325073,-2.0238437627995154e-06,0.4852786064147949,0.30688619586715044,-1.9579018217788117e-06,0.48527860627600805,-1.9381235425351223e-07,2.5848025718271544e-07,-9.987448128522632e-08,-0.0005417232260584093,-0.7855006596626967,0.0005182753236646207,-2.3562886782544927,-1.9074406408034227e-05,1.5709053372224786,0.7851923971070714,0.019998482344666692,0.020001554361010053,-0.13006095033938236,-0.02565461305325982,0.12438607767950897,-0.022609333818566973,-0.002292407020820033,0.03186628374637537,-0.05002147343439947,5.611530356464025e-06,-5.7522486391599695e-06,-0.10642925500869752,-0.08107270002365113,0.14938316345214844,0.07610970735549927,0.014235040545463562,0.0578234612941742,-0.0500780999660492,-0.10642925500869752,-0.08107270002365113,0.14938316345214844,0.07610970735549927,0.014235040545463562,0.0578234612941742,-0.0500780999660492,6.539380129693802e-07,2.3503771170606013e-06,6.927172482864521e-07,8.564622712865935e-07,4.5229385322949006e-07,2.469051826090422e-06,0.0,-0.13006574347843827,-0.02578248503458688,0.12439807838560663,-0.02259860997023158,-0.002077648535794426,0.032361335990077095,-0.0500780999660492,-0.1300650895404253,-0.025780134657469818,0.12439877110285491,-0.022597753507960294,-0.002077196241941196,0.032363805041903185,-0.0500780999660492,-0.1300650895404253,-0.025780134657469818,0.12439877110285491,-0.022597753507960294,-0.002077196241941196,0.032363805041903185,-0.0500780999660492,8.658835579392357e-05,0.2835920666002148,0,0,0,0,panda_link4,obstacle,panda_link5,panda_link7
2,0.008333333333333333,0,0,6.68948047029517e-07,1,,,0.0032902256116355277,0,0.020154037488900156,0,0,0,1,0,0,1,0,0,0,1.0,0,0.3068855404853821,-2.0954137198714307e-06,0.48527857661247253,0.30688619398524863,-1.955392000031871e-06,0.4852786053062351,-7.736334728633966e-07,1.0317659047127759e-06,-3.986652043143413e-07,-0.0010836422236695196,-0.7856076370367201,0.0010366035365931827,-2.3563828337740502,-2.8682165592260276e-05,1.571037809650996,0.7849840045602811,0.019998480176205834,0.02000155657715069,-0.1300605594266665,-0.025674569765617,0.12439877110285491,-0.022597324693836046,-0.002305862204214252,0.03179338284418301,-0.050014211229686065,-5.204306060889279e-07,5.318737523363377e-07,-0.10642925500869752,-0.08107270002365113,0.14938316345214844,0.07610970735549927,0.014235040545463562,0.0578234612941742,-0.0500780999660492,-0.10642925500869752,-0.08107270002365113,0.14938316345214844,0.07610970735549927,0.014235040545463562,0.0578234612941742,-0.0500780999660492,1.993098683536042e-06,4.452557439953741e-06,2.1118965999231127e-06,1.4479317019523677e-06,1.3788955946316006e-06,4.55424198192881e-06,0.0,-0.13007525100226738,-0.025815688958139564,0.12441006978709199,-0.022587152994981406,-0.002068894972861019,0.03234454040900861,-0.0500780999660492,-0.13007325790358384,-0.02581123640069961,0.1244121816836919,-0.022585705063279452,-0.0020675160772663874,0.03234909465099054,-0.0500780999660492,-0.13007325790358384,-0.02581123640069961,0.1244121816836919,-0.022585705063279452,-0.0020675160772663874,0.03234909465099054,-0.0500780999660492,8.656799197534445e-05,0.2835753442951374,0,0,0,0,panda_link4,obstacle,panda_link5,panda_link7
3,0.0125,0,0,1.0321761870713314e-06,1,,,0.003263524973328602,0,0.02015358519705982,0,0,0,1,0,0,1,0,0,0,1.0,0,0.3068851828575134,-2.1629571165249217e-06,0.48527851700782776,0.306886188887443,-1.9485932482139088e-06,0.48527860267925765,-1.7370432328998035e-06,2.316629315539621e-06,-8.951250425912236e-07,-0.0016255960901156142,-0.7857147437455528,0.0015549876269418989,-2.356476939054283,-3.825052038588963e-05,1.5711702195352812,0.7847756126863529,0.019998478320866608,0.020001558466230657,-0.13006892794706268,-0.025705610119846928,0.1244121816836919,-0.022585267255888386,-0.002296405150471045,0.0317783722284396,-0.05001404974277262,-4.452814140231201e-07,4.533791921629976e-07,-0.10642925500869752,-0.08107270002365113,0.14938316345214844,0.07610970735549927,0.014235040545463562,0.0578234612941742,-0.0500780999660492,-0.10642925500869752,-0.08107270002365113,0.14938316345214844,0.07610970735549927,0.014235040545463562,0.0578234612941742,-0.0500780999660492,3.974618343270702e-06,5.765206070043556e-06,4.211212479556414e-06,1.530975201849558e-06,2.7495455486547897e-06,5.6541531288982795e-06,0.0,-0.13008474825295765,-0.02584892018267562,0.12442205281851229,-0.02257569132861191,-0.0020601498171881998,0.032327739682713214,-0.0500780999660492,-0.13008077363461437,-0.025843154976605574,0.12442626403099184,-0.02257416035341006,-0.002057400271639545,0.03233339383584211,-0.0500780999660492,-0.13008077363461437,-0.025843154976605574,0.12442626403099184,-0.02257416035341006,-0.002057400271639545,0.03233339383584211,-0.0500780999660492,8.654764694891958e-05,0.2835586097069468,0,0,0,0,panda_link4,obstacle,panda_link5,panda_link7
4,0.016666666666666666,0,0,1.3886352855331421e-06,1,,,0.0032369778546273292,0,0.020153130020001866,0,0,0,1,0,0,1,0,0,0,1.0,0,0.3068848252296448,-2.224319132437813e-06,0.48527848720550537,0.3068861789804808,-1.935380704823617e-06,0.48527859757404795,-3.081626569161053e-06,4.109849607914781e-06,-1.5880094759447169e-06,-0.002167582110003037,-0.7858219832449321,0.002073430393737698,-2.356570996193871,-4.777754285511701e-05,1.5713025630311788,0.7845672214540692,0.019998476766209795,0.02000156004162109,-0.13007664477298145,-0.025737479851030233,0.12442626403099184,-0.02257371350116849,-0.0022864853926145724,0.03176243901542708,-0.05001389574806671,-3.7311763479222493e-07,3.7809370359012315e-07,-0.10642925500869752,-0.08107270002365113,0.14938316345214844,0.07610970735549927,0.014235040545463562,0.0578234612941742,-0.0500780999660492,-0.10642925500869752,-0.08107270002365113,0.14938316345214844,0.07610970735549927,0.014235040545463562,0.0578234612941742,-0.0500780999660492,6.595077642154794e-06,6.5601022254795486e-06,6.986483541634703e-06,7.774135925038008e-07,4.561510870174527e-06,5.753701162878776e-06,0.0,-0.130094235230179,-0.025882179187976487,0.12443402762596044,-0.02256422491195916,-0.0020514132095646766,0.0323109337341271,-0.0500780999660492,-0.13008764015253682,-0.025875619085751006,0.12444101410950208,-0.022563447498366654,-0.002046851698694502,0.03231668743528998,-0.0500780999660492,-0.13008764015253682,-0.025875619085751006,0.12444101410950208,-0.022563447498366654,-0.002046851698694502,0.03231668743528998,-0.0500780999660492,8.65273208133429e-05,0.28354186266537984,0,0,0,0,panda_link4,obstacle,panda_link5,panda_link7
5,0.020833333333333332,1,5,1.741179260666916e-06,1,,,0.0032105845230976093,0,0.020152671964398197,0,0,0,1,0,0,1,0,0,0,1.0,0,0.3068844676017761,-2.2773804175812984e-06,0.4852784276008606,0.30688616268116137,-1.9136429146475933e-06,0.4852785891747584,-4.804973474173638e-06,6.40821264539188e-06,-2.476076590528632e-06,-0.0027095975774371756,-0.7859293578095166,0.0025919346191939567,-2.3566650086585588,-5.7261426510033217e-05,1.5714348359576364,0.784358830863031,0.01999847548279055,0.0200015613340479,-0.13008371218419323,-0.025769895500255012,0.12444101410950208,-0.022562991525060777,-0.0022761320771798894,0.03174550234984491,-0.05001374184915113,-3.0802061933921446e-07,3.1018243484316754e-07,-0.10195925235748292,-0.0751836895942688,0.151749062538147,0.07392467260360717,0.016305269300937654,0.05271428823471069,-0.0507089376449585,-0.10195925235748292,-0.0751836895942688,0.151749062538147,0.07392467260360717,0.016305269300937654,0.05271428823471069,-0.0507089376449585,9.851022512971218e-06,6.5505617291435365e-06,1.0432841082754285e-05,-4.968638945150122e-07,6.811594366283886e-06,4.846947554855066e-06,0.0,-0.1288631337833636,-0.022827599853052924,0.12339048383355891,-0.019830777085059873,-0.0022064782502741135,0.028411848879809166,-0.0507089376449585,-0.12885328276085062,-0.02282104929132378,0.12340091667464166,-0.019831273948954387,-0.0021996666559078296,0.02841669582736402,-0.0507089376449585,-0.12885328276085062,-0.02282104929132378,0.12340091667464166,-0.019831273948954387,-0.0021996666559078296,0.02841669582736402,-0.0507089376449585,8.440896855086394e-05,0.2835251028225729,0,0,0,0,panda_link4,obstacle,panda_link5,panda_link7
6,0.025,0,5,2.0822623917709207e-06,1,,,0.0031840098459939292,0,0.02015222108067473,0,0,0,1,0,0,1,0,0,0,1.0,0,0.30688410997390747,-2.302818302268861e-06,0.4852783679962158,0.3068861384163151,-1.8812818006549152e-06,0.4852785766707107,-6.904678998192225e-06,9.208511036826631e-06,-3.5580870788217454e-06,-0.003246470339953996,-0.7860240021682366,0.0031061051053382967,-2.3567476370289153,-6.738852703175689e-05,1.5715508437569794,0.7841478140459703,0.01999847346843568,0.02000156337040727,-0.1288494630040369,-0.022714646092832073,0.12340091667464166,-0.01983080888561045,-0.0024305041252136797,0.027841871842286092,-0.05064403609458109,-4.834451692112968e-07,4.88726248889463e-07,-0.10195925235748292,-0.0751836895942688,0.151749062538147,0.07392467260360717,0.016305269300937654,0.05271428823471069,-0.0507089376449585,-0.10195925235748292,-0.0751836895942688,0.151749062538147,0.07392467260360717,0.016305269300937654,0.05271428823471069,-0.0507089376449585,1.3652757877830218e-05,5.869064463155361e-06,1.4454757941096254e-05,-2.459040823097539e-06,9.437446379785394e-06,2.921437415640251e-06,0.0,-0.12887232684150937,-0.02286065477636902,0.12340146565061713,-0.019819690635242283,-0.0021983895888569686,0.028395710121431467,-0.0507089376449585,-0.12885867408363155,-0.022854785711905863,0.12341592040855823,-0.01982214967606538,-0.0021889521424771833,0.028398631558847108,-0.0507089376449585,-0.12885867408363155,-0.022854785711905863,0.12341592040855823,-0.01982214967606538,-0.0021889521424771833,0.028398631558847108,-0.0507089376449585,8.438974729637053e-05,0.2835103497162036,0,0,0,0,panda_link4,obstacle,panda_link5,panda_link7
7,0.029166666666666667,0,5,2.4135740861980175e-06,1,,,0.003157587698165404,0,0.020151767556045995,0,0,0,1,0,0,1,0,0,0,1.0,0,0.3068837523460388,-2.314961875526933e-06,0.48527830839157104,0.3068861046227828,-1.836212635891716e-06,0.48527855925638474,-9.378343249199642e-06,1.2507544136376833e-05,-4.832804239627797e-06,-0.0037833667828661645,-0.7861187895142078,0.0036203381070406227,-2.356830227342584,-7.746612667577385e-05,1.5716667895084575,0.7839367962287974,0.019998472745010043,0.020001564080300696,-0.12885514629892048,-0.0227489630330696,0.12341592040855823,-0.01982167528043277,-0.002418623914564072,0.027826980354772518,-0.05064427612149772,-1.7362215231622388e-07,1.7037442216760734e-07,-0.10195925235748292,-0.0751836895942688,0.151749062538147,0.07392467260360717,0.016305269300937654,0.05271428823471069,-0.0507089376449585,-0.10195925235748292,-0.0751836895942688,0.151749062538147,0.07392467260360717,0.016305269300937654,0.05271428823471069,-0.0507089376449585,1.8079290207346135e-05,4.5082649789816565e-06,1.9134955652182947e-05,-5.115075612437201e-06,1.249306147467648e-05,-3.318792744427849e-08,0.0,-0.12888150959684,-0.02289373615396799,0.12341243910269625,-0.019808599833640438,-0.002190310065586485,0.02837956645495154,-0.0507089376449585,-0.12886343030663266,-0.02288922788898901,0.12343157405834844,-0.019813714909252874,-0.0021778170041118084,0.028379533267024096,-0.0507089376449585,-0.12886343030663266,-0.02288922788898901,0.12343157405834844,-0.019813714909252874,-0.0021778170041118084,0.028379533267024096,-0.0507089376449585,8.437054546549412e-05,0.2834955834276613,0,0,0,0,panda_link4,obstacle,panda_link5,panda_link7
8,0.03333333333333333,0,5,2.736924408543571e-06,1,,,0.0031313181453482275,0,0.020151311412435237,0,0,0,1,0,0,1,0,0,0,1.0,0,0.30688339471817017,-2.312826836714521e-06,0.4852782189846039,0.306886059747394,-1.7763640153757583e-06,0.48527853613140803,-1.2223571392906898e-05,1.6302118043502386e-05,-6.298993978075494e-06,-0.0043202838757055925,-0.7862137201702802,0.004134636332283741,-2.3569127824726324,-8.749812125484585e-05,1.5717826547658076,0.7837257790271028,0.019998472212842202,0.020001564590395836,-0.12886010228146272,-0.022783357457381477,0.12343157405834844,-0.01981323121161846,-0.0024076786989772805,0.02780766176399574,-0.050644128406701294,-1.2772028162117907e-07,1.2242283322153047e-07,-0.10195925235748292,-0.0751836895942688,0.151749062538147,0.07392467260360717,0.016305269300937654,0.05271428823471069,-0.0507089376449585,-0.10195925235748292,-0.0751836895942688,0.151749062538147,0.07392467260360717,0.016305269300937654,0.05271428823471069,-0.0507089376449585,2.313267461697182e-05,2.3213642228138847e-06,2.447432346242813e-05,-8.30993812745725e-06,1.5979007031618998e-05,-4.024813561328719e-06,0.0,-0.12889068191954658,-0.02292684462555042,0.1234234043595218,-0.019797504817403982,-0.002182239760909121,0.028363418099085293,-0.0507089376449585,-0.1288675492449296,-0.022924523261327604,0.12344787868298424,-0.019805814755531437,-0.0021662607538775022,0.028359393285523966,-0.0507089376449585,-0.1288675492449296,-0.022924523261327604,0.12344787868298424,-0.019805814755531437,-0.0021662607538775022,0.028359393285523966,-0.0507089376449585,8.43513637471131e-05,0.2834808041017167,0,0,0,0,panda_link4,obstacle,panda_link5,panda_link7
9,0.0375,0,5,3.0475980897056945e-06,1,,,0.0031052017172537166,0,0.02015085265685953,0,0,0,1,0,0,1,0,0,0,1.0,0,0.3068830370903015,-2.294345222253469e-06,0.4852781295776367,0.3068860022469463,-1.69967782799101e-06,0.48527850650054466,-1.5437973652753164e-05,2.0589045602965267e-05,-7.955424805618509e-06,-0.004857218962270203,-0.7863087976869747,0.004649002493462842,-2.356995304646271,-9.748276600356475e-05,1.5718984351648166,0.783514762444116,0.0199984718513399,0.02000156492216955,-0.1288644207755064,-0.02281860400666167,0.12344787868298424,-0.01980532167320259,-0.0023963147396925365,0.027787295762161407,-0.050643979916833795,-8.67605521480061e-08,7.962569066426173e-08,-0.10195925235748292,-0.0751836895942688,0.151749062538147,0.07392467260360717,0.016305269300937654,0.05271428823471069,-0.0507089376449585,-0.10195925235748292,-0.0751836895942688,0.151749062538147,0.07392467260360717,0.016305269300937654,0.05271428823471069,-0.0507089376449585,2.880967225505528e-05,-5.591864976702805e-07,3.046888594811463e-05,-1.2210514857530326e-05,1.989269062537619e-05,-9.065821737633717e-06,0.0,-0.12889984379596187,-0.02295998065920721,0.12343436156558134,-0.019786405538797177,-0.0021741788267685483,0.028347264992775983,-0.0507089376449585,-0.12887103412370682,-0.02296053984570488,0.12346483045152945,-0.019798616053654707,-0.0021542861361431723,0.028338199171038348,-0.0507089376449585,-0.12887103412370682,-0.02296053984570488,0.12346483045152945,-0.019798616053654707,-0.0021542861361431723,0.028338199171038348,-0.0507089376449585,8.433220227269124e-05,0.28346601156020734,0,0,0,0,panda_link4,obstacle,panda_link5,panda_link7
10,0.041666666666666664,1,10,3.3691300865090902e-06,1,,,0.0030792388135890553,0,0.020150391296493958,0,0,0,1,0,0,1,0,0,0,1.0,0,0.3068826496601105,-2.2574604372493923e-06,0.48527806997299194,0.3068859305881841,-1.6041092283822173e-06,0.4852784695736845,-1.9019165309905798e-05,2.5365146404829566e-05,-9.800867840035484e-06,-0.005394169399919503,-0.7864040250699942,0.005163439287010881,-2.357077796785896,-0.00010741831649073997,1.5720141263170515,0.7833037464799404,0.01999847164373925,0.020001565093139613,-0.12886810503583201,-0.02285457192467144,0.12346483045152945,-0.019798113510028303,-0.002384532116922052,0.027765876536356454,-0.05064383140215048,-4.982415678471408e-08,4.103281517299148e-08,-0.10408152341842652,-0.0761420488357544,0.15348358154296876,0.07481229305267334,0.015006339550018311,0.05308884382247925,-0.050542020797729494,-0.10408152341842652,-0.0761420488357544,0.15348358154296876,0.07481229305267334,0.015006339550018311,0.05308884382247925,-0.050542020797729494,3.510658298723544e-05,-3.7337377197292616e-06,3.711540007579553e-05,-1.6865123585708513e-05,2.4231992161176396e-05,-1.4873015590386266e-05,0.0,-0.13057712543178154,-0.023189749929812112,0.1256630455820491,-0.019941722790316047,-0.003149516905345205,0.02856901382499539,-0.050542020797729494,-0.1305420188487943,-0.02319348366753184,0.1257001609821249,-0.019958587913901756,-0.0031252849131840283,0.028554140809405004,-0.050542020797729494,-0.1305420188487943,-0.02319348366753184,0.1257001609821249,-0.019958587913901756,-0.0031252849131840283,0.028554140809405004,-0.050542020797729494,8.487913538789065e-05,0.2834512055299649,0,0,0,0,panda_link4,obstacle,panda_link5,panda_link7
11,0.04583333333333333,0,10,3.678622117269374e-06,1,,,0.0030529757162126303,0,0.020149927593120592,0,0,0,1,0,0,1,0,0,0,1.0,0,0.30688226222991943,-2.202774112447514e-06,0.4852779805660248,0.3068858432477776,-1.4876266088494801e-06,0.4852784245658323,-2.296476670326031e-05,3.062724678446144e-05,-1.183409680543002e-05,-0.005938083941716939,-0.7865002232749954,0.005687189957769735,-2.357160955402029,-0.00012139965984669023,1.5721307185731335,0.7830934263081688,0.019998471889980975,0.0200015647960161,-0.1305394900313846,-0.02308756920029509,0.1257001609821249,-0.019958067871984037,-0.0033555224054280623,0.027982141459644283,-0.0504768412251794,5.90980137539672e-08,-7.130964285338368e-08,-0.10408152341842652,-0.0761420488357544,0.15348358154296876,0.07481229305267334,0.015006339550018311,0.05308884382247925,-0.050542020797729494,-0.10408152341842652,-0.0761420488357544,0.15348358154296876,0.07481229305267334,0.015006339550018311,0.05308884382247925,-0.050542020797729494,4.203365354942086e-05,-7.755866150209916e-06,4.4421934429359465e-05,-2.2075910668323883e-05,2.9002222737694938e-05,-2.174734499015464e-05,0.0,-0.13058659200080264,-0.02322376072606104,0.1256741818952341,-0.019930294631091264,-0.003141086885704412,0.028552368299360108,-0.050542020797729494,-0.1305445583472532,-0.02323151659221125,0.12571860382966346,-0.01995237054175959,-0.0031120846629667173,0.028530620954369954,-0.050542020797729494,-0.1305445583472532,-0.02323151659221125,0.12571860382966346,-0.01995237054175959,-0.0031120846629667173,0.028530620954369954,-0.050542020797729494,8.485938950351426e-05,0.28343625992908367,0,0,0,0,panda_link4,obstacle,panda_link5,panda_link7
12,0.05,0,10,3.974093344113181e-06,1,,,0.003026872050283555,0,0.020149461298313104,0,0,0,1,0,0,1,0,0,0,1.0,0,0.3068818747997284,-2.1254952571325703e-06,0.48527786135673523,0.30688573871230185,-1.3482115712428268e-06,0.48527837069709695,-2.72724032294404e-05,3.637217982252917e-05,-1.4053888032230695e-05,-0.006482009073271858,-0.786596579323411,0.006211017473726666,-2.3572440881047316,-0.00013532763787574276,1.5722472096163342,0.7828831070752305,0.01999847191676494,0.02000156472155551,-0.13054203157318056,-0.023125451619762885,0.12571860382966346,-0.019951848648627757,-0.0033427147269726055,0.02795785036819709,-0.05047661590520208,6.4281513688368985e-09,-1.7870541714395255e-08,-0.10408152341842652,-0.0761420488357544,0.15348358154296876,0.07481229305267334,0.015006339550018311,0.05308884382247925,-0.050542020797729494,-0.10408152341842652,-0.0761420488357544,0.15348358154296876,0.07481229305267334,0.015006339550018311,0.05308884382247925,-0.050542020797729494,4.957367559181692e-05,-1.2632323959318993e-05,5.2369225982093145e-05,-2.7848748064701894e-05,3.419077410605565e-05,-2.9698499552192733e-05,0.0,-0.13059604756919113,-0.023257801563135182,0.12568531047513976,-0.019918861854583386,-0.00313266700426572,0.028535717708268755,-0.050542020797729494,-0.1305464738935993,-0.023270433887094502,0.12573767970112185,-0.019946710602648087,-0.0030984762301596645,0.028506019208716562,-0.050542020797729494,-0.1305464738935993,-0.023270433887094502,0.12573767970112185,-0.019946710602648087,-0.0030984762301596645,0.028506019208716562,-0.050542020797729494,8.483966490243929e-05,0.28342130020096723,0,0,0,0,panda_link4,obstacle,panda_link5,panda_link7
13,0.05416666666666667,0,10,4.275514974179438e-06,1,,,0.003000928420130611,0,0.020148992417226293,0,0,0,1,0,0,1,0,0,0,1.0,0,0.30688145756721497,-2.0236918771843193e-06,0.48527777194976807,0.3068856154782154,-1.1838588988567884e-06,0.4852783071926805,-3.1939705342797915e-05,4.2596785345003076e-05,-1.6459020457191035e-05,-0.0070259430313102745,-0.7866930973200776,0.00673492447248134,-2.3573271971831296,-0.00014919972648236722,1.5723635971938705,0.7826727884712992,0.019998472059381534,0.020001564526154834,-0.13054414992922006,-0.023164319199999117,0.12573767970112185,-0.01994617881546429,-0.0033293012655898676,0.027933018608734844,-0.05047646494350506,3.422798268469876e-08,-4.6896161848795914e-08,-0.10408152341842652,-0.0761420488357544,0.15348358154296876,0.07481229305267334,0.015006339550018311,0.05308884382247925,-0.050542020797729494,-0.10408152341842652,-0.0761420488357544,0.15348358154296876,0.07481229305267334,0.015006339550018311,0.05308884382247925,-0.050542020797729494,5.772345413662451e-05,-1.782368718419613e-05,6.095552632031053e-05,-3.439276047370909e-05,3.979652105921471e-05,-3.8445331339218814e-05,0.0,-0.13060549213160064,-0.023291872887603662,0.1256964314688164,-0.019907424385611522,-0.003124257418222212,0.02851906195007939,-0.050542020797729494,-0.130547768677464,-0.023309696574787857,0.12575738699513672,-0.01994181714608523,-0.0030844608971629973,0.02848061661874017,-0.050542020797729494,-0.130547768677464,-0.023309696574787857,0.12575738699513672,-0.01994181714608523,-0.0030844608971629973,0.02848061661874017,-0.050542020797729494,8.481996163374842e-05,0.28340632609421434,0,0,0,0,panda_link4,obstacle,panda_link5,panda_link7
14,0.058333333333333334,0,10,4.559842774259091e-06,1,,,0.0029751450258777012,0,0.02014852095662973,0,0,0,1,0,0,1,0,0,0,1.0,0,0.30688104033470154,-1.895361037895782e-06,0.4852776527404785,0.3068854720518394,-9.925765283249742e-07,0.48527823328286723,-3.6964308555412896e-05,4.929790992315562e-05,-1.9048275623389547e-05,-0.00756988322866395,-0.7867897787061733,0.007258913584961077,-2.3574102858305737,-0.00016301422601185304,1.5724798779802125,0.7824624704956169,0.01999847230704406,0.020001564221088116,-0.13054564736488214,-0.02320353266295669,0.12575738699513672,-0.019941275386584217,-0.0033154798870765976,0.027907388722074128,-0.05047631416375749,5.94390061523474e-08,-7.3216012350108e-08,-0.10408152341842652,-0.0761420488357544,0.15348358154296876,0.07481229305267334,0.015006339550018311,0.05308884382247925,-0.050542020797729494,-0.10408152341842652,-0.0761420488357544,0.15348358154296876,0.07481229305267334,0.015006339550018311,0.05308884382247925,-0.050542020797729494,6.64799984573258e-05,-2.38830976608927e-05,7.017428374224492e-05,-4.151011308371975e-05,4.5815173268545834e-05,-4.828835261922367e-05,0.0,-0.1306149256008197,-0.023325975165499405,0.12570754514474594,-0.01989598217635868,-0.003115858195988615,0.028502400959464443,-0.050542020797729494,-0.13054844560236237,-0.023349858263160297,0.1257777194284882,-0.0199374922894424,-0.003070043022720069,0.02845411260684522,-0.050542020797729494,-0.13054844560236237,-0.023349858263160297,0.1257777194284882,-0.0199374922894424,-0.003070043022720069,0.02845411260684522,-0.050542020797729494,8.480027975246592e-05,0.28339133726458643,0,0,0,0,panda_link4,obstacle,panda_link5,panda_link7
15,0.0625,1,15,4.85461059849092e-06,1,,,0.0029495224389954056,0,0.020148046924631145,0,0,0,1,0,0,1,0,0,0,1.0,0,0.3068805932998657,-1.738514811222558e-06,0.4852775037288666,0.30688530694933647,-7.72385521514645e-07,0.48527814820301307,-4.234385343709353e-05,5.647240687356131e-05,-2.1820437680229693e-05,-0.008113827090115083,-0.7868866272254509,0.007782987415913111,-2.3574933564158864,-0.00017676946393961558,1.5725960473751615,0.7822521531499779,0.01999847264860901,0.020001563817971454,-0.13054652674827177,-0.02324364462662535,0.1257777194284882,-0.019936940475107856,-0.0033012571026630067,0.02788065478775903,-0.05047616295337334,8.197558774717187e-08,-9.67479987673027e-08,-0.10588055849075317,-0.07692084312438965,0.1550466299057007,0.07552054524421692,0.013766418397426606,0.05339928269386292,-0.05041238069534302,-0.10588055849075317,-0.07692084312438965,0.1550466299057007,0.07552054524421692,0.013766418397426606,0.05339928269386292,-0.05041238069534302,7.583927582668795e-05,-3.055002909921698e-05,8.002166271122692e-05,-4.9087918273240486e-05,5.224421063591771e-05,-5.894152872332155e-05,0.0,-0.13203971323705185,-0.023527362933775116,0.12769092732857706,-0.020024020888740533,-0.004080150499254642,0.02868500284174604,-0.05041238069534302,-0.13196387396122516,-0.023557912962874333,0.1277709489912883,-0.020073108807013774,-0.004027906288618725,0.028626061313022717,-0.05041238069534302,-0.13196387396122516,-0.023557912962874333,0.1277709489912883,-0.020073108807013774,-0.004027906288618725,0.028626061313022717,-0.05041238069534302,8.523294681883315e-05,0.28337633351676017,0,0,0,0,panda_link4,obstacle,panda_link5,panda_link7
16,0.06666666666666667,0,15,5.121990688020493e-06,1,,,0.002923672689929935,0,0.02014757045836875,0,0,0,1,0,0,1,0,0,0,1.0,0,0.3068801462650299,-1.5534333215327933e-06,0.485277384519577,0.3068851186966897,-5.213200374212879e-07,0.4852780511935344,-4.807598561537621e-05,6.411713625809679e-05,-2.4774293383439915e-05,-0.008663670161283235,-0.7869843427720642,0.00831536637004348,-2.3575769919967753,-0.00019451595269463716,1.5727129340874602,0.7820423763446441,0.01999847334328826,0.020001563051152436,-0.13196233708035654,-0.023451731187183293,0.1277709489912883,-0.02007253941330958,-0.004259157301205177,0.02805281095168205,-0.05034643328009268,1.6672302031875766e-07,-1.840365640819186e-07,-0.10588055849075317,-0.07692084312438965,0.1550466299057007,0.07552054524421692,0.013766418397426606,0.05339928269386292,-0.05041238069534302,-0.10588055849075317,-0.07692084312438965,0.1550466299057007,0.07552054524421692,0.013766418397426606,0.05339928269386292,-0.05041238069534302,8.581079134519301e-05,-3.781993151265553e-05,9.050679925869924e-05,-5.7571678654676816e-05,5.908981401243469e-05,-7.071487603874894e-05,0.0,-0.13204940726354478,-0.02356223172244649,0.12770217578414766,-0.020012298608828454,-0.004071413703593917,0.0286679130886988,-0.05041238069534302,-0.13196359647219957,-0.023600051653959148,0.12779268258340637,-0.02006987028748313,-0.004012323889581482,0.028597198212660054,-0.05041238069534302,-0.13196359647219957,-0.023600051653959148,0.12779268258340637,-0.02006987028748313,-0.004012323889581482,0.028597198212660054,-0.05041238069534302,8.521278351354374e-05,0.28336120850665236,0,0,0,0,panda_link4,obstacle,panda_link5,panda_link7
17,0.07083333333333333,0,15,5.4256520982051345e-06,1,,,0.0028979892414581765,0,0.020147091435279353,0,0,0,1,0,0,1,0,0,0,1.0,0,0.3068796396255493,-1.3357761190491146e-06,0.4852772355079651,0.3068849058296816,-2.3742730406319267e-07,0.4852779414998975,-5.4158355775525474e-05,7.222896488394079e-05,-2.7908632095073614e-05,-0.00921351218481007,-0.7870822333526729,0.008847835880807673,-2.3576606140715395,-0.00021219898191991157,1.5728296977768648,0.7818326004308276,0.01999847382177156,0.020001562504645833,-0.13196208564644024,-0.023493739346082475,0.12779268258340637,-0.02006929794343909,-0.004243927014065861,0.028023285457119185,-0.050346219315968006,1.1483599167763647e-07,-1.3116158491819144e-07,-0.10588055849075317,-0.07692084312438965,0.1550466299057007,0.07552054524421692,0.013766418397426606,0.05339928269386292,-0.05041238069534302,-0.10588055849075317,-0.07692084312438965,0.1550466299057007,0.07552054524421692,0.013766418397426606,0.05339928269386292,-0.05041238069534302,9.6377027657673e-05,-4.5443427510509576e-05,0.00010161214221017734,-6.640834997002802e-05,6.63403439977782e-05,-8.302164391298161e-05,0.0,-0.13205908968444527,-0.023597133834468643,0.12771341724335009,-0.020000571240065716,-0.004062688004864404,0.028650817809783475,-0.05041238069534302,-0.1319627126567876,-0.02364257726197915,0.12781502938556027,-0.020066979590035745,-0.003996347660866626,0.028567796165870494,-0.05041238069534302,-0.1319627126567876,-0.02364257726197915,0.12781502938556027,-0.020066979590035745,-0.003996347660866626,0.028567796165870494,-0.05041238069534302,8.519264257146465e-05,0.28334606793807526,0,0,0,0,panda_link4,obstacle,panda_link5,panda_link7
18,0.075,0,15,5.677356066612429e-06,1,,,0.002872472528528583,0,0.020146609859462476,0,0,0,1,0,0,1,0,0,0,1.0,0,0.3068791627883911,-1.0836884030140936e-06,0.48527705669403076,0.3068846668938728,8.123240962397645e-08,0.48527781837260736,-6.058861966053404e-05,8.080476630357408e-05,-3.1222245783509146e-05,-0.009763351381898815,-0.787180300913225,0.009380398503247508,-2.357744224058055,-0.00022981626502750318,1.5729463379870303,0.7816228251555407,0.0199984743721077,0.020001561883187163,-0.1319614073012987,-0.023536214532493584,0.12781502938556027,-0.02006639676376834,-0.0042281479458219865,0.027993650439723933,-0.050346066068836515,1.3208067431305995e-07,-1.4915008031499838e-07,-0.10588055849075317,-0.07692084312438965,0.1550466299057007,0.07552054524421692,0.013766418397426606,0.05339928269386292,-0.05041238069534302,-0.10588055849075317,-0.07692084312438965,0.1550466299057007,0.07552054524421692,0.013766418397426606,0.05339928269386292,-0.05041238069534302,0.00010753780533718601,-5.4229107616268665e-05,0.00011333143518522582,-7.595862131284555e-05,7.399178038140085e-05,-9.675790302742627e-05,0.0,-0.13206876049514374,-0.023632069626304257,0.1277246518495358,-0.01998883868995048,-0.0040539734915292416,0.028633716877033918,-0.05041238069534302,-0.13196122268980656,-0.023686298733920527,0.127837983284721,-0.020064797311263326,-0.003979981711147841,0.02853695897400649,-0.05041238069534302,-0.13196122268980656,-0.023686298733920527,0.127837983284721,-0.020064797311263326,-0.003979981711147841,0.02853695897400649,-0.05041238069534302,8.517252395145791e-05,0.2833309116226398,0,0,0,0,panda_link4,obstacle,panda_link5,panda_link7
19,0.07916666666666666,0,15,5.954470041561503e-06,1,,,0.0028471232519254597,0,0.020146125740961265,0,0,0,1,0,0,1,0,0,0,1.0,0,0.30687862634658813,-7.952347118589387e-07,0.4852769076824188,0.30688440044458115,4.365858218926032e-07,0.48527768106719726,-6.73644380711228e-05,8.984142081477957e-05,-3.471392902344984e-05,-0.010313185226203576,-0.7872785504367839,0.009913056766933845,-2.357827824907722,-0.00024736617774972667,1.5730628487401328,0.7814130505191048,0.019998474987308917,0.020001561194064894,-0.1319601226331425,-0.023579885654137878,0.127837983284721,-0.02006420392004815,-0.004211979053333639,0.027962580744578885,-0.05034591274461612,1.4764829171483654e-07,-1.6538934495546886e-07,-0.10588055849075317,-0.07692084312438965,0.1550466299057007,0.07552054524421692,0.013766418397426606,0.05339928269386292,-0.05041238069534302,-0.10588055849075317,-0.07692084312438965,0.1550466299057007,0.07552054524421692,0.013766418397426606,0.05339928269386292,-0.05041238069534302,0.00011928762098306396,-6.310243362945775e-05,0.00012566528359738346,-8.619443442926389e-05,8.204451194569027e-05,-0.00011105077771550128,0.0,-0.1320784196579857,-0.02366703963249435,0.12773587975248324,-0.01997710092801604,-0.004045270347176409,0.02861661025643917,-0.05041238069534302,-0.13195913203700263,-0.023730142066123807,0.12786154503608063,-0.020063295362445305,-0.003963225835230719,0.028505559478723668,-0.05041238069534302,-0.13195913203700263,-0.023730142066123807,0.12786154503608063,-0.020063295362445305,-0.003963225835230719,0.028505559478723668,-0.05041238069534302,8.515242786973866e-05,0.283315739322456,0,0,0,0,panda_link4,obstacle,panda_link5,panda_link7
20,0.08333333333333333,1,20,6.209506202463286e-06,1,,,0.0028219415521842095,0,0.020145639086352723,0,0,0,1,0,0,1,0,0,0,1.0,0,0.30687808990478516,-4.684920043018792e-07,0.4852766990661621,0.30688410504686076,8.305466662885473e-07,0.48527752884421743,-7.448347686574078e-05,9.933581546064223e-05,-3.8382478995924e-05,-0.010863011214084343,-0.7873769824326513,0.010445813204584181,-2.3579114194549144,-0.0002648470922216649,1.573179227701967,0.7812032765210555,0.019998475661499687,0.020001560443415604,-0.13195823709138393,-0.023623679008196743,0.12786154503608063,-0.020062691326223403,-0.004195419473265171,0.02793095084019656,-0.05034575953183574,1.6180578428981116e-07,-1.8015582920350576e-07,-0.10763317346572876,-0.07766035795211793,0.1565565586090088,0.07621585130691529,0.01257912963628769,0.05366063117980957,-0.05027153491973877,-0.10763317346572876,-0.07766035795211793,0.1565565586090088,0.07621585130691529,0.01257912963628769,0.05366063117980957,-0.05027153491973877,0.0001316243843822499,-7.302305839465057e-05,0.00013860392718993534,-9.687509652889132e-05,9.04921461989641e-05,-0.00012649345113616018,0.0,-0.13346775865644608,-0.023844220305307983,0.12965591716762034,-0.020080666361662218,-0.004963355001851848,0.02876417785559128,-0.05027153491973877,-0.13333613427206384,-0.023917243363702635,0.12979452109481027,-0.02017754145819111,-0.004872862855652884,0.02863768440445512,-0.05027153491973877,-0.13333613427206384,-0.023917243363702635,0.12979452109481027,-0.02017754145819111,-0.004872862855652884,0.02863768440445512,-0.05027153491973877,8.556912693906112e-05,0.28330055070895815,0,0,0,0,panda_link4,obstacle,panda_link5,panda_link7
21,0.0875,0,20,6.462510041711164e-06,1,,,0.00279655899784563,0,0.02014515025160648,0,0,0,1,0,0,1,0,0,0,1.0,0,0.3068775236606598,-1.0374845516025744e-07,0.4852764904499054,0.3068837792754807,1.2650157197565674e-06,0.48527736096922447,-8.194340696056525e-05,0.00010928484402954918,-4.222669548828489e-05,-0.01141857627222754,-0.7874761941065045,0.01098662370914589,-2.357995489952272,-0.00028611840771970915,1.573296157816469,0.7809940897894327,0.019998476634948206,0.020001559384940665,-0.1333356139543676,-0.02381080172475345,0.12979452109481027,-0.020176919365784307,-0.005105115719530618,0.02806322748049167,-0.050204815589464984,2.3362764492700777e-07,-2.5403398511798445e-07,-0.10763317346572876,-0.07766035795211793,0.1565565586090088,0.07621585130691529,0.01257912963628769,0.05366063117980957,-0.05027153491973877,-0.10763317346572876,-0.07766035795211793,0.1565565586090088,0.07621585130691529,0.01257912963628769,0.05366063117980957,-0.05027153491973877,0.00014455597644569306,-8.345179779635701e-05,0.00015215840100446377,-0.0001082087264809782,9.934221733822219e-05,-0.000142804506870756,0.0,-0.1334776739967624,-0.02387995573728341,0.12966727623312563,-0.020068654041371946,-0.004954328259483495,0.028746646569223554,-0.05027153491973877,-0.13333311802031672,-0.023963407535079768,0.1298194346341301,-0.020176862767852924,-0.004854986042145272,0.028603842062352797,-0.05027153491973877,-0.13333311802031672,-0.023963407535079768,0.1298194346341301,-0.020176862767852924,-0.004854986042145272,0.028603842062352797,-0.05027153491973877,8.554856022156517e-05,0.28328525665811666,0,0,0,0,panda_link4,obstacle,panda_link5,panda_link7
22,0.09166666666666666,0,20,6.711476178784601e-06,1,,,0.0027713498217983024,0,0.020144658900052785,0,0,0,1,0,0,1,0,0,0,1.0,0,0.30687692761421204,3.0321476174322015e-07,0.4852762818336487,0.306883421714904,1.7418808307457485e-06,0.48527717671277054,-8.974190432950158e-05,0.00011968540705518955,-4.624538089421073e-05,-0.011974128923226858,-0.7875755976231128,0.011527538020121433,-2.3580795576064677,-0.0003073166326408937,1.5734129443601836,0.7807849039333018,0.01999847738667392,0.02000155855302732,-0.13333263623983627,-0.023856843985992686,0.1298194346341301,-0.020176237006971798,-0.00508757398108429,0.02802877049148364,-0.05020460547141482,1.8041417074914426e-07,-1.996592021015313e-07,-0.10763317346572876,-0.07766035795211793,0.1565565586090088,0.07621585130691529,0.01257912963628769,0.05366063117980957,-0.05027153491973877,-0.10763317346572876,-0.07766035795211793,0.1565565586090088,0.07621585130691529,0.01257912963628769,0.05366063117980957,-0.05027153491973877,0.00015806707445638733,-9.439432869765504e-05,0.0001663120696006954,-0.00012020096543065993,0.00010858364880522367,-0.00015999251601794742,0.0,-0.13348757715929724,-0.02391572767095488,0.1296786289215089,-0.020056636137584193,-0.004945313535666306,0.028729109273445602,-0.05027153491973877,-0.13332951008484084,-0.024010121999652533,0.12984494099110958,-0.020176837103014853,-0.0048367298868610825,0.028569116757427654,-0.05027153491973877,-0.13332951008484084,-0.024010121999652533,0.12984494099110958,-0.020176837103014853,-0.0048367298868610825,0.028569116757427654,-0.05027153491973877,8.552801691798166e-05,0.28326994580792597,0,0,0,0,panda_link4,obstacle,panda_link5,panda_link7
23,0.09583333333333333,0,20,6.958960698113477e-06,1,,,0.0027463144516175764,0,0.020144165038025907,0,0,0,1,0,0,1,0,0,0,1.0,0,0.3068763017654419,7.541826221313386e-07,0.4852760434150696,0.30688303095926667,2.2630169473149268e-06,0.48527697535039227,-9.787665000418337e-05,0.00013053441181655465,-5.043734021370473e-05,-0.012529667407748836,-0.7876751955715587,0.012068558607584389,-2.3581636251075557,-0.00032843961806874574,1.573529585239327,0.7805757187241407,0.01999847818451903,0.020001557673077028,-0.13332923628527482,-0.02390350762703304,0.12984494099110958,-0.020176200261113664,-0.005069516502684494,0.027993810994385943,-0.05020445019866997,1.9148282663509e-07,-2.111880705317655e-07,-0.10763317346572876,-0.07766035795211793,0.1565565586090088,0.07621585130691529,0.01257912963628769,0.05366063117980957,-0.05027153491973877,-0.10763317346572876,-0.07766035795211793,0.1565565586090088,0.07621585130691529,0.01257912963628769,0.05366063117980957,-0.05027153491973877,0.00017215464712609375,-0.00010599636716865616,0.00018105976156864524,-0.00013269600433725773,0.00011821304806479848,-0.00017806390685898272,0.0,-0.1334974680861332,-0.02395153654348611,0.12968997544184563,-0.02004461258043071,-0.00493631092652866,0.02871156587334387,-0.05027153491973877,-0.1333253134390071,-0.024057532910654766,0.12987103520341428,-0.020177308584767968,-0.004818097878463862,0.028533501966484888,-0.05027153491973877,-0.1333253134390071,-0.024057532910654766,0.12987103520341428,-0.020177308584767968,-0.004818097878463862,0.028533501966484888,-0.05027153491973877,8.550749705535466e-05,0.28325461783997724,0,0,0,0,panda_link4,obstacle,panda_link5,panda_link7
24,0.1,0,20,7.228354150254883e-06,1,,,0.002721453426784176,0,0.02014366867400462,0,0,0,1,0,0,1,0,0,0,1.0,0,0.306875616312027,1.2510244005170534e-06,0.4852758049964905,0.3068826056123564,2.8302861452381152e-06,0.4852767561626001,-0.00010634533007397237,0.0001418287723379378,-5.480138105309504e-05,-0.013085189272077987,-0.7877749908528946,0.012609687920931948,-2.35824769452662,-0.00034948579993880673,1.5736460767437386,0.7803665341629612,0.019998479023691396,0.02000155675007327,-0.13332524743899632,-0.023950867520598572,0.12987103520341428,-0.02017666057548101,-0.0050510836488146405,0.02795796105881221,-0.05020429468307091,2.0140136768086528e-07,-2.2152090183979317e-07,-0.10763317346572876,-0.07766035795211793,0.1565565586090088,0.07621585130691529,0.01257912963628769,0.05366063117980957,-0.05027153491973877,-0.10763317346572876,-0.07766035795211793,0.1565565586090088,0.07621585130691529,0.01257912963628769,0.05366063117980957,-0.05027153491973877,0.00018681451142389818,-0.00011785714118662621,0.00019639992742168712,-0.00014574146534534972,0.00012822941761801636,-0.0001967341476366359,0.0,-0.13350734674307324,-0.023987382792636888,0.12970131594063433,-0.020032583316734243,-0.004927320547747303,0.028694016299669015,-0.05027153491973877,-0.13332053223164933,-0.024105239933823516,0.129897715868056,-0.020178324782079593,-0.004799091130129287,0.02849728215203238,-0.05027153491973877,-0.13332053223164933,-0.024105239933823516,0.129897715868056,-0.020178324782079593,-0.004799091130129287,0.02849728215203238,-0.05027153491973877,8.548700074166586e-05,0.2832392725672019,0,0,0,0,panda_link4,obstacle,panda_link5,panda_link7
25,0.10416666666666667,1,25,7.464550629170832e-06,1,,,0.002696767056784205,0,0.02014316981533428,0,0,0,1,0,0,1,0,0,0,1.0,0,0.30687493085861206,1.7955971998162568e-06,0.485275536775589,0.3068821442875919,3.4455376561099242e-06,0.4852765184348673,-0.00011514563568595844,0.00015356540938893444,-5.933631362503478e-05,-0.01364069207972562,-0.78787498470167,0.013150928403715515,-2.3583317681329623,-0.00037045361541902826,1.5737624163569304,0.7801573502497962,0.01999847990039632,0.02000155578797102,-0.13332067383543184,-0.023998523706090846,0.129897715868056,-0.020177665522108423,-0.005032275715253172,0.027921507166047466,-0.0502041391596219,2.1040918155761437e-07,-2.3090454012546224e-07,-0.10940462350845337,-0.07840687036514282,0.1580740213394165,0.07691740989685059,0.01138555184006691,0.05391955375671387,-0.050123536586761476,-0.10940462350845337,-0.07840687036514282,0.1580740213394165,0.07691740989685059,0.01138555184006691,0.05391955375671387,-0.050123536586761476,0.00020204566502065623,-0.00013065725724834966,0.0002123245531824835,-0.00015941816389192072,0.00013862757209580148,-0.00021660084797220228,0.0,-0.13491046853120012,-0.024166732979009987,0.131635748080939,-0.02013466177230752,-0.005846966106445308,0.028839327475866604,-0.050123536586761476,-0.13470842286617946,-0.024297390236258338,0.1318480726341215,-0.020294079936199444,-0.005708338534349506,0.0286227266278944,-0.050123536586761476,-0.13470842286617946,-0.024297390236258338,0.1318480726341215,-0.020294079936199444,-0.005708338534349506,0.0286227266278944,-0.050123536586761476,8.591057248206372e-05,0.28322390974002853,0,0,0,0,panda_link4,obstacle,panda_link5,panda_link7
26,0.10833333333333334,0,25,7.695450093373705e-06,1,,,0.002671895616413969,0,0.020142668876520956,0,0,0,1,0,0,1,0,0,0,1.0,0,0.30687421560287476,2.3875147689977894e-06,0.4852752387523651,0.3068816456080013,4.1106078954509955e-06,0.4852762614576192,-0.0001242752630449597,0.00016574125048444206,-6.404095074850204e-05,-0.014201979326505472,-0.7879757792514676,0.013700295373024354,-2.3584163239739526,-0.0003952102416785467,1.573879279211873,0.779948783421069,0.019998481051854693,0.020001554543563272,-0.1347089392271644,-0.02419069195142312,0.1318480726341215,-0.020293401837701036,-0.0059415903022844285,0.028047085186224868,-0.05005603889450924,2.763500092008847e-07,-2.986578595330462e-07,-0.10940462350845337,-0.07840687036514282,0.1580740213394165,0.07691740989685059,0.01138555184006691,0.05391955375671387,-0.050123536586761476,-0.10940462350845337,-0.07840687036514282,0.1580740213394165,0.07691740989685059,0.01138555184006691,0.05391955375671387,-0.050123536586761476,0.00021785581122873204,-0.0001441364572873034,0.00022884259096507697,-0.00017361183264151658,0.00014941381411338368,-0.00023737752948122667,0.0,-0.1349206072192423,-0.024203366905600657,0.1316472231322943,-0.020122353898305863,-0.005837648268630704,0.028821341564788952,-0.050123536586761476,-0.13470275140801355,-0.024347503362887962,0.13187606572325938,-0.020295965730947378,-0.00568823445451732,0.028583964035307725,-0.050123536586761476,-0.13470275140801355,-0.024347503362887962,0.13187606572325938,-0.020295965730947378,-0.00568823445451732,0.028583964035307725,-0.050123536586761476,8.588960041714702e-05,0.28320844014344354,0,0,0,0,panda_link4,obstacle,panda_link5,panda_link7
27,0.1125,0,25,7.915192530838326e-06,1,,,0.002647204852168128,0,0.020142165464758,0,0,0,1,0,0,1,0,0,0,1.0,0,0.30687347054481506,3.0309661269711796e-06,0.48527494072914124,0.30688110820620146,4.827320490813424e-06,0.48527598452622234,-0.00013373191341352241,0.00017835322988466037,-6.891410784879988e-05,-0.014763243122978153,-0.7880767821073743,0.014249778980204601,-2.358500887655299,-0.0004198844804971116,1.5739959780513646,0.7797402174701576,0.019998481970636566,0.020001553537286578,-0.13470331115344325,-0.02424068541763142,0.13187606572325938,-0.020295283523055374,-0.005921817316455568,0.028007721477999348,-0.05005582821873061,2.2050764982234697e-07,-2.415064062890812e-07,-0.10940462350845337,-0.07840687036514282,0.1580740213394165,0.07691740989685059,0.01138555184006691,0.05391955375671387,-0.050123536586761476,-0.10940462350845337,-0.07840687036514282,0.1580740213394165,0.07691740989685059,0.01138555184006691,0.05391955375671387,-0.050123536586761476,0.00023422954126048817,-0.00015816033775445937,0.0002459387989302475,-0.00018848900541549202,0.0001605778567830923,-0.0002590745648615946,0.0,-0.13493073309959944,-0.024240040540251574,0.13165869243034545,-0.020110039931308173,-0.0058283433311470435,0.028803349156185598,-0.050123536586761476,-0.13469650355833895,-0.024398200878006034,0.1319046312292757,-0.020298528936723664,-0.005667765474363951,0.028544274591324005,-0.050123536586761476,-0.13469650355833895,-0.024398200878006034,0.1319046312292757,-0.020298528936723664,-0.005667765474363951,0.028544274591324005,-0.050123536586761476,8.586865283615556e-05,0.28319295247730103,0,0,0,0,panda_link4,obstacle,panda_link5,panda_link7
28,0.11666666666666667,0,25,8.155091402234853e-06,1,,,0.0026226952246368312,0,0.02014165958722556,0,0,0,1,0,0,1,0,0,0,1.0,0,0.3068726658821106,3.7276693092280766e-06,0.48527461290359497,0.3068805307243768,5.597486309886178e-06,0.4852756869409734,-0.00014351329311192097,0.00019139828859509103,-7.395460295755632e-05,-0.0153244817636959,-0.7881779959886202,0.014799381610326583,-2.358585461967918,-0.00044447426800977777,1.5741125105328635,0.7795316521752468,0.01999848292014477,0.020001552499069472,-0.1346972737722596,-0.024291331498999764,0.1319046312292757,-0.020297835028603634,-0.005901549003039883,0.02796779555971543,-0.05005567077860941,2.2788196883845313e-07,-2.4917210513777585e-07,-0.10940462350845337,-0.07840687036514282,0.1580740213394165,0.07691740989685059,0.01138555184006691,0.05391955375671387,-0.050123536586761476,-0.10940462350845337,-0.07840687036514282,0.1580740213394165,0.07691740989685059,0.01138555184006691,0.05391955375671387,-0.050123536586761476,0.00025116234512695716,-0.00017260665350628403,0.0002636090208810342,-0.00020377529092687412,0.00017211692531940366,-0.0002814021760131737,0.0,-0.1349408461044355,-0.024276754326769637,0.13167015618520148,-0.02009771980432292,-0.005819051389019331,0.02878535015980123,-0.050123536586761476,-0.13468968375930854,-0.02444936098027592,0.13193376520608252,-0.020301495095249793,-0.005646934463699928,0.028503947983788056,-0.050123536586761476,-0.13468968375930854,-0.02444936098027592,0.13193376520608252,-0.020301495095249793,-0.005646934463699928,0.028503947983788056,-0.050123536586761476,8.584772978121043e-05,0.28317744641302517,0,0,0,0,panda_link4,obstacle,panda_link5,panda_link7
29,0.12083333333333333,0,25,8.352359462493114e-06,1,,,0.0025983672091620114,0,0.02014115125191724,0,0,0,1,0,0,1,0,0,0,1.0,0,0.30687186121940613,4.479428298509447e-06,0.4852742850780487,0.3068799118142581,6.422903488600531e-06,0.4852753680070886,-0.000153617113518158,0.00020487337436653785,-7.916125671272436e-05,-0.015885692864756717,-0.788279422821819,0.015349105632018594,-2.3586700485904104,-0.00046897809781245995,1.574228873997469,0.7793230875373671,0.01999848389712074,0.020001551432291608,-0.13469066425459592,-0.02434243996772216,0.13193376520608252,-0.020300789398234487,-0.005880919152643721,0.027927231505327915,-0.05005551309110765,2.3447423291812416e-07,-2.5602668750780017e-07,-0.10940462350845337,-0.07840687036514282,0.1580740213394165,0.07691740989685059,0.01138555184006691,0.05391955375671387,-0.050123536586761476,-0.10940462350845337,-0.07840687036514282,0.1580740213394165,0.07691740989685059,0.01138555184006691,0.05391955375671387,-0.050123536586761476,0.0002686544667104711,-0.00018787715468014215,0.00028184841263334515,-0.00021987301092353046,0.0001840280095378085,-0.0003049626091403524,0.0,-0.13495094619726508,-0.024313508656332347,0.13168161454146618,-0.02008539345370402,-0.005809772524775124,0.028767344490059042,-0.050123536586761476,-0.1346822917305546,-0.02450138581101249,0.13196346295409953,-0.02030526646462755,-0.005625744515237316,0.02846238188091869,-0.050123536586761476,-0.1346822917305546,-0.02450138581101249,0.13196346295409953,-0.02030526646462755,-0.005625744515237316,0.02846238188091869,-0.050123536586761476,8.5826831312924e-05,0.28316192178328026,0,0,0,0,panda_link4,obstacle,panda_link5,panda_link7
30,0.125,1,30,8.599592091792608e-06,1,,,0.002574221345647096,0,0.020140640469618463,0,0,0,1,0,0,1,0,0,0,1.0,0,0.3068709671497345,5.288035026751459e-06,0.48527389764785767,0.3068792501371017,7.305357459235491e-06,0.4852750270346927,-0.00016404109106796426,0.00021877544169510675,-8.453289235858195e-05,-0.016446874041023515,-0.7883810662109554,0.015898953394327342,-2.358754650877467,-0.0004933944724842348,1.574345063286185,0.7791145235564184,0.01999848489922478,0.02000155033938814,-0.13468348230403152,-0.024394413392738575,0.13196346295409953,-0.020304548893578994,-0.005859929921225965,0.027885429291829855,-0.050055355427700225,2.405049690607994e-07,-2.622968325394562e-07,-0.11120052337646485,-0.07915956974029542,0.15960986614227296,0.07762706875801087,0.010176175832748414,0.05417420268058777,-0.04997121989727021,-0.11120052337646485,-0.07915956974029542,0.15960986614227296,0.07762706875801087,0.010176175832748414,0.05417420268058777,-0.04997121989727021,0.00028669728371730983,-0.00020345349477526108,0.000300652857854343,-0.0002361101800846582,0.00019630821452369025,-0.0003288719007522837,0.0,-0.13637322271141314,-0.024493740733697394,0.13364159537631395,-0.02018469330904952,-0.0067402803118829045,0.028908537258032815,-0.04997121989727021,-0.13608652542769584,-0.024697194228472656,0.1339422482341683,-0.020420803489134175,-0.006543972097359214,0.028579665357280532,-0.04997121989727021,-0.13608652542769584,-0.024697194228472656,0.1339422482341683,-0.020420803489134175,-0.006543972097359214,0.028579665357280532,-0.04997121989727021,8.625775079806604e-05,0.28314637826331485,0,0,0,0,panda_link4,obstacle,panda_link5,panda_link7
31,0.12916666666666665,0,30,8.798166317122381e-06,1,,,0.002549904802413447,0,0.02014012769885133,0,0,0,1,0,0,1,0,0,0,1.0,0,0.30687007308006287,6.153002232167637e-06,0.485273540019989,0.306878544363668,8.246620978523206e-06,0.4852746633388083,-0.00017478294725479864,0.00023310145182220564,-9.006833574573198e-05,-0.017013907757664787,-0.7884835255256747,0.016457046095303043,-2.3588397344867156,-0.0005216371159807658,1.5744617417202578,0.7789065946706362,0.01999848615922944,0.020001548981690598,-0.13608809199390573,-0.0245902355326318,0.1339422482341683,-0.02042006621968695,-0.006778234439167455,0.028002824177461832,-0.049902932587726774,3.0240111923394986e-07,-3.2584740995190986e-07,-0.11120052337646485,-0.07915956974029542,0.15960986614227296,0.07762706875801087,0.010176175832748414,0.05417420268058777,-0.04997121989727021,-0.11120052337646485,-0.07915956974029542,0.15960986614227296,0.07762706875801087,0.010176175832748414,0.05417420268058777,-0.04997121989727021,0.00030530644687438584,-0.00021972795082801291,0.0003200327573288325,-0.00025332785843300987,0.00020896534710727692,-0.0003540337637370384,0.0,-0.1363835880724165,-0.024531308372827847,0.13365319111755836,-0.020172083313240913,-0.006730667863298413,0.028890081797216124,-0.04997121989727021,-0.1360782816255421,-0.02475103632365586,0.1339732238748872,-0.020425411171673923,-0.006521702516191136,0.028536048033479085,-0.04997121989727021,-0.1360782816255421,-0.02475103632365586,0.1339732238748872,-0.020425411171673923,-0.006521702516191136,0.028536048033479085,-0.04997121989727021,8.623637016605981e-05,0.2831307277503066,0,0,0,0,panda_link4,obstacle,panda_link5,panda_link7
32,0.13333333333333333,0,30,9.015177507684925e-06,1,,,0.0025257763505743686,0,0.020139612502454225,0,0,0,1,0,0,1,0,0,0,1.0,0,0.30686911940574646,7.0784967647341546e-06,0.4852731227874756,0.30687779317420094,9.248454155754421e-06,0.48527427623934466,-0.0001858404086298484,0.0002478483727345448,-9.576641533110241e-05,-0.017580907321364928,-0.7885862086975449,0.017015267861448406,-2.3589248372758465,-0.0005497883225601167,1.5745782359907567,0.7786986666624435,0.01999848718306434,0.02000154786590999,-0.1360798952880341,-0.02464396124885046,0.1339732238748872,-0.020424669391460787,-0.006756289579044204,0.02795862491975068,-0.04990272196625266,2.457203753499296e-07,-2.6778734539371907e-07,-0.11120052337646485,-0.07915956974029542,0.15960986614227296,0.07762706875801087,0.010176175832748414,0.05417420268058777,-0.04997121989727021,-0.11120052337646485,-0.07915956974029542,0.15960986614227296,0.07762706875801087,0.010176175832748414,0.05417420268058777,-0.04997121989727021,0.00032446105089622014,-0.0002365875237958248,0.0003399673426409666,-0.0002708124721286036,0.00022198501558141255,-0.0003798564962910488,0.0,-0.13639393989701853,-0.02456891897384177,0.13366478179560326,-0.020159466701417442,-0.006721069132624097,0.02887161934746197,-0.04997121989727021,-0.1360694788461223,-0.024805506497637596,0.13400474913824423,-0.020430279173546045,-0.006499084117042684,0.028491762851170922,-0.04997121989727021,-0.1360694788461223,-0.024805506497637596,0.13400474913824423,-0.020430279173546045,-0.006499084117042684,0.028491762851170922,-0.04997121989727021,8.621501509235024e-05,0.28311505777561125,0,0,0,0,panda_link4,obstacle,panda_link5,panda_link7
33,0.1375,0,30,9.216759366963932e-06,1,,,0.002501836656661538,0,0.020139094887100396,0,0,0,1,0,0,1,0,0,0,1.0,0,0.30686813592910767,8.066166628850624e-06,0.48527267575263977,0.30687699525840634,1.0312604480883877e-05,0.4852738650610872,-0.00019721120680202871,0.00026301317916413626,-0.00010162596217794605,-0.01814787109415434,-0.7886891186098217,0.01757362098285776,-2.3590099602968886,-0.0005778461342221784,1.5746945447354257,0.7784907393204911,0.01999848822785781,0.020001546728388196,-0.13607130546945873,-0.02469837894643917,0.13400474913824423,-0.020429525050122077,-0.006733874798894807,0.0279140987205381,-0.04990256206856633,2.5075043273096315e-07,-2.730052305632315e-07,-0.11120052337646485,-0.07915956974029542,0.15960986614227296,0.07762706875801087,0.010176175832748414,0.05417420268058777,-0.04997121989727021,-0.11120052337646485,-0.07915956974029542,0.15960986614227296,0.07762706875801087,0.010176175832748414,0.05417420268058777,-0.04997121989727021,0.0003441606169315781,-0.00025416620038369147,0.00036045360310545056,-0.0002888477615727559,0.00023536538126069873,-0.0004066463157483418,0.0,-0.13640427819251755,-0.024606572892708213,0.13367636748961526,-0.0201468433858931,-0.00671148423498321,0.028853149791119047,-0.04997121989727021,-0.13606011757558598,-0.024860739093091905,0.1340368210927207,-0.020435691147465854,-0.006476118853722511,0.028446503475370706,-0.04997121989727021,-0.13606011757558598,-0.024860739093091905,0.1340368210927207,-0.020435691147465854,-0.006476118853722511,0.028446503475370706,-0.04997121989727021,8.619368560198521e-05,0.28309936821685633,0,0,0,0,panda_link4,obstacle,panda_link5,panda_link7
34,0.14166666666666666,0,30,9.426409131290215e-06,1,,,0.0024780863288204336,0,0.020138574862898495,0,0,0,1,0,0,1,0,0,0,1.0,0,0.3068670928478241,9.117751687881537e-06,0.48527222871780396,0.30687614931543133,1.1440806852635725e-05,0.4852734291336865,-0.00020889307843798298,0.00027859285258829416,-0.00010764580995584065,-0.018714796748153736,-0.7887922584404597,0.018132107737410762,-2.359095105816027,-0.0006058091033186247,1.5748106639020722,0.7782828126445144,0.019998489292015812,0.02000154557078151,-0.13606215695985474,-0.02475355935311624,0.1340368210927207,-0.020434924593206755,-0.0067111125831471104,0.027868599995180182,-0.04990240223441528,2.5539792040387907e-07,-2.7782560393149053e-07,-0.11120052337646485,-0.07915956974029542,0.15960986614227296,0.07762706875801087,0.010176175832748414,0.05417420268058777,-0.04997121989727021,-0.11120052337646485,-0.07915956974029542,0.15960986614227296,0.07762706875801087,0.010176175832748414,0.05417420268058777,-0.04997121989727021,0.00036440073017271496,-0.0002720624822278625,0.00038149127206022534,-0.0003074808444410771,0.0002491063041292548,-0.0004341177897222662,0.0,-0.1364146029068123,-0.024644270577790124,0.1336879483475165,-0.02013421331815353,-0.006701913283271159,0.028834673065547538,-0.04997121989727021,-0.13605020217663957,-0.024916333060017986,0.1340694396195767,-0.020441694162594608,-0.006452806979141904,0.028400555275825273,-0.04997121989727021,-0.13605020217663957,-0.024916333060017986,0.1340694396195767,-0.020441694162594608,-0.006452806979141904,0.028400555275825273,-0.04997121989727021,8.61723818277815e-05,0.2830836588635215,0,0,0,0,panda_link4,obstacle,panda_link5,panda_link7
35,0.14583333333333334,1,35,9.617999065187602e-06,1,,,0.0024545257435104884,0,0.020138052438743254,0,0,0,1,0,0,1,0,0,0,1.0,0,0.30686601996421814,1.0234980436507612e-05,0.48527175188064575,0.30687525405384297,1.2634783606609023e-05,0.48527296779164714,-0.00022088376526208296,0.0002945843812296351,-0.00011382479494068913,-0.01928168197360016,-0.7888956296960157,0.018690730402492334,-2.3591802762955694,-0.0006336757840267841,1.5749265906256351,0.7780748866344739,0.0199984903739704,0.020001544394717068,-0.1360524541071423,-0.02480910133342769,0.1340694396195767,-0.020440915090217865,-0.006688003369958267,0.027822413655086364,-0.049902242409730256,2.596691011853315e-07,-2.822554664135349e-07,-0.11303431987762452,-0.07991993427276611,0.16118805408477785,0.07835065126419068,0.00892745777964592,0.05442314147949219,-0.04982748925685883,-0.11303431987762452,-0.07991993427276611,0.16118805408477785,0.07835065126419068,0.00892745777964592,0.05442314147949219,-0.04982748925685883,0.0003851796623443753,-0.0002906890084779405,0.0004030724140572328,-0.0003266735661813055,0.00026320263168904415,-0.0004625720307269426,0.0,-0.13786785601833076,-0.024823969287319485,0.13569924317606014,-0.02022922266807701,-0.0076656364065760705,0.02896956660809278,-0.04982748925685883,-0.13748267635598638,-0.025114658295797426,0.13610231559011737,-0.020555896234258315,-0.007402433774887026,0.028506994577365836,-0.04982748925685883,-0.13748267635598638,-0.025114658295797426,0.13610231559011737,-0.020555896234258315,-0.007402433774887026,0.028506994577365836,-0.04982748925685883,8.66133771293674e-05,0.28306792944304976,0,0,0,0,panda_link4,obstacle,panda_link5,panda_link7
36,0.15,0,35,9.819411519741e-06,1,,,0.0024308051027810557,0,0.02013752803461237,0,0,0,1,0,0,1,0,0,0,1.0,0,0.3068648874759674,1.1417251698730979e-05,0.48527124524116516,0.3068743081916072,1.3896244543383041e-05,0.4852724803743175,-0.00023318101405642825,0.0003109847600560773,-0.00012016175601471909,-0.019854537423942224,-0.7889998273468048,0.01925782338411782,-2.3592659225307826,-0.0006654996045718886,1.5750429612209935,0.7778675599612656,0.01999849170396169,0.020001542964104946,-0.13748530808209547,-0.025007436189403126,0.13610231559011737,-0.020555096451168042,-0.007637716930825062,0.0279289428859964,-0.04975840156998929,3.1919790953807703e-07,-3.4334690957819186e-07,-0.11303431987762452,-0.07991993427276611,0.16118805408477785,0.07835065126419068,0.00892745777964592,0.05442314147949219,-0.04982748925685883,-0.11303431987762452,-0.07991993427276611,0.16118805408477785,0.07835065126419068,0.00892745777964592,0.05442314147949219,-0.04982748925685883,0.0004065060527079441,-0.0003097856642110055,0.000425207483330168,-0.0003463104558730792,0.00027766216310823734,-0.0004917221038010637,0.0,-0.13787845467332951,-0.024862512685564768,0.13571096352901812,-0.02021630204736917,-0.0076557198682242105,0.02895062252559786,-0.04982748925685883,-0.13747194862062156,-0.025172298349775774,0.1361361710123483,-0.020562612503242247,-0.007378057705115973,0.028458900421796794,-0.04982748925685883,-0.13747194862062156,-0.025172298349775774,0.1361361710123483,-0.020562612503242247,-0.007378057705115973,0.028458900421796794,-0.04982748925685883,8.659158142590436e-05,0.28305209369675216,0,0,0,0,panda_link4,obstacle,panda_link5,panda_link7
37,0.15416666666666667,0,35,1.0000135801373333e-05,1,,,0.0024072805999786756,0,0.020137001253358655,0,0,0,1,0,0,1,0,0,0,1.0,0,0.3068637251853943,1.266872732230695e-05,0.4852707087993622,0.30687331045606797,1.5226886956622832e-05,0.4852719662258783,-0.0002457825766608471,0.00032779099078084154,-0.00012665553466648338,-0.020427348376587547,-0.7891042646912905,0.019825057430002607,-2.35935159673042,-0.0006972231875844039,1.5751591290692617,0.7776602341672049,0.01999849279531719,0.020001541778061953,-0.1374746286348775,-0.025064962676552748,0.1361361710123483,-0.02056180791300863,-0.007613659923003677,0.027880283584380272,-0.0497581905745722,2.619253198369101e-07,-2.846503180248261e-07,-0.11303431987762452,-0.07991993427276611,0.16118805408477785,0.07835065126419068,0.00892745777964592,0.05442314147949219,-0.04982748925685883,-0.11303431987762452,-0.07991993427276611,0.16118805408477785,0.07835065126419068,0.00892745777964592,0.05442314147949219,-0.04982748925685883,0.00042836468047193486,-0.0003296236742924261,0.000447877029643034,-0.0003665155723413948,0.00029247140543262984,-0.0005218703884316286,0.0,-0.13788903912315187,-0.024901102216670135,0.13572267931066193,-0.02020337423480732,-0.007645817881581933,0.028931670912955083,-0.04982748925685883,-0.13746067444267993,-0.02523072589096256,0.13617055634030495,-0.020569889807148713,-0.007353346476149303,0.028409800524523455,-0.04982748925685883,-0.13746067444267993,-0.02523072589096256,0.13617055634030495,-0.020569889807148713,-0.007353346476149303,0.028409800524523455,-0.04982748925685883,8.65698123612646e-05,0.2830362373772463,0,0,0,0,panda_link4,obstacle,panda_link5,panda_link7
38,0.15833333333333333,0,35,1.0187497183279392e-05,1,,,0.0023839528968218893,0,0.020136472103847544,0,0,0,1,0,0,1,0,0,0,1.0,0,0.3068625032901764,1.3990982552058995e-05,0.4852701425552368,0.30687225958392594,1.6628395661184504e-05,0.48527142469533197,-0.0002586862099728954,0.00034500008186245023,-0.00013330497499085958,-0.021000113251359,-0.7892089452639713,0.02039243474808721,-2.359437301197968,-0.0007288446610879165,1.5752750913285443,0.7774529090477299,0.019998493902730407,0.020001540575412372,-0.13746356994514877,-0.02512333744341118,0.13617055634030495,-0.020569072211532397,-0.007589153640843012,0.02783094222782903,-0.04975802867398296,2.6577917209245905e-07,-2.886358997553594e-07,-0.11303431987762452,-0.07991993427276611,0.16118805408477785,0.07835065126419068,0.00892745777964592,0.05442314147949219,-0.04982748925685883,-0.11303431987762452,-0.07991993427276611,0.16118805408477785,0.07835065126419068,0.00892745777964592,0.05442314147949219,-0.04982748925685883,0.0004507510644871444,-0.00034994055740451846,0.0004710792580386425,-0.00038717497456527327,0.00030762915558584316,-0.0005527285726437903,0.0,-0.13789960931969422,-0.02493973831572669,0.1357343906675832,-0.020190439164164974,-0.007635930564683651,0.028912711683169563,-0.04982748925685883,-0.13744885825520708,-0.02528967887313121,0.13620546992562182,-0.020577614138730247,-0.007328301409097808,0.028359983110525774,-0.04982748925685883,-0.13744885825520708,-0.02528967887313121,0.13620546992562182,-0.020577614138730247,-0.007328301409097808,0.028359983110525774,-0.04982748925685883,8.654807002241861e-05,0.2830203602305991,0,0,0,0,panda_link4,obstacle,panda_link5,panda_link7
39,0.1625,0,35,1.0380192160281513e-05,1,,,0.002360822536462151,0,0.020135940595583983,0,0,0,1,0,0,1,0,0,0,1.0,0,0.3068612217903137,1.5385696315206587e-05,0.48526954650878906,0.30687115432121753,1.8102443021220783e-05,0.4852708551364919,-0.00027188967594785757,0.0003626090485047282,-0.0001401089236890504,-0.02157282978902372,-0.7893138712543486,0.02095995753944397,-2.3595230377956606,-0.000760362633982491,1.5753908450106033,0.7772455846032347,0.01999849502474809,0.02000153935765634,-0.13745196903953227,-0.02518223769053845,0.13620546992562182,-0.02057678344620517,-0.0075643134946978795,0.027780883694194514,-0.049757866678864386,2.692842438526376e-07,-2.9226144756351255e-07,-0.11303431987762452,-0.07991993427276611,0.16118805408477785,0.07835065126419068,0.00892745777964592,0.05442314147949219,-0.04982748925685883,-0.11303431987762452,-0.07991993427276611,0.16118805408477785,0.07835065126419068,0.00892745777964592,0.05442314147949219,-0.04982748925685883,0.0004736620763003752,-0.00037074157032282765,0.0004948101239731272,-0.0004082929191056545,0.00032313280440284556,-0.0005843040879458567,0.0,-0.13791016520877003,-0.024978421383035524,0.13574609774496144,-0.020177496776099445,-0.007626057997970033,0.028893744756595854,-0.04982748925685883,-0.13743650313246966,-0.025349162953358352,0.13624090786893456,-0.0205857896952051,-0.0073029251935671875,0.028309440668649998,-0.04982748925685883,-0.13743650313246966,-0.025349162953358352,0.13624090786893456,-0.0205857896952051,-0.0073029251935671875,0.028309440668649998,-0.04982748925685883,8.65263544954201e-05,0.2830044620675676,0,0,0,0,panda_link4,obstacle,panda_link5,panda_link7
40,0.16666666666666666,1,40,1.0544708877586973e-05,1,,,0.0023378900653313606,0,0.02013540673819588,0,0,0,1,0,0,1,0,0,0,1.0,0,0.30685991048812866,1.6854530258569866e-05,0.4852689504623413,0.30686999342329374,1.9650688978286335e-05,0.48527025690797126,-0.00028539074159874607,0.00038061491265680217,-0.00014706623006858344,-0.022145495743108742,-0.7894190448753059,0.021527627988897863,-2.359608808403222,-0.0007917757267837208,1.575506387094898,0.7770382608342358,0.019998496159988527,0.02000153812621951,-0.13743982898040552,-0.0252416690297443,0.13624090786893456,-0.020584945814709987,-0.007539142272295161,0.027730100230706434,-0.049757704559726744,2.724577043995008e-07,-2.9554483971412637e-07,-0.11489757299423219,-0.0806877613067627,0.1627904176712036,0.0790847659111023,0.007659493386745453,0.05466837286949158,-0.04967760741710663,-0.11489757299423219,-0.0806877613067627,0.1627904176712036,0.0790847659111023,0.007659493386745453,0.05466837286949158,-0.04967760741710663,0.000497097418314568,-0.0003921605640807385,0.0005190665377849547,-0.0004301526525774544,0.0003389805248794418,-0.0006169027265689824,0.0,-0.13938716597054,-0.025159236022402012,0.13778929288380648,-0.020269598476045248,-0.008603695636941678,0.029024287100447924,-0.04967760741710663,-0.1388900685522254,-0.025551396586482752,0.13830835942159145,-0.0206997511286227,-0.008264715112062237,0.028407384373878942,-0.04967760741710663,-0.1388900685522254,-0.025551396586482752,0.13830835942159145,-0.0206997511286227,-0.008264715112062237,0.028407384373878942,-0.04967760741710663,8.697660603642219e-05,0.28298854269688034,0,0,0,0,panda_link4,obstacle,panda_link5,panda_link7
41,0.17083333333333334,0,40,1.0744865712847028e-05,1,,,0.0023148128713033345,0,0.020134871018944463,0,0,0,1,0,0,1,0,0,0,1.0,0,0.30685850977897644,1.8396782252239063e-05,0.4852682948112488,0.30686877565479925,2.1274781079443277e-05,0.48526962937317253,-0.0002991871789963015,0.00039901470301310113,-0.00015417574604331124,-0.022724219809261603,-0.7895250611602704,0.022103912819821162,-2.3596950537599075,-0.0008271966772587821,1.5756223375684986,0.7768315620491816,0.019998497534577265,0.0200015366492218,-0.13889377587668617,-0.025443908391477324,0.13830835942159145,-0.020698885604530676,-0.008501028114014722,0.027828113664130266,-0.04960770841301546,3.2990129730271767e-07,-3.5447944995688555e-07,-0.11489757299423219,-0.0806877613067627,0.1627904176712036,0.0790847659111023,0.007659493386745453,0.05466837286949158,-0.04967760741710663,-0.11489757299423219,-0.0806877613067627,0.1627904176712036,0.0790847659111023,0.007659493386745453,0.05466837286949158,-0.04967760741710663,0.00052106298239696,-0.00041394826235839074,0.0005438560437905363,-0.0004521981175058909,0.00035517830372051954,-0.0006499364218942159,0.0,-0.13939800192049218,-0.025198794091422567,0.13780114248725528,-0.020256359527173317,-0.008593469751297425,0.029004837176785585,-0.04967760741710663,-0.13887693893809522,-0.025612742353780957,0.13834499853104582,-0.02070855764467921,-0.008238291447576904,0.02835490075489137,-0.04967760741710663,-0.13887693893809522,-0.025612742353780957,0.13834499853104582,-0.02070855764467921,-0.008238291447576904,0.02835490075489137,-0.04967760741710663,8.695439104720352e-05,0.28297251670734336,0,0,0,0,panda_link4,obstacle,panda_link5,panda_link7
42,0.175,0,40,1.0914378075429839e-05,1,,,0.002291940143788612,0,0.020134332974248867,0,0,0,1,0,0,1,0,0,0,1.0,0,0.30685707926750183,2.0016595954075456e-05,0.48526763916015625,0.3068674997896511,2.29763545053665e-05,0.4852689719002764,-0.00031327676526899273,0.000417805455013356,-0.00016143632613341134,-0.02330288938383304,-0.7896313325913717,0.02268035031370052,-2.3597813357886284,-0.0008625088353742066,1.575738067076946,0.7766248641440119,0.019998498672558356,0.02000153541478773,-0.13888069789714497,-0.025505143464321672,0.13834499853104582,-0.020707686893035315,-0.00847491794770186,0.02777508202741258,-0.04960749724072113,2.7311546180446705e-07,-2.96264176989202e-07,-0.11489757299423219,-0.0806877613067627,0.1627904176712036,0.0790847659111023,0.007659493386745453,0.05466837286949158,-0.04967760741710663,-0.11489757299423219,-0.0806877613067627,0.1627904176712036,0.0790847659111023,0.007659493386745453,0.05466837286949158,-0.04967760741710663,0.0005455463969279565,-0.000436364481937598,0.0005691624142758284,-0.0004749934004586839,0.0003717147018650325,-0.0006840078579399603,0.0,-0.13940882293716805,-0.025238401489376627,0.13781298800543249,-0.02024311278812867,-0.008583259217930753,0.028985379168142512,-0.04967760741710663,-0.1388632765402401,-0.025674765971314226,0.1383821504197083,-0.020718106188587354,-0.00821154451606572,0.028301371310202553,-0.04967760741710663,-0.1388632765402401,-0.025674765971314226,0.1383821504197083,-0.020718106188587354,-0.00821154451606572,0.028301371310202553,-0.04967760741710663,8.693220380502815e-05,0.28295646901004606,0,0,0,0,panda_link4,obstacle,panda_link5,panda_link7
43,0.17916666666666667,0,40,1.1087870631464604e-05,1,,,0.0022692724402407494,0,0.02013379261379209,0,0,0,1,0,0,1,0,0,0,1.0,0,0.30685558915138245,2.1715479306294583e-05,0.48526692390441895,0.30686616461101796,2.475703209844922e-05,0.4852682838622309,-0.00032765728260301686,0.0004369842108425999,-0.00016884682746538633,-0.02388150294010519,-0.7897378622331587,0.02325694260711597,-2.35986765754591,-0.0008977104072854011,1.575853572538855,0.7764181669217731,0.019998499823838074,0.020001534166642205,-0.13886725350531667,-0.02556711402886947,0.1383821504197083,-0.02071722174761853,-0.008448377258686687,0.02772131085813595,-0.049607333337305305,2.7630713199389145e-07,-2.995549257967661e-07,-0.11489757299423219,-0.0806877613067627,0.1627904176712036,0.0790847659111023,0.007659493386745453,0.05466837286949158,-0.04967760741710663,-0.11489757299423219,-0.0806877613067627,0.1627904176712036,0.0790847659111023,0.007659493386745453,0.05466837286949158,-0.04967760741710663,0.00057054180682245,-0.00045942486173132963,0.0005949783419167767,-0.000498102651984861,0.00038858473937503524,-0.0007188231347727839,0.0,-0.13941962892174672,-0.02527805867778224,0.13782482965058773,-0.02022985820120322,-0.008573064124957895,0.02896591299816089,-0.04967760741710663,-0.13884908711492427,-0.025737483539513568,0.1384198079925045,-0.020727960853188083,-0.008184479385582859,0.028247089863388107,-0.04967760741710663,-0.13884908711492427,-0.025737483539513568,0.1384198079925045,-0.020727960853188083,-0.008184479385582859,0.028247089863388107,-0.04967760741710663,8.691004439907351e-05,0.28294039925169223,0,0,0,0,panda_link4,obstacle,panda_link5,panda_link7
44,0.18333333333333332,0,40,1.1256817580605434e-05,1,,,0.002246810474017452,0,0.020133249947801163,0,0,0,1,0,0,1,0,0,0,1.0,0,0.3068540394306183,2.3495047571486793e-05,0.48526620864868164,0.30686476891129866,2.6618424390908275e-05,0.48526756463674076,-0.00034232651824229874,0.00045654801943116786,-0.00017640610977206358,-0.024460058281300146,-0.7898446529753556,0.02383369180708474,-2.359954020306849,-0.000932800071242422,1.575968850812104,0.7762114703840969,0.0199985009866079,0.020001532906641122,-0.13885328188678903,-0.0256297781272464,0.1384198079925045,-0.020727062625373688,-0.008421519349685025,0.027666785579743752,-0.049607169042298324,2.790647579361573e-07,-3.0240025976780577e-07,-0.11489757299423219,-0.0806877613067627,0.1627904176712036,0.0790847659111023,0.007659493386745453,0.05466837286949158,-0.04967760741710663,-0.11489757299423219,-0.0806877613067627,0.1627904176712036,0.0790847659111023,0.007659493386745453,0.05466837286949158,-0.04967760741710663,0.0005960474027418186,-0.0004828558698731548,0.0006213058085261614,-0.0005218515330606908,0.00040578993105594137,-0.0007543943943773675,0.0,-0.13943041985223986,-0.025317766039945847,0.1378366675022807,-0.020216595703670133,-0.008562884578848868,0.028946438583652534,-0.04967760741710663,-0.13883437244949803,-0.025800621909819,0.13845797331080686,-0.020738447236730823,-0.008157094647792927,0.028192044189275168,-0.04967760741710663,-0.13883437244949803,-0.025800621909819,0.13845797331080686,-0.020738447236730823,-0.008157094647792927,0.028192044189275168,-0.04967760741710663,8.688791294169132e-05,0.2829243073251251,0,0,0,0,panda_link4,obstacle,panda_link5,panda_link7
45,0.1875,1,45,1.139887105130718e-05,1,,,0.0022245546881319023,0,0.02013270498662264,0,0,0,1,0,0,1,0,0,0,1.0,0,0.30685245990753174,2.535690327931661e-05,0.48526543378829956,0.30686331149210144,2.8562129632889677e-05,0.4852668136062561,-0.00035728226448849214,0.0004764939364546976,-0.00018411303539259566,-0.025038553217887404,-0.789951706573239,0.024410600029213102,-2.3600404267032355,-0.0009677764915421879,1.576083898723426,0.7760047745302165,0.019998502160446928,0.020001531635221313,-0.13883878478094153,-0.02569286349202987,0.13845797331080686,-0.020737535132755752,-0.008394340871943797,0.027611498717289712,-0.04960700493126765,2.81721367470511e-07,-3.051407541309302e-07,-0.1167884111404419,-0.08146340847015382,0.1644134521484375,0.07982866168022157,0.006374471634626389,0.05491058230400086,-0.049521371722221375,-0.1167884111404419,-0.08146340847015382,0.1644134521484375,0.07982866168022157,0.006374471634626389,0.05491058230400086,-0.049521371722221375,0.0006220614437752853,-0.0005072089658861983,0.0006481325984273455,-0.0005460404469524408,0.000423322250899339,-0.0007910194041982681,0.0,-0.14092919905246923,-0.025500357992241506,0.1399084107336458,-0.020306258096810394,-0.00955213338866525,0.02907327039462378,-0.049521371722221375,-0.14030713760869395,-0.026007566958127705,0.14055654333207315,-0.020852298543762835,-0.00912881113776591,0.02828225099042551,-0.049521371722221375,-0.14030713760869395,-0.026007566958127705,0.14055654333207315,-0.020852298543762835,-0.00912881113776591,0.02828225099042551,-0.049521371722221375,8.734733011936047e-05,0.2829081929374104,0,0,0,0,panda_link4,obstacle,panda_link5,panda_link7
46,0.19166666666666665,0,45,1.1566668211407002e-05,1,,,0.0022021714882293625,0,0.020132158286484923,0,0,0,1,0,0,1,0,0,0,1.0,0,0.306850790977478,2.7300233341520652e-05,0.4852646291255951,0.3068617911642227,3.05897338205739e-05,0.4852660301579622,-0.00037252231870097823,0.000496819024334128,-0.00019196646927245988,-0.025623186271091336,-0.7900596224467553,0.02499625229309674,-2.360127307385946,-0.0010068021751125044,1.5761993226867086,0.7757987301541301,0.019998503565140827,0.020001530126990793,-0.14031193276894355,-0.025899809643917145,0.14055654333207315,-0.020851363850433402,-0.009366164056875952,0.027701751187792112,-0.04945065026074536,3.371265357037835e-07,-3.619753243273155e-07,-0.1167884111404419,-0.08146340847015382,0.1644134521484375,0.07982866168022157,0.006374471634626389,0.05491058230400086,-0.049521371722221375,-0.1167884111404419,-0.08146340847015382,0.1644134521484375,0.07982866168022157,0.006374471634626389,0.05491058230400086,-0.049521371722221375,0.000648592062303109,-0.0005318172441712025,0.0006754758137805779,-0.0005705951709558903,0.000441194526016154,-0.0008281175855237487,0.0,-0.14094027572416665,-0.025540969161455526,0.1399203941842188,-0.02029269320750378,-0.009541593129837,0.02905329753471748,-0.049521371722221375,-0.14029168366186354,-0.026072786405626727,0.1405958699979994,-0.02086328837845967,-0.009100398603820847,0.028225179949193734,-0.049521371722221375,-0.14029168366186354,-0.026072786405626727,0.1405958699979994,-0.02086328837845967,-0.009100398603820847,0.028225179949193734,-0.049521371722221375,8.732469213085188e-05,0.28289197142568717,0,0,0,0,panda_link4,obstacle,panda_link5,panda_link7
47,0.19583333333333333,0,45,1.1726333142004737e-05,1,,,0.002180001461150438,0,0.02013160931701144,0,0,0,1,0,0,1,0,0,0,1.0,0,0.30684906244277954,2.932917414000258e-05,0.4852638244628906,0.3068602067476259,3.2702810724281436e-05,0.4852652136837681,-0.0003880444832968667,0.0005175203522357005,-0.0001999652789634586,-0.026207755163243467,-0.7901678096210987,0.025582068418088407,-2.3602142338359644,-0.0010457107510290016,1.576314506655027,0.7755926866568883,0.019998504737809546,0.02000152885667523,-0.14029653411651108,-0.025964921842397647,0.1405958699979994,-0.02086234800441733,-0.009338058219959347,0.02764415239643897,-0.04945043933805514,2.8144049243634256e-07,-3.0487573510467464e-07,-0.1167884111404419,-0.08146340847015382,0.1644134521484375,0.07982866168022157,0.006374471634626389,0.05491058230400086,-0.049521371722221375,-0.1167884111404419,-0.08146340847015382,0.1644134521484375,0.07982866168022157,0.006374471634626389,0.05491058230400086,-0.049521371722221375,0.0006756234580291965,-0.0005568110319024561,0.0007033181529905078,-0.0005958009372427878,0.0004593941436204085,-0.0008659924768284126,0.0,-0.14095133666725132,-0.02558163293160489,0.139932374032056,-0.02027911991971091,-0.009531069018584266,0.0290333160397542,-0.049521371722221375,-0.14027571320922214,-0.026138443963507348,0.1406356921850465,-0.020874920856953697,-0.009071674874963857,0.028167323562925787,-0.049521371722221375,-0.14027571320922214,-0.026138443963507348,0.1406356921850465,-0.020874920856953697,-0.009071674874963857,0.028167323562925787,-0.049521371722221375,8.730208308574908e-05,0.282875727020033,0,0,0,0,panda_link4,obstacle,panda_link5,panda_link7
48,0.2,0,45,1.188387262393492e-05,1,,,0.002158045096491007,0,0.02013105808721352,0,0,0,1,0,0,1,0,0,0,1.0,0,0.3068472743034363,3.1445164495380595e-05,0.4852629601955414,0.3068585570714206,3.490292191657813e-05,0.485264363580296,-0.0004038465657509956,0.000538594996070959,-0.0002081083346237192,-0.026792258430643583,-0.7902762701455027,0.026168050468859436,-2.360301208694656,-0.0010845005114674636,1.5764294485423258,0.7753866438515512,0.019998505921939237,0.020001527574571923,-0.140280784176028,-0.026030525856981027,0.1406356921850465,-0.020873966086027484,-0.009309542505230858,0.027586052951685813,-0.04945027328090697,2.8419112522775833e-07,-3.077047935821746e-07,-0.1167884111404419,-0.08146340847015382,0.1644134521484375,0.07982866168022157,0.006374471634626389,0.05491058230400086,-0.049521371722221375,-0.1167884111404419,-0.08146340847015382,0.1644134521484375,0.07982866168022157,0.006374471634626389,0.05491058230400086,-0.049521371722221375,0.0007031519639400534,-0.0005824735239272159,0.0007316497687775419,-0.000621339859110417,0.0004779145147655097,-0.0009046456004182925,0.0,-0.14096238177984863,-0.02562234971573516,0.13994435048599135,-0.02026553816538887,-0.009520561111042594,0.02901332581720468,-0.049521371722221375,-0.14025922981590858,-0.026204823239662375,0.1406760002547689,-0.020886878024499286,-0.009042646596277085,0.028108680216786384,-0.049521371722221375,-0.14025922981590858,-0.026204823239662375,0.1406760002547689,-0.020886878024499286,-0.009042646596277085,0.028108680216786384,-0.049521371722221375,8.727950303052116e-05,0.2828594593921913,0,0,0,0,panda_link4,obstacle,panda_link5,panda_link7
49,0.20416666666666666,0,45,1.2034557047569529e-05,1,,,0.0021363031410700783,0,0.02013050460801666,0,0,0,1,0,0,1,0,0,0,1.0,0,0.30684542655944824,3.3649754186626524e-05,0.48526206612586975,0.3068568409738415,3.719161680038066e-05,0.48526347924887037,-0.00041992637859593085,0.0005600400384967489,-0.000216394509017694,-0.0273766939351802,-0.7903850070254523,0.026754200469920972,-2.360388233314476,-0.001123170191424933,1.5765441450612117,0.7751806017397178,0.019998507115929532,0.020001526282319385,-0.14026452108878834,-0.026096851187917144,0.1406760002547689,-0.0208859087567784,-0.009280723189792615,0.027527164532606785,-0.049450106840010166,2.8655767092501325e-07,-3.101406089267393e-07,-0.1167884111404419,-0.08146340847015382,0.1644134521484375,0.07982866168022157,0.006374471634626389,0.05491058230400086,-0.049521371722221375,-0.1167884111404419,-0.08146340847015382,0.1644134521484375,0.07982866168022157,0.006374471634626389,0.05491058230400086,-0.049521371722221375,0.000731175324999547,-0.0006086701955437857,0.0007604699884272777,-0.0006473764753637121,0.0004967553543701641,-0.000944086153863582,0.0,-0.14097341103187,-0.025663119900634794,0.13995632362484406,-0.020251947883752213,-0.009510069512250667,0.02899332678623931,-0.049521371722221375,-0.14024223570687044,-0.02627179009617858,0.14071679361327133,-0.020899324359115925,-0.009013314157880502,0.028049240632375728,-0.049521371722221375,-0.14024223570687044,-0.02627179009617858,0.14071679361327133,-0.020899324359115925,-0.009013314157880502,0.028049240632375728,-0.049521371722221375,8.725695209020094e-05,0.28284316842589413,0,0,0,0,panda_link4,obstacle,panda_link5,panda_link7
50,0.20833333333333334,1,50,1.22089856059219e-05,1,,,0.0021147762078801563,0,0.020129948890463045,0,0,0,1,0,0,1,0,0,0,1.0,0,0.30684348940849304,3.594448571675457e-05,0.48526111245155334,0.306855057302227,3.957043263706193e-05,0.48526256009550695,-0.0004362817394219666,0.0005818525689152179,-0.00022482267751616024,-0.027961059547824522,-0.7904940227102117,0.027340520443309604,-2.3604753097332316,-0.0011617185215937816,1.5766585929001173,0.7749745603212169,0.019998508319214577,0.02000152498049868,-0.140247747034637,-0.02616376434225113,0.14071679361327133,-0.020898340501353946,-0.009251599240523652,0.027467481337382804,-0.04944994044020237,2.887884103268054e-07,-3.1243696957958603e-07,-0.1187072515487671,-0.08224750757217408,0.16605732440948487,0.08058271408081055,0.005072085186839104,0.05515063405036927,-0.04935860931873322,-0.1187072515487671,-0.08224750757217408,0.16605732440948487,0.08058271408081055,0.005072085186839104,0.05515063405036927,-0.04935860931873322,0.0007596870420960115,-0.0006352766885690195,0.0007897736792176758,-0.0006736355476908126,0.0005159131332479492,-0.0009840220137406414,0.0,-0.14249424186379772,-0.025848025216858125,0.14205698998448812,-0.02033949932155809,-0.010511085135738904,0.029116890332408094,-0.04935860931873322,-0.14173455482170172,-0.026483301905427144,0.1428467636637058,-0.0210131348692489,-0.009995172002490955,0.028132868318667452,-0.04935860931873322,-0.14173455482170172,-0.026483301905427144,0.1428467636637058,-0.0210131348692489,-0.009995172002490955,0.028132868318667452,-0.04935860931873322,8.772615987770773e-05,0.2828268539109791,0,0,0,0,panda_link4,obstacle,panda_link5,panda_link7
51,0.2125,0,50,1.234322558326244e-05,1,,,0.002093139997234511,0,0.02012939155887363,0,0,0,1,0,0,1,0,0,0,1.0,0,0.30684152245521545,3.832844231510535e-05,0.48526015877723694,0.3068532049129985,4.204089457455648e-05,0.4852616055309022,-0.00045291047087712516,0.0006040296834738158,-0.00023339171809622013,-0.0285516447573644,-0.7906039196811745,0.02793571529190838,-2.360562860264297,-0.0012043584120484503,1.576773389287126,0.7747691975937618,0.01999850974636175,0.02000152344905947,-0.1417404502895715,-0.026375273031067945,0.1428467636637058,-0.021012127455709517,-0.010233573709120494,0.027551132882110974,-0.04928705458921463,3.425153215557905e-07,-3.675454100342257e-07,-0.1187072515487671,-0.08224750757217408,0.16605732440948487,0.08058271408081055,0.005072085186839104,0.05515063405036927,-0.04935860931873322,-0.1187072515487671,-0.08224750757217408,0.16605732440948487,0.08058271408081055,0.005072085186839104,0.05515063405036927,-0.04935860931873322,0.0007887078469628569,-0.000662559899512711,0.0008195736210412484,-0.0007006752610212222,0.0005353988303274289,-0.0010250592713697537,0.0,-0.1425055626213285,-0.02588972862544356,0.14206911176658646,-0.02032560057791357,-0.0105002250483082,0.029096376874325466,-0.04935860931873322,-0.14171685477436563,-0.02655228852495627,0.1428886853876277,-0.021026275838934794,-0.00996482621798077,0.02807131760295571,-0.04935860931873322,-0.14171685477436563,-0.02655228852495627,0.1428886853876277,-0.021026275838934794,-0.00996482621798077,0.02807131760295571,-0.04935860931873322,8.770309530550804e-05,0.2828104315328645,0,0,0,0,panda_link4,obstacle,panda_link5,panda_link7
52,0.21666666666666667,0,50,1.2495390583552512e-05,1,,,0.00207172594906474,0,0.020128832016853664,0,0,0,1,0,0,1,0,0,0,1.0,0,0.3068394660949707,4.080574581166729e-05,0.48525917530059814,0.3068512826716389,4.4604515675466e-05,0.485260614970422,-0.00046981040066715725,0.0006265684850652947,-0.00024210051134130096,-0.029142156462250133,-0.7907141036643586,0.028531084814356827,-2.3606504655237655,-0.0012468731101426653,1.5768879271011744,0.7745638357436351,0.019998510947001138,0.020001522149914196,-0.14172280917257518,-0.026444155964173932,0.1428886853876277,-0.02102526227248691,-0.010203527542611598,0.027489075371587818,-0.04928684403043326,2.881534530724955e-07,-3.1179486541764445e-07,-0.1187072515487671,-0.08224750757217408,0.16605732440948487,0.08058271408081055,0.005072085186839104,0.05515063405036927,-0.04935860931873322,-0.1187072515487671,-0.08224750757217408,0.16605732440948487,0.08058271408081055,0.005072085186839104,0.05515063405036927,-0.04935860931873322,0.0008182113631799154,-0.0006901231011220242,0.0008498521029609781,-0.0007281051998585017,0.0005551986356623899,-0.0010666073946558367,0.0,-0.14251686679366582,-0.025931487928834224,0.1420812304195386,-0.02031169280304462,-0.010489381868406731,0.029075854213769473,-0.04935860931873322,-0.1416986554304859,-0.02662161102995625,0.1429310825224996,-0.02103979800290312,-0.00993418323274434,0.028009246819113636,-0.04935860931873322,-0.1416986554304859,-0.02662161102995625,0.1429310825224996,-0.02103979800290312,-0.00993418323274434,0.028009246819113636,-0.04935860931873322,8.768006090649013e-05,0.2827939850583473,0,0,0,0,panda_link4,obstacle,panda_link5,panda_link7
53,0.22083333333333333,0,50,1.263960688033583e-05,1,,,0.0020505346213054026,0,0.020128270272626224,0,0,0,1,0,0,1,0,0,0,1.0,0,0.3068373501300812,4.3377771362429485e-05,0.4852581322193146,0.3068492894526722,4.7262796945164614e-05,0.48525958783409134,-0.00048697936155554127,0.0006494660833277081,-0.00025094794044115476,-0.02973259326573609,-0.7908245762653191,0.029126630991533908,-2.360738127062548,-0.0012892610051688422,1.5770022052643535,0.7743584745950186,0.01999851215767582,0.02000152084046618,-0.14170483283663007,-0.026513424230529457,0.1429310825224996,-0.021038769307810623,-0.010173094806282468,0.027426759162991893,-0.04928667566794649,2.905619236599592e-07,-3.142675233992233e-07,-0.1187072515487671,-0.08224750757217408,0.16605732440948487,0.08058271408081055,0.005072085186839104,0.05515063405036927,-0.04935860931873322,-0.1187072515487671,-0.08224750757217408,0.16605732440948487,0.08058271408081055,0.005072085186839104,0.05515063405036927,-0.04935860931873322,0.0008481974336884755,-0.0007183781132470636,0.0008805997765306398,-0.0007558861473256618,0.000575306485580765,-0.0011089660863489539,0.0,-0.14252815431959606,-0.02597330346924777,0.14209334608102783,-0.020297775912590223,-0.01047855565047343,0.029055322234954356,-0.04935860931873322,-0.1416799568859076,-0.026691681582494832,0.14297394585755846,-0.021053662059915886,-0.009903249164892667,0.0279463561486054,-0.04935860931873322,-0.1416799568859076,-0.026691681582494832,0.14297394585755846,-0.021053662059915886,-0.009903249164892667,0.0279463561486054,-0.04935860931873322,8.765705669807492e-05,0.28277751427683046,0,0,0,0,panda_link4,obstacle,panda_link5,panda_link7
54,0.225,0,50,1.2771329679393101e-05,1,,,0.0020295667940056633,0,0.020127706337784275,0,0,0,1,0,0,1,0,0,0,1.0,0,0.3068351745605469,4.6046006900724024e-05,0.4852570593357086,0.3068472241396416,5.0017227359904475e-05,0.48525852354658283,-0.0005044151913634845,0.0006727195946444128,-0.0002599328911918588,-0.03032295308687238,-0.790935340600269,0.0297223557659404,-2.3608258463047815,-0.0013315208859901804,1.5771162203576345,0.7741531141488404,0.019998513377266575,0.02000151952185942,-0.1416863570727092,-0.02658344038799141,0.14297394585755846,-0.02105261813608794,-0.010142371397121187,0.02736362238746301,-0.049286507082790254,2.927017810519343e-07,-3.1646562327408354e-07,-0.1187072515487671,-0.08224750757217408,0.16605732440948487,0.08058271408081055,0.005072085186839104,0.05515063405036927,-0.04935860931873322,-0.1187072515487671,-0.08224750757217408,0.16605732440948487,0.08058271408081055,0.005072085186839104,0.05515063405036927,-0.04935860931873322,0.0008786639789926829,-0.0007471901801063568,0.0009118164030585576,-0.0007841823573109094,0.000595722409119231,-0.0011521441757281674,0.0,-0.1425394251609498,-0.026015175636528,0.14210545882892675,-0.020283849847539108,-0.010467746497819355,0.029034780859053304,-0.04935860931873322,-0.1416607611819571,-0.026762365816634354,0.14301727523198532,-0.021068032204850016,-0.009872024088700124,0.027882636683325135,-0.04935860931873322,-0.1416607611819571,-0.026762365816634354,0.14301727523198532,-0.021068032204850016,-0.009872024088700124,0.027882636683325135,-0.04935860931873322,8.76340828178524e-05,0.2827610190634876,0,0,0,0,panda_link4,obstacle,panda_link5,panda_link7
55,0.22916666666666666,1,55,1.291758475078495e-05,1,,,0.0020088231127900064,0,0.020127140224046304,0,0,0,1,0,0,1,0,0,0,1.0,0,0.3068329095840454,4.881192944594659e-05,0.4852559566497803,0.3068450856250891,5.2869283894920984e-05,0.4852574215372064,-0.0005221157329699216,0.0006963261421440664,-0.0002690542519958151,-0.030913233853052308,-0.7910463992272673,0.030318261079407004,-2.3609136253587697,-0.001373651538008201,1.5772299689340572,0.7739477544048937,0.019998514605311567,0.02000151819456629,-0.14166738388318256,-0.026654070479579066,0.14301727523198532,-0.02106697295712867,-0.010111356484324915,0.02729965834145609,-0.04928633854719865,2.9473079851639536e-07,-3.185503514454256e-07,-0.12065958976745605,-0.08304017782211304,0.16773018836975098,0.08135071396827698,0.003744882717728615,0.05538463592529297,-0.049191942811012274,-0.12065958976745605,-0.08304017782211304,0.16773018836975098,0.08135071396827698,0.003744882717728615,0.05538463592529297,-0.049191942811012274,0.0009096050235796553,-0.0007762953589191463,0.0009435007136719635,-0.0008128791906439153,0.0006164455087226565,-0.0011958516800527075,0.0,-0.14408709653071355,-0.026200178502075944,0.14424405576398963,-0.020367092374471887,-0.011487405360135837,0.029151909378040693,-0.049191942811012274,-0.1431774915071339,-0.026976473860995092,0.1451875564776616,-0.021179971565115804,-0.01087095985141318,0.027956057697987986,-0.049191942811012274,-0.1431774915071339,-0.026976473860995092,0.1451875564776616,-0.021179971565115804,-0.01087095985141318,0.027956057697987986,-0.049191942811012274,8.811438578923601e-05,0.28274449919982564,0,0,0,0,panda_link4,obstacle,panda_link5,panda_link7
56,0.23333333333333334,0,55,1.3053337130636391e-05,1,,,0.001987987571203928,0,0.02012657262447423,0,0,0,1,0,0,1,0,0,0,1.0,0,0.30683058500289917,5.1674520364031196e-05,0.48525479435920715,0.30684287281053413,5.582043155253845e-05,0.48525628123989817,-0.0005400788343115163,0.0007202828557006296,-0.0002783109138617508,-0.031509835938137214,-0.7911583499389627,0.030923209231397263,-2.361001870724283,-0.0014199449536467592,1.577344023431808,0.7737430896388554,0.019998516050890675,0.02000151664414864,-0.1431845004203775,-0.026868170806902868,0.1451875564776616,-0.021178887723111023,-0.01111041975325401,0.027373079460145222,-0.04911954384919149,3.469389859883827e-07,-3.721002356234064e-07,-0.12065958976745605,-0.08304017782211304,0.16773018836975098,0.08135071396827698,0.003744882717728615,0.05538463592529297,-0.049191942811012274,-0.12065958976745605,-0.08304017782211304,0.16773018836975098,0.08135071396827698,0.003744882717728615,0.05538463592529297,-0.049191942811012274,0.0009410377239838721,-0.0008061105589437891,0.0009756571707718415,-0.0008419333531738911,0.0006374813524487942,-0.0012403909080693045,0.0,-0.1440986663498142,-0.026243016820842388,0.14425632003548838,-0.020352850957742266,-0.011476217944193443,0.029130835731557034,-0.049191942811012274,-0.1431576286258303,-0.027049127379786177,0.14523197720626022,-0.02119478431091616,-0.010838736591744648,0.02789044482348773,-0.049191942811012274,-0.1431576286258303,-0.027049127379786177,0.14523197720626022,-0.02119478431091616,-0.010838736591744648,0.02789044482348773,-0.049191942811012274,8.809088910337707e-05,0.28272787214709894,0,0,0,0,panda_link4,obstacle,panda_link5,panda_link7
57,0.2375,0,55,1.3169962320946042e-05,1,,,0.0019673836681452367,0,0.020126002874415266,0,0,0,1,0,0,1,0,0,0,1.0,0,0.30682820081710815,5.4637894209008664e-05,0.48525363206863403,0.3068405846064524,5.8872123390275294e-05,0.48525510209320954,-0.0005583023483826592,0.0007445868719333643,-0.0002877017704047178,-0.03210635551868612,-0.7912706029562777,0.03152834246975668,-2.3610901777820588,-0.0014661053245548414,1.5774578025175874,0.7735384257487735,0.01999851727515989,0.020001515320725114,-0.1431646993317376,-0.026940724155599727,0.14523197720626022,-0.02119369386627412,-0.011078489017939726,0.027306980587074814,-0.04911933361966136,2.9382461121975345e-07,-3.1762164670731327e-07,-0.12065958976745605,-0.08304017782211304,0.16773018836975098,0.08135071396827698,0.003744882717728615,0.05538463592529297,-0.049191942811012274,-0.12065958976745605,-0.08304017782211304,0.16773018836975098,0.08135071396827698,0.003744882717728615,0.05538463592529297,-0.049191942811012274,0.0009729426741877345,-0.0008363568595471644,0.0010082742172004995,-0.0008716733765091652,0.0006588203198220002,-0.001285770465952056,0.0,-0.14411021876016392,-0.02628591425367965,0.1442685814993767,-0.020338599824943106,-0.011465048195222627,0.02910975226182225,-0.049191942811012274,-0.14313727608597618,-0.027122271113226817,0.14527685571657722,-0.02121027320145227,-0.010806227875400627,0.027823981795870194,-0.049191942811012274,-0.14313727608597618,-0.027122271113226817,0.14527685571657722,-0.02121027320145227,-0.010806227875400627,0.027823981795870194,-0.049191942811012274,8.806742382605677e-05,0.28271121999791865,0,0,0,0,panda_link4,obstacle,panda_link5,panda_link7
58,0.24166666666666667,0,55,1.3301205917811235e-05,1,,,0.0019470119546776132,0,0.020125430984404724,0,0,0,1,0,0,1,0,0,0,1.0,0,0.30682572722435,5.770335701527074e-05,0.48525241017341614,0.3068382199322551,6.202580054894966e-05,0.48525388354029647,-0.0005767841332354704,0.000769235334206835,-0.00029722571784609314,-0.03270279123642471,-0.7913831605123879,0.03213366270190909,-2.3611785493107154,-0.0015121311231428502,1.5775713036534325,0.773333762568449,0.0199985185092016,0.020001513987284742,-0.14314457225726204,-0.02701381346643221,0.14527685571657722,-0.02120916687757407,-0.011046191661122116,0.027240272602839205,-0.04911916327789035,2.961700108416662e-07,-3.2002568888531494e-07,-0.12065958976745605,-0.08304017782211304,0.16773018836975098,0.08135071396827698,0.003744882717728615,0.05538463592529297,-0.049191942811012274,-0.12065958976745605,-0.08304017782211304,0.16773018836975098,0.08135071396827698,0.003744882717728615,0.05538463592529297,-0.049191942811012274,0.0010053127616280603,-0.0008670483385253149,0.001041343372734846,-0.0009016629141236907,0.0006804565052519104,-0.00133169478603414,0.0,-0.14412175363857452,-0.026328871221861873,0.1442808403642655,-0.02032433891407911,-0.011453896162804556,0.02908865888414017,-0.049191942811012274,-0.14311644087694647,-0.027195919560387187,0.14532218373700034,-0.0212260018282028,-0.010773439657552645,0.027756964098106032,-0.049191942811012274,-0.14311644087694647,-0.027195919560387187,0.14532218373700034,-0.0212260018282028,-0.010773439657552645,0.027756964098106032,-0.049191942811012274,8.804399003725052e-05,0.28269454241301917,0,0,0,0,panda_link4,obstacle,panda_link5,panda_link7
59,0.24583333333333332,0,55,1.3445901510935241e-05,1,,,0.0019268731429588348,0,0.02012485696509441,0,0,0,1,0,0,1,0,0,0,1.0,0,0.30682316422462463,6.08723348705098e-05,0.48525112867355347,0.30683577771626747,6.528289228078469e-05,0.48525262502890854,-0.0005955220519797977,0.0007942253926309088,-0.0003068816550135789,-0.033299141079301514,-0.7914960247085623,0.03273917180081325,-2.361266986308716,-0.0015580211888618109,1.5776845245197675,0.7731291000995151,0.01999851975157885,0.020001512645294386,-0.14312396229043353,-0.027087407081850687,0.14532218373700034,-0.021224879520214013,-0.011013615772550556,0.0271730079204279,-0.04911899254412905,2.9817053951450637e-07,-3.220776851873587e-07,-0.12065958976745605,-0.08304017782211304,0.16773018836975098,0.08135071396827698,0.003744882717728615,0.05538463592529297,-0.049191942811012274,-0.12065958976745605,-0.08304017782211304,0.16773018836975098,0.08135071396827698,0.003744882717728615,0.05538463592529297,-0.049191942811012274,0.001038145009254334,-0.0008981890353625947,0.0010748607405001805,-0.0009319051951369313,0.000702387408844195,-0.0013781696145800115,0.0,-0.1441332709467966,-0.026371888063631426,0.14429309670239654,-0.020310068154152233,-0.011442761921335082,0.029067555500746613,-0.049191942811012274,-0.14309512593754226,-0.02727007709899402,0.1453679574428967,-0.021241973349289164,-0.010740374512490887,0.027689385886166602,-0.049191942811012274,-0.14309512593754226,-0.02727007709899402,0.1453679574428967,-0.021241973349289164,-0.010740374512490887,0.027689385886166602,-0.049191942811012274,8.802058782924496e-05,0.2826778392916246,0,0,0,0,panda_link4,obstacle,panda_link5,panda_link7
60,0.25,1,60,1.3568430909070093e-05,1,,,0.0019069679479228052,0,0.020124280827205902,0,0,0,1,0,0,1,0,0,0,1.0,0,0.3068205416202545,6.414624658646062e-05,0.4852498471736908,0.3068332568957082,6.864481597751407e-05,0.4852513260113782,-0.0006145139727832167,0.0008195542040607538,-0.0003166684833412019,-0.03389540304733453,-0.7916091976661346,0.03334487162349199,-2.3613554897877065,-0.0016037743678481483,1.5777974627824949,0.772924438342384,0.019998521001581608,0.02000151129547851,-0.1431028723279236,-0.027161509817358778,0.1453679574428967,-0.02124083495768289,-0.010980762956720992,0.02710518305455442,-0.04911882171144908,3.000006615241739e-07,-3.239558101567064e-07,-0.12265284061431886,-0.08384157419204713,0.16944217681884766,0.08213709592819214,0.002384006604552269,0.0556077778339386,-0.049024137854576114,-0.12265284061431886,-0.08384157419204713,0.16944217681884766,0.08213709592819214,0.002384006604552269,0.0556077778339386,-0.049024137854576114,0.0010714417136468502,-0.0009297731799362994,0.001108828222708967,-0.0009628429259423052,0.000724614800230959,-0.0014255021623308976,0.0,-0.1457142058854403,-0.02655432285782932,0.14648094111316615,-0.02038634244347387,-0.012489127228872455,0.02917441741262615,-0.049024137854576114,-0.14464276417179345,-0.02748409603776562,0.14758976933587512,-0.021349185369416174,-0.011764512428641495,0.027748915250295252,-0.049024137854576114,-0.14464276417179345,-0.02748409603776562,0.14758976933587512,-0.021349185369416174,-0.011764512428641495,0.027748915250295252,-0.049024137854576114,8.851341689316842e-05,0.2826611105311734,0,0,0,0,panda_link4,obstacle,panda_link5,panda_link7
61,0.25416666666666665,0,60,1.3703143204538413e-05,1,,,0.001886987448460345,0,0.02012370333450749,0,0,0,1,0,0,1,0,0,0,1.0,0,0.30681782960891724,6.752395711373538e-05,0.48524850606918335,0.30683065641666774,7.211297719848735e-05,0.4852499859446097,-0.0006337577688710317,0.0008452189320968408,-0.0003265851068693141,-0.03449811512979786,-0.7917232623147669,0.033959828995724806,-2.3614444398762666,-0.001653795372494976,1.5779106489686898,0.772720476328712,0.019998522462874948,0.020001509728930344,-0.1446508997911999,-0.02737551567174916,0.14758976933587512,-0.02134802125447463,-0.012005041115238688,0.027164684686807772,-0.04895088328128387,3.5071040118111324e-07,-3.7597155962436e-07,-0.12265284061431886,-0.08384157419204713,0.16944217681884766,0.08213709592819214,0.002384006604552269,0.0556077778339386,-0.049024137854576114,-0.12265284061431886,-0.08384157419204713,0.16944217681884766,0.08213709592819214,0.002384006604552269,0.0556077778339386,-0.049024137854576114,0.0011052139929765535,-0.0009618207104853762,0.0011432517813856672,-0.0009940350127104081,0.0007471453381395885,-0.0014733998800642817,0.0,-0.1457260319685067,-0.026598343126163985,0.14649335147747813,-0.020371748334547142,-0.012477602539830133,0.029152761339002742,-0.049024137854576114,-0.14462081797553014,-0.027560163836649363,0.1476366032588638,-0.02136578334725755,-0.011730457201690544,0.02767936145893846,-0.049024137854576114,-0.14462081797553014,-0.027560163836649363,0.1476366032588638,-0.02136578334725755,-0.011730457201690544,0.02767936145893846,-0.049024137854576114,8.848947977658738e-05,0.2826442772482584,0,0,0,0,panda_link4,obstacle,panda_link5,panda_link7
62,0.2583333333333333,0,60,1.3820154956670267e-05,1,,,0.0018672482738128077,0,0.020123123753643363,0,0,0,1,0,0,1,0,0,0,1.0,0,0.3068150579929352,7.10095846443437e-05,0.48524710536003113,0.30682797523408784,7.568876969877544e-05,0.4852486042900685,-0.0006532513185262747,0.0008712167470849424,-0.00033663043224459215,-0.03510073603506509,-0.7918376435152379,0.0345749815093034,-2.361533459093878,-0.0017036756571037995,1.5780235434385885,0.7725165151860123,0.0199985237093075,0.02000150838279887,-0.14462901726413532,-0.027451488113055623,0.1476366032588638,-0.021364612226776963,-0.011971268306117649,0.027094672775677037,-0.04895067424792262,2.991438118752146e-07,-3.2307155352524763e-07,-0.12265284061431886,-0.08384157419204713,0.16944217681884766,0.08213709592819214,0.002384006604552269,0.0556077778339386,-0.049024137854576114,-0.12265284061431886,-0.08384157419204713,0.16944217681884766,0.08213709592819214,0.002384006604552269,0.0556077778339386,-0.049024137854576114,0.0011394428573091792,-0.0009945981420214922,0.0011781082889982634,-0.001025606876716387,0.0007699611657093651,-0.0015221613209726677,0.0,-0.14573783971130125,-0.02664242577204651,0.14650575940435467,-0.020357143800284017,-0.012466096221544338,0.0291310948065384,-0.049024137854576114,-0.14459839685399206,-0.027637023914068002,0.14768386769335293,-0.021382750677000406,-0.011696135055834972,0.027608933485565732,-0.049024137854576114,-0.14459839685399206,-0.027637023914068002,0.14768386769335293,-0.021382750677000406,-0.011696135055834972,0.027608933485565732,-0.049024137854576114,8.846557533569192e-05,0.282627417766928,0,0,0,0,panda_link4,obstacle,panda_link5,panda_link7
63,0.2625,0,60,1.3943150192472312e-05,1,,,0.0018477512800306045,0,0.020122542095897103,0,0,0,1,0,0,1,0,0,0,1.0,0,0.30681219696998596,7.460437336703762e-05,0.4852456748485565,0.3068252123117401,7.937357545727612e-05,0.48524718051377014,-0.0006729925050897066,0.0008975448261161343,-0.00034680336872003825,-0.03570326446889963,-0.7919523447356387,0.035190330958025706,-2.3616225489392697,-0.0017534138244030837,1.578136143424858,0.7723125547632953,0.019998524964508203,0.020001507027686913,-0.1446068241202895,-0.027528292896190444,0.14768386769335293,-0.02138156289403062,-0.011937160151828195,0.02702399670468905,-0.04895050145208642,3.012481685914399e-07,-3.2522686928791733e-07,-0.12265284061431886,-0.08384157419204713,0.16944217681884766,0.08213709592819214,0.002384006604552269,0.0556077778339386,-0.049024137854576114,-0.12265284061431886,-0.08384157419204713,0.16944217681884766,0.08213709592819214,0.002384006604552269,0.0556077778339386,-0.049024137854576114,0.0011741235327942738,-0.0010277018256140136,0.001213401992879321,-0.0010576043139648675,0.0007930651320706097,-0.0015714984471806187,0.0,-0.1457496290706116,-0.02668657117768845,0.14651816496532213,-0.0203425287705759,-0.012454608379976818,0.029109417721235743,-0.049024137854576114,-0.1445755055378173,-0.027714273003302464,0.14773156695820144,-0.02140013308454077,-0.011661543247906208,0.027537919274055123,-0.049024137854576114,-0.1445755055378173,-0.027714273003302464,0.14773156695820144,-0.02140013308454077,-0.011661543247906208,0.027537919274055123,-0.049024137854576114,8.84417036941494e-05,0.28261053192836394,0,0,0,0,panda_link4,obstacle,panda_link5,panda_link7
64,0.26666666666666666,0,60,1.4043316799069736e-05,1,,,0.001828497073284252,0,0.020121958372481215,0,0,0,1,0,0,1,0,0,0,1.0,0,0.30680927634239197,7.830968388589099e-05,0.4852442145347595,0.30682236662220497,8.316876470481915e-05,0.48524571408626965,-0.0006929792169598152,0.0009242003530267925,-0.00035710282815497877,-0.03630569847095747,-0.7920673675980527,0.035805879153684876,-2.3617117111415173,-0.0018030087484085745,1.5782484464920745,0.7721085950602354,0.01999852622808054,0.020001505663997658,-0.14458416049388076,-0.02760548697937383,0.14773156695820144,-0.021398928539393097,-0.011902781761317805,0.026952736131976157,-0.04895032873437363,3.032573605500806e-07,-3.2728542142005865e-07,-0.12265284061431886,-0.08384157419204713,0.16944217681884766,0.08213709592819214,0.002384006604552269,0.0556077778339386,-0.049024137854576114,-0.12265284061431886,-0.08384157419204713,0.16944217681884766,0.08213709592819214,0.002384006604552269,0.0556077778339386,-0.049024137854576114,0.0012092569651781081,-0.0010614040775883743,0.001249126289391187,-0.001090148219256911,0.0008164531688734118,-0.0016217128743285746,0.0,-0.14576139995479,-0.026730779704545564,0.14653056829926514,-0.020327903181570836,-0.012443139057833567,0.02908772999333066,-0.049024137854576114,-0.14455214298961191,-0.02779218378213394,0.14777969458865634,-0.021418051400827746,-0.011626685888960155,0.027466017119002085,-0.049024137854576114,-0.14455214298961191,-0.02779218378213394,0.14777969458865634,-0.021418051400827746,-0.011626685888960155,0.027466017119002085,-0.049024137854576114,8.841786494429799e-05,0.28259361953245,0,0,0,0,panda_link4,obstacle,panda_link5,panda_link7
65,0.2708333333333333,1,65,1.4175271858945224e-05,1,,,0.0018094863626226532,0,0.020121372596390075,0,0,0,1,0,0,1,0,0,0,1.0,0,0.3068062365055084,8.212687680497766e-05,0.48524272441864014,0.3068194371468507,8.707569595227201e-05,0.4852442044826503,-0.0007132093475928178,0.0009511805183985967,-0.0003675277250150658,-0.036908036076598975,-0.7921827148597259,0.03642162788113761,-2.361800947933151,-0.0018524593224646297,1.5783604489423646,0.7719046360771793,0.019998527499336168,0.02000150429243259,-0.14456102535396054,-0.027683342801560158,0.14777969458865634,-0.021416829992126102,-0.01186813777345325,0.026880588069628203,-0.04895015593347232,3.0510135043881545e-07,-3.291756166877262e-07,-0.12467855215072632,-0.08465300798416138,0.17117998600006104,0.08293570876121521,0.0010018629021942616,0.0558297872543335,-0.04884954988956452,-0.12467855215072632,-0.08465300798416138,0.17117998600006104,0.08293570876121521,0.0010018629021942616,0.0558297872543335,-0.04884954988956452,0.0012448328521403556,-0.0010951716099601352,0.0012852835477509862,-0.0011230056228628243,0.0008401265516271808,-0.0016722174231726902,0.0,-0.14736824300535423,-0.026916316133310948,0.1487531675054601,-0.020402197702529847,-0.013504557260268423,0.029191416535120314,-0.04884954988956452,-0.14612341015321387,-0.028011487743271085,0.1500384510532111,-0.02152520332539267,-0.012664430708641242,0.027519199111947622,-0.04884954988956452,-0.14612341015321387,-0.028011487743271085,0.1500384510532111,-0.02152520332539267,-0.012664430708641242,0.027519199111947622,-0.04884954988956452,8.892257042383885e-05,0.28257668034621297,0,0,0,0,panda_link4,obstacle,panda_link5,panda_link7
66,0.275,0,65,1.4289627669826831e-05,1,,,0.0017904214307508381,0,0.020120785610150592,0,0,0,1,0,0,1,0,0,0,1.0,0,0.3068031370639801,8.60547079355456e-05,0.4852411448955536,0.3068164228758124,9.109571601864537e-05,0.48524265118251336,-0.0007336807955026594,0.000978482519558528,-0.000378076976372276,-0.03751692225737321,-0.792298975813184,0.03704678809385933,-2.3618906310794774,-0.0019062344653613939,1.578472672765046,0.7717014051213053,0.019998528975286655,0.02000150271088636,-0.1461326833858156,-0.02790262882994772,0.1500384510532111,-0.021523955118291166,-0.012906034295223377,0.026933717443523353,-0.04877542940977401,3.542281166299052e-07,-3.795710943675472e-07,-0.12467855215072632,-0.08465300798416138,0.17117998600006104,0.08293570876121521,0.0010018629021942616,0.0558297872543335,-0.04884954988956452,-0.12467855215072632,-0.08465300798416138,0.17117998600006104,0.08293570876121521,0.0010018629021942616,0.0558297872543335,-0.04884954988956452,0.0012808745609320907,-0.001129830451017178,0.0013218705168357961,-0.0011560882769326797,0.0008640869387159104,-0.001723608301391044,0.0,-0.1473803292273874,-0.026961561942387816,0.14876572804257032,-0.020387241679895928,-0.013492687770393719,0.029169157483570792,-0.04884954988956452,-0.1460994546664553,-0.028091392393404992,0.15008759855940612,-0.02154332995682861,-0.012628600831677808,0.027445549182179747,-0.04884954988956452,-0.1460994546664553,-0.028091392393404992,0.15008759855940612,-0.02154332995682861,-0.012628600831677808,0.027445549182179747,-0.04884954988956452,8.889818907166706e-05,0.28255963569187553,0,0,0,0,panda_link4,obstacle,panda_link5,panda_link7
67,0.2791666666666667,0,65,1.4402814048222182e-05,1,,,0.0017716081993138372,0,0.02012019660183746,0,0,0,1,0,0,1,0,0,0,1.0,0,0.3067999482154846,9.009729546960443e-05,0.48523956537246704,0.3068133228079706,9.523016005919807e-05,0.48524105366996656,-0.0007543914642610129,0.0010061035605788695,-0.00038874950190491084,-0.03812570890256957,-0.7924155693204357,0.037672153087856854,-2.361980389722106,-0.001959861463307441,1.5785845878936156,0.7714981750342674,0.01999853024249998,0.0200015013435035,-0.146108794847127,-0.027982441740404228,0.15008759855940612,-0.021542074230849056,-0.012870479507051308,0.026859630856689132,-0.048775220889089,3.0413119789024154e-07,-3.281718859420718e-07,-0.12467855215072632,-0.08465300798416138,0.17117998600006104,0.08293570876121521,0.0010018629021942616,0.0558297872543335,-0.04884954988956452,-0.12467855215072632,-0.08465300798416138,0.17117998600006104,0.08293570876121521,0.0010018629021942616,0.0558297872543335,-0.04884954988956452,0.0013173573447211445,-0.0011646917337973816,0.0013588838310736216,-0.0011897684971000264,0.0008883290712771969,-0.0017755988097569752,0.0,-0.14739239619872868,-0.02700687342413362,0.1487782863604089,-0.020372274494854913,-0.013480837412830852,0.029146887320658642,-0.04884954988956452,-0.14607503885400755,-0.028171565157931004,0.15013717019148254,-0.02156204299195494,-0.012592508341553656,0.027371288510901665,-0.04884954988956452,-0.14607503885400755,-0.028171565157931004,0.15013717019148254,-0.02156204299195494,-0.012592508341553656,0.027371288510901665,-0.04884954988956452,8.887384179626358e-05,0.28254256388388294,0,0,0,0,panda_link4,obstacle,panda_link5,panda_link7
68,0.2833333333333333,0,65,1.4492510199373302e-05,1,,,0.001753047176599104,0,0.020119605581757828,0,0,0,1,0,0,1,0,0,0,1.0,0,0.30679669976234436,9.425580356037244e-05,0.4852379262447357,0.3068101359509306,9.948035159354306e-05,0.48523941143361365,-0.0007753392624972794,0.0010340408522772067,-0.00039954422389759723,-0.03873439477514507,-0.7925324966507568,0.03829772463032136,-2.3620702262629685,-0.002013338969833452,1.5786961925772387,0.7712949456748599,0.019998531518891624,0.020001499966728793,-0.14608460941812063,-0.028062559277064796,0.15013717019148254,-0.021560769806982988,-0.012834601566242693,0.026785124069550553,-0.048775046257811316,3.06333994763968e-07,-3.304259295470492e-07,-0.12467855215072632,-0.08465300798416138,0.17117998600006104,0.08293570876121521,0.0010018629021942616,0.0558297872543335,-0.04884954988956452,-0.12467855215072632,-0.08465300798416138,0.17117998600006104,0.08293570876121521,0.0010018629021942616,0.0558297872543335,-0.04884954988956452,0.0013542812250754506,-0.0012003057324022613,0.0013963078500177247,-0.001223845413519493,0.0009128426152822213,-0.001828484885694659,0.0,-0.14740444378280532,-0.027052250951403435,0.14879084266147113,-0.020357296077734843,-0.013469006203650751,0.029124605948083932,-0.04884954988956452,-0.14605016255772987,-0.028252556683805698,0.15018715051148887,-0.021581141491254337,-0.01255616358836853,0.027296121062389274,-0.04884954988956452,-0.14605016255772987,-0.028252556683805698,0.15018715051148887,-0.021581141491254337,-0.01255616358836853,0.027296121062389274,-0.04884954988956452,8.884952865543517e-05,0.2825254646072545,0,0,0,0,panda_link4,obstacle,panda_link5,panda_link7
69,0.2875,0,65,1.4612992318103767e-05,1,,,0.0017347392384177013,0,0.020119012563400103,0,0,0,1,0,0,1,0,0,0,1.0,0,0.30679333209991455,9.85315564321354e-05,0.4852362275123596,0.30680686132100116,0.00010384760253375261,0.4852377239665434,-0.0007965221038985887,0.0010622916122164268,-0.00041046006724128656,-0.039342977955399594,-0.7926497612140481,0.03892350442411923,-2.362160142307709,-0.002066665937678121,1.5788074830298693,0.7710917170446621,0.019998532803120635,0.02000149858192913,-0.14605996326108583,-0.028143495189906984,0.15018715051148887,-0.02157985073767066,-0.012798472282720547,0.026709708631327295,-0.04877487124748451,3.0821496255651476e-07,-3.3235191949313597e-07,-0.12467855215072632,-0.08465300798416138,0.17117998600006104,0.08293570876121521,0.0010018629021942616,0.0558297872543335,-0.04884954988956452,-0.12467855215072632,-0.08465300798416138,0.17117998600006104,0.08293570876121521,0.0010018629021942616,0.0558297872543335,-0.04884954988956452,0.0013916353143497437,-0.0012361387199396287,0.0014341450726040059,-0.0012580859542198428,0.0009376288831693591,-0.0018816788986959405,0.0,-0.14741647191659085,-0.02709769492087571,0.14880339701955678,-0.020342306374578588,-0.013457194238796039,0.029102313291865356,-0.04884954988956452,-0.1460248366022411,-0.02833383364081534,0.15023754209216078,-0.02160039232879843,-0.01251956535562668,0.027220634393169414,-0.04884954988956452,-0.1460248366022411,-0.02833383364081534,0.15023754209216078,-0.02160039232879843,-0.01251956535562668,0.027220634393169414,-0.04884954988956452,8.882524982602124e-05,0.2825083377162082,0,0,0,0,panda_link4,obstacle,panda_link5,panda_link7
70,0.2916666666666667,1,70,1.4732577738547848e-05,1,,,0.0017166850605523087,0,0.020118417556886967,0,0,0,1,0,0,1,0,0,0,1.0,0,0.3067898750305176,0.00010292584192939103,0.48523449897766113,0.30680349794317346,0.00010833321321246364,0.4852359907663189,-0.0008179379072097984,0.00109085306470472,-0.0004214959594332558,-0.039951456568520345,-0.7927673641996965,0.03954949418283657,-2.3622501384906376,-0.002119841310738443,1.5789184579227447,0.770888489144096,0.019998534094510897,0.02000149718979291,-0.14603486714898,-0.028224716555628276,0.15023754209216078,-0.02159908390290527,-0.012762089534477284,0.02663397429007522,-0.0487746961358376,3.0993366273652026e-07,-3.3411269226551327e-07,-0.12673519849777223,-0.08547496795654297,0.1729413390159607,0.08374613523483276,-0.0004003266803920269,0.056052178144454956,-0.04866789877414704,-0.12673519849777223,-0.08547496795654297,0.1729413390159607,0.08374613523483276,-0.0004003266803920269,0.056052178144454956,-0.04866789877414704,0.0014294218891262257,-0.0012723237360510388,0.0014723937048494416,-0.0012927714266109454,0.0009626871706765017,-0.001935484768033614,0.0,-0.14904770749323146,-0.027287269849545777,0.1510585142730688,-0.020415315979482467,-0.014532394795303728,0.029203784362397425,-0.04866789877414704,-0.14761828560410523,-0.028559593585596815,0.15253090797791824,-0.021708087406093413,-0.013569707624627227,0.02726829959436381,-0.04866789877414704,-0.14761828560410523,-0.028559593585596815,0.15253090797791824,-0.021708087406093413,-0.013569707624627227,0.02726829959436381,-0.04866789877414704,8.934219536068096e-05,0.2824911831266024,0,0,0,0,panda_link4,obstacle,panda_link5,panda_link7
71,0.29583333333333334,0,70,1.4823826117550358e-05,1,,,0.001698599675869314,0,0.020117821488298104,0,0,0,1,0,0,1,0,0,0,1.0,0,0.30678635835647583,0.00010743731399998069,0.48523274064064026,0.3068000448511001,0.00011293847241098321,0.4852342113349664,-0.0008395845962334937,0.0011197224407955768,-0.0004326508305771059,-0.04056657618681628,-0.7928859077579475,0.040185039632744564,-2.3623405832868714,-0.002177392954062169,1.5790296311039647,0.7706860187213198,0.019998535584303524,0.02000149559411335,-0.14762870839102338,-0.028450453980246967,0.15253090797791824,-0.02170675109615358,-0.013812394397694227,0.026681563492801347,-0.04859290146627962,3.575502300406583e-07,-3.8296309462981445e-07,-0.12673519849777223,-0.08547496795654297,0.1729413390159607,0.08374613523483276,-0.0004003266803920269,0.056052178144454956,-0.04866789877414704,-0.12673519849777223,-0.08547496795654297,0.1729413390159607,0.08374613523483276,-0.0004003266803920269,0.056052178144454956,-0.04866789877414704,0.0014676645785967172,-0.0013091412028568958,0.001511063468136913,-0.0013280159687483915,0.0009880284793362224,-0.0019902082271578787,0.0,-0.1490600572491507,-0.027333784673427813,0.15107122883554247,-0.02039998881024284,-0.014520173021089912,0.02918090167737504,-0.04866789877414704,-0.147592392670554,-0.028642925876284708,0.1525822923036794,-0.02172800477899123,-0.01353214454175369,0.02719069345021716,-0.04866789877414704,-0.147592392670554,-0.028642925876284708,0.1525822923036794,-0.02172800477899123,-0.01353214454175369,0.02719069345021716,-0.04866789877414704,8.93173671071023e-05,0.2824739216323472,0,0,0,0,panda_link4,obstacle,panda_link5,panda_link7
72,0.3,0,70,1.4918307611753185e-05,1,,,0.0016807764004300313,0,0.020117223465602067,0,0,0,1,0,0,1,0,0,0,1.0,0,0.3067827522754669,0.00011207009083591402,0.4852308928966522,0.30679650108707374,0.00011766465738739413,0.4852323851789647,-0.0008614600998299892,0.001148896978287792,-0.00044392361338276394,-0.04118158821093875,-0.793004798169958,0.040820799184009895,-2.3624311110385885,-0.0022347891934106313,1.5791404792128951,0.7704835491629266,0.019998536872725518,0.020001494205074338,-0.147602885789393,-0.02853369888250809,0.1525822923036794,-0.02172666041206564,-0.013775097443630983,0.026603546143319917,-0.048592694014368325,3.092212784035729e-07,-3.3336936283104995e-07,-0.12673519849777223,-0.08547496795654297,0.1729413390159607,0.08374613523483276,-0.0004003266803920269,0.056052178144454956,-0.04866789877414704,-0.12673519849777223,-0.08547496795654297,0.1729413390159607,0.08374613523483276,-0.0004003266803920269,0.056052178144454956,-0.04866789877414704,0.0015063316564603577,-0.0013465958546784826,0.001550125907711874,-0.001363388808562607,0.0010136295328377176,-0.0020455478532813097,0.0,-0.14907238668864822,-0.027380368525777486,0.15108394151289314,-0.02038464972128303,-0.014507971050144066,0.029158007214889873,-0.04866789877414704,-0.14756605503218787,-0.02872696438045597,0.152634067420605,-0.021748038529845637,-0.013494341517306349,0.027112459361608564,-0.04866789877414704,-0.14756605503218787,-0.02872696438045597,0.152634067420605,-0.021748038529845637,-0.013494341517306349,0.027112459361608564,-0.04866789877414704,8.929257436071647e-05,0.2824566318421223,0,0,0,0,panda_link4,obstacle,panda_link5,panda_link7
73,0.30416666666666664,0,70,1.5033691949522521e-05,1,,,0.0016632161854643474,0,0.020116623499765555,0,0,0,1,0,0,1,0,0,0,1.0,0,0.30677902698516846,0.00011682526383083314,0.4852290451526642,0.3067928657020066,0.0001225130339046601,0.4852305118092342,-0.0008835623519173265,0.0011783739217254606,-0.00045531324316648103,-0.04179649146511123,-0.7931240385078306,0.04145677446492908,-2.362521722188049,-0.002292028826968118,1.579251000304091,0.7702810803431155,0.019998538169187022,0.020001492807811758,-0.14757678100139632,-0.028617681089446047,0.152634067420605,-0.021746675870535415,-0.01373751205379677,0.026525061886974316,-0.04859251675467294,3.1115076094779745e-07,-3.3534301893461613e-07,-0.12673519849777223,-0.08547496795654297,0.1729413390159607,0.08374613523483276,-0.0004003266803920269,0.056052178144454956,-0.04866789877414704,-0.12673519849777223,-0.08547496795654297,0.1729413390159607,0.08374613523483276,-0.0004003266803920269,0.056052178144454956,-0.04866789877414704,0.0015454201679436757,-0.0013840053179303945,0.0015895974736297577,-0.0013992568184694062,0.0010395016021366502,-0.002101220207025571,0.0,-0.14908469580746908,-0.027427021717211057,0.15109665229736377,-0.02036929862818244,-0.014495788989513937,0.02913510085889727,-0.04866789877414704,-0.1475392756395254,-0.02881102703514145,0.15268624977099352,-0.021768555446651846,-0.013456287387377287,0.0270338806518717,-0.04866789877414704,-0.1475392756395254,-0.02881102703514145,0.15268624977099352,-0.021768555446651846,-0.013456287387377287,0.0270338806518717,-0.04866789877414704,8.926781723461918e-05,0.28243931371474323,0,0,0,0,panda_link4,obstacle,panda_link5,panda_link7
74,0.30833333333333335,0,70,1.5123001737129023e-05,1,,,0.0016459194573312935,0,0.020116021601299536,0,0,0,1,0,0,1,0,0,0,1.0,0,0.3067752420902252,0.00012170409900136292,0.485227108001709,0.3067891377554088,0.00012748485625873135,0.48522859074112606,-0.0009058892914712768,0.0012081505223979817,-0.00046681865785083406,-0.04241128410713844,-0.7932436288753639,0.042092967172308225,-2.3626124187480384,-0.0023491108016724083,1.579361192959551,0.7700786122601788,0.019998539473979393,0.020001491402025735,-0.14755023408652918,-0.02870168820799162,0.15268624977099352,-0.021767174397473332,-0.013699673929029727,0.02644623731042578,-0.04859233990478751,3.131501692117504e-07,-3.3738864554933023e-07,-0.12673519849777223,-0.08547496795654297,0.1729413390159607,0.08374613523483276,-0.0004003266803920269,0.056052178144454956,-0.04866789877414704,-0.12673519849777223,-0.08547496795654297,0.1729413390159607,0.08374613523483276,-0.0004003266803920269,0.056052178144454956,-0.04866789877414704,0.0015849326748029568,-0.0014223272082309725,0.001629451610697378,-0.0014353759373448808,0.0010656271732631033,-0.0021578143508671267,0.0,-0.14909698445681374,-0.027473744577992103,0.15110936138951175,-0.0203539354613671,-0.014483626821346518,0.029112182507330484,-0.04866789877414704,-0.1475120517820108,-0.028896071786223075,0.15273881300020914,-0.021789311398711982,-0.013417999648083415,0.026954368156463356,-0.04866789877414704,-0.1475120517820108,-0.028896071786223075,0.15273881300020914,-0.021789311398711982,-0.013417999648083415,0.026954368156463356,-0.04866789877414704,8.924309577826826e-05,0.2824219669771476,0,0,0,0,panda_link4,obstacle,panda_link5,panda_link7
75,0.3125,1,75,1.5234297312667258e-05,1,,,0.0016288872624213718,0,0.020115417784333386,0,0,0,1,0,0,1,0,0,0,1.0,0,0.30677133798599243,0.00012670783326029778,0.4852251410484314,0.3067853163153675,0.00013258136730664983,0.48522662149441137,-0.0009284388625253375,0.0012382240383400538,-0.0004784387979647239,-0.0430259642840722,-0.7933635733620163,0.04272937889314243,-2.3627032017140612,-0.002406034150223508,1.5794710532753593,0.7698761449163993,0.019998540785518742,0.020001489989330802,-0.14752324246410303,-0.02878667679659467,0.15273881300020914,-0.021787911845493863,-0.013661603652263954,0.026366475793978383,-0.04859216250707052,3.147694440912979e-07,-3.3904678359590254e-07,-0.12882288694381713,-0.0863080620765686,0.17472617626190187,0.08456861972808838,-0.0018227249383926392,0.05627595186233521,-0.048478963971138,-0.12882288694381713,-0.0863080620765686,0.17472617626190187,0.08456861972808838,-0.0018227249383926392,0.05627595186233521,-0.048478963971138,0.0016248598995403055,-0.0014607492574081533,0.0016697023618953799,-0.0014718343904408396,0.0010920155148242683,-0.0022147475369723,0.0,-0.15075264268018682,-0.02766799279937878,0.15339708042077413,-0.020426053384117963,-0.01557265475396397,0.029211965638990898,-0.048478963971138,-0.1491277827806465,-0.029128742056786935,0.1550667827826695,-0.021897887774558804,-0.014480639239139701,0.0269972181020186,-0.048478963971138,-0.1491277827806465,-0.029128742056786935,0.1550667827826695,-0.021897887774558804,-0.014480639239139701,0.0269972181020186,-0.048478963971138,8.977291715191665e-05,0.282404591568947,0,0,0,0,panda_link4,obstacle,panda_link5,panda_link7
76,0.31666666666666665,0,75,1.531306356197335e-05,1,,,0.0016118481752502994,0,0.020114813056596688,0,0,0,1,0,0,1,0,0,0,1.0,0,0.30676737427711487,0.00013183499686419964,0.4852231442928314,0.30678140045852603,0.00013780379849465498,0.48522460359327013,-0.0009512090141707358,0.0012685917343316798,-0.0004901726066433772,-0.04364737831325848,-0.7934844871948318,0.043375490488070226,-2.362794436960841,-0.0024673858875017946,1.5795810917170632,0.7696744654204815,0.019998542289046645,0.020001488379650625,-0.14913936700470629,-0.02901931987571385,0.1550667827826695,-0.02189645922707148,-0.014724416946788704,0.026409226008906744,-0.04840307902029455,3.6084669681598833e-07,-3.863232427457272e-07,-0.12882288694381713,-0.0863080620765686,0.17472617626190187,0.08456861972808838,-0.0018227249383926392,0.05627595186233521,-0.048478963971138,-0.12882288694381713,-0.0863080620765686,0.17472617626190187,0.08456861972808838,-0.0018227249383926392,0.05627595186233521,-0.048478963971138,0.0016652320328545255,-0.0014998216769481507,0.001710356531116377,-0.001508862905643754,0.0011186766421535266,-0.0022726222576444043,0.0,-0.15076525915550118,-0.02771582094211264,0.15340995277737327,-0.020410345557465813,-0.015560072803522751,0.029188438068679417,-0.048478963971138,-0.14910002712264667,-0.029215642619060792,0.15512030930848963,-0.021919208463109567,-0.014441396161369224,0.026915815811035013,-0.048478963971138,-0.14910002712264667,-0.029215642619060792,0.15512030930848963,-0.021919208463109567,-0.014441396161369224,0.026915815811035013,-0.048478963971138,8.974763997038373e-05,0.28238710748613904,0,0,0,0,panda_link4,obstacle,panda_link5,panda_link7
77,0.3208333333333333,0,75,1.54148395981645e-05,1,,,0.0015950821941456833,0,0.020114206444310605,0,0,0,1,0,0,1,0,0,0,1.0,0,0.30676329135894775,0.0001370897371089086,0.48522108793258667,0.3067773892700625,0.0001431533698862888,0.48522253656628067,-0.0009741977005564261,0.0012992508818981633,-0.0005020190296283452,-0.04426867700106519,-0.7936057627658016,0.044021825110188935,-2.362885761007898,-0.002528575186789844,1.5796907893672074,0.7694727867853477,0.019998543598104514,0.02000148696956544,-0.1491116850736089,-0.029106137032757794,0.15512030930848963,-0.02191777129364339,-0.014685431829131828,0.026327436034634222,-0.04840287243210427,3.1417388863868786e-07,-3.3842044398638485e-07,-0.12882288694381713,-0.0863080620765686,0.17472617626190187,0.08456861972808838,-0.0018227249383926392,0.05627595186233521,-0.048478963971138,-0.12882288694381713,-0.0863080620765686,0.17472617626190187,0.08456861972808838,-0.0018227249383926392,0.05627595186233521,-0.048478963971138,0.0017060116140979978,-0.0015391397729863057,0.0017513936496780227,-0.001546074403067342,0.0011455917841746146,-0.0023308422430101177,0.0,-0.15077785428123924,-0.027763721442945897,0.1534228234187238,-0.0203946250079936,-0.01554751136358351,0.029164898010696355,-0.048478963971138,-0.14907184266714124,-0.029302861215932202,0.15517421706840182,-0.02194069941106094,-0.014401919579408895,0.026834055767686237,-0.048478963971138,-0.14907184266714124,-0.029302861215932202,0.15517421706840182,-0.02194069941106094,-0.014401919579408895,0.026834055767686237,-0.048478963971138,8.972239981142865e-05,0.28236959414982477,0,0,0,0,panda_link4,obstacle,panda_link5,panda_link7
78,0.325,0,75,1.5511468277350074e-05,1,,,0.0015785900569785932,0,0.02011359795727817,0,0,0,1,0,0,1,0,0,0,1.0,0,0.3067591190338135,0.0001424730580765754,0.48521897196769714,0.3067732818436689,0.00014863129019050165,0.4852204199464086,-0.0009974028808890927,0.0013301987593101123,-0.0005139770152675048,-0.04488985923354629,-0.7937274015124827,0.04466838434797394,-2.3629771745208314,-0.0025896009112851967,1.579800145312632,0.7692711088971277,0.019998544915374714,0.020001485551084976,-0.14908373579546405,-0.029193299203456265,0.15517421706840182,-0.021939243104043077,-0.014646173878884606,0.02624542690188425,-0.04840269317279387,3.1614484768309817e-07,-3.4043531192858023e-07,-0.12882288694381713,-0.0863080620765686,0.17472617626190187,0.08456861972808838,-0.0018227249383926392,0.05627595186233521,-0.048478963971138,-0.12882288694381713,-0.0863080620765686,0.17472617626190187,0.08456861972808838,-0.0018227249383926392,0.05627595186233521,-0.048478963971138,0.0017472015043337545,-0.0015789753785035463,0.00179280751255812,-0.0015835889403993505,0.0011727571971878745,-0.0023897082104651925,0.0,-0.15079042800584774,-0.027811694579784642,0.1534356923982846,-0.020378891645488742,-0.01553497048374396,0.029141345337077254,-0.048478963971138,-0.149043226501514,-0.02939066995828819,0.15522849991084273,-0.02196248058588809,-0.014362213286556087,0.026751637126612063,-0.048478963971138,-0.149043226501514,-0.02939066995828819,0.15522849991084273,-0.02196248058588809,-0.014362213286556087,0.026751637126612063,-0.048478963971138,8.969719673641892e-05,0.28235205145618797,0,0,0,0,panda_link4,obstacle,panda_link5,panda_link7
79,0.32916666666666666,0,75,1.5602088845702968e-05,1,,,0.0015623725972550156,0,0.02011298760825088,0,0,0,1,0,0,1,0,0,0,1.0,0,0.30675485730171204,0.000147986167576164,0.48521679639816284,0.30676907728153,0.00015423875678975723,0.48521825327099577,-0.0010208225194331447,0.0013614326515834327,-0.0005260455145150563,-0.045510923210575954,-0.7938494058941603,0.045315169764269116,-2.3630686787084696,-0.0026504621033547025,1.5799091568119625,0.7690694317560572,0.019998546240230165,0.020001484124846463,-0.14905535448712,-0.029281051602635173,0.15522849991084273,-0.02196100503319054,-0.01460668609668143,0.02616275983932298,-0.04840251385690345,3.1796530833121117e-07,-3.4229724268529035e-07,-0.12882288694381713,-0.0863080620765686,0.17472617626190187,0.08456861972808838,-0.0018227249383926392,0.05627595186233521,-0.048478963971138,-0.12882288694381713,-0.0863080620765686,0.17472617626190187,0.08456861972808838,-0.0018227249383926392,0.05627595186233521,-0.048478963971138,0.00178879897490323,-0.0016193314483135344,0.0018345943382875056,-0.0016214087378625139,0.0012001704929346616,-0.0024492243620539682,0.0,-0.1508029802589663,-0.02785974069600748,0.15344855978017588,-0.02036314540409086,-0.01552245023109534,0.029117779953839136,-0.048478963971138,-0.14901418128406307,-0.029479072144321015,0.15528315411846338,-0.021984554141953376,-0.014322279738160677,0.026668555591785166,-0.048478963971138,-0.14901418128406307,-0.029479072144321015,0.15528315411846338,-0.021984554141953376,-0.014322279738160677,0.026668555591785166,-0.048478963971138,8.967203089133828e-05,0.2823344792800418,0,0,0,0,panda_link4,obstacle,panda_link5,panda_link7
80,0.3333333333333333,1,80,1.568310961618126e-05,1,,,0.0015386139306313995,0,0.020112375410061764,0,0,0,1,0,0,1,0,0,0,1.0,0,0.30675050616264343,0.00015363024431280792,0.48521459102630615,0.3067647746943023,0.0001599769557681382,0.48521603608175,-0.0010444545855107228,0.0013929498504793366,-0.0005382234809315265,-0.04613186714305547,-0.7939717783837651,0.04596218290642938,-2.363160274788621,-0.0027111578158042263,1.5800178211054143,0.7688677553624386,0.019998547572063877,0.020001482691467034,-0.14902654379508318,-0.029369397505155173,0.15528315411846338,-0.021983059236313662,-0.014566970987885716,0.02607943042843272,-0.04840233446847968,3.196400914294399e-07,-3.4401106268700313e-07,-0.1309419631958008,-0.08715268373489381,0.17653472423553468,0.08540343642234803,-0.0032657209783792497,0.05650172829627991,-0.048282656073570254,-0.1309419631958008,-0.08715268373489381,0.17653472423553468,0.08540343642234803,-0.0032657209783792497,0.05650172829627991,-0.048282656073570254,0.0018308026523518003,-0.0016600719789683109,0.0018767563933714678,-0.001659696675641387,0.0012278335095843196,-0.002509397627665248,0.0,-0.15248329523201393,-0.028059090812702733,0.15576928753499775,-0.020434573188222133,-0.016625551192396695,0.029216127703967084,-0.048282656073570254,-0.15065249257966212,-0.029719162791671045,0.15764604392836923,-0.022094269863863522,-0.015397717682812374,0.026706730076301838,-0.048282656073570254,-0.15065249257966212,-0.029719162791671045,0.15764604392836923,-0.022094269863863522,-0.015397717682812374,0.026706730076301838,-0.048282656073570254,9.021524180817773e-05,0.2823168774952281,0,0,0,0,panda_link5,obstacle,panda_link5,panda_link7
81,0.3375,0,80,1.5784675697147255e-05,1,,,0.0015001022736988306,0,0.02011176245749901,0,0,0,1,0,0,1,0,0,0,1.0,0,0.3067460358142853,0.00015940374578349292,0.4852123260498047,0.3067603732010928,0.00016584706193945205,0.48521376792473353,-0.0010682970535016941,0.0014247476545043358,-0.0005505098706837665,-0.046759639017586965,-0.7940951511179535,0.04661904142279759,-2.3632523278920687,-0.002776335290665156,1.580126643943309,0.7686668975598494,0.019998549089359045,0.020001481067772893,-0.15066524988755825,-0.029609456205208926,0.15764604392836923,-0.022092744827487493,-0.01564259396662309,0.026117481094747375,-0.04820587262138672,3.6415084031472464e-07,-3.896865935016161e-07,-0.1309419631958008,-0.08715268373489381,0.17653472423553468,0.08540343642234803,-0.0032657209783792497,0.05650172829627991,-0.048282656073570254,-0.1309419631958008,-0.08715268373489381,0.17653472423553468,0.08540343642234803,-0.0032657209783792497,0.05650172829627991,-0.048282656073570254,0.0018732292065027202,-0.0017010805889090593,0.001919305893792809,-0.0016981681719316804,0.0012557595084797036,-0.0025699387136941753,0.0,-0.15249618150510594,-0.028108277527381827,0.15578232124099825,-0.020418474862977782,-0.016612600774467585,0.02919193330506063,-0.048282656073570254,-0.15062295229860323,-0.029809358116290888,0.15770162713479105,-0.022116643034909463,-0.015356841265987882,0.026621994591366455,-0.048282656073570254,-0.15062295229860323,-0.029809358116290888,0.15770162713479105,-0.022116643034909463,-0.015356841265987882,0.026621994591366455,-0.048282656073570254,9.018951431492547e-05,0.2822991650448969,0,0,0,0,panda_link5,obstacle,panda_link5,panda_link7
82,0.3416666666666667,0,80,1.5874947894510118e-05,1,,,0.0014616296956935712,0,0.020111147689430828,0,0,0,1,0,0,1,0,0,0,1.0,0,0.30674147605895996,0.0001653107610763982,0.48521003127098083,0.30675587192943815,0.00017185023887533556,0.48521144835035257,-0.0010923479028436542,0.0014568233689102451,-0.0005629036425449526,-0.047387288128793316,-0.7942188993345908,0.04727613153585922,-2.363344474178689,-0.0028413434888621605,1.580235112196982,0.7684660406145936,0.01999855041892139,0.020001479636797034,-0.15063578668952468,-0.029699571992961173,0.15770162713479105,-0.022115108788797383,-0.01560196756728104,0.02603238088152779,-0.048205666861413705,3.190949626409763e-07,-3.434342062754066e-07,-0.1309419631958008,-0.08715268373489381,0.17653472423553468,0.08540343642234803,-0.0032657209783792497,0.05650172829627991,-0.048282656073570254,-0.1309419631958008,-0.08715268373489381,0.17653472423553468,0.08540343642234803,-0.0032657209783792497,0.05650172829627991,-0.048282656073570254,0.0019160561332673017,-0.0017424797205193323,0.0019622226904761893,-0.0017371116714992902,0.001283930490319909,-0.00263114517274889,0.0,-0.1525090453934655,-0.02815753986761671,0.15579535329495972,-0.02040236295499099,-0.016599671561768486,0.029167725646109623,-0.048282656073570254,-0.15059298926019818,-0.029900019588136043,0.1577575759854359,-0.02213947462649028,-0.015315741071448577,0.026536580473360733,-0.048282656073570254,-0.15059298926019818,-0.029900019588136043,0.1577575759854359,-0.02213947462649028,-0.015315741071448577,0.026536580473360733,-0.048282656073570254,9.016382538056469e-05,0.2822814225113088,0,0,0,0,panda_link5,obstacle,panda_link5,panda_link7
83,0.3458333333333333,0,80,1.5958573738847676e-05,1,,,0.001423195857397322,0,0.020110531118063317,0,0,0,1,0,0,1,0,0,0,1.0,0,0.3067368268966675,0.00017135227972175926,0.4852076470851898,0.3067512700152834,0.00017798763893336122,0.48520907691334647,-0.0011166051180319274,0.0014891743056941818,-0.0005754037578945859,-0.048014813383342396,-0.7943430250718773,0.04793345476913187,-2.363436715513586,-0.0029061813510016764,1.5803432235262962,0.7682651844245265,0.019998551756930643,0.020001478197190756,-0.15060606109177938,-0.029790176948757408,0.1577575759854359,-0.02213792037525547,-0.015561086913483835,0.025946719035395277,-0.04820548561608207,3.211222206808001e-07,-3.4550550653648926e-07,-0.1309419631958008,-0.08715268373489381,0.17653472423553468,0.08540343642234803,-0.0032657209783792497,0.05650172829627991,-0.048282656073570254,-0.1309419631958008,-0.08715268373489381,0.17653472423553468,0.08540343642234803,-0.0032657209783792497,0.05650172829627991,-0.048282656073570254,0.0019592790794130776,-0.0017845499300357776,0.0020054918183302147,-0.0017762077737770966,0.001312336199786608,-0.0026930153115078915,0.0,-0.15252188677730968,-0.028206878189823373,0.1558083838243493,-0.020386237397284183,-0.016586763590523704,0.029143504630375763,-0.048282656073570254,-0.15056260769789662,-0.02999142811985915,0.1578138756426795,-0.02216244517106128,-0.015274427390737096,0.02645048931886787,-0.048282656073570254,-0.15056260769789662,-0.02999142811985915,0.1578138756426795,-0.02216244517106128,-0.015274427390737096,0.02645048931886787,-0.048282656073570254,9.013817513114321e-05,0.28226364966541356,0,0,0,0,panda_link5,obstacle,panda_link5,panda_link7
84,0.35,0,80,1.605637084715641e-05,1,,,0.0013848005758678797,0,0.02010991275661371,0,0,0,1,0,0,1,0,0,0,1.0,0,0.30673205852508545,0.0001775294222170487,0.4852052330970764,0.3067465666029612,0.00018426040328514204,0.48520665317277656,-0.0011410666886195648,0.0015217977835985637,-0.0005880091807184922,-0.048642213036211523,-0.7944675314409073,0.0485910125843097,-2.363529052475244,-0.00297084799151661,1.5804509751023552,0.7680643289912821,0.01999855310210342,0.020001476750260604,-0.15057591668859033,-0.02988152856720558,0.1578138756426795,-0.02216087079790044,-0.01551999372358406,0.02586037825419099,-0.048205303978660186,3.228414671855098e-07,-3.472632361385501e-07,-0.1309419631958008,-0.08715268373489381,0.17653472423553468,0.08540343642234803,-0.0032657209783792497,0.05650172829627991,-0.048282656073570254,-0.1309419631958008,-0.08715268373489381,0.17653472423553468,0.08540343642234803,-0.0032657209783792497,0.05650172829627991,-0.048282656073570254,0.002002892963203507,-0.0018267471400654578,0.002049126005329251,-0.0018156621593436169,0.001340985336274904,-0.0027552620302967257,0.0,-0.1525347056282249,-0.028256292816008236,0.1558214128193751,-0.020370098119092062,-0.016573876958430905,0.029119270157025673,-0.048282656073570254,-0.15053181266502141,-0.030083039956073695,0.15787053882470434,-0.02218576027843568,-0.015232891622156002,0.026364008126728948,-0.048282656073570254,-0.15053181266502141,-0.030083039956073695,0.15787053882470434,-0.02218576027843568,-0.015232891622156002,0.026364008126728948,-0.048282656073570254,9.011256373891866e-05,0.28224584647016926,0,0,0,0,panda_link5,obstacle,panda_link5,panda_link7
85,0.3541666666666667,1,85,1.6116340451794844e-05,1,,,0.0013464436125674994,0,0.020109292616495557,0,0,0,1,0,0,1,0,0,0,1.0,0,0.30672723054885864,0.0001838433527154848,0.48520275950431824,0.30674176084517013,0.00019066966194443725,0.4852041766920155,-0.001165730609217348,0.0015546911281111133,-0.0006007188776088233,-0.04926948536290278,-0.7945924192909735,0.0492488064960793,-2.363621486498915,-0.0030353424803980884,1.5805583653127553,0.7678634743137888,0.019998554454476774,0.020001475295966444,-0.150545358405902,-0.029973084015886546,0.15787053882470434,-0.022184165681058243,-0.015478677331554752,0.025773650496043216,-0.04820512259840504,3.245696047968205e-07,-3.490305984150434e-07,-0.13309279680252076,-0.08800915479660035,0.17836731672286987,0.08625088334083558,-0.004729711636900902,0.05672997236251831,-0.04807889759540558,-0.13309279680252076,-0.08800915479660035,0.17836731672286987,0.08625088334083558,-0.004729711636900902,0.05672997236251831,-0.04807889759540558,0.002046904026976291,-0.0018697508573778893,0.00209310736251301,-0.0018555514671489313,0.001369866584753283,-0.002818479377495756,0.0,-0.1542399687715705,-0.02846109412690541,0.15817562950361533,-0.02044096028760379,-0.01769132488076189,0.02921632380442926,-0.04807889759540558,-0.1521930647445942,-0.0303308449842833,0.16026873686612833,-0.02229651175475272,-0.016321458296008604,0.026397844426933506,-0.04807889759540558,-0.1521930647445942,-0.0303308449842833,0.16026873686612833,-0.02229651175475272,-0.016321458296008604,0.026397844426933506,-0.04807889759540558,9.06696600756768e-05,0.28222801273426534,0,0,0,0,panda_link5,obstacle,panda_link5,panda_link7
86,0.35833333333333334,0,85,1.6216982971109178e-05,1,,,0.0013077429528489323,0,0.020108671881960215,0,0,0,1,0,0,1,0,0,0,1.0,0,0.3067222535610199,0.0001902923540910706,0.48520025610923767,0.30673685190295447,0.0001972165337952574,0.4852016470387365,-0.0011905948794937837,0.0015878516714648513,-0.0006135318177640542,-0.04990368122342155,-0.7947183395075377,0.04991659289968817,-2.3637143818566635,-0.003104373485477044,1.5806658958837128,0.7676634692947549,0.019998555985296027,0.020001473658523488,-0.1522070065245044,-0.030220851975420147,0.16026873686612833,-0.02229488585965625,-0.016567441218949354,0.025807337029806032,-0.04800120456813242,3.673966205586937e-07,-3.9298630926049363e-07,-0.13309279680252076,-0.08800915479660035,0.17836731672286987,0.08625088334083558,-0.004729711636900902,0.05672997236251831,-0.04807889759540558,-0.13309279680252076,-0.08800915479660035,0.17836731672286987,0.08625088334083558,-0.004729711636900902,0.05672997236251831,-0.04807889759540558,0.002091323018161326,-0.0019126298713205711,0.0021374697021125516,-0.0018956758822480215,0.0013990080426520594,-0.00288179087566684,0.0,-0.15425312789823128,-0.028511685595966646,0.15818882778711568,-0.020424461248852045,-0.017677997323777433,0.029191439869400336,-0.04807889759540558,-0.15216180488006995,-0.030424315467287216,0.16032629748922822,-0.022320137131100065,-0.016278989281125374,0.026309648993733496,-0.04807889759540558,-0.15216180488006995,-0.030424315467287216,0.16032629748922822,-0.022320137131100065,-0.016278989281125374,0.026309648993733496,-0.04807889759540558,9.064348151989588e-05,0.28221006630426343,0,0,0,0,panda_link5,obstacle,panda_link5,panda_link7
87,0.3625,0,85,1.630761128024163e-05,1,,,0.001269083160242837,0,0.020108049403832373,0,0,0,1,0,0,1,0,0,0,1.0,0,0.306717187166214,0.00019688057363964617,0.48519766330718994,0.30673183894568234,0.00020390212661997023,0.48519906378490224,-0.0012156575041751094,0.0016212767526381047,-0.0006264469729889868,-0.05053774716908792,-0.7948446488718373,0.05058461913922662,-2.363807375612608,-0.0031732285388599386,1.5807730575642083,0.7674634651275297,0.019998557335966585,0.02000147220606054,-0.15217582695992898,-0.030314247431906513,0.16032629748922822,-0.022318501426726256,-0.016525212811894657,0.025718803318925704,-0.04800100013403735,3.241609336755713e-07,-3.485911074410479e-07,-0.13309279680252076,-0.08800915479660035,0.17836731672286987,0.08625088334083558,-0.004729711636900902,0.05672997236251831,-0.04807889759540558,-0.13309279680252076,-0.08800915479660035,0.17836731672286987,0.08625088334083558,-0.004729711636900902,0.05672997236251831,-0.04807889759540558,0.00213612688495141,-0.0019561907452440947,0.0021821687422643996,-0.0019359602120086312,0.0014283746218380893,-0.0029457811043877443,0.0,-0.15426626348418582,-0.028562356049905323,0.15820202452537843,-0.02040794774954869,-0.017664691635961117,0.029166541894530378,-0.04807889759540558,-0.1521301365992344,-0.03051854679514942,0.16038419326764283,-0.02234390796155732,-0.01623631701412303,0.026220760790142635,-0.04807889759540558,-0.1521301365992344,-0.03051854679514942,0.16038419326764283,-0.02234390796155732,-0.01623631701412303,0.026220760790142635,-0.04807889759540558,9.061734317907017e-05,0.28219208884468866,0,0,0,0,panda_link5,obstacle,panda_link5,panda_link7
88,0.36666666666666664,0,85,1.6382456362466744e-05,1,,,0.001230464054465183,0,0.020107425194907345,0,0,0,1,0,0,1,0,0,0,1.0,0,0.3067120313644409,0.00020360892813187093,0.4851950407028198,0.30672672115102523,0.00021072753712740586,0.4851964265067541,-0.0012409164930452896,0.0016549637173544993,-0.0006394633176947465,-0.05117168216244849,-0.7949713506278864,0.051252886611175136,-2.363900468326572,-0.003241906716202361,1.580879847835268,0.7672634617258942,0.019998558694339006,0.020001470745731137,-0.1521443984065375,-0.030408421451795842,0.16038419326764283,-0.02234225135127621,-0.0164827625621814,0.025629665054306694,-0.04800081639252997,3.2600938143327596e-07,-3.5047905649985417e-07,-0.13309279680252076,-0.08800915479660035,0.17836731672286987,0.08625088334083558,-0.004729711636900902,0.05672997236251831,-0.04807889759540558,-0.13309279680252076,-0.08800915479660035,0.17836731672286987,0.08625088334083558,-0.004729711636900902,0.05672997236251831,-0.04807889759540558,0.0021813167412732246,-0.0020001582986488957,0.0022272147853115406,-0.001976727605303099,0.001457973784425262,-0.0030104592992888737,0.0,-0.15427937550208118,-0.02861310580254211,0.15821521969947833,-0.02039141971349966,-0.017651407916764894,0.02914162977091202,-0.04807889759540558,-0.15209805876080795,-0.030613264101191005,0.16044243448478987,-0.02236814731880276,-0.016193434132339632,0.026131170471623145,-0.04807889759540558,-0.15209805876080795,-0.030613264101191005,0.16044243448478987,-0.02236814731880276,-0.016193434132339632,0.026131170471623145,-0.04807889759540558,9.059124522216969e-05,0.282174080310847,0,0,0,0,panda_link5,obstacle,panda_link5,panda_link7
89,0.37083333333333335,0,85,1.644340744079087e-05,1,,,0.0011918852900596952,0,0.020106799268825408,0,0,0,1,0,0,1,0,0,0,1.0,0,0.3067067861557007,0.0002104784653056413,0.48519235849380493,0.30672149770493634,0.00021769385098096232,0.48519373478480143,-0.0012663698609460174,0.001688909918082966,-0.0006525798288987848,-0.05180548449526004,-0.7950984468028625,0.05192139675486176,-2.3639936619503135,-0.0033104071351203555,1.5809862637846186,0.7670634590887058,0.0199985600604233,0.02000146927752223,-0.1521125598747725,-0.0305030819942559,0.16044243448478987,-0.022366469697944452,-0.01644010054031868,0.025539827844187485,-0.0480006329252143,3.2786023091172997e-07,-3.5237013788682464e-07,-0.13309279680252076,-0.08800915479660035,0.17836731672286987,0.08625088334083558,-0.004729711636900902,0.05672997236251831,-0.04807889759540558,-0.13309279680252076,-0.08800915479660035,0.17836731672286987,0.08625088334083558,-0.004729711636900902,0.05672997236251831,-0.04807889759540558,0.002226888890305648,-0.0020446738169449343,0.002272597952666111,-0.0020178191041149486,0.0014877988638306203,-0.003075826094512876,0.0,-0.1542924638139246,-0.028663935218804133,0.1582284134397683,-0.020374877082783772,-0.017638146194567366,0.02911670341203936,-0.04807889759540558,-0.15206557492361897,-0.030708609035749068,0.1605010113924344,-0.022392696186898722,-0.016150347330736746,0.026040877317526485,-0.04807889759540558,-0.15206557492361897,-0.030708609035749068,0.1605010113924344,-0.022392696186898722,-0.016150347330736746,0.026040877317526485,-0.04807889759540558,9.056518781238087e-05,0.28215604047708864,0,0,0,0,panda_link5,obstacle,panda_link5,panda_link7
90,0.375,1,90,1.654298232822858e-05,1,,,0.0011533466009231164,0,0.02010617163931236,0,0,0,1,0,0,1,0,0,0,1.0,0,0.3067013919353485,0.00021749030565842986,0.48518961668014526,0.30671616780163014,0.0002248021428267104,0.48519098820381046,-0.0012920156277767133,0.0017231127140377347,-0.000665795486224877,-0.05243915247444135,-0.7952259400112113,0.0525901509689969,-2.3640869577729853,-0.003378728947700555,1.5810923024812096,0.7668634572169049,0.019998561433302968,0.020001467802366158,-0.15208031500351454,-0.030598370003712502,0.1605010113924344,-0.022390997441245147,-0.01639723501924789,0.025449287181811747,-0.04800044923223029,3.29491119811353e-07,-3.540374569478526e-07,-0.13527556657791137,-0.08887790441513062,0.18022402524948122,0.08711116909980775,-0.00621493011713028,0.05696133375167847,-0.04786752462387085,-0.13527556657791137,-0.08887790441513062,0.18022402524948122,0.08711116909980775,-0.00621493011713028,0.05696133375167847,-0.04786752462387085,0.0022728293159203225,-0.0020892013727892614,0.0023183229360113776,-0.0020590011582697536,0.0015178523747052823,-0.003141291540575955,0.0,-0.15602278539603764,-0.028874661882111935,0.16061632733780423,-0.020445408539300478,-0.018770055873752935,0.0292127602940054,-0.04786752462387085,-0.15374995608011732,-0.030963863254901195,0.16293465027381562,-0.02250440969757023,-0.017252203499047655,0.026071468753429444,-0.04786752462387085,-0.15374995608011732,-0.030963863254901195,0.16293465027381562,-0.02250440969757023,-0.017252203499047655,0.026071468753429444,-0.04786752462387085,9.113668616766102e-05,0.28213796920969125,0,0,0,0,panda_link5,obstacle,panda_link5,panda_link7
91,0.37916666666666665,0,90,1.6599365947079244e-05,1,,,0.0011145502150515449,0,0.020105543574557537,0,0,0,1,0,0,1,0,0,0,1.0,0,0.30669593811035156,0.00022464261564891785,0.4851868450641632,0.3067107306435608,0.00023205347632150028,0.48518818635279365,-0.0013178518184945266,0.0017575694711783392,-0.0006791092719031243,-0.05307984036339472,-0.7953544966033591,0.053269045345137794,-2.364180718933255,-0.0034516426994688014,1.5811984679122728,0.766664336754071,0.01999856297771617,0.02000146615111922,-0.1537650933488096,-0.030853582115473628,0.16293465027381562,-0.02250267846467971,-0.017499300424379208,0.025479703455163982,-0.04778891108012099,3.706591686454194e-07,-3.962992650191795e-07,-0.13527556657791137,-0.08887790441513062,0.18022402524948122,0.08711116909980775,-0.00621493011713028,0.05696133375167847,-0.04786752462387085,-0.13527556657791137,-0.08887790441513062,0.18022402524948122,0.08711116909980775,-0.00621493011713028,0.05696133375167847,-0.04786752462387085,0.0023191834419738,-0.0021344254378853583,0.0023643999999091296,-0.0021007785297650883,0.0015481497026380048,-0.0032077593436805395,0.0,-0.15603622025607625,-0.02892670522339396,0.16062969324168086,-0.020428498236936522,-0.01875634212114964,0.02918716341030263,-0.04786752462387085,-0.15371703681410245,-0.03106113066127932,0.16299409324158998,-0.02252927676670161,-0.017208192418511636,0.02597940406662209,-0.04786752462387085,-0.15371703681410245,-0.03106113066127932,0.16299409324158998,-0.02252927676670161,-0.017208192418511636,0.02597940406662209,-0.04786752462387085,9.111005659294362e-05,0.282119783074322,0,0,0,0,panda_link5,obstacle,panda_link5,panda_link7
92,0.3833333333333333,0,90,1.669509556216806e-05,1,,,0.0010760026463475028,0,0.020104913842796855,0,0,0,1,0,0,1,0,0,0,1.0,0,0.3066903352737427,0.00023193955712486058,0.485183984041214,0.3067051854414014,0.00023944890416106578,0.4851853288249986,-0.0013438764631143352,0.0017922775622096156,-0.0006925201707699525,-0.05372039143653636,-0.7954834581823256,0.053948187400311085,-2.364274583662848,-0.003524374035417669,1.5813042484401751,0.7664652171374576,0.01999856434948272,0.020001464677200462,-0.15373225755399353,-0.030950778951954326,0.16299409324158998,-0.022527535102298157,-0.017455520627728184,0.02538732669654245,-0.04778870798720331,3.2922397201571446e-07,-3.5374050226565437e-07,-0.13527556657791137,-0.08887790441513062,0.18022402524948122,0.08711116909980775,-0.00621493011713028,0.05696133375167847,-0.04786752462387085,-0.13527556657791137,-0.08887790441513062,0.18022402524948122,0.08711116909980775,-0.00621493011713028,0.05696133375167847,-0.04786752462387085,0.0023658985325106714,-0.002179805283204448,0.0024108041999770322,-0.0021424887068849283,0.0015786659830187406,-0.0032743296693457276,0.0,-0.15604963038806213,-0.02897883101415725,0.16064305761197845,-0.020411572579614925,-0.018742650956912923,0.0291615517047612,-0.04786752462387085,-0.15368373185555145,-0.031158636297361698,0.16305386181195547,-0.022554061286499852,-0.017163984973894184,0.025887222035415474,-0.04786752462387085,-0.15368373185555145,-0.031158636297361698,0.16305386181195547,-0.022554061286499852,-0.017163984973894184,0.025887222035415474,-0.04786752462387085,9.10834690970011e-05,0.2821015650032905,0,0,0,0,panda_link5,obstacle,panda_link5,panda_link7
93,0.3875,0,90,1.6771572023430053e-05,1,,,0.0010377062898119238,0,0.02010428245354861,0,0,0,1,0,0,1,0,0,0,1.0,0,0.3066846430301666,0.0002393819740973413,0.4851810932159424,0.3066995314140226,0.00024698946810813036,0.48518241521789757,-0.0013700875967087443,0.0018272343665817013,-0.0007060271702681123,-0.05436080474688171,-0.7956128257946193,0.054627578491194234,-2.3643685515703448,-0.003596922104753505,1.5814096438353051,0.7662660982955481,0.019998565728802133,0.020001463195571004,-0.15369919448288344,-0.03104822695050858,0.16305386181195547,-0.022552297799238202,-0.01741153664060064,0.025294894831205922,-0.04778852205828782,3.3103665932890033e-07,-3.555910695830951e-07,-0.13527556657791137,-0.08887790441513062,0.18022402524948122,0.08711116909980775,-0.00621493011713028,0.05696133375167847,-0.04786752462387085,-0.13527556657791137,-0.08887790441513062,0.18022402524948122,0.08711116909980775,-0.00621493011713028,0.05696133375167847,-0.04786752462387085,0.00241298732799552,-0.0022256038565026375,0.0024575382844984144,-0.002184689822169693,0.0016094044689262757,-0.0033416047754818512,0.0,-0.15606301577709603,-0.0290310394547651,0.16065642041186556,-0.020394631463835404,-0.01872898243768468,0.029135925026044753,-0.04786752462387085,-0.1536500284491005,-0.031256643311267734,0.16311395869636397,-0.022579321286005097,-0.017119577968758404,0.025794320250562903,-0.04786752462387085,-0.1536500284491005,-0.031256643311267734,0.16311395869636397,-0.022579321286005097,-0.017119577968758404,0.025794320250562903,-0.04786752462387085,9.105692375380971e-05,0.28208331501526046,0,0,0,0,panda_link5,obstacle,panda_link5,panda_link7
94,0.39166666666666666,0,90,1.6832929276961155e-05,1,,,0.0009996618332916915,0,0.020103649420837887,0,0,0,1,0,0,1,0,0,0,1.0,0,0.3066788613796234,0.000246970885200426,0.4851781129837036,0.30669376778847196,0.0002546761990205125,0.4851794451331761,-0.0013964832594080873,0.001862437270490035,-0.0007196292604466795,-0.055001078632364926,-0.795742601531679,0.05530721998576242,-2.3644626246364706,-0.00366928607091981,1.5815146511124571,0.7660669802271103,0.019998567115719703,0.020001461706181754,-0.15366573251597218,-0.03114617689431049,0.16311395869636397,-0.02257753587022665,-0.01736735187991318,0.025201746516495344,-0.04778833642509661,3.328602166453344e-07,-3.574534199481637e-07,-0.13527556657791137,-0.08887790441513062,0.18022402524948122,0.08711116909980775,-0.00621493011713028,0.05696133375167847,-0.04786752462387085,-0.13527556657791137,-0.08887790441513062,0.18022402524948122,0.08711116909980775,-0.00621493011713028,0.05696133375167847,-0.04786752462387085,0.0024604444601715363,-0.0022721009182731433,0.002504584716797001,-0.0022270620276618296,0.00164035309253039,-0.003409582032046034,0.0,-0.15607637627575224,-0.029083330909544902,0.16066978176918004,-0.020377674832477304,-0.0187153365884623,0.02911028328741772,-0.04786752462387085,-0.1536159318155807,-0.031355431827818046,0.16317436648597705,-0.022604736860139134,-0.01707498349593191,0.025700701255371685,-0.04786752462387085,-0.1536159318155807,-0.031355431827818046,0.16317436648597705,-0.022604736860139134,-0.01707498349593191,0.025700701255371685,-0.04786752462387085,9.103042074196458e-05,0.28206503288152807,0,0,0,0,panda_link5,obstacle,panda_link5,panda_link7
95,0.3958333333333333,1,95,1.6900198720896483e-05,1,,,0.0009618701297080395,0,0.02010301475876467,0,0,0,1,0,0,1,0,0,0,1.0,0,0.30667296051979065,0.0002547072945162654,0.48517510294914246,0.3066878937999524,0.00026251011687923083,0.48517641817672263,-0.0014230614964004266,0.0018978836668753602,-0.000733325433961055,-0.0556412114531862,-0.7958727886481306,0.05598711317945399,-2.364556803508954,-0.003741465156706748,1.5816192672755816,0.765867862933773,0.019998568509030677,0.020001460210258656,-0.15363187699710593,-0.031244907948398286,0.16317436648597705,-0.022602929395956567,-0.017322980588865125,0.02510787914988266,-0.04778815040096822,3.343946333280237e-07,-3.590215430183605e-07,-0.13846890926361086,-0.09028316736221315,0.18295011520385743,0.08845208287239076,-0.008472081273794174,0.05754983425140381,-0.04748827815055848,-0.13846890926361086,-0.09028316736221315,0.18295011520385743,0.08845208287239076,-0.008472081273794174,0.05754983425140381,-0.04748827815055848,0.0025082645616818777,-0.00231875175192324,0.0025519587265240315,-0.0022698105646732944,0.0016715222877773778,-0.003477973459349689,0.0,-0.15858460938038785,-0.02948406643750351,0.16418861177164387,-0.020585497335716147,-0.020446489978212662,0.02939998441452863,-0.04748827815055848,-0.15607634481870597,-0.03180281818942675,0.1667405704981679,-0.022855307900389442,-0.018774967690435285,0.02592201095517894,-0.04748827815055848,-0.15607634481870597,-0.03180281818942675,0.1667405704981679,-0.022855307900389442,-0.018774967690435285,0.02592201095517894,-0.04748827815055848,9.20156310530177e-05,0.2820467185580255,0,0,0,0,panda_link5,obstacle,panda_link5,panda_link7
96,0.4,0,95,1.6976975723980302e-05,1,,,0.0009237293387878778,0,0.02010238010729678,0,0,0,1,0,0,1,0,0,0,1.0,0,0.30666694045066833,0.0002625879424158484,0.4851720333099365,0.30668190869180145,0.00027049223081661023,0.4851733339586174,-0.0014498203579315526,0.0019335709554237205,-0.0007471146860729645,-0.05629159795248299,-0.7960048397695173,0.05668186555652969,-2.3646520262655897,-0.00382072826807923,1.5817248052031498,0.7656703264649549,0.0199985701635896,0.020001458446230375,-0.15609275983122928,-0.03169226913279594,0.1667405704981679,-0.02285346159253021,-0.019023146729395632,0.025329102616368532,-0.04740875251633195,3.970941415995348e-07,-4.2336678723583e-07,-0.13846890926361086,-0.09028316736221315,0.18295011520385743,0.08845208287239076,-0.008472081273794174,0.05754983425140381,-0.04748827815055848,-0.13846890926361086,-0.09028316736221315,0.18295011520385743,0.08845208287239076,-0.008472081273794174,0.05754983425140381,-0.04748827815055848,0.002556490574538945,-0.0023657207083717874,0.0025996800164995977,-0.0023127585027208904,0.0017029367062409008,-0.003546792026952671,0.0,-0.15859849956873745,-0.02953807820364321,0.16420224299173805,-0.020568018756334988,-0.02043211088756554,0.029373347653268288,-0.04748827815055848,-0.1560420089941985,-0.031903798912014995,0.16680192300823765,-0.02288077725905588,-0.018729174181324637,0.02582655562631562,-0.04748827815055848,-0.1560420089941985,-0.031903798912014995,0.16680192300823765,-0.02288077725905588,-0.018729174181324637,0.02582655562631562,-0.04748827815055848,9.198833267210928e-05,0.28202817620603676,0,0,0,0,panda_link5,obstacle,panda_link5,panda_link7
97,0.4041666666666667,0,95,1.7060390923082472e-05,1,,,0.0008858540095636747,0,0.020101743863358564,0,0,0,1,0,0,1,0,0,0,1.0,0,0.30666080117225647,0.0002706184459384531,0.4851689040660858,0.3066758117154701,0.0002786235391443863,0.4851701920931215,-0.001476757899304982,0.0019694965425664603,-0.0007609960146504582,-0.056941841455360916,-0.7961373112788275,0.05737687356906401,-2.3647473551191784,-0.0038998016585323793,1.581829943743935,0.765472790919853,0.019998571548063313,0.020001456959507696,-0.15605844069070218,-0.031793162234436324,0.16680192300823765,-0.0228789248612844,-0.018977613708755812,0.02523324978840888,-0.047408530824457444,3.322736913447845e-07,-3.5681344276146734e-07,-0.13846890926361086,-0.09028316736221315,0.18295011520385743,0.08845208287239076,-0.008472081273794174,0.05754983425140381,-0.04748827815055848,-0.13846890926361086,-0.09028316736221315,0.18295011520385743,0.08845208287239076,-0.008472081273794174,0.05754983425140381,-0.04748827815055848,0.0026050720000397195,-0.002412986938743887,0.0026477134123351048,-0.0023559243391318607,0.0017345618496918242,-0.00361602806471919,0.0,-0.15861236349428517,-0.029592176739190842,0.16421587247910263,-0.0205505235296174,-0.02041775528727091,0.029346695024459385,-0.04748827815055848,-0.15600729149424544,-0.032005163677934725,0.16686358589143774,-0.02290644786874926,-0.018683193437579088,0.025730666959740196,-0.04748827815055848,-0.15600729149424544,-0.032005163677934725,0.16686358589143774,-0.02290644786874926,-0.018683193437579088,0.025730666959740196,-0.04748827815055848,9.196107878981051e-05,0.2820096011166145,0,0,0,0,panda_link5,obstacle,panda_link5,panda_link7
98,0.4083333333333333,0,95,1.712367999957027e-05,1,,,0.0008482450794629268,0,0.02010110603810565,0,0,0,1,0,0,1,0,0,0,1.0,0,0.30665457248687744,0.00027879950357601047,0.48516571521759033,0.30666960213050165,0.0002869050293818115,0.4851669921986663,-0.0015038721808819625,0.002005657841480229,-0.000774968420167912,-0.057591941325713894,-0.7962702048996726,0.058072138510278336,-2.3648427908381064,-0.0039786844009566886,1.5819346817084967,0.7652752561622527,0.01999857294146858,0.020001455463689675,-0.1560239688847151,-0.031894469002839425,0.16686358589143774,-0.022904572542682633,-0.018931858181834127,0.02513711149484288,-0.04740834182406448,3.344172636349403e-07,-3.58996325032241e-07,-0.13846890926361086,-0.09028316736221315,0.18295011520385743,0.08845208287239076,-0.008472081273794174,0.05754983425140381,-0.04748827815055848,-0.13846890926361086,-0.09028316736221315,0.18295011520385743,0.08845208287239076,-0.008472081273794174,0.05754983425140381,-0.04748827815055848,0.0026540139304135754,-0.0024608217325152656,0.002696052384483655,-0.0023994269179213575,0.0017663939249619408,-0.003685981190491664,0.0,-0.1586262010757671,-0.029646362317992822,0.16422950026911437,-0.02053301156616402,-0.02040342322224254,0.02932002639621851,-0.04748827815055848,-0.15597218714535355,-0.03210718405050809,0.166925552653598,-0.022932438484085375,-0.0186370292972806,0.025634045205726843,-0.04748827815055848,-0.15597218714535355,-0.03210718405050809,0.166925552653598,-0.022932438484085375,-0.0186370292972806,0.025634045205726843,-0.04748827815055848,9.193386952851084e-05,0.2819909931749972,0,0,0,0,panda_link5,obstacle,panda_link5,panda_link7
99,0.4125,0,95,1.719240795973209e-05,1,,,0.0008109033787926656,0,0.02010046664603432,0,0,0,1,0,0,1,0,0,0,1.0,0,0.30664822459220886,0.0002871320757549256,0.4851624667644501,0.3066632792045107,0.0002953376782837606,0.48516373389784245,-0.0015311612680814685,0.0020420522720869766,-0.0007890309057060266,-0.05824189594997998,-0.7964035233641613,0.05876766164633499,-2.364938334755244,-0.0040573757305093295,1.5820390160456663,0.7650777221923131,0.01999857434310604,0.020001453959484532,-0.1559891098238607,-0.031996431477297256,0.166925552653598,-0.022930540113053954,-0.01888591909263377,0.025040240920695622,-0.04740815278549776,3.3639299085869157e-07,-3.6100923412642205e-07,-0.13846890926361086,-0.09028316736221315,0.18295011520385743,0.08845208287239076,-0.008472081273794174,0.05754983425140381,-0.04748827815055848,-0.13846890926361086,-0.09028316736221315,0.18295011520385743,0.08845208287239076,-0.008472081273794174,0.05754983425140381,-0.04748827815055848,0.00270330772622293,-0.00250895765021938,0.0027446982035854474,-0.002443150000486017,0.001798433490994004,-0.0037563573262750886,0.0,-0.158640012208535,-0.029700635283512286,0.16424312641316105,-0.020515482802611576,-0.020389114748174418,0.029293341672300174,-0.04748827815055848,-0.15593670448231206,-0.032209592933731664,0.1669878246167465,-0.02295863280309759,-0.018590681257180414,0.025536984346025086,-0.04748827815055848,-0.15593670448231206,-0.032209592933731664,0.1669878246167465,-0.02295863280309759,-0.018590681257180414,0.025536984346025086,-0.04748827815055848,9.190670509662335e-05,0.2819723522431931,0,0,0,0,panda_link5,obstacle,panda_link5,panda_link7
100,0.4166666666666667,1,100,1.7265855729405364e-05,1,,,0.0007738298459258539,0,0.02009982569969271,0,0,0,1,0,0,1,0,0,0,1.0,0,0.30664175748825073,0.00029561715200543404,0.48515915870666504,0.3066568422131622,0.0003039224518688355,0.48516041681738875,-0.0015586232313802028,0.002078677261053956,-0.0008031824769518277,-0.05889170375009376,-0.796537268291398,0.05946344424890477,-2.3650339877188764,-0.004135874880471938,1.5821429449286546,0.7648801890102666,0.019998575752297625,0.020001452447579445,-0.15595387202730718,-0.032098782536809145,0.1669878246167465,-0.022956711271772512,-0.018839795991026094,0.024942931917187106,-0.04740796369115657,3.3820598015210646e-07,-3.628572209347057e-07,-0.14181866645812988,-0.09170405864715576,0.1858469843864441,0.08984218835830689,-0.010871978104114534,0.05809091925621033,-0.047110852599143986,-0.14181866645812988,-0.09170405864715576,0.1858469843864441,0.08984218835830689,-0.010871978104114534,0.05809091925621033,-0.047110852599143986,0.002752950663420007,-0.0025573964810521677,0.0027936473683642165,-0.002487094856173946,0.001830678354953162,-0.0038271590884583592,0.0,-0.161278681349731,-0.03008471269154865,0.1679648098941455,-0.020697025876694725,-0.02224110293376296,0.02954423625375228,-0.047110852599143986,-0.15852573068631098,-0.03264210917260082,0.1707584572625097,-0.02318412073286867,-0.0204104245788098,0.025717077165293922,-0.047110852599143986,-0.15852573068631098,-0.03264210917260082,0.1707584572625097,-0.02318412073286867,-0.0204104245788098,0.025717077165293922,-0.047110852599143986,9.292128177365289e-05,0.2819536782141412,0,0,0,0,panda_link5,obstacle,panda_link5,panda_link7
101,0.42083333333333334,0,100,1.731740544531408e-05,1,,,0.0007364457423995469,0,0.020099185090604405,0,0,0,1,0,0,1,0,0,0,1.0,0,0.30663520097732544,0.0003042512107640505,0.4851558208465576,0.30665029044014996,0.00031266030544747117,0.4851570405881819,-0.0015862561463125958,0.00211553024179372,-0.0008174221421986653,-0.05955230117540809,-0.7966728151948387,0.06017493782083189,-2.3651305800433073,-0.004221957219469678,1.582247623469436,0.7646842291265399,0.019998577411206954,0.020001450679267268,-0.15854338207544028,-0.032531256825744516,0.1707584572625097,-0.023182157863404468,-0.02065976135945759,0.025122849787568596,-0.04703037209439121,3.9813823926723377e-07,-4.243949228771235e-07,-0.14181866645812988,-0.09170405864715576,0.1858469843864441,0.08984218835830689,-0.010871978104114534,0.05809091925621033,-0.047110852599143986,-0.14181866645812988,-0.09170405864715576,0.1858469843864441,0.08984218835830689,-0.010871978104114534,0.05809091925621033,-0.047110852599143986,0.0028030004416161438,-0.0026062969953216473,0.0028429319791379148,-0.00253152062855851,0.0018631646057781276,-0.0038987032332315607,0.0,-0.16129306093297038,-0.030140827362009646,0.16797870792304934,-0.020678950721308494,-0.022226009041467848,0.029516482143281206,-0.047110852599143986,-0.15849006049135425,-0.03274712435733129,0.17082163990218724,-0.023210471349867003,-0.020362844435689722,0.025617778910049648,-0.047110852599143986,-0.15849006049135425,-0.03274712435733129,0.17082163990218724,-0.023210471349867003,-0.020362844435689722,0.025617778910049648,-0.047110852599143986,9.289328139301541e-05,0.281934791685124,0,0,0,0,panda_link5,obstacle,panda_link5,panda_link7
102,0.425,0,100,1.7400349751193477e-05,1,,,0.0006993434695145781,0,0.020098542969006546,0,0,0,1,0,0,1,0,0,0,1.0,0,0.3066284954547882,0.0003130400145892054,0.48515239357948303,0.30664362317717614,0.00032155218365004115,0.48515360484522485,-0.0016140580934708066,0.0021526086544641256,-0.0008317489123462153,-0.06021275001840297,-0.7968087993620143,0.06088669465375767,-2.3652272821374773,-0.004307842243579232,1.5823518869763817,0.764488270132226,0.019998578814556713,0.020001449173545228,-0.1585077223187701,-0.03263620012216118,0.17082163990218724,-0.02320850260080179,-0.02061240578629308,0.025023241666987883,-0.04703015863534449,3.3680394255497514e-07,-3.613732898542603e-07,-0.14181866645812988,-0.09170405864715576,0.1858469843864441,0.08984218835830689,-0.010871978104114534,0.05809091925621033,-0.047110852599143986,-0.14181866645812988,-0.09170405864715576,0.1858469843864441,0.08984218835830689,-0.010871978104114534,0.05809091925621033,-0.047110852599143986,0.00285338550991399,-0.002655374018662605,0.002892508781545821,-0.002575891753496529,0.001895848740813957,-0.003970378744732475,0.0,-0.16130741251386096,-0.03019703339901504,0.16799260401647495,-0.020660857542256873,-0.02221093959040872,0.029488711092408814,-0.047110852599143986,-0.15845402700394698,-0.03285240741767765,0.17088511279802077,-0.023236749295753402,-0.020315090849594764,0.02551833234767634,-0.047110852599143986,-0.15845402700394698,-0.03285240741767765,0.17088511279802077,-0.023236749295753402,-0.020315090849594764,0.02551833234767634,-0.047110852599143986,9.286532824348263e-05,0.2819158714558033,0,0,0,0,panda_link5,obstacle,panda_link5,panda_link7
103,0.42916666666666664,0,100,1.7460153428189914e-05,1,,,0.0006625242168841541,0,0.02009789934509954,0,0,0,1,0,0,1,0,0,0,1.0,0,0.3066217005252838,0.00032198417466133833,0.48514890670776367,0.3066368397239298,0.00033059902045496243,0.48515010922763685,-0.0016420271585047236,0.002189909945968333,-0.0008461618009004782,-0.06087304976256252,-0.7969452219633373,0.06159871595708276,-2.3653240936226436,-0.004393529244739411,1.582455735072906,0.7642923119399406,0.019998580227122854,0.020001447658448055,-0.15847193859829117,-0.032741424317515824,0.17088511279802077,-0.023234756439905607,-0.020564880278442946,0.024923543165809803,-0.04702996614848867,3.3901587364552205e-07,-3.636233215239225e-07,-0.14181866645812988,-0.09170405864715576,0.1858469843864441,0.08984218835830689,-0.010871978104114534,0.05809091925621033,-0.047110852599143986,-0.14181866645812988,-0.09170405864715576,0.1858469843864441,0.08984218835830689,-0.010871978104114534,0.05809091925621033,-0.047110852599143986,0.0029041196733533706,-0.002705029367541241,0.0029423741410042935,-0.002620604925648589,0.0019287297185927206,-0.004042784738490728,0.0,-0.16132173606541514,-0.030253330997774452,0.16800649812108145,-0.02064274623552999,-0.022195894637484042,0.029460922944430853,-0.047110852599143986,-0.15841761639206176,-0.03295836036531569,0.17094887226208574,-0.02326335116117858,-0.02026716491889132,0.025418138205940126,-0.047110852599143986,-0.15841761639206176,-0.03295836036531569,0.17094887226208574,-0.02326335116117858,-0.02026716491889132,0.025418138205940126,-0.047110852599143986,9.283742243816063e-05,0.2818969175462067,0,0,0,0,panda_link5,obstacle,panda_link5,panda_link7
104,0.43333333333333335,0,100,1.752211964885404e-05,1,,,0.0006259888790430546,0,0.020097254233791703,0,0,0,1,0,0,1,0,0,0,1.0,0,0.30661478638648987,0.0003310846514068544,0.48514536023139954,0.3066299393880658,0.00033980173921680147,0.48514655337864176,-0.0016701614321219613,0.0022274315699548014,-0.0008606598239737795,-0.061533198834571874,-0.7970820857913686,0.06231100292484145,-2.3654210158479874,-0.004479017502007486,1.5825591646526056,0.7640963545491481,0.019998581648458996,0.02000144613442524,-0.15843577728224562,-0.032847318727530196,0.17094887226208574,-0.023261334082452872,-0.02051718174433798,0.024823099127869452,-0.047029773790194594,3.411206745008305e-07,-3.657654750795908e-07,-0.14181866645812988,-0.09170405864715576,0.1858469843864441,0.08984218835830689,-0.010871978104114534,0.05809091925621033,-0.047110852599143986,-0.14181866645812988,-0.09170405864715576,0.1858469843864441,0.08984218835830689,-0.010871978104114534,0.05809091925621033,-0.047110852599143986,0.0029551936870939426,-0.002754995224762126,0.0029925293383803292,-0.002665543751399076,0.0019618080754679307,-0.004115626686189511,0.0,-0.16133603147297396,-0.030309720502084046,0.1680203902840428,-0.020624616737286734,-0.022180874234505946,0.02943311760030756,-0.047110852599143986,-0.15838083778588002,-0.033064715726846175,0.17101291962242313,-0.02329016048868581,-0.020219066159038016,0.025317490914118047,-0.047110852599143986,-0.15838083778588002,-0.033064715726846175,0.17101291962242313,-0.02329016048868581,-0.020219066159038016,0.025317490914118047,-0.047110852599143986,9.280956420506468e-05,0.2818779298170644,0,0,0,0,panda_link5,obstacle,panda_link5,panda_link7
105,0.4375,1,105,1.758563027715612e-05,1,,,0.0005897384576739051,0,0.020096607648003667,0,0,0,1,0,0,1,0,0,0,1.0,0,0.30660775303840637,0.00034034231794066727,0.4851417541503906,0.30662292148518405,0.0003491612526943791,0.4851429369455577,-0.0016984590100878627,0.0022651709868172928,-0.0008752420002847689,-0.06219319569923725,-0.7972193925231625,0.06302355675660155,-2.3655180496774397,-0.004564306294735395,1.5826621738303366,0.7639003979600635,0.01999858307783018,0.02000144460222115,-0.15839924751969012,-0.032953615630532326,0.17101291962242313,-0.023288119068519825,-0.020469310254697996,0.024722202655451914,-0.04702958138032995,3.4304908408649276e-07,-3.6772898182740876e-07,-0.1452580690383911,-0.09315692186355591,0.18882274627685547,0.0912683665752411,-0.013340161740779878,0.05863865613937378,-0.04672053158283234,-0.1452580690383911,-0.09315692186355591,0.18882274627685547,0.0912683665752411,-0.013340161740779878,0.05863865613937378,-0.04672053158283234,0.0030066052132231612,-0.0028052731410387753,0.0030429712580801,-0.0027107092654466074,0.001995081878440482,-0.004188906864316281,0.0,-0.16404617597415455,-0.03070451069882547,0.17184456460242686,-0.020805484756272877,-0.024084622852832725,0.029681819705021137,-0.04672053158283234,-0.1610395707609314,-0.03350978383986425,0.17488753586050695,-0.023516194021719485,-0.022089540974392242,0.025492912840704856,-0.04672053158283234,-0.1610395707609314,-0.03350978383986425,0.17488753586050695,-0.023516194021719485,-0.022089540974392242,0.025492912840704856,-0.04672053158283234,9.386451284578921e-05,0.2818589081602841,0,0,0,0,panda_link5,obstacle,panda_link5,panda_link7
106,0.44166666666666665,0,105,1.765043505630327e-05,1,,,0.0005532128346320414,0,0.020095961634670048,0,0,0,1,0,0,1,0,0,0,1.0,0,0.3066006004810333,0.00034975347807630897,0.4851381182670593,0.3066157853388081,0.0003586784630788765,0.48513925957978593,-0.0017269179932255004,0.002303125663694873,-0.0008899073511584223,-0.06286427265800118,-0.7973585534902123,0.063752254822687,-2.3656160251330425,-0.004657389754724026,1.5827659129947116,0.7637060684424859,0.019998584747474245,0.020001442823223928,-0.16105847010334284,-0.033398632091953394,0.17488753586050695,-0.02351410934470302,-0.022340030397271594,0.024897399450009405,-0.046639084218617864,4.0071457528675566e-07,-4.269593336168713e-07,-0.1452580690383911,-0.09315692186355591,0.18882274627685547,0.0912683665752411,-0.013340161740779878,0.05863865613937378,-0.04672053158283234,-0.1452580690383911,-0.09315692186355591,0.18882274627685547,0.0912683665752411,-0.013340161740779878,0.05863865613937378,-0.04672053158283234,0.0030584098976454313,-0.0028557552002676854,0.003093738964270253,-0.002756240526486183,0.002028593117920032,-0.004262646510107563,0.0,-0.16406106254791747,-0.030762830005940465,0.17185873508399208,-0.02078679244349013,-0.02406878017268875,0.029652888891381,-0.04672053158283234,-0.16100265265027203,-0.03361858520620815,0.17495247404826234,-0.023543032969976313,-0.02204018705476872,0.025390242381273437,-0.04672053158283234,-0.16100265265027203,-0.03361858520620815,0.17495247404826234,-0.023543032969976313,-0.02204018705476872,0.025390242381273437,-0.04672053158283234,9.383580721621748e-05,0.2818396707647928,0,0,0,0,panda_link5,obstacle,panda_link5,panda_link7
107,0.4458333333333333,0,105,1.771735912133217e-05,1,,,0.0005169867401356651,0,0.02009531418825361,0,0,0,1,0,0,1,0,0,0,1.0,0,0.3065933287143707,0.0003593240398913622,0.48513439297676086,0.3066085302803643,0.00036835426202194,0.48513552093680024,-0.0017555364874156745,0.002341293074471909,-0.0009046549005260401,-0.0635351958438587,-0.7974981675322672,0.06448122346455476,-2.3657141123910965,-0.004750268430616315,1.582869223277201,0.7635117397997699,0.019998586172946364,0.020001441295242884,-0.1610215646058027,-0.033507370093180944,0.17495247404826234,-0.023540941933003157,-0.022290882214149526,0.024794467797492142,-0.04663887425181843,3.4211330859424197e-07,-3.667154502076664e-07,-0.1452580690383911,-0.09315692186355591,0.18882274627685547,0.0912683665752411,-0.013340161740779878,0.05863865613937378,-0.04672053158283234,-0.1452580690383911,-0.09315692186355591,0.18882274627685547,0.0912683665752411,-0.013340161740779878,0.05863865613937378,-0.04672053158283234,0.0031105443839282492,-0.0029066917762512173,0.0031447767255235962,-0.002801839081870765,0.00206228918132949,-0.004336826270832469,0.0,-0.16407591933018437,-0.03082124532559633,0.1718729032673966,-0.020768080612268477,-0.02405296292438671,0.029623939962520243,-0.04672053158283234,-0.16096537494625612,-0.03372793710184755,0.1750176799929202,-0.02356991969413924,-0.02199067374305722,0.025287113691687773,-0.04672053158283234,-0.16096537494625612,-0.03372793710184755,0.1750176799929202,-0.02356991969413924,-0.02199067374305722,0.025287113691687773,-0.04672053158283234,9.380715174588066e-05,0.2818203988537259,0,0,0,0,panda_link5,obstacle,panda_link5,panda_link7
108,0.45,0,105,1.7784023517624854e-05,1,,,0.00048106132714907657,0,0.02009466532174444,0,0,0,1,0,0,1,0,0,0,1.0,0,0.3065859377384186,0.0003690544981509447,0.4851306080818176,0.30660115564916046,0.0003781895306637873,0.4851317206761358,-0.0017843126035969126,0.0023796706997780692,-0.0009194836749252473,-0.06420596476336131,-0.7976382369592593,0.0652104637978586,-2.365812311571627,-0.004842941761192344,1.5829721028028518,0.763317411973192,0.019998587607907885,0.02000143975761634,-0.16098454068062845,-0.03361666247809462,0.1750176799929202,-0.023567803327409126,-0.02224159933824702,0.024691086156182457,-0.04663867837870291,3.443907648941792e-07,-3.6903037060886934e-07,-0.1452580690383911,-0.09315692186355591,0.18882274627685547,0.0912683665752411,-0.013340161740779878,0.05863865613937378,-0.04672053158283234,-0.1452580690383911,-0.09315692186355591,0.18882274627685547,0.0912683665752411,-0.013340161740779878,0.05863865613937378,-0.04672053158283234,0.0031630098656826367,-0.0029579456647862512,0.003196091422930709,-0.0028476664314731797,0.002096175133018285,-0.0044114512017357985,0.0,-0.16409074627289771,-0.03087975691101366,0.1718870691000827,-0.02074934917805568,-0.024037171176622078,0.02959497278587035,-0.04672053158283234,-0.16092773640721508,-0.03383770257579991,0.1750831605230134,-0.02359701560952886,-0.02194099604360379,0.02518352158413455,-0.04672053158283234,-0.16092773640721508,-0.03383770257579991,0.1750831605230134,-0.02359701560952886,-0.02194099604360379,0.02518352158413455,-0.04672053158283234,9.377854663661708e-05,0.2818010924221164,0,0,0,0,panda_link5,obstacle,panda_link5,panda_link7
109,0.45416666666666666,0,105,1.7849833726743854e-05,1,,,0.0004454376589854217,0,0.020094015048364222,0,0,0,1,0,0,1,0,0,0,1.0,0,0.3065784275531769,0.0003789457550738007,0.4851267635822296,0.3065936607923651,0.00038818513966131174,0.4851278584613785,-0.0018132444577654712,0.0024182560269883253,-0.0009343927034999943,-0.06487657791093836,-0.7977787634956717,0.06593997696670448,-2.3659106235457665,-0.004935409058921348,1.5830745496486618,0.7631230849622963,0.01999858905183382,0.020001438210873378,-0.16094715541849317,-0.03372636873896217,0.1750831605230134,-0.02359487379342029,-0.02219215145496086,0.024587242994368125,-0.046638482614983816,3.465422238088482e-07,-3.712183110622484e-07,-0.1452580690383911,-0.09315692186355591,0.18882274627685547,0.0912683665752411,-0.013340161740779878,0.05863865613937378,-0.04672053158283234,-0.1452580690383911,-0.09315692186355591,0.18882274627685547,0.0912683665752411,-0.013340161740779878,0.05863865613937378,-0.04672053158283234,0.003215803701205845,-0.003009518204886318,0.003247679603815579,-0.0028937234399152106,0.0021302488270537596,-0.0044865232938931365,0.0,-0.16410554326267832,-0.030938365047111227,0.17190123261596882,-0.020730598060639302,-0.024021404962205894,0.029565987236111688,-0.04672053158283234,-0.16088973956147248,-0.033947883251997546,0.1751489122197844,-0.02362432150055451,-0.021891156135152134,0.02507946394221855,-0.04672053158283234,-0.16088973956147248,-0.033947883251997546,0.1751489122197844,-0.02362432150055451,-0.021891156135152134,0.02507946394221855,-0.04672053158283234,9.374999208032409e-05,0.2817817513616829,0,0,0,0,panda_link5,obstacle,panda_link5,panda_link7
110,0.4583333333333333,1,110,1.7914219881763715e-05,1,,,0.0004101168018550011,0,0.020093363381369377,0,0,0,1,0,0,1,0,0,0,1.0,0,0.30657079815864563,0.0003889986837748438,0.4851228594779968,0.3065860450649862,0.00039834194921618924,0.4851239339601541,-0.0018423301709753345,0.00245704655022295,-0.0009493810180005561,-0.0655470337916236,-0.797919748871903,0.06666976410095359,-2.3660090491879058,-0.005027669647255796,1.5831765618782663,0.7629287587672496,0.01999859050397876,0.020001436655768437,-0.1609094113644584,-0.033836490295523255,0.1751489122197844,-0.023622154113433796,-0.02214254120026756,0.024482935105051867,-0.04663828681119877,3.4851478578979203e-07,-3.732251856909674e-07,-0.1487743854522705,-0.09464434385299683,0.19186086654663087,0.09272663593292237,-0.01586611717939377,0.05920288562774659,-0.04631507396697998,-0.1487743854522705,-0.09464434385299683,0.19186086654663087,0.09272663593292237,-0.01586611717939377,0.05920288562774659,-0.04631507396697998,0.003268923353524592,-0.0030614106886230736,0.003299537924297196,-0.002940010926612952,0.0021645081893455977,-0.004562044471785473,0.0,-0.16687539674852714,-0.0313494000789915,0.1758104018175995,-0.020915670377618708,-0.025966924548486064,0.029819357092632004,-0.04631507396697998,-0.16360647339500253,-0.034410810767614576,0.17910993974189668,-0.02385568130423166,-0.023802416359140467,0.02525731262084653,-0.04631507396697998,-0.16360647339500253,-0.034410810767614576,0.17910993974189668,-0.02385568130423166,-0.023802416359140467,0.02525731262084653,-0.04631507396697998,9.484668589009927e-05,0.28176237556405065,0,0,0,0,panda_link5,obstacle,panda_link5,panda_link7
111,0.46249999999999997,0,110,1.797914613040895e-05,1,,,0.00037455801118164295,0,0.02009271250093648,0,0,0,1,0,0,1,0,0,0,1.0,0,0.30656304955482483,0.00039920935523696244,0.48511889576911926,0.30657830782985007,0.0004086608091029823,0.48511994684411713,-0.0018715678693382158,0.002496039770347519,-0.0009644476527835334,-0.06622881145455446,-0.7980626628603046,0.06741605551654482,-2.366108438641204,-0.005127894931453509,1.5832793140147843,0.7627361227537123,0.019998592186511642,0.02000143486393648,-0.16362663910340425,-0.03429935721638874,0.17910993974189668,-0.023853468791553256,-0.024054068207450995,0.024660512764319853,-0.046232643248974664,4.038078912902733e-07,-4.3003966981912736e-07,-0.1487743854522705,-0.09464434385299683,0.19186086654663087,0.09272663593292237,-0.01586611717939377,0.05920288562774659,-0.04631507396697998,-0.1487743854522705,-0.09464434385299683,0.19186086654663087,0.09272663593292237,-0.01586611717939377,0.05920288562774659,-0.04631507396697998,0.003322427487406888,-0.0031136567324470707,0.0033516992500818676,-0.0029865046158854503,0.0021989924030479885,-0.004638034500221002,0.0,-0.1668908047588871,-0.03141002137603329,0.17582485039204776,-0.02089634155411112,-0.02595030068385306,0.029789191973973006,-0.04631507396697998,-0.16356837727148021,-0.03452367810848036,0.17917654964212962,-0.02388284616999657,-0.023751308280805072,0.025151157473752003,-0.04631507396697998,-0.16356837727148021,-0.03452367810848036,0.17917654964212962,-0.02388284616999657,-0.023751308280805072,0.025151157473752003,-0.04631507396697998,9.481727984634554e-05,0.2817427771979694,0,0,0,0,panda_link5,obstacle,panda_link5,panda_link7
112,0.4666666666666667,0,110,1.8041423678704654e-05,1,,,0.0003393175572203866,0,0.020092060269605097,0,0,0,1,0,0,1,0,0,0,1.0,0,0.3065551817417145,0.0004095837357454002,0.4851148724555969,0.3065704484575804,0.0004191425586972464,0.4851158967889404,-0.0019009556840235559,0.0025352331949729107,-0.0009795916448118512,-0.06691043045110887,-0.7982060468964599,0.06816262447338703,-2.3662079412523225,-0.005227908054265159,1.5833816229293978,0.7625434876030885,0.019998593635895772,0.020001433311911024,-0.16358855917305778,-0.03441216867726603,0.17917654964212962,-0.02388062666841828,-0.02400314947479593,0.024554139507237366,-0.04623243614969494,3.478521915932682e-07,-3.724861097138994e-07,-0.1487743854522705,-0.09464434385299683,0.19186086654663087,0.09272663593292237,-0.01586611717939377,0.05920288562774659,-0.04631507396697998,-0.1487743854522705,-0.09464434385299683,0.19186086654663087,0.09272663593292237,-0.01586611717939377,0.05920288562774659,-0.04631507396697998,0.0033762520192460567,-0.003166226052211772,0.0034041226611619285,-0.0030332295457737666,0.002233657789376321,-0.004714477778019333,0.0,-0.16690618112432867,-0.03147074349512211,0.17583929615569635,-0.02087699162284392,-0.025933703322037073,0.02975900749811296,-0.04631507396697998,-0.16352992910508263,-0.03463696954733388,0.1792434188168583,-0.023910221168617685,-0.023700045532660752,0.025044529720093626,-0.04631507396697998,-0.16352992910508263,-0.03463696954733388,0.1792434188168583,-0.023910221168617685,-0.023700045532660752,0.025044529720093626,-0.04631507396697998,9.478792720923472e-05,0.2817231435862384,0,0,0,0,panda_link5,obstacle,panda_link5,panda_link7
113,0.4708333333333333,0,110,1.8102342271355844e-05,1,,,0.000304396578435083,0,0.02009140670108324,0,0,0,1,0,0,1,0,0,0,1.0,0,0.3065471947193146,0.00042012237827293575,0.4851107597351074,0.30656246632657713,0.0004297880270036345,0.48511178347430384,-0.0019304917512585223,0.0025746243384553017,-0.000994812033654759,-0.067591890320611,-0.7983499027304776,0.0689094720517906,-2.3663075578151274,-0.005327708550318351,1.5834834865084746,0.762350853282335,0.01999859509511323,0.020001431749896704,-0.16355036868051184,-0.03452540016422907,0.1792434188168583,-0.023907975073182236,-0.023952119052766202,0.02444725897843647,-0.04623223698085353,3.502121898868449e-07,-3.7488343696857884e-07,-0.1487743854522705,-0.09464434385299683,0.19186086654663087,0.09272663593292237,-0.01586611717939377,0.05920288562774659,-0.04631507396697998,-0.1487743854522705,-0.09464434385299683,0.19186086654663087,0.09272663593292237,-0.01586611717939377,0.05920288562774659,-0.04631507396697998,0.003430393994783604,-0.0032192584815721203,0.003456797498857642,-0.0030800257355755585,0.0022684969589493167,-0.004791373125824997,0.0,-0.16692152572683827,-0.03153156671119693,0.17585373912567834,-0.020857620509114744,-0.025917132487776228,0.029728803540872276,-0.04631507396697998,-0.16349113173205468,-0.03475082519276905,0.17931053662453597,-0.023937646244690303,-0.02364863552882691,0.024937430415047278,-0.04631507396697998,-0.16349113173205468,-0.03475082519276905,0.17931053662453597,-0.023937646244690303,-0.02364863552882691,0.024937430415047278,-0.04631507396697998,9.475862820383532e-05,0.2817034746375619,0,0,0,0,panda_link5,obstacle,panda_link5,panda_link7
114,0.475,0,110,1.815806991450493e-05,1,,,0.00026979628739830924,0,0.020090751808923828,0,0,0,1,0,0,1,0,0,0,1.0,0,0.3065390884876251,0.00043082601041533053,0.48510661721229553,0.30655436082299536,0.0004405980326840039,0.4851076065838837,-0.0019601742123280135,0.002614210721896176,-0.0010101078614878326,-0.06827318960616924,-0.7984942327124379,0.06965659928772616,-2.3664072885377228,-0.0054272958080098695,1.583584902784366,0.7621582197924845,0.019998596562987893,0.02000143017908542,-0.1635118285339786,-0.0346391956704712,0.17931053662453597,-0.02393537342290214,-0.023900941845964377,0.024339906213965784,-0.046232037564109534,3.5228991868835324e-07,-3.7699470821668524e-07,-0.1487743854522705,-0.09464434385299683,0.19186086654663087,0.09272663593292237,-0.01586611717939377,0.05920288562774659,-0.04631507396697998,-0.1487743854522705,-0.09464434385299683,0.19186086654663087,0.09272663593292237,-0.01586611717939377,0.05920288562774659,-0.04631507396697998,0.0034848552632708615,-0.003272477895801474,0.003509738671740867,-0.0031272150731211277,0.002303520840284303,-0.004868728122987368,0.0,-0.16693683850284588,-0.03159249128543481,0.17586817925259732,-0.020838228125480616,-0.02590058825048748,0.029698579964870728,-0.04631507396697998,-0.16345198323957502,-0.034864969181236286,0.1793779179243382,-0.023965443198601742,-0.023597067410203176,0.02482985184188336,-0.04631507396697998,-0.16345198323957502,-0.034864969181236286,0.1793779179243382,-0.023965443198601742,-0.023597067410203176,0.02482985184188336,-0.04631507396697998,9.472938305408431e-05,0.28168377033705283,0,0,0,0,panda_link5,obstacle,panda_link5,panda_link7
115,0.4791666666666667,1,115,1.8211389804739413e-05,1,,,0.0002355177331421071,0,0.020090095606706347,0,0,0,1,0,0,1,0,0,0,1.0,0,0.3065308630466461,0.00044169550528749824,0.4851023852825165,0.3065461313407244,0.00045157338408552004,0.48510336580534186,-0.0019900012135746553,0.0026539898731423165,-0.0010254781730929716,-0.06895432684224775,-0.7986390380461662,0.07040400727907757,-2.366507134969121,-0.00552666916329625,1.5836858697742884,0.761965587132206,0.01999859803939277,0.020001428599601266,-0.16347293665884394,-0.034753280094789445,0.1793779179243382,-0.023963143535589815,-0.023849605268731332,0.024232077581385042,-0.046231838466864406,3.5433717048049054e-07,-3.790761969736482e-07,-0.1523649334907532,-0.09616698026657106,0.1949580788612366,0.09421624541282654,-0.01844818890094757,0.05978600382804871,-0.045894002914428716,-0.1523649334907532,-0.09616698026657106,0.1949580788612366,0.09421624541282654,-0.01844818890094757,0.05978600382804871,-0.045894002914428716,0.003539629238953638,-0.0033261625571575234,0.0035629247615943083,-0.003174476911958339,0.002338714466695392,-0.004946538432121913,0.0,-0.1697639308675323,-0.03202135572208815,0.17985899094857177,-0.021028581839302354,-0.02788617665452062,0.02995802508340781,-0.045894002914428716,-0.16622430162857865,-0.03534751827924567,0.18342191571016608,-0.024203058751260692,-0.025547462187825228,0.0250114866512859,-0.045894002914428716,-0.16622430162857865,-0.03534751827924567,0.18342191571016608,-0.024203058751260692,-0.025547462187825228,0.0250114866512859,-0.045894002914428716,9.586876481205352e-05,0.28166403048387584,0,0,0,0,panda_link5,obstacle,panda_link5,panda_link7
116,0.48333333333333334,0,115,1.8286212735836767e-05,1,,,0.00020104161190811348,0,0.02008944040485816,0,0,0,1,0,0,1,0,0,0,1.0,0,0.3065224885940552,0.000452726730145514,0.48509812355041504,0.30653777728136644,0.00046271487926876275,0.48509906083031473,-0.0020199709063987987,0.0026939593267858077,-0.001040922015858401,-0.0696470174793499,-0.7987858537093697,0.07116826526120326,-2.3666079712693424,-0.005634170369104734,1.583787592245356,0.761774709752637,0.019998599735247785,0.020001426794526437,-0.16624575290451335,-0.035235759168854734,0.18342191571016608,-0.024200712053159934,-0.025800289394036037,0.024413393056211152,-0.04581057109657362,4.0700520411839775e-07,-4.332179590945534e-07,-0.1523649334907532,-0.09616698026657106,0.1949580788612366,0.09421624541282654,-0.01844818890094757,0.05978600382804871,-0.045894002914428716,-0.1523649334907532,-0.09616698026657106,0.1949580788612366,0.09421624541282654,-0.01844818890094757,0.05978600382804871,-0.045894002914428716,0.003594775535214783,-0.0033798021399295605,0.003616414129846138,-0.003221988138503323,0.002374136036342086,-0.005024534148139907,0.0,-0.16977987415511392,-0.032084378071925046,0.17987372267603488,-0.021008596927309862,-0.02786873883909071,0.029926566693467896,-0.045894002914428716,-0.16618509861989914,-0.03546418021185461,0.18349013680588103,-0.024230585065813184,-0.025494602802748626,0.02490203254532799,-0.045894002914428716,-0.16618509861989914,-0.03546418021185461,0.18349013680588103,-0.024230585065813184,-0.025494602802748626,0.02490203254532799,-0.045894002914428716,9.583866774812083e-05,0.2816440604572549,0,0,0,0,panda_link5,obstacle,panda_link5,panda_link7
117,0.4875,0,115,1.8332442403053458e-05,1,,,0.00016690370797223936,0,0.020088783934735115,0,0,0,1,0,0,1,0,0,0,1.0,0,0.30651402473449707,0.00046392579679377377,0.48509377241134644,0.3065292980542157,0.0004740233060358321,0.48509469135440264,-0.002050081447258528,0.0027341166241640394,-0.001056438439778671,-0.07033954485351171,-0.7989331552651285,0.07193280749789444,-2.3667089222306124,-0.005741452041658777,1.5838888579435024,0.7615838332215763,0.019998601210051616,0.02000142521695556,-0.1662065697988339,-0.03535237338210699,0.18349013680588103,-0.02422823070477856,-0.025747601412970535,0.024303767555151706,-0.04581036745456482,3.539529194007511e-07,-3.786170100130576e-07,-0.1523649334907532,-0.09616698026657106,0.1949580788612366,0.09421624541282654,-0.01844818890094757,0.05978600382804871,-0.045894002914428716,-0.1523649334907532,-0.09616698026657106,0.1949580788612366,0.09421624541282654,-0.01844818890094757,0.05978600382804871,-0.045894002914428716,0.003650236755541276,-0.0034341795487884924,0.003670134544390474,-0.0032696894571203287,0.0024097195952185197,-0.0051032858188113485,0.0,-0.16979578377079696,-0.03214750620635842,0.1798884510679751,-0.020988589213840933,-0.027851328592023696,0.029895087622542806,-0.045894002914428716,-0.1661455470152557,-0.03558168575514691,0.18355858561236557,-0.02425827867096126,-0.025441608996805178,0.02479180180373146,-0.045894002914428716,-0.1661455470152557,-0.03558168575514691,0.18355858561236557,-0.02425827867096126,-0.025441608996805178,0.02479180180373146,-0.045894002914428716,9.580862760520178e-05,0.28162405438945415,0,0,0,0,panda_link5,obstacle,panda_link5,panda_link7
118,0.49166666666666664,0,115,1.839799944149771e-05,1,,,0.00013310521062687153,0,0.02008812621293122,0,0,0,1,0,0,1,0,0,0,1.0,0,0.306505411863327,0.0004752931126859039,0.48508936166763306,0.30652069307623736,0.00048549944195845277,0.48509025707715875,-0.002080330997669652,0.002774459313359701,-0.001072026497454657,-0.07103190851916309,-0.7990809461736468,0.07269763493794595,-2.3668099884656004,-0.005848513887150928,1.5839896632839034,0.7613929575358788,0.019998602694259116,0.02000142362984013,-0.16616727975633086,-0.03546981804438329,0.18355858561236557,-0.024255896397185894,-0.025694842918116134,0.024193281696258007,-0.04581016456740128,3.5620980023227597e-07,-3.8090770349734696e-07,-0.1523649334907532,-0.09616698026657106,0.1949580788612366,0.09421624541282654,-0.01844818890094757,0.05978600382804871,-0.045894002914428716,-0.1523649334907532,-0.09616698026657106,0.1949580788612366,0.09421624541282654,-0.01844818890094757,0.05978600382804871,-0.045894002914428716,0.0037059986591120924,-0.0034886176619079857,0.003724104980483687,-0.00331750737795307,0.0024454771408491467,-0.005182203526031317,0.0,-0.1698116596331734,-0.032210740436752594,0.17990317606580652,-0.02096855863815334,-0.027833945983100843,0.029863587762253837,-0.045894002914428716,-0.16610566097406132,-0.03569935809866058,0.18362728104629022,-0.02428606601610641,-0.025388468842251696,0.02468138423622252,-0.045894002914428716,-0.16610566097406132,-0.03569935809866058,0.18362728104629022,-0.02428606601610641,-0.025388468842251696,0.02468138423622252,-0.045894002914428716,9.577864470996719e-05,0.281604012258499,0,0,0,0,panda_link5,obstacle,panda_link5,panda_link7
119,0.49583333333333335,0,115,1.845756745017967e-05,0,related_collision:obstacle,external_collision_band,9.964741691269319e-05,0,0.020087467251131953,0,1,0,1,0,0,1,0,0,0,,0,0.30649667978286743,0.00048682940541766584,0.4850848913192749,0.30651196177204626,0.0004971440544060805,0.48508575770207824,-0.002110717724205709,0.002814984949200784,-0.001087685244093558,-0.07172410708044329,-0.7992292271310191,0.07346274860897216,-2.3669111703643653,-0.0059553552934970225,1.5840900074953637,0.7612020826951745,0.019998604187281582,0.02000142203377331,-0.1661276547072479,-0.03558742976934037,0.18362728104629022,-0.02428365570352528,-0.025641937523062625,0.02408261075044857,-0.04580996176901672,3.583253919015733e-07,-3.830560370674148e-07,-0.1523649334907532,-0.09616698026657106,0.1949580788612366,0.09421624541282654,-0.01844818890094757,0.05978600382804871,-0.045894002914428716,-0.1523649334907532,-0.09616698026657106,0.1949580788612366,0.09421624541282654,-0.01844818890094757,0.05978600382804871,-0.045894002914428716,,,,,,,,,,,,,,,,,,,,,,,,,,,,,,,0,0,0,0,panda_link5,obstacle,panda_link5,panda_link7
