method,role,seed,checkpoint,model_SHA256,scene_id,geometry,template_group,success,failure_category,failure_reason,failure_phase,first_failure_time_s,completed_fraction,max_error_m,rmse_m,endpoint_error_m,minimum_external_distance_m,minimum_self_distance_m,external_censored_states,self_censored_states,command_smoothness_rms_rad_s2,max_actual_arm_velocity_rad_s,speed_saturated_fraction,soft_limited_fraction,raw_policy_component_clip_fraction,raw_policy_decisions_with_clip_fraction,u_component_clip_fraction,u_decisions_with_clip_fraction,mean_u_abs_rad_s,joint_resets_during_motion,obstacle_contact_band,obstacle_negative_penetration,obstacle_buffer,self_contact_band,self_negative_penetration,self_buffer,obstacle_negative_distance,self_negative_distance,hard_position_violation,actual_speed_violation,tracking_error_violation,non_finite_state,provider_mean_s,core_mean_s,outer_mean_s,scene_load_wall_s,settle_wall_s,setup_including_settle_wall_s,whole_episode_wall_s
tracking,supplemental_primary,,,,me5418-supplement-v1-0000,far,supplement-g000,True,,,,,1.0,5.7436854114137676e-05,4.147032322851441e-05,3.47353140736491e-05,,0.01988006679914968,961,0,0.028933637057457766,0.03687451075983181,0.0,0.0,,,0.0,0.0,0.0,0,0,0,0,0,0,961,0,0,0,0,0,0,1.3741384009335889e-05,0.0005388442530602333,0.0005645433568436905,0.16838176001328975,0.07818783301627263,0.2491830850194674,0.881512054009363
tracking,supplemental_primary,,,,me5418-supplement-v1-0001,near_link,supplement-g001,False,external_collision_band,related_collision:obstacle,tracking,2.1083333333333334,0.5270833333333333,5.6701568838207526e-05,4.349636630926669e-05,,8.375812241161185e-05,0.02004922330118491,0,0,0.03425759052654415,0.03887593777370052,0.0,0.0,,,0.0,0.0,0.0,0,1,0,507,0,0,507,0,0,0,0,0,0,1.3877951263851833e-05,0.0005715198874341971,0.0007098619509216862,0.05997958799707703,0.08341236200067215,0.14422868998371996,0.5493654349993449
tracking,supplemental_primary,,,,me5418-supplement-v1-0005,far,supplement-g005,True,,,,,1.0,4.3824200206379076e-05,3.539189846622128e-05,2.47141850364066e-05,,0.020152242821690536,961,0,0.015940417744213863,0.01971529890454815,0.0,0.0,,,0.0,0.0,0.0,0,0,0,0,0,0,961,0,0,0,0,0,0,1.2835233671163829e-05,0.0005214604529707382,0.0005461334673176073,0.05235863500274718,0.07427626400021836,0.12744274700526148,0.7253428290132433
tracking,supplemental_primary,,,,me5418-supplement-v1-0006,near_link,supplement-g006,True,,,,,1.0,4.322628133574988e-05,3.0887810822953325e-05,3.890410299052158e-05,0.028234905064601037,0.020154933643945418,0,0,0.033345860279213276,0.04238336381962965,0.0,0.0,,,0.0,0.0,0.0,0,0,0,251,0,0,961,0,0,0,0,0,0,1.36942976496357e-05,0.0005716017810603565,0.0006956223057689689,0.05245931399986148,0.08129878301406279,0.1346272509836126,0.880972856975859
tracking,supplemental_primary,,,,me5418-supplement-v1-0010,far,supplement-g010,True,,,,,1.0,3.289312540681326e-05,3.049838747419108e-05,3.1005672380636844e-05,,0.020150562872721045,961,0,0.028117779483729937,0.032125676728311466,0.0,0.0,,,0.0,0.0,0.0,0,0,0,0,0,0,961,0,0,0,0,0,0,1.3221978254781183e-05,0.0005383488422315471,0.0005636675018043509,0.05372964599519037,0.07463414801168256,0.12917515798471868,0.7493861049879342
tracking,supplemental_primary,,,,me5418-supplement-v1-0011,near_link,supplement-g011,True,,,,,1.0,4.3249520950107256e-05,3.422546770169092e-05,2.5359322031107644e-05,0.036008392729964964,0.020154933643945418,0,0,0.02293618498153483,0.029460674598738495,0.0,0.0,,,0.0,0.0,0.0,0,0,0,0,0,0,961,0,0,0,0,0,0,1.3263751043268712e-05,0.0005426297162254438,0.0006126201885914876,0.05477312798029743,0.07718872700934298,0.13276560499798506,0.799579109007027
tracking,supplemental_primary,,,,me5418-supplement-v1-0013,near_link,supplement-g013,True,,,,,1.0,4.775520801494214e-05,4.192299999638901e-05,4.2017185430537395e-05,0.03741510550123803,0.020027251262812337,0,0,0.02541285724384688,0.03706185094011843,0.0,0.0,,,0.0,0.0,0.0,0,0,0,0,0,0,961,0,0,0,0,0,0,1.3769754029150741e-05,0.0005522296846720565,0.0006348650083358128,0.055650166992563754,0.07823988501331769,0.13472411999828182,0.8213613170082681
tracking,supplemental_primary,,,,me5418-supplement-v1-0015,far,supplement-g015,True,,,,,1.0,4.607953171563084e-05,4.084696977113901e-05,4.2654358263554404e-05,,0.02004141146611848,961,0,0.032141321976748356,0.031584663046984984,0.0,0.0,,,0.0,0.0,0.0,0,0,0,0,0,0,961,0,0,0,0,0,0,1.2868818127268847e-05,0.0005247126745719773,0.0005494867718577249,0.054110674012918025,0.07467498298501596,0.1296266569988802,0.7323057210014667
tracking,supplemental_primary,,,,me5418-supplement-v1-0018,near_link,supplement-g018,True,,,,,1.0,3.324050788117438e-05,2.7975960132032238e-05,2.67208928726701e-05,0.006755380782414375,0.020060230287581,0,0,0.029439206974971904,0.035786292346499465,0.0,0.0,,,0.0,0.0,0.0,0,0,0,961,0,0,961,0,0,0,0,0,0,1.3894473340769764e-05,0.0005539348473879121,0.0006245615957899039,0.04955740299192257,0.07965126101044007,0.13006614497862756,0.8068357179872692
tracking,supplemental_primary,,,,me5418-supplement-v1-0020,far,supplement-g020,True,,,,,1.0,6.383998750358262e-05,4.58642706193436e-05,3.606533461260852e-05,,0.019648766429467335,961,0,0.049707851053017525,0.060586994666423734,0.0,0.0,,,0.0,0.0,0.0,0,0,0,0,0,0,961,0,0,0,0,0,0,1.3277465617041647e-05,0.0005231307768857126,0.0005483892956059815,0.05195052799535915,0.0751759170088917,0.1279486890125554,0.7294107259949669
tracking,supplemental_primary,,,,me5418-supplement-v1-0021,near_link,supplement-g021,True,,,,,1.0,3.5129757474464014e-05,3.081393964178105e-05,2.551163486368368e-05,0.025572454199251818,0.020154933643945418,0,0,0.0390679361459631,0.03922943471405213,0.0,0.0,,,0.0,0.0,0.0,0,0,0,961,0,0,961,0,0,0,0,0,0,1.3684692476090277e-05,0.0005687764422267113,0.0006699142915446524,0.05496548902010545,0.08138855299330316,0.13717303099110723,0.8635358889878262
tracking,supplemental_primary,,,,me5418-supplement-v1-0022,tight_layout,supplement-g022,False,external_collision_band,related_collision:obstacle,tracking,3.1791666666666667,0.7947916666666667,4.722781278938636e-05,3.9774471863515115e-05,,9.478046970521486e-05,0.01996517380777149,0,0,0.04416039589531359,0.06594300042425236,0.0,0.0,,,0.0,0.0,0.0,0,1,0,764,0,0,764,0,0,0,0,0,0,1.4320764427371566e-05,0.0005743741914144745,0.0006862434949622115,0.05233449299703352,0.08087531197816133,0.13403366302372888,0.724291471997276
tracking,supplemental_primary,,,,me5418-supplement-v1-0023,near_link,supplement-g023,True,,,,,1.0,4.082071354203429e-05,1.996278420312259e-05,4.053877993477232e-05,0.03239312569398359,0.019830581358222958,0,0,0.04774362511053026,0.052375987989346534,0.0,0.0,,,0.0,0.0,0.0,0,0,0,0,0,0,961,0,0,0,0,0,0,1.359412029463177e-05,0.0005678769187397847,0.000650234806289518,0.05720082399784587,0.08238218098995276,0.1407193329941947,0.8426424269855488
tracking,supplemental_primary,,,,me5418-supplement-v1-0024,far,supplement-g000,True,,,,,1.0,6.495404357751157e-05,4.6895540775213886e-05,3.0256931196412405e-05,,0.0196761528817496,961,0,0.045207539141826805,0.052150019718610774,0.0,0.0,,,0.0,0.0,0.0,0,0,0,0,0,0,961,0,0,0,0,0,0,1.324055316824039e-05,0.0005190626045077807,0.0005442506553360242,0.052189015987096354,0.0739915219892282,0.12696640499052592,0.7242976229754277
tracking,supplemental_primary,,,,me5418-supplement-v1-0027,near_link,supplement-g003,True,,,,,1.0,5.889399180212139e-05,4.3325796412590345e-05,4.016657570560234e-05,0.016018079190607243,0.019942448043776526,0,0,0.03144900143000997,0.03604577904850467,0.0,0.0,,,0.0,0.0,0.0,0,0,0,961,0,0,961,0,0,0,0,0,0,1.4051912179032419e-05,0.0005579214602827657,0.0006545519207672138,0.05404713799362071,0.08053215898689814,0.13540088100126013,0.840362652001204
tracking,supplemental_primary,,,,me5418-supplement-v1-0029,far,supplement-g005,True,,,,,1.0,5.608779258810543e-05,4.009067166425074e-05,3.6226597423779455e-05,,0.020126149557739184,961,0,0.03666372936714998,0.04778016809049865,0.0,0.0,,,0.0,0.0,0.0,0,0,0,0,0,0,961,0,0,0,0,0,0,1.297523916340045e-05,0.000520006974147691,0.0005448597070426331,0.05438555797445588,0.07419456398929469,0.12938646599650383,0.7278377730108332
tracking,supplemental_primary,,,,me5418-supplement-v1-0030,near_link,supplement-g006,True,,,,,1.0,4.084924469295267e-05,3.5069607197860215e-05,3.0202901059729536e-05,0.009235150904407255,0.020040207940599693,0,0,0.04064767085183498,0.05895879206269276,0.0,0.0,,,0.0,0.0,0.0,0,0,0,961,0,0,961,0,0,0,0,0,0,1.3847202656810017e-05,0.0005712842375942273,0.000694148936994073,0.05511543797911145,0.08075289500993676,0.13674478000029922,0.8787114980223123
tracking,supplemental_primary,,,,me5418-supplement-v1-0034,far,supplement-g010,True,,,,,1.0,3.894567906285172e-05,3.5819968881599635e-05,3.781154534463132e-05,,0.02012634115890647,961,0,0.01994551163895962,0.021874906102194527,0.0,0.0,,,0.0,0.0,0.0,0,0,0,0,0,0,961,0,0,0,0,0,0,1.3163469551121429e-05,0.0005270353385943356,0.0005517866189620691,0.04695763101335615,0.073528533015633,0.12131176501861773,0.7259843889914919
tracking,supplemental_primary,,,,me5418-supplement-v1-0035,near_link,supplement-g011,True,,,,,1.0,3.539237380499957e-05,2.934319619602818e-05,2.9003234664667797e-05,0.01192700987434292,0.020015371307410608,0,0,0.039928448766112005,0.05926437356588879,0.0,0.0,,,0.0,0.0,0.0,0,0,0,961,0,0,961,0,0,0,0,0,0,1.3653573660121765e-05,0.0005592064621244693,0.0006572506720658566,0.050568648002808914,0.07831107499077916,0.1297018979967106,0.8365046470134985
tracking,supplemental_primary,,,,me5418-supplement-v1-0039,far,supplement-g015,True,,,,,1.0,4.556803160240093e-05,4.041450998377445e-05,4.191967164893284e-05,,0.02004545954263305,961,0,0.03487648611909224,0.035670137291380855,0.0,0.0,,,0.0,0.0,0.0,0,0,0,0,0,0,961,0,0,0,0,0,0,1.2963170320290374e-05,0.0005260413854254391,0.0005508329400375563,0.04680742500931956,0.07491981098428369,0.12252177897607908,0.7258009309880435
tracking,supplemental_primary,,,,me5418-supplement-v1-0042,near_link,supplement-g018,True,,,,,1.0,3.89506090522138e-05,3.361152024666169e-05,3.1770951971023315e-05,0.011583215529155866,0.020148009869747047,0,0,0.0309259440246704,0.03400620867936083,0.0,0.0,,,0.0,0.0,0.0,0,0,0,961,0,0,961,0,0,0,0,0,0,1.3890188256482361e-05,0.0005684604667900809,0.0006402069175237557,0.054350177000742406,0.07916779298102483,0.13436494101188146,0.8399512869946193
tracking,supplemental_primary,,,,me5418-supplement-v1-0044,far,supplement-g020,True,,,,,1.0,4.952085016153352e-05,3.7365155123122774e-05,2.7164898363176926e-05,,0.020026953688086116,961,0,0.026704851944385384,0.02371401408105045,0.0,0.0,,,0.0,0.0,0.0,0,0,0,0,0,0,961,0,0,0,0,0,0,1.3277291751971157e-05,0.0005322048400860997,0.0005575588751526084,0.05302378800115548,0.07611273499787785,0.13006720299017616,0.7409825049981009
tracking,supplemental_primary,,,,me5418-supplement-v1-0046,tight_layout,supplement-g022,True,,,,,1.0,3.48001348434419e-05,3.222368612131069e-05,3.227054153785416e-05,0.004068040702648212,0.020132799238578157,0,0,0.01968143407196895,0.021839050042276875,0.0,0.0,,,0.0,0.0,0.0,0,0,0,961,0,0,961,0,0,0,0,0,0,1.3862161116170077e-05,0.0006198593194615872,0.000733854467701652,0.045171090023359284,0.08146821000264026,0.12744864000706002,0.90676522400463
tracking,supplemental_primary,,,,me5418-supplement-v1-0047,near_link,supplement-g023,True,,,,,1.0,4.126931146646555e-05,2.6609415676873533e-05,4.125733574411329e-05,0.015454376754408486,0.020077545054214233,0,0,0.02241455388898726,0.02824483933779348,0.0,0.0,,,0.0,0.0,0.0,0,0,0,961,0,0,961,0,0,0,0,0,0,1.3419949179175697e-05,0.0005623580431044199,0.0006549108476974653,0.044218557013664395,0.08003552001900971,0.1250692089961376,0.82964635497774
tracking,supplemental_primary,,,,me5418-supplement-v1-0048,far,supplement-g000,True,,,,,1.0,5.8330382052132415e-05,4.261695219047939e-05,2.5901612009348566e-05,,0.01990087671614748,961,0,0.031099489927102056,0.042645334573968796,0.0,0.0,,,0.0,0.0,0.0,0,0,0,0,0,0,961,0,0,0,0,0,0,1.3153977912831275e-05,0.0005206479201357676,0.000545532664636994,0.053955045994371176,0.07466476401896216,0.12939660900156014,0.7289941160124727
tracking,supplemental_primary,,,,me5418-supplement-v1-0051,near_link,supplement-g003,True,,,,,1.0,6.30252889219758e-05,4.42986277810882e-05,2.6587620528377232e-05,0.04508379972147078,0.019906174661349293,0,0,0.04249814757286551,0.04573343495557444,0.0,0.0,,,0.0,0.0,0.0,0,0,0,0,0,0,961,0,0,0,0,0,0,1.3796688866326198e-05,0.0005527883195100003,0.000687573708940666,0.05336364801041782,0.08114976400975138,0.1353411750169471,0.8726487260137219
tracking,supplemental_primary,,,,me5418-supplement-v1-0053,far,supplement-g005,True,,,,,1.0,5.051234306073752e-05,3.667632664531846e-05,3.101232712794718e-05,,0.02012139892961093,961,0,0.022902991992768667,0.034999519661884054,0.0,0.0,,,0.0,0.0,0.0,0,0,0,0,0,0,961,0,0,0,0,0,0,1.2661854725593003e-05,0.0005171623663651796,0.0005415381293763251,0.05239356300444342,0.0739338300190866,0.12713950802572072,0.7228289540216792
tracking,supplemental_primary,,,,me5418-supplement-v1-0054,near_link,supplement-g006,True,,,,,1.0,4.821088132844092e-05,4.003095765686534e-05,3.4869578047935684e-05,0.021642955043957773,0.019913554770958408,0,0,0.049178441109833514,0.06626684285116624,0.0,0.0,,,0.0,0.0,0.0,0,0,0,691,0,0,961,0,0,0,0,0,0,1.387201185328498e-05,0.0005662095695091314,0.0006764555563677277,0.052651750011136755,0.08066036700620316,0.13414155499776825,0.8619627979933284
tracking,supplemental_primary,,,,me5418-supplement-v1-0055,tight_layout,supplement-g007,True,,,,,1.0,4.318129842105725e-05,2.785408513200912e-05,4.252998245586249e-05,0.001072994936429851,0.020149190543705522,0,0,0.017774256109106972,0.027713357635531927,0.0,0.0,,,0.0,0.0,0.0,0,0,0,961,0,0,961,0,0,0,0,0,0,1.3853238215233432e-05,0.0005774797620082002,0.0007168615318126589,0.051303991000168025,0.08242857799632475,0.13459177399636246,0.9019271139986813
tracking,supplemental_primary,,,,me5418-supplement-v1-0058,far,supplement-g010,True,,,,,1.0,4.2238745694232624e-05,3.7851215897465135e-05,3.8823272858769085e-05,,0.020074932915813047,961,0,0.028502336332056174,0.02770548771117352,0.0,0.0,,,0.0,0.0,0.0,0,0,0,0,0,0,961,0,0,0,0,0,0,1.31657120618911e-05,0.0005287406056595501,0.000553586056351681,0.051857446000212803,0.07371136601432227,0.12637121899751946,0.7334713040036149
tracking,supplemental_primary,,,,me5418-supplement-v1-0059,near_link,supplement-g011,True,,,,,1.0,3.6530110647772965e-05,3.353665204841915e-05,3.649833647557533e-05,0.04608180513333257,0.02015214140470223,0,0,0.027638281551316337,0.033564395318981005,0.0,0.0,,,0.0,0.0,0.0,0,0,0,0,0,0,961,0,0,0,0,0,0,1.3457422028295696e-05,0.000545865574592123,0.0006266780515034043,0.05199955400894396,0.07777258302667178,0.13060137399588712,0.8092743119923398
tracking,supplemental_primary,,,,me5418-supplement-v1-0061,near_link,supplement-g013,True,,,,,1.0,6.363066996327358e-05,4.507867621133168e-05,3.345841051760418e-05,0.003116852669565795,0.019810469147043284,0,0,0.04519954805690097,0.05045147681692776,0.0,0.0,,,0.0,0.0,0.0,0,0,0,961,0,0,961,0,0,0,0,0,0,1.3278302200584827e-05,0.0005520883748431516,0.0006517810366555447,0.05171261102077551,0.0796673440199811,0.13218635899829678,0.833015975978924
tracking,supplemental_primary,,,,me5418-supplement-v1-0063,far,supplement-g015,True,,,,,1.0,5.187569659025897e-05,3.998461823679201e-05,2.6699783726529566e-05,,0.019943259366819142,961,0,0.039788737816376867,0.035619968194199644,0.0,0.0,,,0.0,0.0,0.0,0,0,0,0,0,0,961,0,0,0,0,0,0,1.2930291480491482e-05,0.0005222995359872584,0.0005468754915455065,0.04965698398882523,0.07392892401549034,0.12444419000530615,0.7255207089765463
tracking,supplemental_primary,,,,me5418-supplement-v1-0064,near_link,supplement-g016,True,,,,,1.0,3.337088209252676e-05,2.5705101828718975e-05,2.163083610475657e-05,0.01651863400342704,0.019806659994232846,0,0,0.05380840998084943,0.07489551909563046,0.0,0.0,,,0.0,0.0,0.0,0,0,0,961,0,0,961,0,0,0,0,0,0,1.388679159693614e-05,0.0005718424257793231,0.0007069270498808086,0.05155453100451268,0.08110186402336694,0.13349945901427418,0.8897562169877347
tracking,supplemental_primary,,,,me5418-supplement-v1-0066,near_link,supplement-g018,True,,,,,1.0,3.813688607503972e-05,3.1914955534936304e-05,3.813688607503972e-05,0.006360373969360969,0.0198436697497366,0,0,0.05344165355015561,0.051130020922447034,0.0,0.0,,,0.0,0.0,0.0,0,0,0,759,0,0,961,0,0,0,0,0,0,1.3546602834442941e-05,0.000557619587834779,0.0006397021527845936,0.05184410701622255,0.07790839500376023,0.13057522801682353,0.8224399739992805
tracking,supplemental_primary,,,,me5418-supplement-v1-0068,far,supplement-g020,True,,,,,1.0,4.684889094212438e-05,4.1477352921472275e-05,4.322135559882149e-05,,0.020034434396815563,961,0,0.022523777751959493,0.028569117971463123,0.0,0.0,,,0.0,0.0,0.0,0,0,0,0,0,0,961,0,0,0,0,0,0,1.2944719249693057e-05,0.0005226343246552763,0.0005473363763485395,0.05417806899640709,0.07391033400199376,0.12886431100196205,0.73070622299565
tracking,supplemental_primary,,,,me5418-supplement-v1-0072,far,supplement-g000,True,,,,,1.0,6.703364788804526e-05,4.996262890479885e-05,3.642564388384325e-05,,0.019610087908083107,961,0,0.05185830484057753,0.0640781349295978,0.0,0.0,,,0.0,0.0,0.0,0,0,0,0,0,0,961,0,0,0,0,0,0,1.2791595660625413e-05,0.0005076638300124614,0.0005318555690185651,0.05215005300124176,0.07371025500469841,0.1266627159784548,0.7120235979964491
tracking,supplemental_primary,,,,me5418-supplement-v1-0073,near_link,supplement-g001,True,,,,,1.0,5.893261988863114e-05,4.344561286188806e-05,3.8028208240032805e-05,0.004401514851294197,0.01976912504679531,0,0,0.03934114917089131,0.044594047662974506,0.0,0.0,,,0.0,0.0,0.0,0,0,0,961,0,0,961,0,0,0,0,0,0,1.3716490078271212e-05,0.0005583353340625763,0.0006936347434323883,0.05314398300834,0.08261718400171958,0.13658895299886353,0.8801055290095974
tracking,supplemental_primary,,,,me5418-supplement-v1-0074,tight_layout,supplement-g002,True,,,,,1.0,3.7453665926315944e-05,2.622408710255812e-05,3.6987610315960507e-05,0.002419118845177773,0.019965514433072748,0,0,0.030851702144912792,0.040481350549853995,0.0,0.0,,,0.0,0.0,0.0,0,0,0,961,0,0,961,0,0,0,0,0,0,1.3449697841375988e-05,0.0005625135704879843,0.0006749847029520121,0.053359810000984,0.07973079601651989,0.13391137699363753,0.8600502600020263
tracking,supplemental_primary,,,,me5418-supplement-v1-0075,near_link,supplement-g003,True,,,,,1.0,6.148522256357232e-05,4.3168197739797454e-05,2.6207595683564753e-05,0.0252183227559456,0.01994126513092423,0,0,0.03901426856405371,0.04853470257342596,0.0,0.0,,,0.0,0.0,0.0,0,0,0,961,0,0,961,0,0,0,0,0,0,1.3378139707735196e-05,0.0005443870350366827,0.000648760645102205,0.05284493599901907,0.08040758399874903,0.13406795097398572,0.8337088780244812
tracking,supplemental_primary,,,,me5418-supplement-v1-0077,far,supplement-g005,True,,,,,1.0,5.3863579981595725e-05,3.865251019500303e-05,3.1396293664060736e-05,,0.020107818739217444,961,0,0.028640173742157226,0.028646539117648306,0.0,0.0,,,0.0,0.0,0.0,0,0,0,0,0,0,961,0,0,0,0,0,0,1.2826823270491635e-05,0.000524280213782428,0.0005489373094557474,0.055032078991644084,0.07373246402130462,0.12956408399622887,0.7329566630069166
tracking,supplemental_primary,,,,me5418-supplement-v1-0078,near_link,supplement-g006,True,,,,,1.0,3.4491673124985356e-05,3.171452701272354e-05,3.059038499422668e-05,0.012406554252205784,0.020123894810607654,0,0,0.02414869574212924,0.03122262716732569,0.0,0.0,,,0.0,0.0,0.0,0,0,0,961,0,0,961,0,0,0,0,0,0,1.3763598114261791e-05,0.0005679448630871775,0.0006847016421185496,0.05337451602099463,0.08072681500925682,0.1349132239993196,0.8740341300144792
tracking,supplemental_primary,,,,me5418-supplement-v1-0079,tight_layout,supplement-g007,True,,,,,1.0,3.0879196612403015e-05,2.9293359620789692e-05,2.8267727537842856e-05,0.0015423481817078144,0.02015338260441723,0,0,0.01858085612034186,0.024226426323308264,0.0,0.0,,,0.0,0.0,0.0,0,0,0,961,0,0,961,0,0,0,0,0,0,1.3883791173914991e-05,0.0005743642876647452,0.0006989590818496557,0.054111127014039084,0.08160853001754731,0.136542552994797,0.8864353999961168
tracking,supplemental_primary,,,,me5418-supplement-v1-0080,near_link,supplement-g008,True,,,,,1.0,6.834310939737337e-05,5.2147258700333346e-05,3.679584144929366e-05,0.014781994922164018,0.01960853845491472,0,0,0.06088553606249528,0.07591445209725431,0.0,0.0,,,0.0,0.0,0.0,0,0,0,580,0,0,961,0,0,0,0,0,0,1.3758977426429434e-05,0.0005535711405476226,0.0006905934373207856,0.05359019199386239,0.08019931599847041,0.1346188349998556,0.8776098000234924
tracking,supplemental_primary,,,,me5418-supplement-v1-0082,far,supplement-g010,True,,,,,1.0,3.577928001552343e-05,3.31291309451055e-05,3.4577275744733136e-05,,0.020143730368953373,961,0,0.02311484105920404,0.026799789009988955,0.0,0.0,,,0.0,0.0,0.0,0,0,0,0,0,0,961,0,0,0,0,0,0,1.3119735285727074e-05,0.0005382187766372227,0.0005631432978285982,0.053406903985887766,0.07397487800335512,0.12819535998278297,0.74824962799903
tracking,supplemental_primary,,,,me5418-supplement-v1-0083,near_link,supplement-g011,True,,,,,1.0,3.9209328422845536e-05,3.125339105976749e-05,3.006201255246033e-05,0.030878987257797322,0.01996799157086386,0,0,0.04936228194985557,0.07329823283129694,0.0,0.0,,,0.0,0.0,0.0,0,0,0,0,0,0,961,0,0,0,0,0,0,1.3609811958303908e-05,0.0005546370134046204,0.0006375704398730401,0.05291708800359629,0.08021819801069796,0.13395004699123092,0.8237673210096546
tracking,supplemental_primary,,,,me5418-supplement-v1-0085,near_link,supplement-g013,True,,,,,1.0,4.898787729252208e-05,4.275230688736909e-05,4.173154781965454e-05,0.003872463217726843,0.020075042537660272,0,0,0.03343132241248582,0.03164499867024827,0.0,0.0,,,0.0,0.0,0.0,0,0,0,961,0,0,961,0,0,0,0,0,0,1.3897176813770784e-05,0.0005689289597891426,0.0006645945682369832,0.05365331802750006,0.08033394700032659,0.13478701599524356,0.8499648929864634
tracking,supplemental_primary,,,,me5418-supplement-v1-0087,far,supplement-g015,True,,,,,1.0,4.833189088909401e-05,4.135464977652751e-05,3.985821734695e-05,,0.019954476324758275,961,0,0.04301112275369995,0.045917795823001935,0.0,0.0,,,0.0,0.0,0.0,0,0,0,0,0,0,961,0,0,0,0,0,0,1.2785568742401665e-05,0.0005259302434448425,0.0005504775884522436,0.05411825599730946,0.07343765802215785,0.12840303598204628,0.7330543709977064
tracking,supplemental_primary,,,,me5418-supplement-v1-0090,near_link,supplement-g018,False,external_collision_band,related_collision:obstacle,tracking,1.3291666666666666,0.33229166666666665,3.9756210914967244e-05,3.2265832738078536e-05,,8.41305969867881e-05,0.020154933643945418,0,0,0.05367933588025592,0.03837163949491418,0.0,0.0,,,0.0,0.0,0.0,0,1,0,320,0,0,320,0,0,0,0,0,0,1.3307953395269578e-05,0.0005507388085215922,0.0006331788110663548,0.05486907600425184,0.07807019501342438,0.13374394198763184,0.3694795269984752
tracking,supplemental_primary,,,,me5418-supplement-v1-0092,far,supplement-g020,True,,,,,1.0,5.9595099041518836e-05,4.246505325178729e-05,3.160493200760384e-05,,0.0197682665199422,961,0,0.04792092651870318,0.04565472914837271,0.0,0.0,,,0.0,0.0,0.0,0,0,0,0,0,0,961,0,0,0,0,0,0,1.3141577255737502e-05,0.0005242526484228923,0.0005490402125057396,0.05279846000485122,0.07386446400778368,0.12743143699481152,0.7315280019829515
tracking,supplemental_primary,,,,me5418-supplement-v1-0094,tight_layout,supplement-g022,True,,,,,1.0,4.000133037080837e-05,3.575621226790152e-05,3.484950216245322e-05,0.002154738532502559,0.02007773429474311,0,0,0.025963252587378107,0.03574219231837883,0.0,0.0,,,0.0,0.0,0.0,0,0,0,961,0,0,961,0,0,0,0,0,0,1.3696927150400976e-05,0.0005612090747490583,0.0006692621253326555,0.05346307600848377,0.08070816998952068,0.13500584301073104,0.855913095001597
tracking,supplemental_primary,,,,me5418-supplement-v1-0095,near_link,supplement-g023,True,,,,,1.0,3.863499865112147e-05,2.82544331416017e-05,3.61064909408504e-05,0.028976496432714105,0.020120207779108362,0,0,0.026693422746713994,0.04080218210137354,0.0,0.0,,,0.0,0.0,0.0,0,0,0,242,0,0,961,0,0,0,0,0,0,1.3426110096285507e-05,0.0005582110087743785,0.0006388990548960768,0.053705705009633675,0.07769789799931459,0.13223312099580653,0.8243298080051318
tracking,supplemental_primary,,,,me5418-supplement-v1-0096,far,supplement-g000,True,,,,,1.0,6.750747248646956e-05,4.989777469105213e-05,3.079388427403516e-05,,0.01960863508808048,961,0,0.05366462756616092,0.06706763489894782,0.0,0.0,,,0.0,0.0,0.0,0,0,0,0,0,0,961,0,0,0,0,0,0,1.2881010964823266e-05,0.0005124579332914436,0.0005368590402213159,0.05372841699863784,0.0737906520080287,0.12832142499973997,0.7194720789848361
tracking,supplemental_primary,,,,me5418-supplement-v1-0099,near_link,supplement-g003,True,,,,,1.0,5.222362584357235e-05,3.759998147328974e-05,3.2107255847674484e-05,0.017600431773930017,0.020127979950365124,0,0,0.02724335690955045,0.03764031593459083,0.0,0.0,,,0.0,0.0,0.0,0,0,0,961,0,0,961,0,0,0,0,0,0,1.3616177208556715e-05,0.0005538595417723021,0.0006671377343688315,0.05368426299537532,0.08046710101189092,0.13497176399687305,0.8535026430035941
tracking,supplemental_primary,,,,me5418-supplement-v1-0101,far,supplement-g005,True,,,,,1.0,4.903492667212888e-05,3.6217491963530015e-05,2.8202347445926507e-05,,0.020151373710956835,961,0,0.0265321264195908,0.030845033795512594,0.0,0.0,,,0.0,0.0,0.0,0,0,0,0,0,0,961,0,0,0,0,0,0,1.2834468028207388e-05,0.0005218209122176632,0.000546259878865385,0.05301518700434826,0.07386443798895925,0.1277018489781767,0.7284212480008136
tracking,supplemental_primary,,,,me5418-supplement-v1-0102,near_link,supplement-g006,True,,,,,1.0,2.8573726520953393e-05,1.994243783986299e-05,2.519270036820045e-05,0.006931964563157644,0.019989818552308823,0,0,0.03977664523383026,0.057669634744593606,0.0,0.0,,,0.0,0.0,0.0,0,0,0,961,0,0,961,0,0,0,0,0,0,1.382028707060575e-05,0.0005776450449957338,0.0007132195714802947,0.05368640401866287,0.08048360899556428,0.1350063540157862,0.9393197699973825
tracking,supplemental_primary,,,,me5418-supplement-v1-0106,far,supplement-g010,True,,,,,1.0,3.7388323189123e-05,3.462685345929852e-05,3.555331646359805e-05,,0.020143365978729358,961,0,0.04201781293545489,0.04865203018749497,0.0,0.0,,,0.0,0.0,0.0,0,0,0,0,0,0,961,0,0,0,0,0,0,1.2758004686475033e-05,0.0005244393447052669,0.0005487383801361527,0.05235384401748888,0.07335369000793435,0.12648897198960185,0.7305299789877608
tracking,supplemental_primary,,,,me5418-supplement-v1-0107,near_link,supplement-g011,True,,,,,1.0,3.947160854494097e-05,3.598914265835145e-05,3.947160854494097e-05,0.016066915561371117,0.020154933643945418,0,0,0.018267065335467233,0.025302089269271133,0.0,0.0,,,0.0,0.0,0.0,0,0,0,961,0,0,961,0,0,0,0,0,0,1.3547631018203296e-05,0.0005528143490361496,0.0006346591061931879,0.053626059991074726,0.07833865302382037,0.1327662380062975,0.8209490580193233
tracking,supplemental_primary,,,,me5418-supplement-v1-0111,far,supplement-g015,True,,,,,1.0,5.736009779739511e-05,4.235666533320849e-05,2.8109128671187672e-05,,0.019804318121781787,961,0,0.047044493126473234,0.05181618614295171,0.0,0.0,,,0.0,0.0,0.0,0,0,0,0,0,0,961,0,0,0,0,0,0,1.2743421848426806e-05,0.0005202130625548307,0.0005446637194836512,0.053851884993491694,0.07308064302196726,0.1277166200161446,0.7229999169940129
tracking,supplemental_primary,,,,me5418-supplement-v1-0112,near_link,supplement-g016,False,external_collision_band,related_collision:obstacle,tracking,3.125,0.78125,3.472173212903395e-05,2.8254173772014093e-05,,6.289181372558933e-05,0.019823049356009002,0,0,0.05306296869195588,0.07673999555098501,0.0,0.0,,,0.0,0.0,0.0,0,1,0,740,0,0,751,0,0,0,0,0,0,1.3705732805343965e-05,0.0005688889536929006,0.0007055302717878173,0.053022706997580826,0.07996202001231723,0.13379176199669018,0.7285927000048105
tracking,supplemental_primary,,,,me5418-supplement-v1-0114,near_link,supplement-g018,False,external_collision_band,related_collision:obstacle,tracking,2.1291666666666664,0.5322916666666666,3.8871689866121417e-05,3.381363130685609e-05,,5.0442818945582724e-05,0.02007628573866419,0,0,0.050028489959195524,0.060358184557589636,0.0,0.0,,,0.0,0.0,0.0,0,1,0,512,0,0,512,0,0,0,0,0,0,1.325795073197811e-05,0.0005491539232666128,0.0006190929451930918,0.0548507210041862,0.07786824999493547,0.13352889200905338,0.4968787420075387
tracking,supplemental_primary,,,,me5418-supplement-v1-0116,far,supplement-g020,True,,,,,1.0,4.6092747237439234e-05,3.910634942488144e-05,3.5705892980283615e-05,,0.01996458634971015,961,0,0.043433980692479245,0.0551860928227626,0.0,0.0,,,0.0,0.0,0.0,0,0,0,0,0,0,961,0,0,0,0,0,0,1.3197890742352078e-05,0.0005316468781226528,0.0005563969202133497,0.05327034299261868,0.07337583799380809,0.12743666701135226,0.7380190320254769
tracking,supplemental_primary,,,,me5418-supplement-v1-0117,near_link,supplement-g021,True,,,,,1.0,5.6946399624392985e-05,4.5634410109023425e-05,2.7368161194172877e-05,0.031021655743087934,0.019846361712545738,0,0,0.04172643385747674,0.06082083352822707,0.0,0.0,,,0.0,0.0,0.0,0,0,0,0,0,0,961,0,0,0,0,0,0,1.363499040962779e-05,0.0005606252596104847,0.0006801098648187083,0.054611236992059276,0.08067729798494838,0.13614445400889963,0.8683262210106477
tracking,supplemental_primary,,,,me5418-supplement-v1-0119,near_link,supplement-g023,True,,,,,1.0,3.152373982020075e-05,2.2457301964419817e-05,2.8507187764479807e-05,0.015638836879387136,0.020041450165087488,0,0,0.0343458963899224,0.05001736977892257,0.0,0.0,,,0.0,0.0,0.0,0,0,0,961,0,0,961,0,0,0,0,0,0,1.3604530977318063e-05,0.0005634322279244468,0.0006504837911355328,0.05293407599674538,0.07906493899645284,0.13290965798660181,0.8362708269851282
tracking,supplemental_primary,,,,me5418-supplement-v1-0120,far,supplement-g000,True,,,,,1.0,7.05824189806437e-05,5.389031895996831e-05,3.654802052562921e-05,,0.019608520628025844,961,0,0.06554381681115022,0.08159868243433507,0.0,0.0,,,0.0,0.0,0.0,0,0,0,0,0,0,961,0,0,0,0,0,0,1.2884907694873013e-05,0.0005097884771203098,0.0005343969636669499,0.05414982297224924,0.07422237397986464,0.12918479499057867,0.7187523200118449
tracking,supplemental_primary,,,,me5418-supplement-v1-0123,near_link,supplement-g003,True,,,,,1.0,4.785931946501019e-05,3.6829711171193755e-05,2.3930206846185406e-05,0.02223647107391183,0.020153513757137878,0,0,0.03872595459885781,0.0381366070149968,0.0,0.0,,,0.0,0.0,0.0,0,0,0,410,0,0,961,0,0,0,0,0,0,1.3786939689452993e-05,0.0005650843340542148,0.0006899059473956489,0.053309836017433554,0.08066423097625375,0.13480722199892625,0.875208322016988
tracking,supplemental_primary,,,,me5418-supplement-v1-0125,far,supplement-g005,True,,,,,1.0,6.013092601556279e-05,4.287117901232847e-05,2.6129427449629135e-05,,0.019882865477028236,961,0,0.034438175300685984,0.045948705950416585,0.0,0.0,,,0.0,0.0,0.0,0,0,0,0,0,0,961,0,0,0,0,0,0,1.3008223656167198e-05,0.0005157947766141054,0.0005403997220431241,0.0543980419752188,0.07366187401930802,0.12889500401797704,0.723628378007561
tracking,supplemental_primary,,,,me5418-supplement-v1-0126,near_link,supplement-g006,True,,,,,1.0,2.9031304540184263e-05,2.69011020248622e-05,2.5879337889205406e-05,0.03674654423159153,0.020154889201537143,0,0,0.025077015055700206,0.02892321644897297,0.0,0.0,,,0.0,0.0,0.0,0,0,0,0,0,0,961,0,0,0,0,0,0,1.359591093811711e-05,0.0005637653919317624,0.000662619944493296,0.053157325979555026,0.08020625199424103,0.13417770701926202,0.8491425999964122
tracking,supplemental_primary,,,,me5418-supplement-v1-0129,tight_layout,supplement-g009,False,external_collision_band,related_collision:obstacle,tracking,3.1041666666666665,0.7760416666666666,2.9151722278547457e-05,2.5715211775676728e-05,,6.98684677595332e-05,0.01982884405034075,0,0,0.05338161806603702,0.067169096476604,0.0,0.0,,,0.0,0.0,0.0,0,1,0,746,0,0,746,0,0,0,0,0,0,1.3999147739123879e-05,0.0005723462724861307,0.0007080083708247583,0.05438555698492564,0.08120726299239323,0.136416306020692,0.7275274189887568
tracking,supplemental_primary,,,,me5418-supplement-v1-0130,far,supplement-g010,True,,,,,1.0,4.9215011300586086e-05,3.7896841187641554e-05,2.6644540805393578e-05,,0.020026253928877878,961,0,0.03719414081208732,0.03820642130209585,0.0,0.0,,,0.0,0.0,0.0,0,0,0,0,0,0,961,0,0,0,0,0,0,1.2701677254275031e-05,0.0005232048352506051,0.0005477498072044303,0.05419503597659059,0.07359060598537326,0.1285878980124835,0.7308879499905743
tracking,supplemental_primary,,,,me5418-supplement-v1-0131,near_link,supplement-g011,True,,,,,1.0,3.9720688544175824e-05,3.2064690491495954e-05,3.15978656938961e-05,0.028772229224035537,0.020000040639716915,0,0,0.04823006445175918,0.0714921354036989,0.0,0.0,,,0.0,0.0,0.0,0,0,0,395,0,0,961,0,0,0,0,0,0,1.3610843931625519e-05,0.0005512099801004903,0.0006286188610223083,0.052678809995995834,0.07744852700852789,0.13091580700711347,0.8133575680258218
tracking,supplemental_primary,,,,me5418-supplement-v1-0133,near_link,supplement-g013,True,,,,,1.0,5.526757453789423e-05,4.144221142630428e-05,2.7884503201124835e-05,0.019464741608568564,0.01992697642730229,0,0,0.03183991084265697,0.043765466407573436,0.0,0.0,,,0.0,0.0,0.0,0,0,0,961,0,0,961,0,0,0,0,0,0,1.3602720476531735e-05,0.0005497944248115043,0.0006313492532778279,0.0545822560088709,0.07855449599446729,0.13401610401342623,0.8215660020068754
tracking,supplemental_primary,,,,me5418-supplement-v1-0135,far,supplement-g015,True,,,,,1.0,3.452646367886379e-05,3.17895918861294e-05,3.1264161902510466e-05,,0.020125841911602473,961,0,0.027332439143698782,0.02573864269258435,0.0,0.0,,,0.0,0.0,0.0,0,0,0,0,0,0,961,0,0,0,0,0,0,1.3255020197296593e-05,0.0005422815590767035,0.0005674102638598318,0.05521238598157652,0.07480937600485049,0.13084869598969817,0.7558639589988161
tracking,supplemental_primary,,,,me5418-supplement-v1-0140,far,supplement-g020,True,,,,,1.0,5.982450387622764e-05,4.261948975799671e-05,3.227346014872278e-05,,0.019752377244270827,961,0,0.04383062112277225,0.04868217104282799,0.0,0.0,,,0.0,0.0,0.0,0,0,0,0,0,0,961,0,0,0,0,0,0,1.326293371069672e-05,0.0005285266391486706,0.0005535744198823522,0.056819602992618456,0.07528709800681099,0.13292222199379466,0.7424091769789811
tracking,supplemental_primary,,,,me5418-supplement-v1-0142,tight_layout,supplement-g022,True,,,,,1.0,3.354617783742809e-05,3.08875559841383e-05,2.97554776103061e-05,0.007200221189195333,0.020127199623339385,0,0,0.02762275115689911,0.03029287509010957,0.0,0.0,,,0.0,0.0,0.0,0,0,0,961,0,0,961,0,0,0,0,0,0,1.4231848581403028e-05,0.0005746188891559237,0.000668973918982374,0.05409704800695181,0.08023011998739094,0.13515515299513936,0.8598482830275316
tracking,supplemental_primary,,,,me5418-supplement-v1-0143,near_link,supplement-g023,True,,,,,1.0,3.003298081196817e-05,2.492255809434128e-05,2.8886290697897626e-05,0.019718844404525912,0.019865953139497926,0,0,0.0400307341888681,0.04904420486708205,0.0,0.0,,,0.0,0.0,0.0,0,0,0,499,0,0,961,0,0,0,0,0,0,1.4209045730240177e-05,0.0005820602870699077,0.0006869110292730814,0.05927553397486918,0.08164071600185707,0.14181091100908816,0.8903863889863715
tracking,supplemental_primary,,,,me5418-supplement-v1-0144,far,supplement-g000,True,,,,,1.0,5.708687428044928e-05,4.159545423350372e-05,3.6578485833140056e-05,,0.01990902833351421,961,0,0.027384415191838336,0.03463297999731438,0.0,0.0,,,0.0,0.0,0.0,0,0,0,0,0,0,961,0,0,0,0,0,0,1.3453055847397385e-05,0.0005353026968502188,0.0005607206127933751,0.0532307589892298,0.07501097398926504,0.12906394500168972,0.7488036210124847
tracking,supplemental_primary,,,,me5418-supplement-v1-0147,near_link,supplement-g003,True,,,,,1.0,5.997224435076159e-05,4.2637987963604974e-05,3.517931821364564e-05,0.0021163828593752515,0.0200537874315422,0,0,0.04172433854930337,0.043646573297371115,0.0,0.0,,,0.0,0.0,0.0,0,0,0,961,0,0,961,0,0,0,0,0,0,1.4068155148076281e-05,0.00057095119746009,0.0006545256374617263,0.056148681993363425,0.0826220269955229,0.13962330101639964,0.8533423820044845
tracking,supplemental_primary,,,,me5418-supplement-v1-0149,far,supplement-g005,True,,,,,1.0,5.480329538984739e-05,3.943675400809354e-05,3.482676823101011e-05,,0.020076509991504093,961,0,0.026805659286896735,0.03606925433050434,0.0,0.0,,,0.0,0.0,0.0,0,0,0,0,0,0,961,0,0,0,0,0,0,1.3330969219775094e-05,0.0005350751410333032,0.0005605160534893609,0.058307520987000316,0.07480979099636897,0.1339100700279232,0.7534884560154751
tracking,supplemental_primary,,,,me5418-supplement-v1-0150,near_link,supplement-g006,True,,,,,1.0,3.647240861788131e-05,2.695168353603969e-05,3.2768935719768e-05,0.010585550432331656,0.020127124670009704,0,0,0.03201554071971613,0.05019080331865425,0.0,0.0,,,0.0,0.0,0.0,0,0,0,961,0,0,961,0,0,0,0,0,0,1.4032708501569383e-05,0.0005987898246530676,0.0007210098992497175,0.05648454598849639,0.08288152501336299,0.14025049199699424,0.9173519239993766
tracking,supplemental_primary,,,,me5418-supplement-v1-0154,far,supplement-g010,True,,,,,1.0,5.0872728639750265e-05,3.7432447037527544e-05,2.9223000357273182e-05,,0.02002169053583879,961,0,0.032736092536063334,0.030878069972785593,0.0,0.0,,,0.0,0.0,0.0,0,0,0,0,0,0,961,0,0,0,0,0,0,1.3253103588795057e-05,0.0005367904695049219,0.0005620829249892267,0.054224613995756954,0.07562331701046787,0.1307057419908233,0.749055263993796
tracking,supplemental_primary,,,,me5418-supplement-v1-0155,near_link,supplement-g011,True,,,,,1.0,3.29732258381576e-05,2.7640995491223335e-05,2.7362766452740075e-05,0.03738043017066711,0.020022674525087485,0,0,0.035388680034779366,0.05192554997910907,0.0,0.0,,,0.0,0.0,0.0,0,0,0,0,0,0,961,0,0,0,0,0,0,1.3618300575520456e-05,0.0005689830778768131,0.0006606332491780146,0.05605245698825456,0.08004180699936114,0.13693057501222938,0.8521855670260265
tracking,supplemental_primary,,,,me5418-supplement-v1-0157,near_link,supplement-g013,True,,,,,1.0,5.71257355737678e-05,4.245132480428083e-05,2.8342933909932848e-05,0.04351297641695143,0.019952441824146593,0,0,0.037781670007296785,0.04143285479266917,0.0,0.0,,,0.0,0.0,0.0,0,0,0,0,0,0,961,0,0,0,0,0,0,1.379212487033025e-05,0.0005653882971576725,0.0006503086667483634,0.05413647601380944,0.07975363000878133,0.13477840498671867,0.8408613030042034
tracking,supplemental_primary,,,,me5418-supplement-v1-0159,far,supplement-g015,True,,,,,1.0,4.599174541971391e-05,4.055386777852848e-05,4.148429659380765e-05,,0.020034320085652355,961,0,0.03926431698244693,0.040724061129307904,0.0,0.0,,,0.0,0.0,0.0,0,0,0,0,0,0,961,0,0,0,0,0,0,1.3634042261401191e-05,0.0005417602846137015,0.0005671042214392704,0.057399381999857724,0.07481066801119596,0.13304173000506125,0.7591100979770999
tracking,supplemental_primary,,,,me5418-supplement-v1-0162,near_link,supplement-g018,True,,,,,1.0,3.584775909465496e-05,3.196326109195687e-05,3.222393693175166e-05,0.01801446066819351,0.02014458760462709,0,0,0.020184906042731196,0.019584753667196607,0.0,0.0,,,0.0,0.0,0.0,0,0,0,961,0,0,961,0,0,0,0,0,0,1.3098243622759279e-05,0.0005511500451878722,0.0006206434268885157,0.05524304500431754,0.07921740500023589,0.1353070700133685,0.810280524980044
tracking,supplemental_primary,,,,me5418-supplement-v1-0164,far,supplement-g020,True,,,,,1.0,5.2677816828993384e-05,3.8312080458554677e-05,3.009322098867363e-05,,0.01997345650060161,961,0,0.030165886123713258,0.029328625685978105,0.0,0.0,,,0.0,0.0,0.0,0,0,0,0,0,0,961,0,0,0,0,0,0,1.2879845144198043e-05,0.0005212663569485206,0.0005456633977701131,0.05443920599645935,0.07386244300869294,0.1290972320130095,0.7292771640059073
tracking,supplemental_primary,,,,me5418-supplement-v1-0165,near_link,supplement-g021,False,external_collision_band,related_collision:obstacle,tracking,1.1166666666666667,0.2791666666666667,4.8623067664325374e-05,3.4425197965438696e-05,,8.840044727802948e-05,0.020140068503184942,0,0,0.056430205876326946,0.04769881481556357,0.0,0.0,,,0.0,0.0,0.0,0,1,0,269,0,0,269,0,0,0,0,0,0,1.379160837839461e-05,0.0005688486083666099,0.0006855826246301963,0.053123297984711826,0.08074950898298994,0.1346979759982787,0.34911563398782164
tracking,supplemental_primary,,,,me5418-supplement-v1-0166,tight_layout,supplement-g022,True,,,,,1.0,3.2927356280453854e-05,3.0858358098856776e-05,3.081816259132797e-05,0.0021211007361889717,0.020147268761085572,0,0,0.015336224294912408,0.019088400524663568,0.0,0.0,,,0.0,0.0,0.0,0,0,0,961,0,0,961,0,0,0,0,0,0,1.3728864208436184e-05,0.0005624360430071343,0.0006553670219849058,0.05451105898828246,0.07988860001205467,0.13520753697957844,0.8429665309959091
tracking,supplemental_primary,,,,me5418-supplement-v1-0168,far,supplement-g000,True,,,,,1.0,6.231228681651461e-05,4.5834927231995444e-05,2.6773729599747923e-05,,0.019703546454618005,961,0,0.03920282835090262,0.04947895258819626,0.0,0.0,,,0.0,0.0,0.0,0,0,0,0,0,0,961,0,0,0,0,0,0,1.266791196030681e-05,0.0005159875863379663,0.0005405471604717604,0.05424958499497734,0.07375945700914599,0.12882008499582298,0.7255143289803527
tracking,supplemental_primary,,,,me5418-supplement-v1-0171,near_link,supplement-g003,True,,,,,1.0,5.211724152821066e-05,3.786915444813318e-05,2.9713671417312266e-05,0.02511950985746038,0.02007340709059692,0,0,0.020523294629498968,0.01991454043569621,0.0,0.0,,,0.0,0.0,0.0,0,0,0,961,0,0,961,0,0,0,0,0,0,1.3308053591269223e-05,0.0005579392627320582,0.0006688491107828061,0.052941722999094054,0.08071057198685594,0.13450852301320992,0.907663596997736
tracking,supplemental_primary,,,,me5418-supplement-v1-0173,far,supplement-g005,True,,,,,1.0,6.0004427464816274e-05,4.302671545104495e-05,2.6383668697044207e-05,,0.020028922888569826,961,0,0.03815367846278111,0.043373137986164906,0.0,0.0,,,0.0,0.0,0.0,0,0,0,0,0,0,961,0,0,0,0,0,0,1.3002172939498754e-05,0.000517786497069513,0.0005422751738175673,0.05420010999660008,0.0739145380211994,0.12892547002411447,0.7262123999826144
tracking,supplemental_primary,,,,me5418-supplement-v1-0177,tight_layout,supplement-g009,True,,,,,1.0,3.472188656602223e-05,3.2233405106536086e-05,3.4710533832104584e-05,0.005019127958053149,0.020154933643945418,0,0,0.01725304044301397,0.022224572923485272,0.0,0.0,,,0.0,0.0,0.0,0,0,0,961,0,0,961,0,0,0,0,0,0,1.3916311975966286e-05,0.0005693845968380628,0.0007068850236767806,0.053840770007809624,0.08119995499146171,0.13591241199173965,0.8940769559994806
tracking,supplemental_primary,,,,me5418-supplement-v1-0178,far,supplement-g010,True,,,,,1.0,4.796904547169159e-05,3.597221919489696e-05,2.773772830216995e-05,,0.020080724826578203,961,0,0.0245361376860683,0.023958299369120833,0.0,0.0,,,0.0,0.0,0.0,0,0,0,0,0,0,961,0,0,0,0,0,0,1.2928333489981014e-05,0.0005250580018582695,0.0005498753175440167,0.05378941199160181,0.0741861290007364,0.1288115899951663,0.7338304170116317
tracking,supplemental_primary,,,,me5418-supplement-v1-0179,near_link,supplement-g011,True,,,,,1.0,3.258995656401322e-05,2.8318346599003495e-05,2.9158116228156908e-05,0.016102868564283362,0.020097253302476893,0,0,0.024916133074262953,0.03652062710758114,0.0,0.0,,,0.0,0.0,0.0,0,0,0,961,0,0,961,0,0,0,0,0,0,1.3553981413375974e-05,0.0005536503096664092,0.0006427769856297042,0.053732153988676146,0.0778979719907511,0.1325124729773961,0.8291641179821454
tracking,supplemental_primary,,,,me5418-supplement-v1-0181,near_link,supplement-g013,True,,,,,1.0,3.98042851494218e-05,3.621147763648579e-05,3.582016072986327e-05,0.03454008515315382,0.020124701256398807,0,0,0.018203200054285107,0.022834670307997906,0.0,0.0,,,0.0,0.0,0.0,0,0,0,0,0,0,961,0,0,0,0,0,0,1.3683271239036307e-05,0.0005522827597512029,0.0006331596260982527,0.05444762602564879,0.07829409101395868,0.1335835159989074,0.8196672099875286
tracking,supplemental_primary,,,,me5418-supplement-v1-0183,far,supplement-g015,True,,,,,1.0,3.0564586213060395e-05,2.8336592034906272e-05,2.8843742676690696e-05,,0.020154933643945418,961,0,0.019330670331672073,0.019691601245845926,0.0,0.0,,,0.0,0.0,0.0,0,0,0,0,0,0,961,0,0,0,0,0,0,1.3255786295000386e-05,0.0005419571889433428,0.000567055824073274,0.05083462697803043,0.07433299298281781,0.12595883500762284,0.7485366280016024
tracking,supplemental_primary,,,,me5418-supplement-v1-0186,near_link,supplement-g018,True,,,,,1.0,3.677930648508093e-05,3.233918910418864e-05,3.266458721305436e-05,0.00748610663983898,0.020131846246366956,0,0,0.024257362947575595,0.02811280325804299,0.0,0.0,,,0.0,0.0,0.0,0,0,0,961,0,0,961,0,0,0,0,0,0,1.331276598648401e-05,0.0005516280925197255,0.0006218735505778265,0.05376471200725064,0.07770779001293704,0.1323138319712598,0.8090576290269382
tracking,supplemental_primary,,,,me5418-supplement-v1-0188,far,supplement-g020,True,,,,,1.0,5.0874018028602355e-05,3.818050428043848e-05,2.7399886253846426e-05,,0.01999260732139479,961,0,0.031015097758785533,0.027288395315238995,0.0,0.0,,,0.0,0.0,0.0,0,0,0,0,0,0,961,0,0,0,0,0,0,1.2949583682105489e-05,0.0005245057700752416,0.0005490385051416524,0.05311381199862808,0.07401432900223881,0.12795170699246228,0.7326203330012504
tracking,supplemental_primary,,,,me5418-supplement-v1-0191,near_link,supplement-g023,True,,,,,1.0,3.6583844579571466e-05,2.805716230287042e-05,3.5381702769487344e-05,0.022192177029777715,0.020037700165708557,0,0,0.03137101161728658,0.03395356410322628,0.0,0.0,,,0.0,0.0,0.0,0,0,0,561,0,0,961,0,0,0,0,0,0,1.3543968937786607e-05,0.0005720369481423404,0.0006601897676773661,0.054010838008252904,0.07966839199070819,0.13454618799732998,0.8510173299873713
tracking,supplemental_primary,,,,me5418-supplement-v1-0192,far,supplement-g000,True,,,,,1.0,6.610684816695149e-05,4.865778739336142e-05,3.223459190152579e-05,,0.019614930316007258,961,0,0.04931745001242834,0.061787250084899215,0.0,0.0,,,0.0,0.0,0.0,0,0,0,0,0,0,961,0,0,0,0,0,0,1.2952900760865305e-05,0.0005138797892565587,0.0005382442577986997,0.05256228899816051,0.07369638601085171,0.12706922698998824,0.7200668180012144
APF_fixed,supplemental_primary,,,,me5418-supplement-v1-0000,far,supplement-g000,True,,,,,1.0,5.7436854114137676e-05,4.147032322851441e-05,3.47353140736491e-05,,0.01988006679914968,961,0,0.028933637057457766,0.03687451075983181,0.0,0.0,,,0.0,0.0,0.0,0,0,0,0,0,0,961,0,0,0,0,0,0,2.741928134734432e-05,0.0005206991419375602,0.0005483748586205668,0.05255235900403932,0.07375960500212386,0.12710834000608884,0.7312196269922424
APF_fixed,supplemental_primary,,,,me5418-supplement-v1-0001,near_link,supplement-g001,True,,,,,1.0,7.12710377652331e-05,6.258695480488483e-05,5.8704884504704504e-05,0.007649217435170275,0.019608394165590147,0,0,0.16967129468189537,0.16238656990200628,0.0,0.0,,,0.19642857142857137,1.0,0.07953174446212433,0,0,0,924,0,0,961,0,0,0,0,0,0,0.00028232401488518616,0.0005700111567724283,0.0007553638425330671,0.05369726198841818,0.08184838001034223,0.1363735559862107,0.9475236159923952
APF_fixed,supplemental_primary,,,,me5418-supplement-v1-0005,far,supplement-g005,True,,,,,1.0,4.3824200206379076e-05,3.539189846622128e-05,2.47141850364066e-05,,0.020152242821690536,961,0,0.015940417744213863,0.01971529890454815,0.0,0.0,,,0.0,0.0,0.0,0,0,0,0,0,0,961,0,0,0,0,0,0,2.7351634495668502e-05,0.000525839840338449,0.0005534433347141506,0.05356582297827117,0.07438266000826843,0.12873598100850359,0.7377986799983773
APF_fixed,supplemental_primary,,,,me5418-supplement-v1-0006,near_link,supplement-g006,True,,,,,1.0,5.3235957032795495e-05,4.194425741059004e-05,5.151366581302484e-05,0.041851902887720935,0.019955657460072225,0,0,0.24161946476085866,0.185037616094458,0.0,0.0,,,0.009672619047619046,0.046875,0.02699382749994467,0,0,0,0,0,0,961,0,0,0,0,0,0,0.00014715235859815343,0.0005766519028535792,0.0007288334265164546,0.052488696994259953,0.08051917498232797,0.13383928302209824,0.9208722670155112
APF_fixed,supplemental_primary,,,,me5418-supplement-v1-0010,far,supplement-g010,True,,,,,1.0,3.289312540681326e-05,3.049838747419108e-05,3.1005672380636844e-05,,0.020150562872721045,961,0,0.028117779483729937,0.032125676728311466,0.0,0.0,,,0.0,0.0,0.0,0,0,0,0,0,0,961,0,0,0,0,0,0,2.728168252967104e-05,0.0005313042644653857,0.0005589113981235035,0.05312171301920898,0.07385550101753324,0.127838611981133,0.7489272370003164
APF_fixed,supplemental_primary,,,,me5418-supplement-v1-0011,near_link,supplement-g011,True,,,,,1.0,4.987084535933419e-05,3.933213671861528e-05,3.566686599723148e-05,0.04435910783350419,0.020149678412632883,0,0,0.07126368970325238,0.06852769304730966,0.0,0.0,,,0.0,0.0,0.02318292653327349,0,0,0,0,0,0,961,0,0,0,0,0,0,0.00011516864697114215,0.0005564845908338611,0.0006479400825204115,0.05889401902095415,0.07949030899908394,0.13923422500374727,0.8480798309901729
APF_fixed,supplemental_primary,,,,me5418-supplement-v1-0013,near_link,supplement-g013,True,,,,,1.0,5.824658815135788e-05,5.030796752675425e-05,4.453555048463952e-05,0.03859309407257737,0.01974813792451665,0,0,0.15729043597769274,0.14028980721352666,0.0,0.0,,,0.031249999999999997,0.15104166666666666,0.02670161091372994,0,0,0,0,0,0,961,0,0,0,0,0,0,0.00016195422843641913,0.0005789526797949899,0.0006930087869780739,0.05431841197423637,0.0784194040170405,0.13355578301707283,0.887381375010591
APF_fixed,supplemental_primary,,,,me5418-supplement-v1-0015,far,supplement-g015,True,,,,,1.0,4.607953171563084e-05,4.084696977113901e-05,4.2654358263554404e-05,,0.02004141146611848,961,0,0.032141321976748356,0.031584663046984984,0.0,0.0,,,0.0,0.0,0.0,0,0,0,0,0,0,961,0,0,0,0,0,0,2.75950471101775e-05,0.0005305883408254885,0.0005584521806971073,0.05356782299350016,0.0750239769986365,0.12940237199654803,0.7428365589876194
APF_fixed,supplemental_primary,,,,me5418-supplement-v1-0018,near_link,supplement-g018,True,,,,,1.0,5.964184347399386e-05,4.8551185557682626e-05,3.0170211914579903e-05,0.018803275687048718,0.019725229109492613,0,0,0.13871204818718785,0.13006725460061733,0.0,0.0,,,0.1264880952380952,0.8854166666666666,0.04842892792391863,0,0,0,303,0,0,961,0,0,0,0,0,0,0.0001458873013386134,0.0005598986651421001,0.0006570649481849008,0.05291810500784777,0.07799838698701933,0.13173771201400086,0.8487581989902537
APF_fixed,supplemental_primary,,,,me5418-supplement-v1-0020,far,supplement-g020,True,,,,,1.0,6.383998750358262e-05,4.58642706193436e-05,3.606533461260852e-05,,0.019648766429467335,961,0,0.049707851053017525,0.060586994666423734,0.0,0.0,,,0.0,0.0,0.0,0,0,0,0,0,0,961,0,0,0,0,0,0,2.7373228173625346e-05,0.0005201854386238362,0.0005479422445811603,0.05631030397489667,0.07472408801550046,0.1318811819946859,0.7351019519846886
APF_fixed,supplemental_primary,,,,me5418-supplement-v1-0021,near_link,supplement-g021,True,,,,,1.0,5.812382918010952e-05,4.3112362746584625e-05,3.1631635046269486e-05,0.027429776168846134,0.019919708441673248,0,0,0.29271618457767096,0.20263336227655537,0.0,0.0,,,0.03794642857142856,0.18229166666666666,0.023334199693020027,0,0,0,11,0,0,961,0,0,0,0,0,0,0.00013032094299584665,0.0005729151832080485,0.0006998164662339452,0.053201017988612875,0.08175449300324544,0.13579682097770274,0.8940264630073216
APF_fixed,supplemental_primary,,,,me5418-supplement-v1-0022,tight_layout,supplement-g022,True,,,,,1.0,7.050705396595507e-05,6.329948728089523e-05,5.241623682492412e-05,0.019327834346515166,0.0196087189889895,0,0,0.27671637210662564,0.20906501072229813,0.0,0.0,,,0.0587797619047619,0.17708333333333334,0.03649336598125002,0,0,0,50,0,0,961,0,0,0,0,0,0,0.0001394521361059257,0.0005723688706287551,0.0007084774931172433,0.05342984898015857,0.08050685399211943,0.13477899599820375,0.9014576410118025
APF_fixed,supplemental_primary,,,,me5418-supplement-v1-0023,near_link,supplement-g023,True,,,,,1.0,5.048920667790829e-05,3.0482546685318004e-05,3.0001525928093694e-05,0.03239327571556404,0.020083295366818493,0,0,0.19221250141287144,0.15544741122665168,0.0,0.0,,,0.0431547619047619,0.203125,0.027976850537209524,0,0,0,0,0,0,961,0,0,0,0,0,0,0.00014458219144823184,0.0005662554708275517,0.0006753803795315132,0.05334599001798779,0.07863032701425254,0.1328220450086519,0.8684077310026623
APF_fixed,supplemental_primary,,,,me5418-supplement-v1-0024,far,supplement-g000,True,,,,,1.0,6.495404357751157e-05,4.6895540775213886e-05,3.0256931196412405e-05,,0.0196761528817496,961,0,0.045207539141826805,0.052150019718610774,0.0,0.0,,,0.0,0.0,0.0,0,0,0,0,0,0,961,0,0,0,0,0,0,2.7261020174288813e-05,0.0005161715034470641,0.0005437249430542579,0.05362957500619814,0.07425302400952205,0.12868358299601823,0.7270021389995236
APF_fixed,supplemental_primary,,,,me5418-supplement-v1-0027,near_link,supplement-g003,True,,,,,1.0,6.978556298527432e-05,5.218315836550838e-05,2.9637674236096138e-05,0.01709254380557998,0.019608769215557827,0,0,0.29931942703276854,0.20649536462679766,0.0,0.0,,,0.03794642857142857,0.18229166666666666,0.026540250295623336,0,0,0,56,0,0,961,0,0,0,0,0,0,0.00012591495897140703,0.0005547479377128184,0.0006770577732216528,0.05340016100672074,0.08019107300788164,0.13444545801030472,0.8706501559936441
APF_fixed,supplemental_primary,,,,me5418-supplement-v1-0029,far,supplement-g005,True,,,,,1.0,5.608779258810543e-05,4.009067166425074e-05,3.6226597423779455e-05,,0.020126149557739184,961,0,0.03666372936714998,0.04778016809049865,0.0,0.0,,,0.0,0.0,0.0,0,0,0,0,0,0,961,0,0,0,0,0,0,2.7539375575239926e-05,0.0005217600210016826,0.0005495616144495822,0.053331069997511804,0.073832267022226,0.1279667639755644,0.7322383429855108
APF_fixed,supplemental_primary,,,,me5418-supplement-v1-0030,near_link,supplement-g006,True,,,,,1.0,7.800600735285255e-05,5.816640065343217e-05,3.997482888916703e-05,0.01767943921038241,0.01960864752262307,0,0,0.18151029626948562,0.14486117302255858,0.0,0.0,,,0.0706845238095238,0.28125,0.030417333717824097,0,0,0,75,0,0,961,0,0,0,0,0,0,0.00014631316616942058,0.0005751806043311565,0.0007236188633820954,0.05288230098085478,0.08103516697883606,0.13475305700558238,0.9164829429937527
APF_fixed,supplemental_primary,,,,me5418-supplement-v1-0034,far,supplement-g010,True,,,,,1.0,3.894567906285172e-05,3.5819968881599635e-05,3.781154534463132e-05,,0.02012634115890647,961,0,0.01994551163895962,0.021874906102194527,0.0,0.0,,,0.0,0.0,0.0,0,0,0,0,0,0,961,0,0,0,0,0,0,2.736065228721903e-05,0.0005288541224520789,0.0005566262257768055,0.05245937098516151,0.07374843701836653,0.12702537298901007,0.7385344700014684
APF_fixed,supplemental_primary,,,,me5418-supplement-v1-0035,near_link,supplement-g011,True,,,,,1.0,8.730979594394607e-05,5.871294925667517e-05,3.816839415341497e-05,0.015877322733144517,0.019608374482345772,0,0,0.35053509327711546,0.15810039615133303,0.0,0.0,,,0.08705357142857141,0.328125,0.04331460719609976,0,0,0,148,0,0,961,0,0,0,0,0,0,0.0001235905059123373,0.0005677721093888977,0.0006831338351124335,0.0522640319832135,0.07899608099251054,0.13205762999132276,0.8744092920096591
APF_fixed,supplemental_primary,,,,me5418-supplement-v1-0039,far,supplement-g015,True,,,,,1.0,4.556803160240093e-05,4.041450998377445e-05,4.191967164893284e-05,,0.02004545954263305,961,0,0.03487648611909224,0.035670137291380855,0.0,0.0,,,0.0,0.0,0.0,0,0,0,0,0,0,961,0,0,0,0,0,0,2.725374573249913e-05,0.0005275526724290103,0.0005549289565048336,0.05288585598464124,0.07366785200429149,0.12733972401474603,0.7370530530170072
APF_fixed,supplemental_primary,,,,me5418-supplement-v1-0042,near_link,supplement-g018,True,,,,,1.0,5.345150239932368e-05,4.192462591751042e-05,2.2076516922634183e-05,0.024712057057360445,0.019753635120356806,0,0,0.12988050481868196,0.1004032863481138,0.0,0.0,,,0.08110119047619045,0.5677083333333334,0.03594444834755829,0,0,0,89,0,0,961,0,0,0,0,0,0,0.00013061491578506926,0.0005573236123685395,0.0006506899477547752,0.054318912007147446,0.07835416600573808,0.13349882900365628,0.8433184460154735
APF_fixed,supplemental_primary,,,,me5418-supplement-v1-0044,far,supplement-g020,True,,,,,1.0,4.952085016153352e-05,3.7365155123122774e-05,2.7164898363176926e-05,,0.020026953688086116,961,0,0.026704851944385384,0.02371401408105045,0.0,0.0,,,0.0,0.0,0.0,0,0,0,0,0,0,961,0,0,0,0,0,0,2.7391621794474002e-05,0.0005254370838277586,0.0005532339955607313,0.052217051008483395,0.07385248900391161,0.12691061000805348,0.7343051299976651
APF_fixed,supplemental_primary,,,,me5418-supplement-v1-0046,tight_layout,supplement-g022,True,,,,,1.0,6.778154224251727e-05,5.456126868610627e-05,4.6705392399275495e-05,0.010851012774293053,0.0196326290682326,0,0,0.30627565222593206,0.21285210064629542,0.0,0.0,,,0.06845238095238095,0.19791666666666666,0.036473570961442714,0,0,0,95,0,0,961,0,0,0,0,0,0,0.00013248941271134149,0.0005695842721555285,0.0007077106823696037,0.05257162099587731,0.08049602102255449,0.13395784399472177,0.9072248990123626
APF_fixed,supplemental_primary,,,,me5418-supplement-v1-0047,near_link,supplement-g023,True,,,,,1.0,8.101379811583243e-05,4.486260448045653e-05,2.8177061419294182e-05,0.01545446061004073,0.019641774404281838,0,0,0.37421970081077727,0.1783130427515988,0.0,0.0,,,0.07142857142857141,0.2708333333333333,0.03253585952235055,0,0,0,90,0,0,961,0,0,0,0,0,0,0.00014389648958967882,0.0005684936249053862,0.0006869121135726649,0.05186340201180428,0.07973425099044107,0.1323953300016001,0.8784380559809506
APF_fixed,supplemental_primary,,,,me5418-supplement-v1-0048,far,supplement-g000,True,,,,,1.0,5.8330382052132415e-05,4.261695219047939e-05,2.5901612009348566e-05,,0.01990087671614748,961,0,0.031099489927102056,0.042645334573968796,0.0,0.0,,,0.0,0.0,0.0,0,0,0,0,0,0,961,0,0,0,0,0,0,2.744998937487253e-05,0.0005197588286137034,0.000547734446930311,0.05191435699816793,0.07378793499083258,0.12656428100308403,0.730416514998069
APF_fixed,supplemental_primary,,,,me5418-supplement-v1-0051,near_link,supplement-g003,True,,,,,1.0,6.147941838477261e-05,4.6228231146362974e-05,3.094762141828047e-05,0.04508392004120823,0.01971171233461607,0,0,0.18168674006070767,0.1412613884877634,0.0,0.0,,,0.020089285714285712,0.109375,0.02100431590988559,0,0,0,0,0,0,961,0,0,0,0,0,0,0.00014117397980347354,0.0005573657601720091,0.0007151377924856206,0.053783137002028525,0.08039396500680596,0.13500288300565444,0.9089121419820003
APF_fixed,supplemental_primary,,,,me5418-supplement-v1-0053,far,supplement-g005,True,,,,,1.0,5.051234306073752e-05,3.667632664531846e-05,3.101232712794718e-05,,0.02012139892961093,961,0,0.022902991992768667,0.034999519661884054,0.0,0.0,,,0.0,0.0,0.0,0,0,0,0,0,0,961,0,0,0,0,0,0,2.7654039665018598e-05,0.0005231628096832234,0.0005509483876570205,0.05301808100193739,0.0733520390058402,0.1271823949937243,0.7328023829904851
APF_fixed,supplemental_primary,,,,me5418-supplement-v1-0054,near_link,supplement-g006,True,,,,,1.0,9.196507045846941e-05,7.674313654720478e-05,5.712472252864945e-05,0.03137828799751878,0.019608535096007837,0,0,0.15226371575152348,0.15550456377615604,0.0,0.0,,,0.0751488095238095,0.2916666666666667,0.03910701564588185,0,0,0,0,0,0,961,0,0,0,0,0,0,0.00024291342833748786,0.000573826897834806,0.0007392250054181204,0.05244108001352288,0.08041824898100458,0.13368629198521376,0.9286885529872961
APF_fixed,supplemental_primary,,,,me5418-supplement-v1-0055,tight_layout,supplement-g007,True,,,,,1.0,7.802849276621983e-05,6.789845600108637e-05,7.256418379522198e-05,0.008520627327643485,0.02010233383131653,0,0,0.11471652778146059,0.07731923680001582,0.0,0.0,,,0.3720238095238095,1.0,0.10888868342137788,0,0,0,939,0,0,961,0,0,0,0,0,0,0.00019448451636587075,0.000578354608569498,0.0007496659991678219,0.05301304999738932,0.08241355800419115,0.13635592500213534,0.9429713130230084
APF_fixed,supplemental_primary,,,,me5418-supplement-v1-0058,far,supplement-g010,True,,,,,1.0,4.2238745694232624e-05,3.7851215897465135e-05,3.8823272858769085e-05,,0.020074932915813047,961,0,0.028502336332056174,0.02770548771117352,0.0,0.0,,,0.0,0.0,0.0,0,0,0,0,0,0,961,0,0,0,0,0,0,2.756716063837909e-05,0.0005296725262572484,0.0005574534698098432,0.05334215101902373,0.07476099900668487,0.12889247099519707,0.7414243830135092
APF_fixed,supplemental_primary,,,,me5418-supplement-v1-0059,near_link,supplement-g011,True,,,,,1.0,5.601151661671694e-05,5.141198386073756e-05,5.384320680023329e-05,0.04828584296708299,0.01972936339279953,0,0,0.06806558901509047,0.06482661828407515,0.0,0.0,,,0.0,0.0,0.027780780154960064,0,0,0,0,0,0,961,0,0,0,0,0,0,0.00014541153177560773,0.0005591804109523461,0.0006675608895117572,0.05205318602384068,0.07884568502777256,0.13174980800249614,0.8590743120003026
APF_fixed,supplemental_primary,,,,me5418-supplement-v1-0061,near_link,supplement-g013,True,,,,,1.0,9.534474701358853e-05,7.399589556873782e-05,5.000040897812916e-05,0.0056866949652533555,0.02000336129041856,0,0,0.1710625775279184,0.11366895898760487,0.0,0.0,,,0.25595238095238093,0.8645833333333334,0.07887059325104902,0,0,0,420,0,0,961,0,0,0,0,0,0,0.00017278494851780124,0.0005608768629220624,0.0006888532882233752,0.05327737799962051,0.08011030298075639,0.13425698297214694,0.9187430320016574
APF_fixed,supplemental_primary,,,,me5418-supplement-v1-0063,far,supplement-g015,True,,,,,1.0,5.187569659025897e-05,3.998461823679201e-05,2.6699783726529566e-05,,0.019943259366819142,961,0,0.039788737816376867,0.035619968194199644,0.0,0.0,,,0.0,0.0,0.0,0,0,0,0,0,0,961,0,0,0,0,0,0,2.76973382824508e-05,0.0005287306998676892,0.0005566400532491874,0.051691770990146324,0.07472413498908281,0.12723751799785532,0.7394191769999452
APF_fixed,supplemental_primary,,,,me5418-supplement-v1-0064,near_link,supplement-g016,True,,,,,1.0,5.3274561426907865e-05,4.7299987421081276e-05,4.910578426339481e-05,0.016519096485852675,0.019750303624005983,0,0,0.0985303841197939,0.09092177909824134,0.0,0.0,,,0.39583333333333326,1.0,0.10318083329325287,0,0,0,446,0,0,961,0,0,0,0,0,0,0.00023065578170644585,0.0005814451339271424,0.0007613919587432368,0.053683714009821415,0.08257037799921818,0.13707884898758493,0.9613746909890324
APF_fixed,supplemental_primary,,,,me5418-supplement-v1-0066,near_link,supplement-g018,True,,,,,1.0,6.967162865285698e-05,5.507628282940929e-05,3.6008684778255386e-05,0.031724057321306995,0.019719984170732036,0,0,0.09666293116460266,0.12940511946385944,0.0,0.0,,,0.11904761904761901,0.8333333333333334,0.03365523363900978,0,0,0,0,0,0,961,0,0,0,0,0,0,0.00014873904183332343,0.0005729399805810923,0.0006825471174731016,0.05427007001708262,0.080862500006333,0.1360168710234575,0.8771584000205621
APF_fixed,supplemental_primary,,,,me5418-supplement-v1-0068,far,supplement-g020,True,,,,,1.0,4.684889094212438e-05,4.1477352921472275e-05,4.322135559882149e-05,,0.020034434396815563,961,0,0.022523777751959493,0.028569117971463123,0.0,0.0,,,0.0,0.0,0.0,0,0,0,0,0,0,961,0,0,0,0,0,0,2.7092197645591416e-05,0.000528291369573708,0.0005560816724937467,0.053651761991204694,0.07424864399945363,0.12872209900524467,0.7398377250065096
APF_fixed,supplemental_primary,,,,me5418-supplement-v1-0072,far,supplement-g000,True,,,,,1.0,6.703364788804526e-05,4.996262890479885e-05,3.642564388384325e-05,,0.019610087908083107,961,0,0.05185830484057753,0.0640781349295978,0.0,0.0,,,0.0,0.0,0.0,0,0,0,0,0,0,961,0,0,0,0,0,0,2.7791488719230983e-05,0.0005154608010646673,0.0005435175480367131,0.05358261099900119,0.07453702899510972,0.12893459899351,0.728151910007
APF_fixed,supplemental_primary,,,,me5418-supplement-v1-0073,near_link,supplement-g001,True,,,,,1.0,7.224254428654631e-05,6.219304407194288e-05,4.961089878915354e-05,0.004401541272679374,0.0196083731882467,0,0,0.19706630550015136,0.18941588033568552,0.0,0.0,,,0.25669642857142855,0.7864583333333334,0.07798896942087412,0,0,0,307,0,0,961,0,0,0,0,0,0,0.00024164097931134165,0.0005701189572391741,0.0007518318314093146,0.05299494002247229,0.08378674200503156,0.13761950499610975,0.9461736730008852
APF_fixed,supplemental_primary,,,,me5418-supplement-v1-0074,tight_layout,supplement-g002,False,external_collision_band,related_collision:obstacle,tracking,0.7166666666666667,0.17916666666666667,9.970670668536399e-05,7.62965478548863e-05,,8.844545263860665e-05,0.020154933643945418,0,0,0.14127155701198343,0.05365904148823891,0.0,0.0,,,0.5714285714285715,1.0,0.14089583052580326,0,1,0,173,0,0,173,0,0,0,0,0,0,0.00014836685815160827,0.0005749333553424993,0.0007262090630531528,0.05335082099190913,0.08044491801410913,0.13461909399484284,0.2855576490110252
APF_fixed,supplemental_primary,,,,me5418-supplement-v1-0075,near_link,supplement-g003,True,,,,,1.0,6.798715935795345e-05,5.0230646135011345e-05,3.129168173301732e-05,0.02521901302276297,0.019608949707924685,0,0,0.3012641810766591,0.2067718967925501,0.0,0.0,,,0.029761904761904757,0.16145833333333334,0.022480551608151173,0,0,0,21,0,0,961,0,0,0,0,0,0,0.00013012804629397579,0.0005609252875425834,0.0006990956541206591,0.053931828995700926,0.08056110699544661,0.13534664799226448,0.8963290579849854
APF_fixed,supplemental_primary,,,,me5418-supplement-v1-0077,far,supplement-g005,True,,,,,1.0,5.3863579981595725e-05,3.865251019500303e-05,3.1396293664060736e-05,,0.020107818739217444,961,0,0.028640173742157226,0.028646539117648306,0.0,0.0,,,0.0,0.0,0.0,0,0,0,0,0,0,961,0,0,0,0,0,0,2.824878599009632e-05,0.0005311949402918496,0.0005591347237289786,0.05509755000821315,0.07444777700584382,0.13035897401277907,0.746745816024486
APF_fixed,supplemental_primary,,,,me5418-supplement-v1-0078,near_link,supplement-g006,True,,,,,1.0,7.053210326082098e-05,5.598754503864426e-05,4.512435658485157e-05,0.02072865491848172,0.01960913690626085,0,0,0.2526997260168815,0.20593343856683635,0.0,0.0,,,0.05059523809523809,0.18229166666666666,0.035130169630105984,0,0,0,55,0,0,961,0,0,0,0,0,0,0.00019161701023525288,0.0005919596910037701,0.0007549760414500876,0.05446581600699574,0.08379453301313333,0.13917106998269446,0.9553953619906679
APF_fixed,supplemental_primary,,,,me5418-supplement-v1-0079,tight_layout,supplement-g007,True,,,,,1.0,7.075522519271523e-05,5.0171609344541185e-05,3.657284654161409e-05,0.0030317946116961564,0.01966791799442217,0,0,0.2576078441392598,0.2024676522348737,0.0,0.0,,,0.08854166666666664,0.3229166666666667,0.03376904368369306,0,0,0,136,0,0,961,0,0,0,0,0,0,0.00015325423919421155,0.0005903960964739478,0.000743794070876902,0.056382276001386344,0.08269238899811171,0.13994020098471083,0.9455462309997529
APF_fixed,supplemental_primary,,,,me5418-supplement-v1-0080,near_link,supplement-g008,True,,,,,1.0,8.968347569853316e-05,7.288376284987345e-05,4.358866780069157e-05,0.01478208484617903,0.019608445868643735,0,0,0.1473609872533787,0.14034063775290917,0.0,0.0,,,0.1495535714285714,0.4270833333333333,0.06816350005002289,0,0,0,208,0,0,961,0,0,0,0,0,0,0.0002481818535973919,0.0005820308433006478,0.0007681107807911758,0.05772336799418554,0.08200490000308491,0.14066358498530462,0.9698785249784123
APF_fixed,supplemental_primary,,,,me5418-supplement-v1-0082,far,supplement-g010,True,,,,,1.0,3.577928001552343e-05,3.31291309451055e-05,3.4577275744733136e-05,,0.020143730368953373,961,0,0.02311484105920404,0.026799789009988955,0.0,0.0,,,0.0,0.0,0.0,0,0,0,0,0,0,961,0,0,0,0,0,0,2.9516045742639108e-05,0.0005489068856453135,0.0005778732177835385,0.05842904100427404,0.07558156398590654,0.13483421099954285,0.7748717390059028
APF_fixed,supplemental_primary,,,,me5418-supplement-v1-0083,near_link,supplement-g011,True,,,,,1.0,8.083706844213623e-05,6.212773695504229e-05,4.3093897431022374e-05,0.0316803340176548,0.019914962669085073,0,0,0.2996379694820054,0.15073952820158687,0.0,0.0,,,0.07961309523809522,0.5572916666666666,0.050339865690070366,0,0,0,0,0,0,961,0,0,0,0,0,0,0.00014812752109113111,0.0005758407901945854,0.0006868403117853935,0.054529974004253745,0.07909780499176122,0.13447700400138274,0.885421409009723
APF_fixed,supplemental_primary,,,,me5418-supplement-v1-0085,near_link,supplement-g013,True,,,,,1.0,8.414789092260054e-05,7.6017803023161e-05,5.827786180479914e-05,0.006920176985787993,0.019608442276472647,0,0,0.14352736127412655,0.13914870192186427,0.0,0.0,,,0.22321428571428567,0.859375,0.07449439148604697,0,0,0,388,0,0,961,0,0,0,0,0,0,0.00014774249469458786,0.0005861268354237836,0.0007182163217294146,0.05678502400405705,0.08126325500779785,0.1388939770113211,0.9147682159964461
APF_fixed,supplemental_primary,,,,me5418-supplement-v1-0087,far,supplement-g015,True,,,,,1.0,4.833189088909401e-05,4.135464977652751e-05,3.985821734695e-05,,0.019954476324758275,961,0,0.04301112275369995,0.045917795823001935,0.0,0.0,,,0.0,0.0,0.0,0,0,0,0,0,0,961,0,0,0,0,0,0,2.7286389922664966e-05,0.0005298659236965856,0.0005576369820725328,0.05136871099239215,0.07371537698782049,0.12595324902213179,0.738083350006491
APF_fixed,supplemental_primary,,,,me5418-supplement-v1-0090,near_link,supplement-g018,True,,,,,1.0,6.562598881242114e-05,4.769186833645712e-05,1.8743939960204693e-05,0.00665315994558878,0.019753607819035728,0,0,0.23548465979785974,0.1989799550379686,0.0,0.0,,,0.07291666666666664,0.5104166666666666,0.04962377809690942,0,0,0,250,0,0,961,0,0,0,0,0,0,0.00011362200560445974,0.0005626871781714727,0.0006645833398276106,0.05298489399137907,0.07858875099918805,0.13242263899883255,0.8546471300069243
APF_fixed,supplemental_primary,,,,me5418-supplement-v1-0092,far,supplement-g020,True,,,,,1.0,5.9595099041518836e-05,4.246505325178729e-05,3.160493200760384e-05,,0.0197682665199422,961,0,0.04792092651870318,0.04565472914837271,0.0,0.0,,,0.0,0.0,0.0,0,0,0,0,0,0,961,0,0,0,0,0,0,2.7367984330339823e-05,0.0005230915838789467,0.0005506150497543179,0.053366173000540584,0.07397307100472972,0.12811875599436462,0.7337253009900451
APF_fixed,supplemental_primary,,,,me5418-supplement-v1-0094,tight_layout,supplement-g022,True,,,,,1.0,7.174298422390328e-05,5.9890970739583705e-05,5.054108962995608e-05,0.012594490571266284,0.01960888266268601,0,0,0.28582522363845003,0.2103803942001914,0.0,0.0,,,0.06175595238095236,0.18229166666666666,0.0360223443961626,0,0,0,85,0,0,961,0,0,0,0,0,0,0.00012113381823534534,0.0005695463264904295,0.0007055290508105827,0.05124554701615125,0.0800418040016666,0.13214911898830906,0.8960776049934793
APF_fixed,supplemental_primary,,,,me5418-supplement-v1-0095,near_link,supplement-g023,True,,,,,1.0,6.505028416810877e-05,4.271422180030039e-05,4.434323433035077e-05,0.028976554459445844,0.019808208945386555,0,0,0.2743553118046775,0.1563909506764053,0.0,0.0,,,0.05282738095238095,0.22916666666666666,0.027301816041693867,0,0,0,9,0,0,961,0,0,0,0,0,0,0.00014430318151426036,0.0005636567391168986,0.000671476156639983,0.05324670602567494,0.07875939001678489,0.1328343199857045,0.8649015389964916
APF_fixed,supplemental_primary,,,,me5418-supplement-v1-0096,far,supplement-g000,True,,,,,1.0,6.750747248646956e-05,4.989777469105213e-05,3.079388427403516e-05,,0.01960863508808048,961,0,0.05366462756616092,0.06706763489894782,0.0,0.0,,,0.0,0.0,0.0,0,0,0,0,0,0,961,0,0,0,0,0,0,2.75032468077067e-05,0.0005191637609035146,0.0005469433626785758,0.05227212401223369,0.0741930429940112,0.12729694799054414,0.7286558939958923
APF_fixed,supplemental_primary,,,,me5418-supplement-v1-0099,near_link,supplement-g003,True,,,,,1.0,6.330055612983211e-05,4.584968012729141e-05,3.910047181421361e-05,0.017601227036498787,0.01977966576208194,0,0,0.3161179033850997,0.20631178974512743,0.0,0.0,,,0.0550595238095238,0.14583333333333334,0.02662338585290581,0,0,0,57,0,0,961,0,0,0,0,0,0,0.00012201397854975464,0.0005616462471759102,0.000697497655225258,0.05224948000977747,0.08132839199970476,0.13440995500423014,0.8903782229754142
APF_fixed,supplemental_primary,,,,me5418-supplement-v1-0101,far,supplement-g005,True,,,,,1.0,4.903492667212888e-05,3.6217491963530015e-05,2.8202347445926507e-05,,0.020151373710956835,961,0,0.0265321264195908,0.030845033795512594,0.0,0.0,,,0.0,0.0,0.0,0,0,0,0,0,0,961,0,0,0,0,0,0,2.758158810441576e-05,0.0005307942158348548,0.0005588195603195345,0.05234493999159895,0.07364444600534625,0.12680003698915243,0.7400980420061387
APF_fixed,supplemental_primary,,,,me5418-supplement-v1-0102,near_link,supplement-g006,True,,,,,1.0,5.389338462921608e-05,3.6408700314385734e-05,3.191698188709863e-05,0.014888769575034044,0.020119376442785934,0,0,0.23587467175862015,0.18070535301014873,0.0,0.0,,,0.08184523809523808,0.3072916666666667,0.037025075154472946,0,0,0,87,0,0,961,0,0,0,0,0,0,0.00014588351875014874,0.0005779718667933291,0.0007335709151144935,0.0537057509936858,0.08153725400916301,0.13606794201768935,0.9279548640188295
APF_fixed,supplemental_primary,,,,me5418-supplement-v1-0106,far,supplement-g010,True,,,,,1.0,3.7388323189123e-05,3.462685345929852e-05,3.555331646359805e-05,,0.020143365978729358,961,0,0.04201781293545489,0.04865203018749497,0.0,0.0,,,0.0,0.0,0.0,0,0,0,0,0,0,961,0,0,0,0,0,0,2.7750571916840272e-05,0.000536166783755713,0.0005641211571855819,0.0538916609948501,0.07433576000039466,0.12902940501226112,0.8040589849988464
APF_fixed,supplemental_primary,,,,me5418-supplement-v1-0107,near_link,supplement-g011,True,,,,,1.0,7.333480321797821e-05,5.1772354681058556e-05,3.808316413714439e-05,0.017618084274936344,0.020125415861587004,0,0,0.21317585340841957,0.16542982004515364,0.0,0.0,,,0.09002976190476188,0.3333333333333333,0.04097230972090122,0,0,0,119,0,0,961,0,0,0,0,0,0,0.0001645613428991055,0.0005564320216459843,0.0006692743946283979,0.05356062500504777,0.07940104699810036,0.1338104739843402,0.8634675959765445
APF_fixed,supplemental_primary,,,,me5418-supplement-v1-0111,far,supplement-g015,True,,,,,1.0,5.736009779739511e-05,4.235666533320849e-05,2.8109128671187672e-05,,0.019804318121781787,961,0,0.047044493126473234,0.05181618614295171,0.0,0.0,,,0.0,0.0,0.0,0,0,0,0,0,0,961,0,0,0,0,0,0,2.693422356969677e-05,0.0005223322352624867,0.0005494187528711336,0.05243002899806015,0.07317306098411791,0.12640273899887688,0.7298068139934912
APF_fixed,supplemental_primary,,,,me5418-supplement-v1-0112,near_link,supplement-g016,True,,,,,1.0,0.00013114795157488822,0.00011033041925666736,9.97846134602173e-05,0.015745170850361784,0.019631620656211275,0,0,0.1547387364993816,0.10553877474158702,0.0,0.0,,,0.7462797619047619,1.0,0.17046767832528134,0,0,0,516,0,0,961,0,0,0,0,0,0,0.000327721678938057,0.0005780761096502828,0.0007770568761770846,0.053272118006134406,0.08184512201114558,0.13599050001357682,0.9730686839902773
APF_fixed,supplemental_primary,,,,me5418-supplement-v1-0114,near_link,supplement-g018,True,,,,,1.0,7.011362299752343e-05,5.520204309573797e-05,4.064321411168992e-05,0.02103216993431252,0.01971994678316695,0,0,0.14942376884740005,0.12520090217630106,0.0,0.0,,,0.12351190476190473,0.8645833333333334,0.04794269851956231,0,0,0,167,0,0,961,0,0,0,0,0,0,0.00013695621404015887,0.0005692869659166415,0.0006654089926390346,0.05486393498722464,0.07962798298103735,0.13538079700083472,0.861339531984413
APF_fixed,supplemental_primary,,,,me5418-supplement-v1-0116,far,supplement-g020,True,,,,,1.0,4.6092747237439234e-05,3.910634942488144e-05,3.5705892980283615e-05,,0.01996458634971015,961,0,0.043433980692479245,0.0551860928227626,0.0,0.0,,,0.0,0.0,0.0,0,0,0,0,0,0,961,0,0,0,0,0,0,2.7928900635743048e-05,0.000535279648041372,0.0005631558753217784,0.053303016000427306,0.0738501180021558,0.12801514199236408,0.7454306999861728
APF_fixed,supplemental_primary,,,,me5418-supplement-v1-0117,near_link,supplement-g021,True,,,,,1.0,6.999304951370312e-05,5.326308641804937e-05,3.702705546754352e-05,0.04887227722096568,0.01960875804433279,0,0,0.18534140852352513,0.14957023518724877,0.0,0.0,,,0.01413690476190476,0.09895833333333333,0.025682224646944665,0,0,0,0,0,0,961,0,0,0,0,0,0,0.00014650110961156315,0.0005694533194703884,0.0007161711852556133,0.05276306500309147,0.08161297900369391,0.13526754901977256,0.911739392002346
APF_fixed,supplemental_primary,,,,me5418-supplement-v1-0119,near_link,supplement-g023,True,,,,,1.0,8.152704987402094e-05,5.6263802378842615e-05,3.975295850649337e-05,0.015639000764816904,0.01960836373056358,0,0,0.3122364419153261,0.13982219772298474,0.0,0.0,,,0.09151785714285714,0.3385416666666667,0.03908070699758548,0,0,0,153,0,0,961,0,0,0,0,0,0,0.00014506200553417634,0.0005721408086780381,0.0006869726327446793,0.05371975101297721,0.07940982701256871,0.13393600098788738,0.8802608299884014
APF_fixed,supplemental_primary,,,,me5418-supplement-v1-0120,far,supplement-g000,True,,,,,1.0,7.05824189806437e-05,5.389031895996831e-05,3.654802052562921e-05,,0.019608520628025844,961,0,0.06554381681115022,0.08159868243433507,0.0,0.0,,,0.0,0.0,0.0,0,0,0,0,0,0,961,0,0,0,0,0,0,2.691001554921968e-05,0.0005110006665442294,0.0005382300993308794,0.05279865098418668,0.07378285800223239,0.12737446601386182,0.7203971759881824
APF_fixed,supplemental_primary,,,,me5418-supplement-v1-0123,near_link,supplement-g003,True,,,,,1.0,5.807833076807676e-05,4.036495697436548e-05,2.714156177704127e-05,0.02223653847877058,0.020040477657196507,0,0,0.2652657175511995,0.1770937867848452,0.0,0.0,,,0.055803571428571425,0.234375,0.02225601214200897,0,0,0,41,0,0,961,0,0,0,0,0,0,0.00011172072754561668,0.000565359395507888,0.0007102241798141525,0.05349912401288748,0.08192561802570708,0.13626389700220898,0.9039714639948215
APF_fixed,supplemental_primary,,,,me5418-supplement-v1-0125,far,supplement-g005,True,,,,,1.0,6.013092601556279e-05,4.287117901232847e-05,2.6129427449629135e-05,,0.019882865477028236,961,0,0.034438175300685984,0.045948705950416585,0.0,0.0,,,0.0,0.0,0.0,0,0,0,0,0,0,961,0,0,0,0,0,0,2.7348505379147053e-05,0.0005165287663051761,0.0005441119841028316,0.05326494001201354,0.07374430299387313,0.12782170801074244,0.7263495209917892
APF_fixed,supplemental_primary,,,,me5418-supplement-v1-0126,near_link,supplement-g006,True,,,,,1.0,5.225286884349356e-05,3.8992944708146586e-05,3.27660555723325e-05,0.04096839227369968,0.019894995963846335,0,0,0.22217100884256633,0.1516164271554163,0.0,0.0,,,0.02157738095238095,0.15104166666666666,0.02046837851904598,0,0,0,0,0,0,961,0,0,0,0,0,0,0.0001446645709014168,0.0005674238049929651,0.0006959913722918524,0.053563954978017136,0.07916858798125759,0.13356676802504808,0.8942280799965374
APF_fixed,supplemental_primary,,,,me5418-supplement-v1-0129,tight_layout,supplement-g009,True,,,,,1.0,5.603821633655286e-05,4.7685975929545966e-05,4.545472296781403e-05,0.011411407793645273,0.019753747466111367,0,0,0.13812244032553234,0.11279901090734526,0.0,0.0,,,0.25520833333333326,1.0,0.07316306310871201,0,0,0,522,0,0,961,0,0,0,0,0,0,0.00018584675596381808,0.0005769621835194509,0.0007469169707292167,0.05077225001878105,0.08156294899526983,0.13317028700839728,0.938931684999261
APF_fixed,supplemental_primary,,,,me5418-supplement-v1-0130,far,supplement-g010,True,,,,,1.0,4.9215011300586086e-05,3.7896841187641554e-05,2.6644540805393578e-05,,0.020026253928877878,961,0,0.03719414081208732,0.03820642130209585,0.0,0.0,,,0.0,0.0,0.0,0,0,0,0,0,0,961,0,0,0,0,0,0,2.7833910129023327e-05,0.0005254873993483974,0.0005531142478806335,0.052826419996563345,0.07357221498386934,0.12719498900696635,0.7352553270175122
APF_fixed,supplemental_primary,,,,me5418-supplement-v1-0131,near_link,supplement-g011,True,,,,,1.0,6.551797844394009e-05,4.8125329495569003e-05,4.056495981998643e-05,0.038926760167563385,0.0200168532795122,0,0,0.1309068909508592,0.0962258337870776,0.0,0.0,,,0.0037202380952380946,0.026041666666666668,0.035067487861059086,0,0,0,0,0,0,961,0,0,0,0,0,0,0.00013956958218841464,0.0005543348259076689,0.0006563347363832387,0.0537102380185388,0.07762623101007193,0.13215922299423255,0.8485176179965492
APF_fixed,supplemental_primary,,,,me5418-supplement-v1-0133,near_link,supplement-g013,True,,,,,1.0,8.763686935120543e-05,6.530125155599112e-05,3.5654618157634205e-05,0.024336234954294447,0.019608374632926043,0,0,0.18586197416694614,0.14226321084325472,0.0,0.0,,,0.09374999999999999,0.3489583333333333,0.04100534580414503,0,0,0,62,0,0,961,0,0,0,0,0,0,0.00014436660922001465,0.0005636100157971668,0.0006738008285234779,0.0523858460073825,0.0780355529859662,0.13124536600662395,0.8642890950141009
APF_fixed,supplemental_primary,,,,me5418-supplement-v1-0135,far,supplement-g015,True,,,,,1.0,3.452646367886379e-05,3.17895918861294e-05,3.1264161902510466e-05,,0.020125841911602473,961,0,0.027332439143698782,0.02573864269258435,0.0,0.0,,,0.0,0.0,0.0,0,0,0,0,0,0,961,0,0,0,0,0,0,2.719918832857123e-05,0.0005307813887763283,0.0005584726992007442,0.05346246901899576,0.07395037700189278,0.12821117401472293,0.7416527619934641
APF_fixed,supplemental_primary,,,,me5418-supplement-v1-0140,far,supplement-g020,True,,,,,1.0,5.982450387622764e-05,4.261948975799671e-05,3.227346014872278e-05,,0.019752377244270827,961,0,0.04383062112277225,0.04868217104282799,0.0,0.0,,,0.0,0.0,0.0,0,0,0,0,0,0,961,0,0,0,0,0,0,2.7313593667107245e-05,0.0005198384757022723,0.0005473965444252826,0.05330963002052158,0.07360995400813408,0.1277739870129153,0.730096086015692
APF_fixed,supplemental_primary,,,,me5418-supplement-v1-0142,tight_layout,supplement-g022,True,,,,,1.0,5.9442467852533486e-05,5.068262849252606e-05,4.392078186008307e-05,0.007200956651543217,0.019683348720948964,0,0,0.23541275364705894,0.20780935817802082,0.0,0.0,,,0.038690476190476185,0.203125,0.030568373475380346,0,0,0,114,0,0,961,0,0,0,0,0,0,0.00011982411964102842,0.0005617488843199681,0.0006751253496380135,0.0531181080150418,0.07939606098807417,0.13333780399989337,0.8677661739930045
APF_fixed,supplemental_primary,,,,me5418-supplement-v1-0143,near_link,supplement-g023,True,,,,,1.0,7.444890615747659e-05,4.0460557705193525e-05,3.332412521735128e-05,0.01971890080417843,0.019743000768507837,0,0,0.27375832350890145,0.13983530043881187,0.0,0.0,,,0.0587797619047619,0.21354166666666666,0.024794767383918965,0,0,0,62,0,0,961,0,0,0,0,0,0,0.00011274798316662782,0.0005717352722664752,0.0006959632267353299,0.053343562001828104,0.07991844601929188,0.13414035699679516,0.8901499200146645
APF_fixed,supplemental_primary,,,,me5418-supplement-v1-0144,far,supplement-g000,True,,,,,1.0,5.708687428044928e-05,4.159545423350372e-05,3.6578485833140056e-05,,0.01990902833351421,961,0,0.027384415191838336,0.03463297999731438,0.0,0.0,,,0.0,0.0,0.0,0,0,0,0,0,0,961,0,0,0,0,0,0,2.728441798656907e-05,0.0005176712391706436,0.0005452442570155351,0.05316348100313917,0.07372929499251768,0.12772120197769254,0.7279601159971207
APF_fixed,supplemental_primary,,,,me5418-supplement-v1-0147,near_link,supplement-g003,True,,,,,1.0,8.080662438377587e-05,5.3799485935619276e-05,3.9954783977883186e-05,0.002116557785720591,0.019621368295968944,0,0,0.470597559761031,0.20727608845119969,0.0,0.0,,,0.08333333333333333,0.28125,0.03427861766086642,0,0,0,140,0,0,961,0,0,0,0,0,0,0.00013362672386089494,0.0005615959341412236,0.0006682538676310893,0.05421877498156391,0.0813785330101382,0.13642788599827327,0.8640512450074311
APF_fixed,supplemental_primary,,,,me5418-supplement-v1-0149,far,supplement-g005,True,,,,,1.0,5.480329538984739e-05,3.943675400809354e-05,3.482676823101011e-05,,0.020076509991504093,961,0,0.026805659286896735,0.03606925433050434,0.0,0.0,,,0.0,0.0,0.0,0,0,0,0,0,0,961,0,0,0,0,0,0,2.7548025627766037e-05,0.0005204313152110747,0.0005482590791264859,0.05441747899749316,0.07384774798993021,0.12906447699060664,0.7309297469910234
APF_fixed,supplemental_primary,,,,me5418-supplement-v1-0150,near_link,supplement-g006,True,,,,,1.0,7.30978076646928e-05,6.264400395483351e-05,5.3240459264165054e-05,0.013856875066322674,0.019609082233572758,0,0,0.14999832063996418,0.14031617718477324,0.0,0.0,,,0.12351190476190473,0.4479166666666667,0.04266737396006288,0,0,0,203,0,0,961,0,0,0,0,0,0,0.00023134271471766019,0.0005777110726133591,0.0007413836118454735,0.052515917021082714,0.0821335960063152,0.13549673298257403,0.9325482459971681
APF_fixed,supplemental_primary,,,,me5418-supplement-v1-0154,far,supplement-g010,True,,,,,1.0,5.0872728639750265e-05,3.7432447037527544e-05,2.9223000357273182e-05,,0.02002169053583879,961,0,0.032736092536063334,0.030878069972785593,0.0,0.0,,,0.0,0.0,0.0,0,0,0,0,0,0,961,0,0,0,0,0,0,2.7073113718264114e-05,0.0005230622230252872,0.0005506243178691268,0.05356503798975609,0.07371568598318845,0.12806881201686338,0.7329130970174447
APF_fixed,supplemental_primary,,,,me5418-supplement-v1-0155,near_link,supplement-g011,True,,,,,1.0,7.713316764364443e-05,5.383457795930049e-05,4.403924667098622e-05,0.042389419864099345,0.019608655317851637,0,0,0.13352427831577707,0.12565037582195307,0.0,0.0,,,0.023065476190476192,0.16145833333333334,0.030335741701447066,0,0,0,0,0,0,961,0,0,0,0,0,0,0.00012199658810156204,0.0005603796658154654,0.0006703363297068184,0.05149874399648979,0.07829875100287609,0.13065469500725158,0.8609591060085222
APF_fixed,supplemental_primary,,,,me5418-supplement-v1-0157,near_link,supplement-g013,True,,,,,1.0,8.496568865055379e-05,7.114124253287256e-05,4.385188590854167e-05,0.04778448348395392,0.019608395153728593,0,0,0.094277124469516,0.1083104656679332,0.0,0.0,,,0.015625,0.109375,0.03143939012179543,0,0,0,0,0,0,961,0,0,0,0,0,0,0.00014339460373472926,0.0005597640404933676,0.0006607298943284453,0.05190220600343309,0.07863312200061046,0.13137501300661825,0.8512689320195932
APF_fixed,supplemental_primary,,,,me5418-supplement-v1-0159,far,supplement-g015,True,,,,,1.0,4.599174541971391e-05,4.055386777852848e-05,4.148429659380765e-05,,0.020034320085652355,961,0,0.03926431698244693,0.040724061129307904,0.0,0.0,,,0.0,0.0,0.0,0,0,0,0,0,0,961,0,0,0,0,0,0,2.735768187752304e-05,0.0005281302388236024,0.0005558288219617679,0.05201895599020645,0.07330665100016631,0.12610421900171787,0.7363847560191061
APF_fixed,supplemental_primary,,,,me5418-supplement-v1-0162,near_link,supplement-g018,True,,,,,1.0,5.250515999826152e-05,4.300210914490347e-05,2.1702790072309045e-05,0.02899941564329557,0.019753640765988373,0,0,0.08615785808182853,0.09253840265903265,0.0,0.0,,,0.09970238095238093,0.6979166666666666,0.033756594897168396,0,0,0,16,0,0,961,0,0,0,0,0,0,0.0001435171202501806,0.0005549559175960894,0.0006510321995847335,0.05299373701564036,0.07802887898287736,0.1318460309994407,0.841818985005375
APF_fixed,supplemental_primary,,,,me5418-supplement-v1-0164,far,supplement-g020,True,,,,,1.0,5.2677816828993384e-05,3.8312080458554677e-05,3.009322098867363e-05,,0.01997345650060161,961,0,0.030165886123713258,0.029328625685978105,0.0,0.0,,,0.0,0.0,0.0,0,0,0,0,0,0,961,0,0,0,0,0,0,2.7103833266058548e-05,0.0005219017488343525,0.0005491710400140922,0.053652590984711424,0.0738809040049091,0.12832435700693168,0.7340737449994776
APF_fixed,supplemental_primary,,,,me5418-supplement-v1-0165,near_link,supplement-g021,True,,,,,1.0,9.528492303163041e-05,7.083775743390063e-05,4.192036088045907e-05,0.003750172715194469,0.019608598128594966,0,0,0.3005836732733946,0.21012073138923426,0.0,0.0,,,0.09151785714285714,0.265625,0.047142165480610086,0,0,0,133,0,0,961,0,0,0,0,0,0,0.00012508555998162288,0.0005654977986523591,0.0006917147584924048,0.05324619199382141,0.08041480300016701,0.13448264700127766,0.8843155660142656
APF_fixed,supplemental_primary,,,,me5418-supplement-v1-0166,tight_layout,supplement-g022,True,,,,,1.0,6.627712349783143e-05,5.146887268849899e-05,4.297058795754449e-05,0.006392134365558938,0.01963536953871254,0,0,0.31550339532787003,0.21048138349436296,0.0,0.0,,,0.051339285714285705,0.17708333333333334,0.03143396676949332,0,0,0,101,0,0,961,0,0,0,0,0,0,0.00012100969221743678,0.0005630401837758352,0.0006772741216991562,0.05326743100886233,0.0787518419965636,0.13283744800719433,0.8701151059940457
APF_fixed,supplemental_primary,,,,me5418-supplement-v1-0168,far,supplement-g000,True,,,,,1.0,6.231228681651461e-05,4.5834927231995444e-05,2.6773729599747923e-05,,0.019703546454618005,961,0,0.03920282835090262,0.04947895258819626,0.0,0.0,,,0.0,0.0,0.0,0,0,0,0,0,0,961,0,0,0,0,0,0,2.7214369765715674e-05,0.0005177798093427555,0.0005453293753210649,0.05320813899743371,0.07322494199615903,0.12721516800229438,0.7282454999804031
APF_fixed,supplemental_primary,,,,me5418-supplement-v1-0171,near_link,supplement-g003,True,,,,,1.0,6.212909750660412e-05,4.6821302035504115e-05,3.700170246447182e-05,0.025121673654046967,0.019670732544654027,0,0,0.2967402030086081,0.2060150326771888,0.0,0.0,,,0.04538690476190476,0.15625,0.024309918523048032,0,0,0,21,0,0,961,0,0,0,0,0,0,0.00013192536031662408,0.0005605903204923379,0.0006975853568898553,0.05213042299146764,0.08035542900324799,0.1333552339929156,0.8901817930163816
APF_fixed,supplemental_primary,,,,me5418-supplement-v1-0173,far,supplement-g005,True,,,,,1.0,6.0004427464816274e-05,4.302671545104495e-05,2.6383668697044207e-05,,0.020028922888569826,961,0,0.03815367846278111,0.043373137986164906,0.0,0.0,,,0.0,0.0,0.0,0,0,0,0,0,0,961,0,0,0,0,0,0,2.7446150246153895e-05,0.0005217080766669824,0.0005494898519221654,0.052027106983587146,0.07334993701078929,0.12617025201325305,0.7303540660068393
APF_fixed,supplemental_primary,,,,me5418-supplement-v1-0177,tight_layout,supplement-g009,True,,,,,1.0,6.482760538417994e-05,4.8297860172233776e-05,4.0011205724025055e-05,0.006731509073690398,0.01991121780416609,0,0,0.1445216097717934,0.09612136893255159,0.0,0.0,,,0.11235119047619042,0.4739583333333333,0.04415110422965757,0,0,0,212,0,0,961,0,0,0,0,0,0,0.0001709620426784871,0.0005729219216542939,0.0007401166729323449,0.05327290899003856,0.08091293901088648,0.13505923800403252,0.9342647960002068
APF_fixed,supplemental_primary,,,,me5418-supplement-v1-0178,far,supplement-g010,True,,,,,1.0,4.796904547169159e-05,3.597221919489696e-05,2.773772830216995e-05,,0.020080724826578203,961,0,0.0245361376860683,0.023958299369120833,0.0,0.0,,,0.0,0.0,0.0,0,0,0,0,0,0,961,0,0,0,0,0,0,2.733857278750899e-05,0.0005302016873732404,0.0005582001825132465,0.052754859993001446,0.07416086600278504,0.12771707097999752,0.7407366079860367
APF_fixed,supplemental_primary,,,,me5418-supplement-v1-0179,near_link,supplement-g011,True,,,,,1.0,7.215809861938314e-05,5.7044460041065224e-05,3.6934344456698e-05,0.019499209439435145,0.019730170701593823,0,0,0.2020841963883549,0.1583082744009364,0.0,0.0,,,0.0982142857142857,0.359375,0.05128045635183146,0,0,0,89,0,0,961,0,0,0,0,0,0,0.00012574865604619845,0.0005684788632303631,0.0006859514132277884,0.052678485022624955,0.07804562299861573,0.13152429898036644,0.8772463930072263
APF_fixed,supplemental_primary,,,,me5418-supplement-v1-0181,near_link,supplement-g013,True,,,,,1.0,5.453107895260394e-05,4.32550058124039e-05,3.7190101100521206e-05,0.036073611284048235,0.020018630678704123,0,0,0.19345825361663488,0.1586162749904419,0.0,0.0,,,0.03273809523809523,0.19791666666666666,0.024434878252027514,0,0,0,0,0,0,961,0,0,0,0,0,0,0.000191208542825431,0.0005554977938421264,0.0006717533095373559,0.05213439799263142,0.07786127302097157,0.13080935800098814,0.8618110310053453
APF_fixed,supplemental_primary,,,,me5418-supplement-v1-0183,far,supplement-g015,True,,,,,1.0,3.0564586213060395e-05,2.8336592034906272e-05,2.8843742676690696e-05,,0.020154933643945418,961,0,0.019330670331672073,0.019691601245845926,0.0,0.0,,,0.0,0.0,0.0,0,0,0,0,0,0,961,0,0,0,0,0,0,2.686704738152912e-05,0.0005290308401830165,0.0005565543762107457,0.05242788101895712,0.074028423987329,0.1272448440140579,0.7387484360078815
APF_fixed,supplemental_primary,,,,me5418-supplement-v1-0186,near_link,supplement-g018,True,,,,,1.0,5.506456640600385e-05,4.6107216252724824e-05,3.678455261247383e-05,0.018239283922822827,0.01975364513513081,0,0,0.08373599187822839,0.09671427202207655,0.0,0.0,,,0.14062499999999997,0.984375,0.03825405953963404,0,0,0,228,0,0,961,0,0,0,0,0,0,0.0001436589858106648,0.0005532595345660714,0.0006496958422151995,0.05356221299734898,0.07752241200068966,0.13187681999988854,0.8403073419758584
APF_fixed,supplemental_primary,,,,me5418-supplement-v1-0188,far,supplement-g020,True,,,,,1.0,5.0874018028602355e-05,3.818050428043848e-05,2.7399886253846426e-05,,0.01999260732139479,961,0,0.031015097758785533,0.027288395315238995,0.0,0.0,,,0.0,0.0,0.0,0,0,0,0,0,0,961,0,0,0,0,0,0,2.6788114761681452e-05,0.0005216265757553628,0.0005488281915252931,0.05260883198934607,0.07331474398961291,0.1267030980088748,0.7304237190110143
APF_fixed,supplemental_primary,,,,me5418-supplement-v1-0191,near_link,supplement-g023,True,,,,,1.0,6.565206099274728e-05,4.067836628070923e-05,4.190007486434262e-05,0.022192199141304575,0.019853623997836363,0,0,0.3161805644572523,0.1715952906966004,0.0,0.0,,,0.05059523809523809,0.23958333333333334,0.02634209470402827,0,0,0,46,0,0,961,0,0,0,0,0,0,0.00014491002487678392,0.000567532994288437,0.0006860277056148334,0.05249441499472596,0.07957557699410245,0.13290565900388174,0.8784067840024363
APF_fixed,supplemental_primary,,,,me5418-supplement-v1-0192,far,supplement-g000,True,,,,,1.0,6.610684816695149e-05,4.865778739336142e-05,3.223459190152579e-05,,0.019614930316007258,961,0,0.04931745001242834,0.061787250084899215,0.0,0.0,,,0.0,0.0,0.0,0,0,0,0,0,0,961,0,0,0,0,0,0,2.748806931170596e-05,0.000514146282087798,0.000541716034210064,0.05456131699611433,0.07387405901681632,0.129235377011355,0.7256176449882332
APF_tuned,supplemental_primary,,,,me5418-supplement-v1-0000,far,supplement-g000,True,,,,,1.0,5.7436854114137676e-05,4.147032322851441e-05,3.47353140736491e-05,,0.01988006679914968,961,0,0.028933637057457766,0.03687451075983181,0.0,0.0,,,0.0,0.0,0.0,0,0,0,0,0,0,961,0,0,0,0,0,0,2.7449345149458775e-05,0.0005204172585763445,0.0005481958377155631,0.053243838978232816,0.07349365099798888,0.12753840201185085,0.7312911420012824
APF_tuned,supplemental_primary,,,,me5418-supplement-v1-0001,near_link,supplement-g001,True,,,,,1.0,9.326759568661364e-05,7.561569307974644e-05,6.238291767997952e-05,0.007649217435170275,0.019608459324656213,0,0,0.04491881094592853,0.08484342390065538,0.0,0.0,,,0.14285714285714282,1.0,0.047618455940293014,0,0,0,961,0,0,961,0,0,0,0,0,0,0.00024749610899258795,0.0005934495384281036,0.000779051122541811,0.052876114001264796,0.08253122700261883,0.13627863599685952,0.9757110879872926
APF_tuned,supplemental_primary,,,,me5418-supplement-v1-0005,far,supplement-g005,True,,,,,1.0,4.3824200206379076e-05,3.539189846622128e-05,2.47141850364066e-05,,0.020152242821690536,961,0,0.015940417744213863,0.01971529890454815,0.0,0.0,,,0.0,0.0,0.0,0,0,0,0,0,0,961,0,0,0,0,0,0,2.9721080106052494e-05,0.0005503299011555403,0.0005793222653664998,0.06057999198674224,0.07487296301405877,0.13628961399081163,0.7733410839864518
APF_tuned,supplemental_primary,,,,me5418-supplement-v1-0006,near_link,supplement-g006,True,,,,,1.0,4.827197179796923e-05,3.491493041112509e-05,4.436633791737739e-05,0.041851902887720935,0.020122453762709235,0,0,0.0370664219692608,0.04781749316228315,0.0,0.0,,,0.0,0.0,0.008896036573252162,0,0,0,0,0,0,961,0,0,0,0,0,0,0.0001336717405138188,0.0005936043104763181,0.0007447004258210654,0.05833047299529426,0.0823202159954235,0.14152448900858872,0.950296430994058
APF_tuned,supplemental_primary,,,,me5418-supplement-v1-0010,far,supplement-g010,True,,,,,1.0,3.289312540681326e-05,3.049838747419108e-05,3.1005672380636844e-05,,0.020150562872721045,961,0,0.028117779483729937,0.032125676728311466,0.0,0.0,,,0.0,0.0,0.0,0,0,0,0,0,0,961,0,0,0,0,0,0,2.8462197102877933e-05,0.0005440410923862753,0.0005729682450995218,0.06020863898447715,0.07554567098850384,0.13662309999926947,0.7658271270047408
APF_tuned,supplemental_primary,,,,me5418-supplement-v1-0011,near_link,supplement-g011,True,,,,,1.0,4.424955754930076e-05,3.473334864725038e-05,2.681009367167632e-05,0.04050426414241795,0.020154933643945418,0,0,0.025907211445490092,0.0310558089477522,0.0,0.0,,,0.0,0.0,0.005712857491229036,0,0,0,0,0,0,961,0,0,0,0,0,0,9.36064147936122e-05,0.000549023935218429,0.000635756268153879,0.05634187598479912,0.07847395000862889,0.1356200349982828,0.839971440989757
APF_tuned,supplemental_primary,,,,me5418-supplement-v1-0013,near_link,supplement-g013,True,,,,,1.0,4.965655959232356e-05,4.380813811344772e-05,4.274257601806754e-05,0.03859309407257737,0.019930504346408508,0,0,0.028210702527917814,0.033321623930133874,0.0,0.0,,,0.0,0.0,0.005666045623831396,0,0,0,0,0,0,961,0,0,0,0,0,0,0.00010837495832068574,0.0005487173551955493,0.0006486223573726117,0.050796374009223655,0.07760890701320022,0.12928461100091226,0.8376657270127907
APF_tuned,supplemental_primary,,,,me5418-supplement-v1-0015,far,supplement-g015,True,,,,,1.0,4.607953171563084e-05,4.084696977113901e-05,4.2654358263554404e-05,,0.02004141146611848,961,0,0.032141321976748356,0.031584663046984984,0.0,0.0,,,0.0,0.0,0.0,0,0,0,0,0,0,961,0,0,0,0,0,0,2.7434088830583885e-05,0.0005256752636645009,0.000553109202428459,0.0531736419943627,0.07331852399511263,0.12731556099606678,0.7347507159865927
APF_tuned,supplemental_primary,,,,me5418-supplement-v1-0018,near_link,supplement-g018,True,,,,,1.0,5.520350681040667e-05,3.982207034113089e-05,1.9479297464689858e-05,0.018803275687048718,0.019753644688746498,0,0,0.07042335507720578,0.08972802444196692,0.0,0.0,,,0.030505952380952373,0.21354166666666666,0.023770086064759825,0,0,0,276,0,0,961,0,0,0,0,0,0,0.00014322243184021014,0.0005491843794516171,0.0006440218286115851,0.05226568700163625,0.07701609400101006,0.13009078000322916,0.8323494300129823
APF_tuned,supplemental_primary,,,,me5418-supplement-v1-0020,far,supplement-g020,True,,,,,1.0,6.383998750358262e-05,4.58642706193436e-05,3.606533461260852e-05,,0.019648766429467335,961,0,0.049707851053017525,0.060586994666423734,0.0,0.0,,,0.0,0.0,0.0,0,0,0,0,0,0,961,0,0,0,0,0,0,2.7133912681165384e-05,0.000517062857458465,0.0005446150643062235,0.05179218199918978,0.07329236200894229,0.12586796400137246,0.7250647509936243
APF_tuned,supplemental_primary,,,,me5418-supplement-v1-0021,near_link,supplement-g021,True,,,,,1.0,3.946005340243981e-05,3.450531441966929e-05,2.8769434514209144e-05,0.027429776168846134,0.02011962289487864,0,0,0.2151956270624127,0.13922158682564656,0.0,0.0,,,0.000744047619047619,0.005208333333333333,0.00939848490728651,0,0,0,19,0,0,961,0,0,0,0,0,0,0.00011857772915391251,0.0005683440665355496,0.0006912956340480984,0.05185219401028007,0.07973069901345298,0.13239383499603719,0.880929698003456
APF_tuned,supplemental_primary,,,,me5418-supplement-v1-0022,tight_layout,supplement-g022,True,,,,,1.0,6.10991795929698e-05,5.2267696937356045e-05,4.6268741458488965e-05,0.019327834346515166,0.01960892897797683,0,0,0.24600157657393934,0.1594133773944917,0.0,0.0,,,0.000744047619047619,0.005208333333333333,0.02004279918735008,0,0,0,86,0,0,961,0,0,0,0,0,0,0.0001241240926598645,0.0005720801325575545,0.0007031314555206337,0.05205903499154374,0.08041670400416479,0.13331902198842727,0.9024527790024877
APF_tuned,supplemental_primary,,,,me5418-supplement-v1-0023,near_link,supplement-g023,True,,,,,1.0,2.812074007300144e-05,2.0304062744570455e-05,2.5413509010734213e-05,0.03239327571556404,0.019949730416447223,0,0,0.06119255713791896,0.05198000191543278,0.0,0.0,,,0.0,0.0,0.007206216191640656,0,0,0,0,0,0,961,0,0,0,0,0,0,0.00014473279209899678,0.0005677275464828805,0.0006757413200527177,0.053341977996751666,0.07886436200351454,0.13302783100516535,0.8685978689754847
APF_tuned,supplemental_primary,,,,me5418-supplement-v1-0024,far,supplement-g000,True,,,,,1.0,6.495404357751157e-05,4.6895540775213886e-05,3.0256931196412405e-05,,0.0196761528817496,961,0,0.045207539141826805,0.052150019718610774,0.0,0.0,,,0.0,0.0,0.0,0,0,0,0,0,0,961,0,0,0,0,0,0,2.75406714536075e-05,0.000514801010164471,0.0005426960037160218,0.05146314899320714,0.07363396402797662,0.12589409801876172,0.7226727989909705
APF_tuned,supplemental_primary,,,,me5418-supplement-v1-0027,near_link,supplement-g003,True,,,,,1.0,6.307450430779837e-05,4.686256704045976e-05,2.8688667757059388e-05,0.01709254380557998,0.019690586759618087,0,0,0.23116318084915713,0.15710015006848307,0.0,0.0,,,0.002976190476190476,0.020833333333333332,0.01282725943777292,0,0,0,105,0,0,961,0,0,0,0,0,0,0.00011389755794274,0.0005520802760656807,0.0006690997123466029,0.05134561599697918,0.07950353701016866,0.13165262000984512,0.8604402870114427
APF_tuned,supplemental_primary,,,,me5418-supplement-v1-0029,far,supplement-g005,True,,,,,1.0,5.608779258810543e-05,4.009067166425074e-05,3.6226597423779455e-05,,0.020126149557739184,961,0,0.03666372936714998,0.04778016809049865,0.0,0.0,,,0.0,0.0,0.0,0,0,0,0,0,0,961,0,0,0,0,0,0,2.7125801807414973e-05,0.0005184868840539518,0.0005461629354310086,0.05235471099149436,0.07383363900589757,0.12697848200332373,0.7279139019956347
APF_tuned,supplemental_primary,,,,me5418-supplement-v1-0030,near_link,supplement-g006,True,,,,,1.0,4.807896213810266e-05,4.263863515307913e-05,3.5533247857382276e-05,0.01767943921038241,0.019745077922089106,0,0,0.16452869819709084,0.11669626355213432,0.0,0.0,,,0.005952380952380952,0.041666666666666664,0.015114359060249298,0,0,0,109,0,0,961,0,0,0,0,0,0,0.0001444797814353175,0.0005712633780603938,0.0007179743867103146,0.05161338998004794,0.08025041499058716,0.13268281202181242,0.9092838280193973
APF_tuned,supplemental_primary,,,,me5418-supplement-v1-0034,far,supplement-g010,True,,,,,1.0,3.894567906285172e-05,3.5819968881599635e-05,3.781154534463132e-05,,0.02012634115890647,961,0,0.01994551163895962,0.021874906102194527,0.0,0.0,,,0.0,0.0,0.0,0,0,0,0,0,0,961,0,0,0,0,0,0,2.733992823777953e-05,0.0005269932365687661,0.0005545024840102996,0.05200081199291162,0.07365339700481854,0.1264585180033464,0.7357545279955957
APF_tuned,supplemental_primary,,,,me5418-supplement-v1-0035,near_link,supplement-g011,True,,,,,1.0,6.916899772852362e-05,4.7753549103230755e-05,4.0202073769741345e-05,0.015877322733144517,0.01972129001225216,0,0,0.14736587009157176,0.10958485163610335,0.0,0.0,,,0.011904761904761904,0.08333333333333333,0.023422485089045614,0,0,0,242,0,0,961,0,0,0,0,0,0,0.00012139581182661156,0.0005649482707970795,0.0006812794945290079,0.052163146989187226,0.07811634399695322,0.13108954101335257,0.8946769260219298
APF_tuned,supplemental_primary,,,,me5418-supplement-v1-0039,far,supplement-g015,True,,,,,1.0,4.556803160240093e-05,4.041450998377445e-05,4.191967164893284e-05,,0.02004545954263305,961,0,0.03487648611909224,0.035670137291380855,0.0,0.0,,,0.0,0.0,0.0,0,0,0,0,0,0,961,0,0,0,0,0,0,2.722818271649885e-05,0.0005263529938323093,0.0005540133300807308,0.05040589900454506,0.07344647499849088,0.12463543200283311,0.7330299080058467
APF_tuned,supplemental_primary,,,,me5418-supplement-v1-0042,near_link,supplement-g018,True,,,,,1.0,4.2834774686815216e-05,3.4879298198190556e-05,2.614785707441351e-05,0.024712057057360445,0.019753731022913723,0,0,0.08437210493982071,0.07604487926119566,0.0,0.0,,,0.006696428571428571,0.046875,0.015764217189115,0,0,0,91,0,0,961,0,0,0,0,0,0,0.00012925633852015986,0.0005548924532073822,0.0006473400865312821,0.05335087899584323,0.07804597899666987,0.13221932100714184,0.8385699040081818
APF_tuned,supplemental_primary,,,,me5418-supplement-v1-0044,far,supplement-g020,True,,,,,1.0,4.952085016153352e-05,3.7365155123122774e-05,2.7164898363176926e-05,,0.020026953688086116,961,0,0.026704851944385384,0.02371401408105045,0.0,0.0,,,0.0,0.0,0.0,0,0,0,0,0,0,961,0,0,0,0,0,0,2.695403024214708e-05,0.0005228845304069788,0.000550583037238539,0.05364317001658492,0.07359969199751504,0.12806659800116904,0.7331736339838244
APF_tuned,supplemental_primary,,,,me5418-supplement-v1-0046,tight_layout,supplement-g022,True,,,,,1.0,5.1445841991423876e-05,4.558297868569915e-05,4.1745542190747487e-05,0.010851012774293053,0.019799330891526586,0,0,0.22915647494222766,0.16445490549536182,0.0,0.0,,,0.001488095238095238,0.010416666666666666,0.020258590809779025,0,0,0,182,0,0,961,0,0,0,0,0,0,0.00010243134905370728,0.0005684229014453497,0.0006987970346623722,0.05240473197773099,0.07985723798628896,0.13310611300403252,0.9435407819983084
APF_tuned,supplemental_primary,,,,me5418-supplement-v1-0047,near_link,supplement-g023,True,,,,,1.0,4.880136118821565e-05,3.2070913369843425e-05,2.6072560159935127e-05,0.01545446061004073,0.020055664873389924,0,0,0.18960721246412696,0.13794517677196078,0.0,0.0,,,0.014880952380952378,0.08333333333333333,0.016148760382351197,0,0,0,129,0,0,961,0,0,0,0,0,0,0.00014503796607338396,0.0005665951201384208,0.0006851522650322295,0.053241852001519874,0.080004174989881,0.13411904399981722,0.8787184130051173
APF_tuned,supplemental_primary,,,,me5418-supplement-v1-0048,far,supplement-g000,True,,,,,1.0,5.8330382052132415e-05,4.261695219047939e-05,2.5901612009348566e-05,,0.01990087671614748,961,0,0.031099489927102056,0.042645334573968796,0.0,0.0,,,0.0,0.0,0.0,0,0,0,0,0,0,961,0,0,0,0,0,0,2.7019640583603177e-05,0.0005161562989997037,0.0005435853965536808,0.05280115897767246,0.07430334002128802,0.12788851899676956,0.7260628310032189
APF_tuned,supplemental_primary,,,,me5418-supplement-v1-0051,near_link,supplement-g003,True,,,,,1.0,6.23065828977646e-05,4.382527593005978e-05,2.688237483659429e-05,0.04508392004120823,0.01990950787413668,0,0,0.04597134393917923,0.045902682795610994,0.0,0.0,,,0.0,0.0,0.00163467416394624,0,0,0,0,0,0,961,0,0,0,0,0,0,8.328965107769666e-05,0.000556988665600026,0.0007051768416810471,0.04995978300576098,0.08068975698552094,0.1315299620036967,0.8913249170000199
APF_tuned,supplemental_primary,,,,me5418-supplement-v1-0053,far,supplement-g005,True,,,,,1.0,5.051234306073752e-05,3.667632664531846e-05,3.101232712794718e-05,,0.02012139892961093,961,0,0.022902991992768667,0.034999519661884054,0.0,0.0,,,0.0,0.0,0.0,0,0,0,0,0,0,961,0,0,0,0,0,0,2.742570404734579e-05,0.0005219603891722121,0.0005495559217100284,0.05328338799881749,0.07339057300123386,0.1274609380052425,0.732062274008058
APF_tuned,supplemental_primary,,,,me5418-supplement-v1-0054,near_link,supplement-g006,True,,,,,1.0,6.200046384554231e-05,5.307737622627872e-05,4.70280944539491e-05,0.03137828799751878,0.01960873312477633,0,0,0.07362338330840977,0.06044484958171692,0.0,0.0,,,0.0,0.0,0.015284954407158047,0,0,0,0,0,0,961,0,0,0,0,0,0,0.00019100974092604398,0.0005688212316272256,0.0007190927862211538,0.053093538008397445,0.08005221100756899,0.1339743940043263,0.9096163950162008
APF_tuned,supplemental_primary,,,,me5418-supplement-v1-0055,tight_layout,supplement-g007,True,,,,,1.0,4.5716523604059207e-05,3.479501937886322e-05,4.511401458290358e-05,0.008520627327643485,0.020154933643945418,0,0,0.1225896489786534,0.08817860687796754,0.0,0.0,,,0.03794642857142857,0.265625,0.03454794050651412,0,0,0,330,0,0,961,0,0,0,0,0,0,0.00011594413490456645,0.0005781480725393825,0.0007344268825666707,0.05201502199633978,0.08216647201334126,0.13502669899025932,0.929025821009418
APF_tuned,supplemental_primary,,,,me5418-supplement-v1-0058,far,supplement-g010,True,,,,,1.0,4.2238745694232624e-05,3.7851215897465135e-05,3.8823272858769085e-05,,0.020074932915813047,961,0,0.028502336332056174,0.02770548771117352,0.0,0.0,,,0.0,0.0,0.0,0,0,0,0,0,0,961,0,0,0,0,0,0,2.749868826867896e-05,0.0005288518579921705,0.0005565081481715121,0.052227042004233226,0.0738495480036363,0.1269017969898414,0.7380872429930605
APF_tuned,supplemental_primary,,,,me5418-supplement-v1-0059,near_link,supplement-g011,True,,,,,1.0,3.8440705939712256e-05,3.48323666538462e-05,3.843143039795916e-05,0.04712476248665094,0.0201544450625021,0,0,0.027723758920819363,0.035572774146612904,0.0,0.0,,,0.0,0.0,0.0016733545226495102,0,0,0,0,0,0,961,0,0,0,0,0,0,0.00010297962505016282,0.0005503553040095236,0.0006494422915845158,0.05207207900821231,0.07699477599817328,0.1298770839930512,0.8399854019808117
APF_tuned,supplemental_primary,,,,me5418-supplement-v1-0061,near_link,supplement-g013,True,,,,,1.0,7.376686640738686e-05,5.523636824866633e-05,3.801214330595372e-05,0.0056866949652533555,0.020041061554968043,0,0,0.13269237917791782,0.0817405473727961,0.0,0.0,,,0.052083333333333315,0.24479166666666666,0.03757915225978316,0,0,0,324,0,0,961,0,0,0,0,0,0,0.00014371554546717866,0.0005564579257528143,0.0006822788713482926,0.051737976988079026,0.0793266780092381,0.13188116700621322,0.8739386889792513
APF_tuned,supplemental_primary,,,,me5418-supplement-v1-0063,far,supplement-g015,True,,,,,1.0,5.187569659025897e-05,3.998461823679201e-05,2.6699783726529566e-05,,0.019943259366819142,961,0,0.039788737816376867,0.035619968194199644,0.0,0.0,,,0.0,0.0,0.0,0,0,0,0,0,0,961,0,0,0,0,0,0,2.7757698110993562e-05,0.0005278738013961022,0.0005557560247931785,0.052299286995548755,0.073289387015393,0.1263787250209134,0.7385658739949577
APF_tuned,supplemental_primary,,,,me5418-supplement-v1-0064,near_link,supplement-g016,True,,,,,1.0,3.486856343946367e-05,2.3785810232389617e-05,3.483520333856799e-05,0.016519096485852675,0.01975242337210164,0,0,0.11367689852570312,0.08165477901505792,0.0,0.0,,,0.017113095238095236,0.11979166666666667,0.028288922957214392,0,0,0,203,0,0,961,0,0,0,0,0,0,0.00016912972402375695,0.00057507891624482,0.0007417239028654876,0.05160199900274165,0.08132580999517813,0.13382335999631323,0.9357609269791283
APF_tuned,supplemental_primary,,,,me5418-supplement-v1-0066,near_link,supplement-g018,True,,,,,1.0,5.0617368432609684e-05,4.022720583626999e-05,2.965852005561886e-05,0.031724057321306995,0.01975367822490145,0,0,0.09734396052035268,0.09673553728164422,0.0,0.0,,,0.0,0.0,0.016620757961807148,0,0,0,0,0,0,961,0,0,0,0,0,0,0.00014366912546392996,0.0005579473660570026,0.0006657518945758056,0.052814958995440975,0.07785066799260676,0.13147141798981465,0.856498681998346
APF_tuned,supplemental_primary,,,,me5418-supplement-v1-0068,far,supplement-g020,True,,,,,1.0,4.684889094212438e-05,4.1477352921472275e-05,4.322135559882149e-05,,0.020034434396815563,961,0,0.022523777751959493,0.028569117971463123,0.0,0.0,,,0.0,0.0,0.0,0,0,0,0,0,0,961,0,0,0,0,0,0,2.739200560123815e-05,0.0005258007568954781,0.0005535207831902275,0.0519523189868778,0.07351649401243776,0.1262735030031763,0.7350130300037563
APF_tuned,supplemental_primary,,,,me5418-supplement-v1-0072,far,supplement-g000,True,,,,,1.0,6.703364788804526e-05,4.996262890479885e-05,3.642564388384325e-05,,0.019610087908083107,961,0,0.05185830484057753,0.0640781349295978,0.0,0.0,,,0.0,0.0,0.0,0,0,0,0,0,0,961,0,0,0,0,0,0,2.693787670674889e-05,0.0005126752299171737,0.0005397840659194723,0.05389978698804043,0.0735716070048511,0.12827082397416234,0.7726619270106312
APF_tuned,supplemental_primary,,,,me5418-supplement-v1-0073,near_link,supplement-g001,True,,,,,1.0,6.110309727586862e-05,5.2688688452465075e-05,4.6826638151455793e-05,0.004401541272679374,0.01964650605821549,0,0,0.11797407911972614,0.11672281386912702,0.0,0.0,,,0.03645833333333332,0.2552083333333333,0.04800621894394462,0,0,0,422,0,0,961,0,0,0,0,0,0,0.0002226037451388644,0.0005680887351445562,0.0007457491630399696,0.05111271300120279,0.08242728700861335,0.13435696199303493,0.9383513560169376
APF_tuned,supplemental_primary,,,,me5418-supplement-v1-0074,tight_layout,supplement-g002,True,,,,,1.0,9.57982909692371e-05,6.890668797424925e-05,4.210163009393996e-05,0.0029331213834100645,0.0198307443921812,0,0,0.17212161377941523,0.09286537030953501,0.0,0.0,,,0.23660714285714282,0.546875,0.07312232624299539,0,0,0,551,0,0,961,0,0,0,0,0,0,9.413163434146554e-05,0.0005684856583381286,0.0006986811897453057,0.05208921598386951,0.07986880501266569,0.13276876200689003,0.8902505690057296
APF_tuned,supplemental_primary,,,,me5418-supplement-v1-0075,near_link,supplement-g003,True,,,,,1.0,6.33776778980276e-05,4.509356590350619e-05,2.8839479277112795e-05,0.02521901302276297,0.019775693674964602,0,0,0.18974795786713744,0.12716197476107577,0.0,0.0,,,0.0,0.0,0.0088185370871803,0,0,0,42,0,0,961,0,0,0,0,0,0,0.00011755298070662927,0.0005530361858291144,0.0006828354012820152,0.052797122014453635,0.08023598702857271,0.13383575499756262,0.8755421899841167
APF_tuned,supplemental_primary,,,,me5418-supplement-v1-0077,far,supplement-g005,True,,,,,1.0,5.3863579981595725e-05,3.865251019500303e-05,3.1396293664060736e-05,,0.020107818739217444,961,0,0.028640173742157226,0.028646539117648306,0.0,0.0,,,0.0,0.0,0.0,0,0,0,0,0,0,961,0,0,0,0,0,0,2.728942232958313e-05,0.0005262870311526057,0.0005541035238214438,0.053214148996630684,0.07360457599861547,0.12761088999104686,0.7360810069949366
APF_tuned,supplemental_primary,,,,me5418-supplement-v1-0078,near_link,supplement-g006,True,,,,,1.0,4.6737047553521555e-05,4.379433041469973e-05,3.97235274956206e-05,0.02072865491848172,0.019805936426062,0,0,0.08131880951538029,0.08189385748726653,0.0,0.0,,,0.0,0.0,0.01739032577611982,0,0,0,164,0,0,961,0,0,0,0,0,0,9.564921416919485e-05,0.0005781208630044906,0.0007150249795207249,0.053191626007901505,0.08139455298078246,0.13546401599887758,0.9081843989843037
APF_tuned,supplemental_primary,,,,me5418-supplement-v1-0079,tight_layout,supplement-g007,True,,,,,1.0,5.882233078298113e-05,4.068486963985678e-05,3.366969186165296e-05,0.0030317946116961564,0.01993041615997132,0,0,0.2205741877920142,0.14520480465494356,0.0,0.0,,,0.031249999999999997,0.13541666666666666,0.018021058914919712,0,0,0,182,0,0,961,0,0,0,0,0,0,0.00014654427044054805,0.0005743175385153639,0.000721309717027907,0.05371139702037908,0.0821445869805757,0.13670411598286591,0.9188043370086234
APF_tuned,supplemental_primary,,,,me5418-supplement-v1-0080,near_link,supplement-g008,True,,,,,1.0,6.495098960333094e-05,4.768069285477191e-05,4.279523654599124e-05,0.01478208484617903,0.019648669514858733,0,0,0.1166333962478544,0.07274638264559291,0.0,0.0,,,0.004464285714285714,0.03125,0.020436601573341068,0,0,0,256,0,0,961,0,0,0,0,0,0,0.0001875826925849348,0.0005664058225496167,0.0007400070596304432,0.0552864600031171,0.08065248999628238,0.13676186400698498,0.9392608880007174
APF_tuned,supplemental_primary,,,,me5418-supplement-v1-0082,far,supplement-g010,True,,,,,1.0,3.577928001552343e-05,3.31291309451055e-05,3.4577275744733136e-05,,0.020143730368953373,961,0,0.02311484105920404,0.026799789009988955,0.0,0.0,,,0.0,0.0,0.0,0,0,0,0,0,0,961,0,0,0,0,0,0,2.777740610326873e-05,0.0005319574697447631,0.0005598577159920145,0.05711028299992904,0.07488861700403504,0.13288631499744952,0.7477207870106213
APF_tuned,supplemental_primary,,,,me5418-supplement-v1-0083,near_link,supplement-g011,True,,,,,1.0,4.572478521296845e-05,3.991789873904177e-05,4.1564165987897896e-05,0.0316803340176548,0.02014664345295126,0,0,0.0595573570875487,0.09045680017178863,0.0,0.0,,,0.0,0.0,0.010965099589278993,0,0,0,0,0,0,961,0,0,0,0,0,0,0.00013570318287747796,0.0005525402936048825,0.0006609210048130384,0.05254166599479504,0.07818979898001999,0.13155189401004463,0.851594178006053
APF_tuned,supplemental_primary,,,,me5418-supplement-v1-0085,near_link,supplement-g013,True,,,,,1.0,7.344453057408358e-05,6.044284681181836e-05,4.866653236921895e-05,0.006920176985787993,0.01980695007389778,0,0,0.1302064967036922,0.1079366914220219,0.0,0.0,,,0.043898809523809514,0.1875,0.04339906360339569,0,0,0,532,0,0,961,0,0,0,0,0,0,0.00014575929071725113,0.0005692430318352611,0.0006941116075419511,0.05196404500748031,0.08044508600141853,0.13323389799916185,0.8861983889946714
APF_tuned,supplemental_primary,,,,me5418-supplement-v1-0087,far,supplement-g015,True,,,,,1.0,4.833189088909401e-05,4.135464977652751e-05,3.985821734695e-05,,0.019954476324758275,961,0,0.04301112275369995,0.045917795823001935,0.0,0.0,,,0.0,0.0,0.0,0,0,0,0,0,0,961,0,0,0,0,0,0,2.7467587794186937e-05,0.0005309944587073308,0.0005588571846298388,0.05189566599437967,0.07328974598203786,0.12598343900754116,0.7400116199860349
APF_tuned,supplemental_primary,,,,me5418-supplement-v1-0090,near_link,supplement-g018,True,,,,,1.0,6.648425566426119e-05,4.7944334543532424e-05,1.8525698733168584e-05,0.00665315994558878,0.01975364010846333,0,0,0.08816381350212714,0.10663928304521769,0.0,0.0,,,0.04464285714285713,0.3125,0.029579375238079235,0,0,0,739,0,0,961,0,0,0,0,0,0,0.00010915554609406779,0.0005576522170485987,0.0006578442894654775,0.05294604800292291,0.07840000302530825,0.13216743199154735,0.8483827780000865
APF_tuned,supplemental_primary,,,,me5418-supplement-v1-0092,far,supplement-g020,True,,,,,1.0,5.9595099041518836e-05,4.246505325178729e-05,3.160493200760384e-05,,0.0197682665199422,961,0,0.04792092651870318,0.04565472914837271,0.0,0.0,,,0.0,0.0,0.0,0,0,0,0,0,0,961,0,0,0,0,0,0,2.7168984312690252e-05,0.0005203724976430142,0.0005477984492548179,0.054866022983333096,0.07349336799234152,0.12914405201445334,0.7313091729884036
APF_tuned,supplemental_primary,,,,me5418-supplement-v1-0094,tight_layout,supplement-g022,True,,,,,1.0,5.312555639176409e-05,4.998637188541214e-05,4.558583992009411e-05,0.012594490571266284,0.019662919635269498,0,0,0.1949400881796885,0.1479250708232742,0.0,0.0,,,0.0,0.0,0.020313796761164137,0,0,0,176,0,0,961,0,0,0,0,0,0,9.789017531147692e-05,0.0005670213104773818,0.0006972542230869294,0.05364691998693161,0.08006985401152633,0.13453140301862732,0.8897901029849891
APF_tuned,supplemental_primary,,,,me5418-supplement-v1-0095,near_link,supplement-g023,True,,,,,1.0,4.203162592533439e-05,3.234612803008062e-05,3.9601350694036876e-05,0.028976554459445844,0.02012616270002831,0,0,0.11159851918871928,0.09196685629415566,0.0,0.0,,,0.0,0.0,0.009671437550242858,0,0,0,15,0,0,961,0,0,0,0,0,0,0.00014315263463989444,0.0005620724236299186,0.0006688867106580195,0.05202547798398882,0.07777815699228086,0.13062395399902016,0.8601666869944893
APF_tuned,supplemental_primary,,,,me5418-supplement-v1-0096,far,supplement-g000,True,,,,,1.0,6.750747248646956e-05,4.989777469105213e-05,3.079388427403516e-05,,0.01960863508808048,961,0,0.05366462756616092,0.06706763489894782,0.0,0.0,,,0.0,0.0,0.0,0,0,0,0,0,0,961,0,0,0,0,0,0,2.708992148351778e-05,0.0005125541792343331,0.00053991506250289,0.05323929901351221,0.07351046899566427,0.1275474250141997,0.7222159950179048
APF_tuned,supplemental_primary,,,,me5418-supplement-v1-0099,near_link,supplement-g003,True,,,,,1.0,5.6231404329387426e-05,4.1224067787157374e-05,3.5711449333160466e-05,0.017601227036498787,0.01999101979274987,0,0,0.22089029894924084,0.14269996924297668,0.0,0.0,,,0.0,0.0,0.011716685249706824,0,0,0,112,0,0,961,0,0,0,0,0,0,0.00010954074468827457,0.0005602360541767363,0.0006935388923011487,0.0540437170129735,0.08006295797531493,0.13493042101617903,0.8874299990129657
APF_tuned,supplemental_primary,,,,me5418-supplement-v1-0101,far,supplement-g005,True,,,,,1.0,4.903492667212888e-05,3.6217491963530015e-05,2.8202347445926507e-05,,0.020151373710956835,961,0,0.0265321264195908,0.030845033795512594,0.0,0.0,,,0.0,0.0,0.0,0,0,0,0,0,0,961,0,0,0,0,0,0,2.705413514073977e-05,0.0005268993837792853,0.000554395602830482,0.05202406400348991,0.07391593302600086,0.12674600799800828,0.7376583520090207
APF_tuned,supplemental_primary,,,,me5418-supplement-v1-0102,near_link,supplement-g006,True,,,,,1.0,3.4698118315467516e-05,2.4833429184599926e-05,2.8473560748629574e-05,0.014888769575034044,0.020098700535020074,0,0,0.18417415066625023,0.13264032849119425,0.0,0.0,,,0.012648809523809522,0.08854166666666667,0.016161280015989314,0,0,0,117,0,0,961,0,0,0,0,0,0,0.0001469747558076051,0.0005829811102557869,0.0007432307663293614,0.054864867008291185,0.0832613350066822,0.13895613999920897,0.9430188029946294
APF_tuned,supplemental_primary,,,,me5418-supplement-v1-0106,far,supplement-g010,True,,,,,1.0,3.7388323189123e-05,3.462685345929852e-05,3.555331646359805e-05,,0.020143365978729358,961,0,0.04201781293545489,0.04865203018749497,0.0,0.0,,,0.0,0.0,0.0,0,0,0,0,0,0,961,0,0,0,0,0,0,2.7365675729621824e-05,0.0005267653508478058,0.00055453245810592,0.055415585986338556,0.07357373498962261,0.1298391559976153,0.7382697900175117
APF_tuned,supplemental_primary,,,,me5418-supplement-v1-0107,near_link,supplement-g011,True,,,,,1.0,5.006191437824926e-05,4.2661364281713955e-05,3.9933967738007166e-05,0.017618084274936344,0.02011180209827996,0,0,0.07019322065168639,0.0847431273267581,0.0,0.0,,,0.0,0.0,0.01802933559666062,0,0,0,247,0,0,961,0,0,0,0,0,0,0.00014186897336306478,0.0005519614210546327,0.0006585838240728965,0.05380252000759356,0.07799921900732443,0.13260169999557547,0.8517359679972287
APF_tuned,supplemental_primary,,,,me5418-supplement-v1-0111,far,supplement-g015,True,,,,,1.0,5.736009779739511e-05,4.235666533320849e-05,2.8109128671187672e-05,,0.019804318121781787,961,0,0.047044493126473234,0.05181618614295171,0.0,0.0,,,0.0,0.0,0.0,0,0,0,0,0,0,961,0,0,0,0,0,0,2.7003338194238797e-05,0.000521199195979231,0.000548462787749789,0.05304979800712317,0.07301243400434032,0.12687007800559513,0.7296866429969668
APF_tuned,supplemental_primary,,,,me5418-supplement-v1-0112,near_link,supplement-g016,True,,,,,1.0,0.00010285953864025433,6.751110257478028e-05,8.267953414409161e-05,0.015071024235797134,0.019692950971190927,0,0,0.1315417716952586,0.10361097276195272,0.0,0.0,,,0.18675595238095233,0.6770833333333334,0.10053338806998614,0,0,0,565,0,0,961,0,0,0,0,0,0,0.00024799152015475556,0.0005728556148217952,0.0007545305573936882,0.054955455008894205,0.08118696499150246,0.136992926010862,0.9514965979906265
APF_tuned,supplemental_primary,,,,me5418-supplement-v1-0114,near_link,supplement-g018,True,,,,,1.0,6.03660975208916e-05,4.765616212143265e-05,2.031677039639768e-05,0.02103216993431252,0.019753649733905053,0,0,0.09371011402496474,0.11120584582431947,0.0,0.0,,,0.015625,0.109375,0.026661785283085774,0,0,0,591,0,0,961,0,0,0,0,0,0,0.00014262621501378211,0.0005543662614400091,0.000649025742586673,0.05244363201200031,0.07853702100692317,0.13179703502100892,0.8429809029912576
APF_tuned,supplemental_primary,,,,me5418-supplement-v1-0116,far,supplement-g020,True,,,,,1.0,4.6092747237439234e-05,3.910634942488144e-05,3.5705892980283615e-05,,0.01996458634971015,961,0,0.043433980692479245,0.0551860928227626,0.0,0.0,,,0.0,0.0,0.0,0,0,0,0,0,0,961,0,0,0,0,0,0,2.7625713149366977e-05,0.000530406983186064,0.0005580198092502541,0.05272579501615837,0.0736064329976216,0.12713030399754643,0.7396010940137785
APF_tuned,supplemental_primary,,,,me5418-supplement-v1-0117,near_link,supplement-g021,True,,,,,1.0,6.05373450369448e-05,4.7245343340361105e-05,3.064397714006876e-05,0.041670794858331375,0.01970568365776574,0,0,0.045910717609296825,0.056283456551914565,0.0,0.0,,,0.0,0.0,0.006909262698103145,0,0,0,0,0,0,961,0,0,0,0,0,0,0.00013243463460336594,0.0005664978039627992,0.0007106503847656617,0.05253550599445589,0.08053656498668715,0.13391275799949653,0.9037528779881541
APF_tuned,supplemental_primary,,,,me5418-supplement-v1-0119,near_link,supplement-g023,True,,,,,1.0,6.627569425511763e-05,4.071448527488495e-05,3.459706087291738e-05,0.015639000764816904,0.019731754583117232,0,0,0.1512709054445596,0.12790617223803913,0.0,0.0,,,0.007440476190476189,0.052083333333333336,0.017587822212103844,0,0,0,218,0,0,961,0,0,0,0,0,0,0.00014358220914800768,0.0005659250284831311,0.0006834572432126151,0.052927826007362455,0.07827066699974239,0.13201690700952895,0.8750705319980625
APF_tuned,supplemental_primary,,,,me5418-supplement-v1-0120,far,supplement-g000,True,,,,,1.0,7.05824189806437e-05,5.389031895996831e-05,3.654802052562921e-05,,0.019608520628025844,961,0,0.06554381681115022,0.08159868243433507,0.0,0.0,,,0.0,0.0,0.0,0,0,0,0,0,0,961,0,0,0,0,0,0,2.6991374549349228e-05,0.0005108447187315809,0.0005381473220647119,0.052704643981996924,0.0737360049970448,0.12727861100574955,0.7210339320008643
APF_tuned,supplemental_primary,,,,me5418-supplement-v1-0123,near_link,supplement-g003,True,,,,,1.0,4.901674664132797e-05,3.6894744591613325e-05,2.5394437724103455e-05,0.02223653847877058,0.02014032420475178,0,0,0.20278571591002695,0.13050147599200057,0.0,0.0,,,0.005952380952380952,0.041666666666666664,0.007699180182598918,0,0,0,56,0,0,961,0,0,0,0,0,0,8.969757845989079e-05,0.0005629980586794166,0.0007022191763401982,0.05285295200883411,0.08053870699950494,0.134223519009538,0.8925895360007416
APF_tuned,supplemental_primary,,,,me5418-supplement-v1-0125,far,supplement-g005,True,,,,,1.0,6.013092601556279e-05,4.287117901232847e-05,2.6129427449629135e-05,,0.019882865477028236,961,0,0.034438175300685984,0.045948705950416585,0.0,0.0,,,0.0,0.0,0.0,0,0,0,0,0,0,961,0,0,0,0,0,0,2.6814552256837487e-05,0.0005122322794704814,0.0005395463115746679,0.05410928398487158,0.07372465200023726,0.12865718000102788,0.7225194900238421
APF_tuned,supplemental_primary,,,,me5418-supplement-v1-0126,near_link,supplement-g006,True,,,,,1.0,3.0982518332402765e-05,2.899271838361708e-05,2.7832168177130744e-05,0.04096839227369968,0.020130619697431656,0,0,0.058004284053162915,0.04731632016275986,0.0,0.0,,,0.0,0.0,0.005889180700487363,0,0,0,0,0,0,961,0,0,0,0,0,0,0.00014366185875284523,0.0005649716926200199,0.0006900192374208321,0.05278151697712019,0.07936518100905232,0.13295744700008072,0.9081201749795582
APF_tuned,supplemental_primary,,,,me5418-supplement-v1-0129,tight_layout,supplement-g009,True,,,,,1.0,3.805520038719184e-05,2.7393571398250662e-05,2.9062463586707854e-05,0.011411407793645273,0.019806201149770136,0,0,0.13804786745478015,0.09167382843738953,0.0,0.0,,,0.020089285714285712,0.140625,0.026828377104080238,0,0,0,195,0,0,961,0,0,0,0,0,0,0.0001416311611137644,0.0005709987286536489,0.0007322061102361962,0.050966559996595606,0.08057418200769462,0.13234622200252488,0.9235879840271082
APF_tuned,supplemental_primary,,,,me5418-supplement-v1-0130,far,supplement-g010,True,,,,,1.0,4.9215011300586086e-05,3.7896841187641554e-05,2.6644540805393578e-05,,0.020026253928877878,961,0,0.03719414081208732,0.03820642130209585,0.0,0.0,,,0.0,0.0,0.0,0,0,0,0,0,0,961,0,0,0,0,0,0,2.7315797221187193e-05,0.0005222462024903507,0.0005496875394783273,0.05303153800196014,0.07336412000586279,0.12719136901432648,0.730222298996523
APF_tuned,supplemental_primary,,,,me5418-supplement-v1-0131,near_link,supplement-g011,True,,,,,1.0,4.606410972682677e-05,3.676005565055204e-05,3.646441639682713e-05,0.03415329641571105,0.02004359581203055,0,0,0.058824394326097686,0.07858015248188675,0.0,0.0,,,0.0,0.0,0.0113464536593984,0,0,0,0,0,0,961,0,0,0,0,0,0,0.00010805468294468785,0.0005535293356842885,0.0006499304637448707,0.05259131599450484,0.07737132400507107,0.13075663900235668,0.8408169800241012
APF_tuned,supplemental_primary,,,,me5418-supplement-v1-0133,near_link,supplement-g013,True,,,,,1.0,6.451118849760863e-05,5.2499281838928565e-05,3.2748644610019495e-05,0.024336234954294447,0.019608576623747945,0,0,0.09811986375700217,0.08314544794456723,0.0,0.0,,,0.0,0.0,0.018537296915482587,0,0,0,104,0,0,961,0,0,0,0,0,0,0.00014426024063141085,0.0005558179865753724,0.0006642685759895054,0.052711411990458146,0.07814797799801454,0.13165510300314054,0.855920370988315
APF_tuned,supplemental_primary,,,,me5418-supplement-v1-0135,far,supplement-g015,True,,,,,1.0,3.452646367886379e-05,3.17895918861294e-05,3.1264161902510466e-05,,0.020125841911602473,961,0,0.027332439143698782,0.02573864269258435,0.0,0.0,,,0.0,0.0,0.0,0,0,0,0,0,0,961,0,0,0,0,0,0,2.7289979698252864e-05,0.0005280883318240134,0.0005551783835471725,0.05256844198447652,0.07412075501633808,0.12747982898144983,0.7377636719902512
APF_tuned,supplemental_primary,,,,me5418-supplement-v1-0140,far,supplement-g020,True,,,,,1.0,5.982450387622764e-05,4.261948975799671e-05,3.227346014872278e-05,,0.019752377244270827,961,0,0.04383062112277225,0.04868217104282799,0.0,0.0,,,0.0,0.0,0.0,0,0,0,0,0,0,961,0,0,0,0,0,0,2.7322458057218075e-05,0.0005188819719175324,0.0005463866773425252,0.054226470994763076,0.07306397001957521,0.12807026400696486,0.7301505729847122
APF_tuned,supplemental_primary,,,,me5418-supplement-v1-0142,tight_layout,supplement-g022,True,,,,,1.0,4.2188002977886705e-05,3.952153228381509e-05,3.8365222488173585e-05,0.007200956651543217,0.020030327234551046,0,0,0.20020304243677606,0.17285943283616284,0.0,0.0,,,0.0037202380952380946,0.026041666666666668,0.015298687814363573,0,0,0,222,0,0,961,0,0,0,0,0,0,9.280614494855399e-05,0.0005591905685226569,0.0006677705767894319,0.05426205799449235,0.07884804799687117,0.1339365559979342,0.8606592410069425
APF_tuned,supplemental_primary,,,,me5418-supplement-v1-0143,near_link,supplement-g023,True,,,,,1.0,3.6197650804192756e-05,2.8368131247868422e-05,3.0971895872815235e-05,0.01971890080417843,0.020061787515555797,0,0,0.14736402216182815,0.09826536684529563,0.0,0.0,,,0.0,0.0,0.009857312283459022,0,0,0,119,0,0,961,0,0,0,0,0,0,9.289817141204064e-05,0.0005695808575486202,0.0006878891820027396,0.054267247003735974,0.0795498020015657,0.13464339799247682,0.8803839250176679
APF_tuned,supplemental_primary,,,,me5418-supplement-v1-0144,far,supplement-g000,True,,,,,1.0,5.708687428044928e-05,4.159545423350372e-05,3.6578485833140056e-05,,0.01990902833351421,961,0,0.027384415191838336,0.03463297999731438,0.0,0.0,,,0.0,0.0,0.0,0,0,0,0,0,0,961,0,0,0,0,0,0,2.7272896356104564e-05,0.0005166741944170401,0.0005439868707071583,0.05275553301908076,0.07344704098068178,0.1270017120114062,0.7258522190095391
APF_tuned,supplemental_primary,,,,me5418-supplement-v1-0147,near_link,supplement-g003,True,,,,,1.0,6.413374171304197e-05,4.745704323752688e-05,4.031522042641232e-05,0.002116557785720591,0.019834868597887946,0,0,0.23414977409095705,0.1654209980162983,0.0,0.0,,,0.023809523809523808,0.15104166666666666,0.018943016807861403,0,0,0,196,0,0,961,0,0,0,0,0,0,0.00012101430214291516,0.0005535688467716681,0.0006568061453738967,0.05232201298349537,0.08067437200224958,0.13381822800147347,0.851803518977249
APF_tuned,supplemental_primary,,,,me5418-supplement-v1-0149,far,supplement-g005,True,,,,,1.0,5.480329538984739e-05,3.943675400809354e-05,3.482676823101011e-05,,0.020076509991504093,961,0,0.026805659286896735,0.03606925433050434,0.0,0.0,,,0.0,0.0,0.0,0,0,0,0,0,0,961,0,0,0,0,0,0,2.714548448542094e-05,0.0005193896756585067,0.0005468417979500373,0.05366256399429403,0.07367439800873399,0.12813290499616414,0.7299640350101981
APF_tuned,supplemental_primary,,,,me5418-supplement-v1-0150,near_link,supplement-g006,True,,,,,1.0,6.150498215161797e-05,4.671234461492104e-05,4.6312296809416264e-05,0.013856875066322674,0.01997034456084569,0,0,0.14540274629105543,0.1268002977303794,0.0,0.0,,,0.01413690476190476,0.057291666666666664,0.022424485210011884,0,0,0,328,0,0,961,0,0,0,0,0,0,0.00016782451408895818,0.0005788283738790294,0.0007305047401435634,0.05222859702189453,0.08170579897705466,0.13475742901209742,0.9214704949990846
APF_tuned,supplemental_primary,,,,me5418-supplement-v1-0154,far,supplement-g010,True,,,,,1.0,5.0872728639750265e-05,3.7432447037527544e-05,2.9223000357273182e-05,,0.02002169053583879,961,0,0.032736092536063334,0.030878069972785593,0.0,0.0,,,0.0,0.0,0.0,0,0,0,0,0,0,961,0,0,0,0,0,0,2.7236833981684565e-05,0.0005243384265061953,0.0005520657860870415,0.05295262299478054,0.07382144499570131,0.12756508099846542,0.7345775589928962
APF_tuned,supplemental_primary,,,,me5418-supplement-v1-0155,near_link,supplement-g011,True,,,,,1.0,3.8276251152100355e-05,3.24727708908342e-05,3.262140900439309e-05,0.042389419864099345,0.020144247546455933,0,0,0.03917091369834192,0.05863869568675696,0.0,0.0,,,0.0,0.0,0.006309039670132204,0,0,0,0,0,0,961,0,0,0,0,0,0,0.00011702792183617323,0.0005508458739920268,0.000660545524290986,0.05413284999667667,0.07842899099341594,0.1334182879945729,0.8557234840118326
APF_tuned,supplemental_primary,,,,me5418-supplement-v1-0157,near_link,supplement-g013,True,,,,,1.0,6.092352819917966e-05,4.5865486745322205e-05,3.2024730615872994e-05,0.047077705075498535,0.01974698238994537,0,0,0.038047567124511406,0.039507263439106904,0.0,0.0,,,0.0,0.0,0.003959903591557239,0,0,0,0,0,0,961,0,0,0,0,0,0,0.00014365171758375558,0.0005512386574991979,0.0006599791445599597,0.0536637140030507,0.0774055180081632,0.13188184599857777,0.8521007169911172
APF_tuned,supplemental_primary,,,,me5418-supplement-v1-0159,far,supplement-g015,True,,,,,1.0,4.599174541971391e-05,4.055386777852848e-05,4.148429659380765e-05,,0.020034320085652355,961,0,0.03926431698244693,0.040724061129307904,0.0,0.0,,,0.0,0.0,0.0,0,0,0,0,0,0,961,0,0,0,0,0,0,2.7264546739994937e-05,0.00052692476865559,0.0005544974122434118,0.053133192006498575,0.07374000901472755,0.12766236998140812,0.737527104007313
APF_tuned,supplemental_primary,,,,me5418-supplement-v1-0162,near_link,supplement-g018,True,,,,,1.0,4.3020572197981445e-05,3.2981061923339125e-05,2.5488288472830053e-05,0.02899941564329557,0.019753716155294497,0,0,0.08048208881206662,0.07598194344096479,0.0,0.0,,,0.011160714285714286,0.078125,0.014241846785360774,0,0,0,16,0,0,961,0,0,0,0,0,0,0.0001451373032068659,0.0005590117677456874,0.000655295663303453,0.05524687099386938,0.0783737149904482,0.13452212800621055,0.8502460190211423
APF_tuned,supplemental_primary,,,,me5418-supplement-v1-0164,far,supplement-g020,True,,,,,1.0,5.2677816828993384e-05,3.8312080458554677e-05,3.009322098867363e-05,,0.01997345650060161,961,0,0.030165886123713258,0.029328625685978105,0.0,0.0,,,0.0,0.0,0.0,0,0,0,0,0,0,961,0,0,0,0,0,0,2.873523984211109e-05,0.000536873258624837,0.0005652705013441543,0.05443537898827344,0.07360343998880126,0.1288344209897332,0.7526440630026627
APF_tuned,supplemental_primary,,,,me5418-supplement-v1-0165,near_link,supplement-g021,True,,,,,1.0,8.421063176191257e-05,6.445513164977678e-05,4.069953490144183e-05,0.003750172715194469,0.019608623010191027,0,0,0.3056784947338572,0.2048354904423572,0.0,0.0,,,0.01413690476190476,0.052083333333333336,0.030218208522285843,0,0,0,223,0,0,961,0,0,0,0,0,0,0.00010951954648893054,0.0005686076634447091,0.0006917991531736334,0.05300057999556884,0.08059618799597956,0.13440434299991466,0.8832702159998007
APF_tuned,supplemental_primary,,,,me5418-supplement-v1-0166,tight_layout,supplement-g022,True,,,,,1.0,4.7769905325613795e-05,4.246973876027424e-05,3.9354734436348146e-05,0.006392134365558938,0.019909484883633886,0,0,0.2914010945314617,0.19832987358298387,0.0,0.0,,,0.002232142857142857,0.015625,0.018108604943419978,0,0,0,187,0,0,961,0,0,0,0,0,0,0.00010226216651669044,0.0005623254069481239,0.0006716218057893759,0.0537961819791235,0.07920675401692279,0.13380771499942057,0.8664035009860527
APF_tuned,supplemental_primary,,,,me5418-supplement-v1-0168,far,supplement-g000,True,,,,,1.0,6.231228681651461e-05,4.5834927231995444e-05,2.6773729599747923e-05,,0.019703546454618005,961,0,0.03920282835090262,0.04947895258819626,0.0,0.0,,,0.0,0.0,0.0,0,0,0,0,0,0,961,0,0,0,0,0,0,2.7473926517510943e-05,0.0005146890396038847,0.0005423215408579077,0.05359339801361784,0.0735542339971289,0.12792612198973075,0.7254311570140999
APF_tuned,supplemental_primary,,,,me5418-supplement-v1-0171,near_link,supplement-g003,True,,,,,1.0,5.588947604301339e-05,4.078353535670155e-05,3.336459617074759e-05,0.025121673654046967,0.01993930434000047,0,0,0.19817577300166964,0.13143909372774593,0.0,0.0,,,0.0,0.0,0.010058099518042096,0,0,0,40,0,0,961,0,0,0,0,0,0,0.00011941116569384273,0.0005611858129971855,0.0006960447130040847,0.05331169601413421,0.08059786801459268,0.1347207350190729,0.889977889979491
APF_tuned,supplemental_primary,,,,me5418-supplement-v1-0173,far,supplement-g005,True,,,,,1.0,6.0004427464816274e-05,4.302671545104495e-05,2.6383668697044207e-05,,0.020028922888569826,961,0,0.03815367846278111,0.043373137986164906,0.0,0.0,,,0.0,0.0,0.0,0,0,0,0,0,0,961,0,0,0,0,0,0,2.7116067182456998e-05,0.0005182159046853485,0.0005456176916595723,0.05437802799860947,0.0739905170048587,0.12920782901346684,0.8081755989987869
APF_tuned,supplemental_primary,,,,me5418-supplement-v1-0177,tight_layout,supplement-g009,True,,,,,1.0,4.5016028721927855e-05,3.692621141109385e-05,3.826080062835995e-05,0.006731509073690398,0.020112482618800824,0,0,0.13803245307849477,0.10316647801036813,0.0,0.0,,,0.022321428571428572,0.15625,0.01984278537173457,0,0,0,216,0,0,961,0,0,0,0,0,0,0.00010137532763110357,0.0005676960043880778,0.0007209767769685034,0.051239603984868154,0.08094964100746438,0.1330287890159525,0.911382883990882
APF_tuned,supplemental_primary,,,,me5418-supplement-v1-0178,far,supplement-g010,True,,,,,1.0,4.796904547169159e-05,3.597221919489696e-05,2.773772830216995e-05,,0.020080724826578203,961,0,0.0245361376860683,0.023958299369120833,0.0,0.0,,,0.0,0.0,0.0,0,0,0,0,0,0,961,0,0,0,0,0,0,2.7762218905991176e-05,0.0005284688794745307,0.0005561666978186016,0.05261719401460141,0.07418574398616329,0.12760122399777174,0.7387028369994368
APF_tuned,supplemental_primary,,,,me5418-supplement-v1-0179,near_link,supplement-g011,True,,,,,1.0,5.6219507094313295e-05,4.242969146135448e-05,3.670134015985499e-05,0.019499209439435145,0.020049953294141658,0,0,0.14289410079883125,0.11942935432446249,0.0,0.0,,,0.001488095238095238,0.010416666666666666,0.02351936996305762,0,0,0,139,0,0,961,0,0,0,0,0,0,0.00013156916808535848,0.000559572098730617,0.0006758555156920921,0.05325670001911931,0.07793674297863618,0.13200276999850757,0.8686593769816682
APF_tuned,supplemental_primary,,,,me5418-supplement-v1-0181,near_link,supplement-g013,True,,,,,1.0,4.0235881761616254e-05,3.734076355075552e-05,3.560854618795151e-05,0.036073611284048235,0.020098394272449707,0,0,0.05439597540480003,0.05321960996731591,0.0,0.0,,,0.0,0.0,0.006441519169822315,0,0,0,0,0,0,961,0,0,0,0,0,0,0.00013202480295149144,0.0005513568331783366,0.0006567874130269047,0.05358365600113757,0.07762838000780903,0.1320415119989775,0.8494269379880279
APF_tuned,supplemental_primary,,,,me5418-supplement-v1-0183,far,supplement-g015,True,,,,,1.0,3.0564586213060395e-05,2.8336592034906272e-05,2.8843742676690696e-05,,0.020154933643945418,961,0,0.019330670331672073,0.019691601245845926,0.0,0.0,,,0.0,0.0,0.0,0,0,0,0,0,0,961,0,0,0,0,0,0,2.7213910774056178e-05,0.0005291651990470806,0.0005563342280462772,0.05380523399799131,0.0736139320069924,0.1282094269990921,0.739602753019426
APF_tuned,supplemental_primary,,,,me5418-supplement-v1-0186,near_link,supplement-g018,True,,,,,1.0,5.648728165620693e-05,4.0814669556002885e-05,2.3636622129593297e-05,0.018239283922822827,0.019753655010176792,0,0,0.06324920490273835,0.09059075909180028,0.0,0.0,,,0.04241071428571428,0.296875,0.0210689245923991,0,0,0,233,0,0,961,0,0,0,0,0,0,0.00014328666672251225,0.0005492312588103232,0.0006450908012690586,0.052880749019095674,0.07697868198738433,0.1306707629992161,0.8346962179930415
APF_tuned,supplemental_primary,,,,me5418-supplement-v1-0188,far,supplement-g020,True,,,,,1.0,5.0874018028602355e-05,3.818050428043848e-05,2.7399886253846426e-05,,0.01999260732139479,961,0,0.031015097758785533,0.027288395315238995,0.0,0.0,,,0.0,0.0,0.0,0,0,0,0,0,0,961,0,0,0,0,0,0,2.700681746622043e-05,0.0005231748791023467,0.0005505570223249378,0.052980045991716906,0.07386246000532992,0.12763375899521634,0.7330086639849469
APF_tuned,supplemental_primary,,,,me5418-supplement-v1-0191,near_link,supplement-g023,True,,,,,1.0,3.962373764479234e-05,3.159268278996003e-05,3.8715293758785015e-05,0.022192199141304575,0.02012780937788515,0,0,0.19154977638166276,0.13165592533642853,0.0,0.0,,,0.00818452380952381,0.057291666666666664,0.010568533014820112,0,0,0,64,0,0,961,0,0,0,0,0,0,0.0001375066769166248,0.0005630495563006358,0.0006739440934325103,0.0531457879988011,0.07947436100221239,0.13341758400201797,0.8677593559841625
APF_tuned,supplemental_primary,,,,me5418-supplement-v1-0192,far,supplement-g000,True,,,,,1.0,6.610684816695149e-05,4.865778739336142e-05,3.223459190152579e-05,,0.019614930316007258,961,0,0.04931745001242834,0.061787250084899215,0.0,0.0,,,0.0,0.0,0.0,0,0,0,0,0,0,961,0,0,0,0,0,0,2.742477681749733e-05,0.0005113706538698655,0.0005387639124516378,0.05185357798472978,0.07310958797461353,0.12575351700070314,0.7191649620071985
PPO_best_550901,primary,550901,best,520f129a30003fc360012af7b9c5b0cd372ed0aabe3d2cb4888b1365b126e821,me5418-supplement-v1-0000,far,supplement-g000,True,,,,,1.0,8.39390667012233e-05,6.541723255072279e-05,3.560160331081425e-05,,0.019781731017016004,961,0,0.17089736913036044,0.25399252145061313,0.0,0.0,0.42857142857142855,1.0,0.0,0.0,0.13747770471631415,0,0,0,0,0,0,961,0,0,0,0,0,0,0.0002531569853090332,0.0005416571757753748,0.0006148840844616643,0.06061514298198745,0.07421711401548237,0.13568757197936065,0.8118524930032436
PPO_best_550901,primary,550901,best,520f129a30003fc360012af7b9c5b0cd372ed0aabe3d2cb4888b1365b126e821,me5418-supplement-v1-0001,near_link,supplement-g001,True,,,,,1.0,5.236015442083934e-05,4.499049168466129e-05,4.4545553000141584e-05,0.007490431981062681,0.01958924788718068,0,0,0.3445474444323004,0.2440133097062965,0.0,0.0,0.2924107142857142,0.9739583333333334,0.0,0.0,0.13391126610471735,0,0,0,917,0,0,961,0,0,0,0,0,0,0.00031627452047663,0.0005750170615404689,0.0007650376850203126,0.049931298999581486,0.08155532498494722,0.13229574999422766,0.9564653400157113
PPO_best_550901,primary,550901,best,520f129a30003fc360012af7b9c5b0cd372ed0aabe3d2cb4888b1365b126e821,me5418-supplement-v1-0005,far,supplement-g005,True,,,,,1.0,7.49761860329695e-05,6.297116547071184e-05,3.3646253320639967e-05,,0.01957699046649084,961,0,0.1714125087560843,0.2572171333207664,0.0,0.0,0.42857142857142855,1.0,0.0,0.0,0.13912995190226607,0,0,0,0,0,0,961,0,0,0,0,0,0,0.00026073712372938945,0.0005415204258497397,0.0006160577894358236,0.05053668099571951,0.07328451398643665,0.1246037209930364,0.8034487850090954
PPO_best_550901,primary,550901,best,520f129a30003fc360012af7b9c5b0cd372ed0aabe3d2cb4888b1365b126e821,me5418-supplement-v1-0006,near_link,supplement-g006,True,,,,,1.0,7.082666402386908e-05,5.749414637376693e-05,6.107264156455772e-05,0.041851902887720935,0.019620945356781674,0,0,0.5550520312586628,0.28203839359612987,0.0,0.0,0.49627976190476186,1.0,0.0,0.0,0.16169444524913118,0,0,0,0,0,0,961,0,0,0,0,0,0,0.00030950866024189355,0.0005826663225586041,0.0007595835138696808,0.050722871004836634,0.08065684698522091,0.13222899101674557,0.9499168519978411
PPO_best_550901,primary,550901,best,520f129a30003fc360012af7b9c5b0cd372ed0aabe3d2cb4888b1365b126e821,me5418-supplement-v1-0010,far,supplement-g010,True,,,,,1.0,6.77362987971398e-05,5.83102500608464e-05,3.093852150724756e-05,,0.01977334477400272,961,0,0.1753762520109713,0.2515501498994741,0.0,0.0,0.42857142857142855,1.0,0.0,0.0,0.1369007213484673,0,0,0,0,0,0,961,0,0,0,0,0,0,0.0002582961086166809,0.0005462718512111072,0.0006204729286461467,0.05235264700604603,0.07300022500567138,0.126142130990047,0.8098742849833798
PPO_best_550901,primary,550901,best,520f129a30003fc360012af7b9c5b0cd372ed0aabe3d2cb4888b1365b126e821,me5418-supplement-v1-0011,near_link,supplement-g011,True,,,,,1.0,6.695554385278088e-05,5.5619105951235596e-05,4.0154984830287364e-05,0.04435910783350419,0.019568851130194062,0,0,0.3767761615722171,0.25159477311845585,0.0,0.0,0.5200892857142856,1.0,0.0,0.0,0.14513710797154566,0,0,0,0,0,0,961,0,0,0,0,0,0,0.00028660717316597584,0.0005605506177441081,0.0006828953294037395,0.051533941994421184,0.07710021297680214,0.12944589499966241,0.8742226739996113
PPO_best_550901,primary,550901,best,520f129a30003fc360012af7b9c5b0cd372ed0aabe3d2cb4888b1365b126e821,me5418-supplement-v1-0013,near_link,supplement-g013,True,,,,,1.0,4.1401852175800044e-05,2.5989773065583812e-05,4.1401852175800044e-05,0.03859309407257737,0.019431894351970243,0,0,0.43382382287580995,0.2532148704791052,0.0,0.0,0.1458333333333333,0.890625,0.0,0.0,0.09166841833087218,0,0,0,0,0,0,961,0,0,0,0,0,0,0.00029206216231614235,0.0005691684038235204,0.0007057723397944452,0.05182773497654125,0.0768589960061945,0.12951548499404453,0.897923294978682
PPO_best_550901,primary,550901,best,520f129a30003fc360012af7b9c5b0cd372ed0aabe3d2cb4888b1365b126e821,me5418-supplement-v1-0015,far,supplement-g015,True,,,,,1.0,7.741886198881329e-05,6.211068531474226e-05,2.888564343323772e-05,,0.019776287260329768,961,0,0.1750134133572862,0.2515479509410295,0.0,0.0,0.42857142857142855,1.0,0.0,0.0,0.13661882628553682,0,0,0,0,0,0,961,0,0,0,0,0,0,0.000251935561815723,0.0005417544862818129,0.0006146149698300481,0.05186120799044147,0.07349354401230812,0.12614929099800065,0.8052651220059488
PPO_best_550901,primary,550901,best,520f129a30003fc360012af7b9c5b0cd372ed0aabe3d2cb4888b1365b126e821,me5418-supplement-v1-0018,near_link,supplement-g018,True,,,,,1.0,6.010721470935833e-05,4.811459293018455e-05,4.7011455127507765e-05,0.018803275687048718,0.01953336573024831,0,0,0.2921850755278625,0.2613962400139001,0.0,0.0,0.5587797619047618,1.0,0.0,0.0,0.16165881975127072,0,0,0,103,0,0,961,0,0,0,0,0,0,0.00027926853666334256,0.0005661495259118964,0.0006857543787797719,0.05117401000461541,0.07676379499025643,0.12874158198246732,0.8984109769808128
PPO_best_550901,primary,550901,best,520f129a30003fc360012af7b9c5b0cd372ed0aabe3d2cb4888b1365b126e821,me5418-supplement-v1-0020,far,supplement-g020,True,,,,,1.0,8.816881208318508e-05,6.718159588865457e-05,3.430194568160097e-05,,0.019642204342333512,961,0,0.17854740423527865,0.25156793524121823,0.0,0.0,0.42857142857142855,1.0,0.0,0.0,0.13612421063174093,0,0,0,0,0,0,961,0,0,0,0,0,0,0.0002519554526164332,0.0005402311408336876,0.0006129630605149335,0.05046307799057104,0.07301031099632382,0.12425140698906034,0.8012243089906406
PPO_best_550901,primary,550901,best,520f129a30003fc360012af7b9c5b0cd372ed0aabe3d2cb4888b1365b126e821,me5418-supplement-v1-0021,near_link,supplement-g021,True,,,,,1.0,7.36854780661769e-05,5.775491284566939e-05,4.849326328377565e-05,0.027429776168846134,0.019632655229457487,0,0,0.6860747378498386,0.3174310077680971,0.0,0.0,0.4962797619047618,1.0,0.0,0.0,0.15475142978691675,0,0,0,10,0,0,961,0,0,0,0,0,0,0.0003130086364156644,0.0005846938599461283,0.0007424887765409948,0.05315919499844313,0.08020934701198712,0.13420692502404563,0.9366168930137064
PPO_best_550901,primary,550901,best,520f129a30003fc360012af7b9c5b0cd372ed0aabe3d2cb4888b1365b126e821,me5418-supplement-v1-0022,tight_layout,supplement-g022,True,,,,,1.0,5.741051401287742e-05,5.00710608668049e-05,5.643783610859588e-05,0.019327834346515166,0.01964266117117741,0,0,0.5114811868048532,0.2821063625592492,0.0,0.0,0.5342261904761904,1.0,0.0,0.0,0.1582907491819545,0,0,0,43,0,0,961,0,0,0,0,0,0,0.00030644077060060226,0.0005812894704831706,0.0007432058816145096,0.05120806201011874,0.08082721100072376,0.13287391798803583,0.9361200760176871
PPO_best_550901,primary,550901,best,520f129a30003fc360012af7b9c5b0cd372ed0aabe3d2cb4888b1365b126e821,me5418-supplement-v1-0023,near_link,supplement-g023,True,,,,,1.0,7.305863610690707e-05,5.411478933564696e-05,6.036763559547407e-05,0.03239327571556404,0.01956048891329879,0,0,0.8854217027062219,0.27253576461810536,0.0,0.0,0.5066964285714285,1.0,0.0,0.0,0.14829552643045427,0,0,0,0,0,0,961,0,0,0,0,0,0,0.0002933547660480447,0.0005757771868047712,0.0006978322669359235,0.050694542995188385,0.078681320999749,0.13017712699365802,0.8903798520041164
PPO_best_550901,primary,550901,best,520f129a30003fc360012af7b9c5b0cd372ed0aabe3d2cb4888b1365b126e821,me5418-supplement-v1-0024,far,supplement-g000,True,,,,,1.0,8.799307353207456e-05,7.203061779577795e-05,3.8030398252194196e-05,,0.019767181562307695,961,0,0.1820615909017724,0.26755611413654234,0.0,0.0,0.42857142857142855,1.0,0.0,0.0,0.13898068557360344,0,0,0,0,0,0,961,0,0,0,0,0,0,0.0002544310377743386,0.0005358435272076653,0.0006090097469192793,0.05041637801332399,0.07380117097636685,0.1250159850169439,0.7982421189954039
PPO_best_550901,primary,550901,best,520f129a30003fc360012af7b9c5b0cd372ed0aabe3d2cb4888b1365b126e821,me5418-supplement-v1-0027,near_link,supplement-g003,True,,,,,1.0,4.669463881836165e-05,3.9627503086160484e-05,3.956964875112051e-05,0.01709254380557998,0.019639823496981894,0,0,0.6824913966422786,0.2631818393309165,0.0,0.0,0.4918154761904761,1.0,0.0,0.0,0.15588032126903445,0,0,0,50,0,0,961,0,0,0,0,0,0,0.00031304176945923246,0.000571727581276112,0.0007233583573906799,0.050017304020002484,0.08000522802467458,0.13084181799786165,0.9145266950072255
PPO_best_550901,primary,550901,best,520f129a30003fc360012af7b9c5b0cd372ed0aabe3d2cb4888b1365b126e821,me5418-supplement-v1-0029,far,supplement-g005,True,,,,,1.0,7.517835874988739e-05,5.8674886315245e-05,2.9854777268818592e-05,,0.019573004356315905,961,0,0.182294993052406,0.26129282602838483,0.0,0.0,0.42857142857142855,1.0,0.0,0.0,0.14105640705674885,0,0,0,0,0,0,961,0,0,0,0,0,0,0.0002497285887936111,0.0005368965829196289,0.0006091230827223626,0.05098064200137742,0.07333744398783892,0.12518074197578244,0.7976339760061819
PPO_best_550901,primary,550901,best,520f129a30003fc360012af7b9c5b0cd372ed0aabe3d2cb4888b1365b126e821,me5418-supplement-v1-0030,near_link,supplement-g006,True,,,,,1.0,7.350109101419365e-05,5.491882750574395e-05,6.0688658469545036e-05,0.01767943921038241,0.01964290987542304,0,0,0.8601297483994795,0.2783985136769842,0.0,0.0,0.5617559523809522,1.0,0.0,0.0,0.16268001139916513,0,0,0,44,0,0,961,0,0,0,0,0,0,0.0003126240685560333,0.0005858939184690826,0.000763723308682529,0.05239445000188425,0.08054200001060963,0.13377068299450912,0.9570747740217485
PPO_best_550901,primary,550901,best,520f129a30003fc360012af7b9c5b0cd372ed0aabe3d2cb4888b1365b126e821,me5418-supplement-v1-0034,far,supplement-g010,True,,,,,1.0,7.22697988460033e-05,6.153421726404081e-05,2.9941357981669888e-05,,0.019779388994359846,961,0,0.17738743987474548,0.25157855909632915,0.0,0.0,0.42857142857142855,1.0,0.0,0.0,0.1374840693503973,0,0,0,0,0,0,961,0,0,0,0,0,0,0.00025242476097749506,0.0005452442021123716,0.0006180277583553107,0.05209148599533364,0.07355373000609688,0.1264401770022232,0.8081015629868489
PPO_best_550901,primary,550901,best,520f129a30003fc360012af7b9c5b0cd372ed0aabe3d2cb4888b1365b126e821,me5418-supplement-v1-0035,near_link,supplement-g011,True,,,,,1.0,5.827712840083854e-05,3.8090850688772466e-05,5.7171831633292116e-05,0.015877322733144517,0.019515582256427688,0,0,0.4456833208877233,0.24648596983137855,0.0,0.0,0.46949404761904745,1.0,0.0,0.0,0.14973534878365516,0,0,0,119,0,0,961,0,0,0,0,0,0,0.00029301999469074264,0.0005750084862180908,0.0007170514505863442,0.051440367999020964,0.07830497701070271,0.1305656420008745,0.929158641025424
PPO_best_550901,primary,550901,best,520f129a30003fc360012af7b9c5b0cd372ed0aabe3d2cb4888b1365b126e821,me5418-supplement-v1-0039,far,supplement-g015,True,,,,,1.0,7.688056712336752e-05,6.19464899066087e-05,2.8769847981761007e-05,,0.01977255798893216,961,0,0.17900287121783612,0.2515427915022505,0.0,0.0,0.42857142857142855,1.0,0.0,0.0,0.13722776793653058,0,0,0,0,0,0,961,0,0,0,0,0,0,0.0002505416922152411,0.0005421917201298735,0.0006145949026176822,0.04794555201078765,0.07334437398822047,0.12210353097179905,0.7999363470007665
PPO_best_550901,primary,550901,best,520f129a30003fc360012af7b9c5b0cd372ed0aabe3d2cb4888b1365b126e821,me5418-supplement-v1-0042,near_link,supplement-g018,True,,,,,1.0,6.985781461642564e-05,5.429161200053594e-05,5.293707203959467e-05,0.024712057057360445,0.019546612133062566,0,0,0.32662054615024466,0.2818109057458131,0.0,0.0,0.563988095238095,1.0,0.0,0.0,0.1645580328917796,0,0,0,41,0,0,961,0,0,0,0,0,0,0.00028315967256276053,0.0005677076526505213,0.0006906643719351754,0.05186733198934235,0.07780875900061801,0.13052290902123787,0.8821811999951024
PPO_best_550901,primary,550901,best,520f129a30003fc360012af7b9c5b0cd372ed0aabe3d2cb4888b1365b126e821,me5418-supplement-v1-0044,far,supplement-g020,True,,,,,1.0,7.888660191829955e-05,6.26635579266246e-05,2.91029426057946e-05,,0.019781734814497652,961,0,0.17243915143382782,0.2515673476364244,0.0,0.0,0.42857142857142855,1.0,0.0,0.0,0.13715294250508858,0,0,0,0,0,0,961,0,0,0,0,0,0,0.0002502879222750683,0.0005406665318332671,0.0006130465611022373,0.0510526449943427,0.07364735400187783,0.12549354598741047,0.8021788150072098
PPO_best_550901,primary,550901,best,520f129a30003fc360012af7b9c5b0cd372ed0aabe3d2cb4888b1365b126e821,me5418-supplement-v1-0046,tight_layout,supplement-g022,True,,,,,1.0,5.434849167949611e-05,4.482055329690871e-05,5.359917125786749e-05,0.010851012774293053,0.019632576429373473,0,0,0.5654847520668227,0.2732405373600348,0.0,0.0,0.44345238095238093,1.0,0.0,0.0,0.1555841950204922,0,0,0,88,0,0,961,0,0,0,0,0,0,0.00030141677355762414,0.0005780287730885903,0.0007409120620044026,0.05016279499977827,0.08039981601177715,0.13139059298555367,0.9336585680139251
PPO_best_550901,primary,550901,best,520f129a30003fc360012af7b9c5b0cd372ed0aabe3d2cb4888b1365b126e821,me5418-supplement-v1-0047,near_link,supplement-g023,True,,,,,1.0,6.946791677641332e-05,4.9704876785041865e-05,4.4710776481969424e-05,0.01545446061004073,0.0195162019726373,127,0,1.0821631899734532,0.28471209433638833,0.0,0.0,0.5215773809523808,1.0,0.0,0.0,0.15267558115329372,0,0,0,68,0,0,961,0,0,0,0,0,0,0.000285197344358797,0.0005776811797962486,0.0007100204396010667,0.05257201998028904,0.07966897598817013,0.1330581790243741,0.9034208249941003
PPO_best_550901,primary,550901,best,520f129a30003fc360012af7b9c5b0cd372ed0aabe3d2cb4888b1365b126e821,me5418-supplement-v1-0048,far,supplement-g000,True,,,,,1.0,7.866016763510482e-05,6.511444354510777e-05,2.9584843441500737e-05,,0.01975492340001528,961,0,0.17606722516838547,0.2524459492288704,0.0,0.0,0.42857142857142855,1.0,0.0,0.0,0.13913729549829096,0,0,0,0,0,0,961,0,0,0,0,0,0,0.00025647115959751926,0.0005366203723194,0.0006102942825236823,0.05207202598103322,0.07326703402213752,0.1262120280007366,0.8006549350102432
PPO_best_550901,primary,550901,best,520f129a30003fc360012af7b9c5b0cd372ed0aabe3d2cb4888b1365b126e821,me5418-supplement-v1-0051,near_link,supplement-g003,True,,,,,1.0,5.316691598844311e-05,4.1066369499418885e-05,3.7451558522491336e-05,0.04508392004120823,0.01962400305952207,0,0,0.5928734451097317,0.27102256693680893,0.0,0.0,0.5319940476190474,1.0,0.0,0.0,0.16203734733876662,0,0,0,0,0,0,961,0,0,0,0,0,0,0.0003145679011140601,0.0005712777161231013,0.000757492908602823,0.05260814799112268,0.08076254901243374,0.13419984199572355,0.9510085509973578
PPO_best_550901,primary,550901,best,520f129a30003fc360012af7b9c5b0cd372ed0aabe3d2cb4888b1365b126e821,me5418-supplement-v1-0053,far,supplement-g005,True,,,,,1.0,7.209430008320193e-05,5.965049882080684e-05,3.011243182658473e-05,,0.01961278116102627,961,0,0.17324571934270588,0.2528197563048925,0.0,0.0,0.42857142857142855,1.0,0.0,0.0,0.13936779503932312,0,0,0,0,0,0,961,0,0,0,0,0,0,0.0002513819689132409,0.000539438177596215,0.0006120337220030099,0.05194967400166206,0.07454959402093664,0.12735275900922716,0.803034968994325
PPO_best_550901,primary,550901,best,520f129a30003fc360012af7b9c5b0cd372ed0aabe3d2cb4888b1365b126e821,me5418-supplement-v1-0054,near_link,supplement-g006,True,,,,,1.0,7.857730799415872e-05,6.657027650161691e-05,7.021509965169688e-05,0.03137828799751878,0.019471093169739002,0,0,0.6228619139455304,0.2725123566811984,0.0,0.0,0.4605654761904761,1.0,0.0,0.0,0.14817498071303511,0,0,0,0,0,0,961,0,0,0,0,0,0,0.0002993773124823444,0.0005749048972271946,0.0007315030417885283,0.0518199699872639,0.08013602500432171,0.13277279600151815,0.9243063319881912
PPO_best_550901,primary,550901,best,520f129a30003fc360012af7b9c5b0cd372ed0aabe3d2cb4888b1365b126e821,me5418-supplement-v1-0055,tight_layout,supplement-g007,True,,,,,1.0,7.363606602112723e-05,5.722522903360977e-05,7.283483635311369e-05,0.008520627327643485,0.019642328573517366,0,0,0.2594073664003922,0.2670578602874143,0.0,0.0,0.6770833333333334,1.0,0.0,0.0,0.1689024981435588,0,0,0,92,0,0,961,0,0,0,0,0,0,0.0003245717715193071,0.0005886002169063431,0.0007850616670111776,0.05308729998068884,0.08562417002394795,0.13954260898754,0.9824780880007893
PPO_best_550901,primary,550901,best,520f129a30003fc360012af7b9c5b0cd372ed0aabe3d2cb4888b1365b126e821,me5418-supplement-v1-0058,far,supplement-g010,True,,,,,1.0,7.652895433436365e-05,6.312107719461776e-05,3.066739308123301e-05,,0.01977829565523219,961,0,0.1782606236341638,0.25155920802256043,0.0,0.0,0.42857142857142855,1.0,0.0,0.0,0.13655665081792645,0,0,0,0,0,0,961,0,0,0,0,0,0,0.0002528130621612945,0.0005450828970121317,0.0006179190483029136,0.05194698800914921,0.07385863701347262,0.1265948850195855,0.808965164993424
PPO_best_550901,primary,550901,best,520f129a30003fc360012af7b9c5b0cd372ed0aabe3d2cb4888b1365b126e821,me5418-supplement-v1-0059,near_link,supplement-g011,True,,,,,1.0,4.833350971390384e-05,3.095056951893766e-05,4.498028830099259e-05,0.04828584296708299,0.019631400146571498,0,0,0.9899480411206758,0.24733938760274474,0.0,0.0,0.3898809523809524,1.0,0.0,0.0,0.13890029654361397,0,0,0,0,0,0,961,0,0,0,0,0,0,0.000281604515445603,0.0005678096352615588,0.0006874657947870826,0.05372154602082446,0.07697257201652974,0.13157662301091477,0.8804352770093828
PPO_best_550901,primary,550901,best,520f129a30003fc360012af7b9c5b0cd372ed0aabe3d2cb4888b1365b126e821,me5418-supplement-v1-0061,near_link,supplement-g013,True,,,,,1.0,3.9124539894758966e-05,2.883591827695194e-05,3.6283669245366676e-05,0.0056866949652533555,0.0194781162713851,0,0,0.24351085232827005,0.1949080670089414,0.0,0.0,0.14285714285714282,1.0,0.0,0.0,0.10164736438697826,0,0,0,330,0,0,961,0,0,0,0,0,0,0.00029844944341069396,0.0005756929763265362,0.0007348305841333059,0.04509136997512542,0.07959409800241701,0.1255171280063223,0.9217067490098998
PPO_best_550901,primary,550901,best,520f129a30003fc360012af7b9c5b0cd372ed0aabe3d2cb4888b1365b126e821,me5418-supplement-v1-0063,far,supplement-g015,True,,,,,1.0,7.945885504200303e-05,6.235599421880277e-05,2.9224104835758767e-05,,0.019740206535006972,961,0,0.1752711071699612,0.2515395493283895,0.0,0.0,0.42857142857142855,1.0,0.0,0.0,0.13637095615932987,0,0,0,0,0,0,961,0,0,0,0,0,0,0.00025019295465729857,0.000543747711647787,0.0006162272313000964,0.04436830498161726,0.07367895598872565,0.11885135801276192,0.8009839830046985
PPO_best_550901,primary,550901,best,520f129a30003fc360012af7b9c5b0cd372ed0aabe3d2cb4888b1365b126e821,me5418-supplement-v1-0064,near_link,supplement-g016,True,,,,,1.0,6.071474786067187e-05,4.7435780202305535e-05,5.5644503285533174e-05,0.016519096485852675,0.019626300340038254,0,0,0.22866824578786268,0.2353197424746177,0.0,0.0,0.5617559523809522,1.0,0.0,0.0,0.1667019152686754,0,0,0,69,0,0,961,0,0,0,0,0,0,0.00031970077573835926,0.0005829807939638461,0.0007764928864768687,0.05066919501405209,0.08079366001766175,0.1322922399849631,0.9666700189991388
PPO_best_550901,primary,550901,best,520f129a30003fc360012af7b9c5b0cd372ed0aabe3d2cb4888b1365b126e821,me5418-supplement-v1-0066,near_link,supplement-g018,True,,,,,1.0,7.459771420142745e-05,5.972160099616294e-05,5.8453279300470126e-05,0.031724057321306995,0.019570987557625055,0,0,0.18725203470515084,0.2903264228404928,0.0,0.0,0.5714285714285713,1.0,0.0,0.0,0.1663703755952329,0,0,0,0,0,0,961,0,0,0,0,0,0,0.00028911588151459,0.0005721854521956023,0.0007033174738656574,0.0540314789977856,0.07823202598956414,0.13314958702540025,0.8978716850106139
PPO_best_550901,primary,550901,best,520f129a30003fc360012af7b9c5b0cd372ed0aabe3d2cb4888b1365b126e821,me5418-supplement-v1-0068,far,supplement-g020,True,,,,,1.0,8.248385331782751e-05,6.349519617420519e-05,3.3897478572724104e-05,,0.019781262986849034,961,0,0.17597893117982033,0.25164554933562333,0.0,0.0,0.42857142857142855,1.0,0.0,0.0,0.13705057132146542,0,0,0,0,0,0,961,0,0,0,0,0,0,0.0002531779182390892,0.0005446825416280869,0.0006176928647922372,0.05314746097428724,0.07315692800329998,0.12709439999889582,0.8118152160022873
PPO_best_550901,primary,550901,best,520f129a30003fc360012af7b9c5b0cd372ed0aabe3d2cb4888b1365b126e821,me5418-supplement-v1-0072,far,supplement-g000,True,,,,,1.0,9.247505757282652e-05,7.222790445375902e-05,3.400153472653328e-05,,0.01973370820182902,961,0,0.18042426053229155,0.257907718566128,0.0,0.0,0.42857142857142855,1.0,0.0,0.0,0.13920033825561406,0,0,0,0,0,0,961,0,0,0,0,0,0,0.00025715255120909813,0.000535940099052823,0.0006097787279941258,0.053801685018697754,0.07361851900350302,0.1282146930170711,0.8018861419986933
PPO_best_550901,primary,550901,best,520f129a30003fc360012af7b9c5b0cd372ed0aabe3d2cb4888b1365b126e821,me5418-supplement-v1-0073,near_link,supplement-g001,False,external_collision_band,related_collision:obstacle,tracking,0.7041666666666666,0.17604166666666665,2.8045335832545983e-05,1.846948796529965e-05,,9.159379271396484e-05,0.0200669059748518,0,0,0.30973530104816527,0.12058536699493855,0.0,0.0,0.0,0.0,0.0,0.0,0.06593067502023793,0,1,0,170,0,0,170,0,0,0,0,0,0,0.00032874364286031136,0.0005866119348080333,0.0007912012829015461,0.0527909459779039,0.08278781099943444,0.13651039500837214,0.29671907899319194
PPO_best_550901,primary,550901,best,520f129a30003fc360012af7b9c5b0cd372ed0aabe3d2cb4888b1365b126e821,me5418-supplement-v1-0074,tight_layout,supplement-g002,True,,,,,1.0,5.385836092223107e-05,2.1587632394642625e-05,5.385836092223107e-05,0.0029331213834100645,0.019427908527842985,0,0,0.5195591091441184,0.16829735892653402,0.0,0.0,0.09300595238095237,0.6510416666666666,0.0,0.0,0.12191312873231556,0,0,0,204,0,0,961,0,0,0,0,0,0,0.0003095195991894191,0.0005867983671123511,0.0007486039929972321,0.053176813991740346,0.0797951630083844,0.1338530910143163,0.9461691020114813
PPO_best_550901,primary,550901,best,520f129a30003fc360012af7b9c5b0cd372ed0aabe3d2cb4888b1365b126e821,me5418-supplement-v1-0075,near_link,supplement-g003,True,,,,,1.0,4.5839176068332426e-05,3.442597490871064e-05,3.605762918197686e-05,0.02521901302276297,0.019642464334722366,0,0,0.8483558095215007,0.2581405581531732,0.0,0.0,0.5059523809523808,1.0,0.0,0.0,0.15637829631977226,0,0,0,19,0,0,961,0,0,0,0,0,0,0.00030481539245859796,0.0005730294612173262,0.0007290908916729677,0.05342980200657621,0.08077702499576844,0.1350471930054482,0.9249468369816896
PPO_best_550901,primary,550901,best,520f129a30003fc360012af7b9c5b0cd372ed0aabe3d2cb4888b1365b126e821,me5418-supplement-v1-0077,far,supplement-g005,True,,,,,1.0,8.118250630328171e-05,6.269963306424144e-05,3.836074038556552e-05,,0.019584761977576512,961,0,0.17718358500963147,0.27167401864983554,0.0,0.0,0.42857142857142855,1.0,0.0,0.0,0.13971075306069994,0,0,0,0,0,0,961,0,0,0,0,0,0,0.0002612375559086407,0.000543105053960365,0.0006179298345462788,0.052822956000454724,0.07430276699597016,0.1279807769751642,0.8096626790065784
PPO_best_550901,primary,550901,best,520f129a30003fc360012af7b9c5b0cd372ed0aabe3d2cb4888b1365b126e821,me5418-supplement-v1-0078,near_link,supplement-g006,True,,,,,1.0,5.595200548683978e-05,4.918438372593247e-05,5.498273587909637e-05,0.02072865491848172,0.019585215481174464,0,0,0.5940242151931445,0.2762184908575783,0.0,0.0,0.44866071428571425,1.0,0.0,0.0,0.15408944339003594,0,0,0,54,0,0,961,0,0,0,0,0,0,0.0003102902032878774,0.0005849607468311054,0.0007546068586937811,0.05283080000663176,0.08123985701240599,0.13493045899667777,0.9490022109821439
PPO_best_550901,primary,550901,best,520f129a30003fc360012af7b9c5b0cd372ed0aabe3d2cb4888b1365b126e821,me5418-supplement-v1-0079,tight_layout,supplement-g007,True,,,,,1.0,7.097828129468364e-05,5.310757820279046e-05,6.296573037914752e-05,0.0030317946116961564,0.019641121942116216,0,0,0.5928059461210248,0.27125015311148404,0.0,0.0,0.5595238095238093,1.0,0.0,0.0,0.16297540283773004,0,0,0,95,0,0,961,0,0,0,0,0,0,0.0003967401147140966,0.000605401495067781,0.0008028347850389158,0.05399909400148317,0.08210822500404902,0.13695383601589128,1.0023767850070726
PPO_best_550901,primary,550901,best,520f129a30003fc360012af7b9c5b0cd372ed0aabe3d2cb4888b1365b126e821,me5418-supplement-v1-0080,near_link,supplement-g008,True,,,,,1.0,6.547039716972412e-05,4.67172064837444e-05,3.997880903102783e-05,0.01478208484617903,0.019440696759235723,0,0,0.23002767425807716,0.09478326544639629,0.0,0.0,0.0,0.0,0.0,0.0,0.050234288706373524,0,0,0,619,0,0,961,0,0,0,0,0,0,0.0003562432549794418,0.0005720609250602138,0.000777817400830827,0.056521654012613,0.08205573499435559,0.13942011800827459,0.983394536015112
PPO_best_550901,primary,550901,best,520f129a30003fc360012af7b9c5b0cd372ed0aabe3d2cb4888b1365b126e821,me5418-supplement-v1-0082,far,supplement-g010,True,,,,,1.0,6.95721423251065e-05,5.9072722314328595e-05,3.02879116594293e-05,,0.01969762065781632,961,0,0.1685221193236725,0.25155736854719485,0.0,0.0,0.42857142857142855,1.0,0.0,0.0,0.13668573036390755,0,0,0,0,0,0,961,0,0,0,0,0,0,0.00027758203047293745,0.0005546364229303436,0.000632974184948883,0.054568177001783624,0.07432084900210612,0.12969549701665528,0.8280317780154292
PPO_best_550901,primary,550901,best,520f129a30003fc360012af7b9c5b0cd372ed0aabe3d2cb4888b1365b126e821,me5418-supplement-v1-0083,near_link,supplement-g011,True,,,,,1.0,4.9744014045273445e-05,3.566078704625996e-05,4.204391903052975e-05,0.0316803340176548,0.01962247910076422,14,0,1.1404728714344834,0.24653758908505852,0.0,0.0,0.39434523809523797,1.0,0.0,0.0,0.13921454560740606,0,0,0,0,0,0,961,0,0,0,0,0,0,0.00034174579589792603,0.000583432362266952,0.0007223413737847296,0.054601148003712296,0.07789712600060739,0.1333067000086885,0.9224040020199027
PPO_best_550901,primary,550901,best,520f129a30003fc360012af7b9c5b0cd372ed0aabe3d2cb4888b1365b126e821,me5418-supplement-v1-0085,near_link,supplement-g013,True,,,,,1.0,4.177630315397986e-05,2.9845040774387155e-05,4.177630315397986e-05,0.006920176985787993,0.019445918457810116,0,0,0.41293101317736325,0.23982334638762565,0.0,0.0,0.15699404761904756,1.0,0.0,0.0,0.09542578094641656,0,0,0,529,0,0,961,0,0,0,0,0,0,0.0003906072229256097,0.0006017720759094421,0.0007822543191650766,0.05918543800362386,0.08253874402726069,0.14261061398428865,0.9902607029944193
PPO_best_550901,primary,550901,best,520f129a30003fc360012af7b9c5b0cd372ed0aabe3d2cb4888b1365b126e821,me5418-supplement-v1-0087,far,supplement-g015,True,,,,,1.0,7.973426024229696e-05,6.083085740973949e-05,3.235597830135086e-05,,0.019764132255819564,961,0,0.17280422114203228,0.2515388102527645,0.0,0.0,0.42857142857142855,1.0,0.0,0.0,0.13555961072755357,0,0,0,0,0,0,961,0,0,0,0,0,0,0.0003615137182653901,0.0005717124547421311,0.0006676651870899756,0.059449385007610545,0.07554699000320397,0.13584803199046291,0.868930314987665
PPO_best_550901,primary,550901,best,520f129a30003fc360012af7b9c5b0cd372ed0aabe3d2cb4888b1365b126e821,me5418-supplement-v1-0090,near_link,supplement-g018,True,,,,,1.0,6.975954554044613e-05,5.461641957611004e-05,5.2647306727846524e-05,0.00665315994558878,0.0195804431866997,0,0,0.27497322443676886,0.2819528555862284,0.0,0.0,0.5595238095238093,1.0,0.0,0.0,0.1658554673704895,0,0,0,263,0,0,961,0,0,0,0,0,0,0.00033961660968392,0.000588586182432967,0.0007358025457809466,0.05721900597563945,0.07948954799212515,0.1375714820169378,0.9363796249963343
PPO_best_550901,primary,550901,best,520f129a30003fc360012af7b9c5b0cd372ed0aabe3d2cb4888b1365b126e821,me5418-supplement-v1-0092,far,supplement-g020,True,,,,,1.0,8.399856144070724e-05,6.555904457912517e-05,2.8916041161171133e-05,,0.01963805829728179,961,0,0.18148706404946666,0.25153750214322823,0.0,0.0,0.42857142857142855,1.0,0.0,0.0,0.13643341634999076,0,0,0,0,0,0,961,0,0,0,0,0,0,0.0003102331255225484,0.00055525941900972,0.0006404618427647316,0.056112496997229755,0.07489591001649387,0.13184288202319294,0.8393836269970052
PPO_best_550901,primary,550901,best,520f129a30003fc360012af7b9c5b0cd372ed0aabe3d2cb4888b1365b126e821,me5418-supplement-v1-0094,tight_layout,supplement-g022,True,,,,,1.0,5.627627993637787e-05,4.756968834801563e-05,5.4421289748058784e-05,0.012594490571266284,0.0196296317188372,0,0,0.5900198949918655,0.27307207808118455,0.0,0.0,0.46279761904761907,1.0,0.0,0.0,0.15308818274227504,0,0,0,81,0,0,961,0,0,0,0,0,0,0.0003283005830780894,0.0005816279378147252,0.0007455511158392862,0.05282858101418242,0.08036826399620622,0.1340208899928257,0.9395034610060975
PPO_best_550901,primary,550901,best,520f129a30003fc360012af7b9c5b0cd372ed0aabe3d2cb4888b1365b126e821,me5418-supplement-v1-0095,near_link,supplement-g023,True,,,,,1.0,7.385951086685271e-05,5.429197941581706e-05,4.96154755512738e-05,0.028976554459445844,0.01954266159912587,49,0,1.0502695031800733,0.29899788076498046,0.0,0.0,0.5089285714285714,1.0,0.0,0.0,0.14896726836783014,0,0,0,6,0,0,961,0,0,0,0,0,0,0.00028818786965227144,0.0005753651528721093,0.0006980276779358974,0.052506802981952205,0.07827166799688712,0.1315842519979924,0.8913422670157161
PPO_best_550901,primary,550901,best,520f129a30003fc360012af7b9c5b0cd372ed0aabe3d2cb4888b1365b126e821,me5418-supplement-v1-0096,far,supplement-g000,True,,,,,1.0,9.294608325369658e-05,7.18581625850512e-05,3.8990671723173874e-05,,0.019637896001138834,961,0,0.1827010735416924,0.2565599340225888,0.0,0.0,0.42857142857142855,1.0,0.0,0.0,0.1380236163491472,0,0,0,0,0,0,961,0,0,0,0,0,0,0.0002542716400360708,0.000533933204527178,0.0006072499877821731,0.05293325800448656,0.07343734599999152,0.1271552639955189,0.7979242430010345
PPO_best_550901,primary,550901,best,520f129a30003fc360012af7b9c5b0cd372ed0aabe3d2cb4888b1365b126e821,me5418-supplement-v1-0099,near_link,supplement-g003,True,,,,,1.0,3.982031527752974e-05,3.509436664918968e-05,3.946083083942292e-05,0.017601227036498787,0.01964177624004549,0,0,0.6642427880504822,0.24785940461970007,0.0,0.0,0.42857142857142855,1.0,0.0,0.0,0.1556066826983754,0,0,0,51,0,0,961,0,0,0,0,0,0,0.0003102535418596138,0.0005715465282264631,0.0007349238305020359,0.052395421982510015,0.08022322901524603,0.13343587398412637,0.9285802640079055
PPO_best_550901,primary,550901,best,520f129a30003fc360012af7b9c5b0cd372ed0aabe3d2cb4888b1365b126e821,me5418-supplement-v1-0101,far,supplement-g005,True,,,,,1.0,7.47368544396726e-05,5.9950433726647324e-05,3.435817175803175e-05,,0.019563566819893005,961,0,0.17772654590237508,0.26197345446078196,0.0,0.0,0.42857142857142855,1.0,0.0,0.0,0.1401712243023905,0,0,0,0,0,0,961,0,0,0,0,0,0,0.0002558626000184934,0.0005399591233375152,0.0006134973579113042,0.05045065202284604,0.07306898999377154,0.12432438999530859,0.8004244859912433
PPO_best_550901,primary,550901,best,520f129a30003fc360012af7b9c5b0cd372ed0aabe3d2cb4888b1365b126e821,me5418-supplement-v1-0102,near_link,supplement-g006,True,,,,,1.0,8.919646682766549e-05,6.885490888673557e-05,8.919646682766549e-05,0.014888769575034044,0.019642215633901026,0,0,0.1593432142286761,0.28148027901705397,0.0,0.0,0.550595238095238,1.0,0.0,0.0,0.1660155941094715,0,0,0,58,0,0,961,0,0,0,0,0,0,0.00031882345335058443,0.0005848452409736637,0.00077196858607446,0.05492430299636908,0.0805612449767068,0.1363023379817605,0.9661357770091854
PPO_best_550901,primary,550901,best,520f129a30003fc360012af7b9c5b0cd372ed0aabe3d2cb4888b1365b126e821,me5418-supplement-v1-0106,far,supplement-g010,True,,,,,1.0,6.825739703736144e-05,5.815172672056824e-05,3.6949981840796215e-05,,0.019770458575892012,961,0,0.17864445204554202,0.2515283807799172,0.0,0.0,0.42857142857142855,1.0,0.0,0.0,0.137129282135339,0,0,0,0,0,0,961,0,0,0,0,0,0,0.000249581797712987,0.0005423081306313786,0.0006144432012661127,0.05397076299414039,0.07312715801526792,0.12789601599797606,0.8056491399765946
PPO_best_550901,primary,550901,best,520f129a30003fc360012af7b9c5b0cd372ed0aabe3d2cb4888b1365b126e821,me5418-supplement-v1-0107,near_link,supplement-g011,True,,,,,1.0,4.337451999969454e-05,2.6259524258547775e-05,4.337451999969454e-05,0.017616359277041513,0.019534920063782518,0,0,0.3482651564596934,0.2506308464912123,0.0,0.0,0.24255952380952372,0.8645833333333334,0.0,0.0,0.11173937048824016,0,0,0,387,0,0,961,0,0,0,0,0,0,0.00028996052636405995,0.0005699756333645685,0.0007090103750973261,0.0542687640117947,0.07880062202457339,0.13387449501897208,0.9058897359936964
PPO_best_550901,primary,550901,best,520f129a30003fc360012af7b9c5b0cd372ed0aabe3d2cb4888b1365b126e821,me5418-supplement-v1-0111,far,supplement-g015,True,,,,,1.0,8.401390278125657e-05,6.417948225199152e-05,3.150211202680649e-05,,0.019653340831772517,961,0,0.17786575757843467,0.25154038816695506,0.0,0.0,0.42857142857142855,1.0,0.0,0.0,0.1354735938144759,0,0,0,0,0,0,961,0,0,0,0,0,0,0.00025256635823704227,0.000540842005587668,0.0006137249318574808,0.054131465003592893,0.07291555698611774,0.12784323398955166,0.8054094319813885
PPO_best_550901,primary,550901,best,520f129a30003fc360012af7b9c5b0cd372ed0aabe3d2cb4888b1365b126e821,me5418-supplement-v1-0112,near_link,supplement-g016,False,external_collision_band,related_collision:obstacle,tracking,2.158333333333333,0.5395833333333333,4.421257551357306e-05,3.0400697236900316e-05,,5.1796426780999216e-05,0.019921344593822117,0,0,0.15085333244536375,0.2235810009553239,0.0,0.0,0.46840659340659335,1.0,0.0,0.0,0.1556533742122925,0,1,0,446,0,0,519,0,0,0,0,0,0,0.00032601785502405476,0.0005808605485043801,0.0007790189700378249,0.05253808799898252,0.08070295900688507,0.13408526097191498,0.592152333992999
PPO_best_550901,primary,550901,best,520f129a30003fc360012af7b9c5b0cd372ed0aabe3d2cb4888b1365b126e821,me5418-supplement-v1-0114,near_link,supplement-g018,True,,,,,1.0,6.411956952554408e-05,5.1826808263915393e-05,5.4076687837048815e-05,0.02103216993431252,0.01939678158003609,0,0,0.3397627688578069,0.27325621279651907,0.0,0.0,0.5610119047619047,1.0,0.0,0.0,0.16488399506280466,0,0,0,68,0,0,961,0,0,0,0,0,0,0.0002852300426638976,0.0005705288864495136,0.0006953197091813005,0.053665355022531,0.07807032199343666,0.13261074700858444,0.88941784601775
PPO_best_550901,primary,550901,best,520f129a30003fc360012af7b9c5b0cd372ed0aabe3d2cb4888b1365b126e821,me5418-supplement-v1-0116,far,supplement-g020,True,,,,,1.0,8.32244695110217e-05,6.300399969186291e-05,3.363686020819339e-05,,0.019721088404516057,961,0,0.1775185382451739,0.25155503108416044,0.0,0.0,0.42857142857142855,1.0,0.0,0.0,0.134666365402795,0,0,0,0,0,0,961,0,0,0,0,0,0,0.00025186243207523756,0.0005453327748303612,0.0006181880159601861,0.05242216898477636,0.07330447898129933,0.12651487500988878,0.8089723050070461
PPO_best_550901,primary,550901,best,520f129a30003fc360012af7b9c5b0cd372ed0aabe3d2cb4888b1365b126e821,me5418-supplement-v1-0117,near_link,supplement-g021,True,,,,,1.0,6.026009616565971e-05,5.026197200457516e-05,4.8843862186086556e-05,0.04887227722096568,0.019634491432216003,0,0,0.7433418532176163,0.2813314154172763,0.0,0.0,0.5491071428571427,1.0,0.0,0.0,0.16035670754388862,0,0,0,0,0,0,961,0,0,0,0,0,0,0.0003090364639319887,0.0005815583837223433,0.0007528681302270949,0.052354750980157405,0.08059740799944848,0.13377577299252152,0.9458542409993242
PPO_best_550901,primary,550901,best,520f129a30003fc360012af7b9c5b0cd372ed0aabe3d2cb4888b1365b126e821,me5418-supplement-v1-0119,near_link,supplement-g023,True,,,,,1.0,8.489862744378363e-05,5.556656794487237e-05,6.076810209694373e-05,0.015639000764816904,0.019512580033802927,21,0,1.0486559440430798,0.2958788006874718,0.0,0.0,0.4635416666666667,1.0,0.0,0.0,0.1459795456744143,0,0,0,119,0,0,961,0,0,0,0,0,0,0.0002909990895811158,0.0005803124283071762,0.000717909991817578,0.05362141001387499,0.07866647400078364,0.13312300000688992,0.9127490200044122
PPO_best_550901,primary,550901,best,520f129a30003fc360012af7b9c5b0cd372ed0aabe3d2cb4888b1365b126e821,me5418-supplement-v1-0120,far,supplement-g000,True,,,,,1.0,9.513214501013015e-05,7.39485165559025e-05,3.270604951018669e-05,,0.01957235570810835,961,0,0.18333073535114036,0.2516564774671492,0.0,0.0,0.42857142857142855,1.0,0.0,0.0,0.13622667349076698,0,0,0,0,0,0,961,0,0,0,0,0,0,0.00025309137481599464,0.0005317794179063639,0.0006048633062770629,0.0524567520187702,0.07351686802576296,0.12676593399373814,0.7968078799895011
PPO_best_550901,primary,550901,best,520f129a30003fc360012af7b9c5b0cd372ed0aabe3d2cb4888b1365b126e821,me5418-supplement-v1-0123,near_link,supplement-g003,True,,,,,1.0,5.663795812891917e-05,4.750048291228526e-05,3.700281781560066e-05,0.02223653847877058,0.019642957640374978,0,0,0.8584541221052586,0.2690175248477533,0.0,0.0,0.5014880952380952,1.0,0.0,0.0,0.1638063396853838,0,0,0,29,0,0,961,0,0,0,0,0,0,0.0003111697645484431,0.000579910429072091,0.0007545658881099371,0.054636805987684056,0.08085966200451367,0.13632408800185658,0.9645414020051248
PPO_best_550901,primary,550901,best,520f129a30003fc360012af7b9c5b0cd372ed0aabe3d2cb4888b1365b126e821,me5418-supplement-v1-0125,far,supplement-g005,True,,,,,1.0,8.106963325343941e-05,6.63982715808201e-05,3.064364904405766e-05,,0.019731714517676247,961,0,0.18038754147051805,0.25694731332802684,0.0,0.0,0.42857142857142855,1.0,0.0,0.0,0.13950032588715355,0,0,0,0,0,0,961,0,0,0,0,0,0,0.00025398244891524274,0.0005352822916089887,0.0006084854759440835,0.05235225401702337,0.07351766800275072,0.12667014199541882,0.7994321360019967
PPO_best_550901,primary,550901,best,520f129a30003fc360012af7b9c5b0cd372ed0aabe3d2cb4888b1365b126e821,me5418-supplement-v1-0126,near_link,supplement-g006,True,,,,,1.0,6.081684886156742e-05,4.63536607474363e-05,5.350712721880594e-05,0.04096839227369968,0.019579194126342098,91,0,1.0416422175824986,0.2798524453988604,0.0,0.0,0.5394345238095237,1.0,0.0,0.0,0.15530360778100744,0,0,0,0,0,0,961,0,0,0,0,0,0,0.00029751109029045136,0.0005787281051501243,0.0007192036056342962,0.054914056992856786,0.07946496800286695,0.13518689898774028,0.9154387900198344
PPO_best_550901,primary,550901,best,520f129a30003fc360012af7b9c5b0cd372ed0aabe3d2cb4888b1365b126e821,me5418-supplement-v1-0129,tight_layout,supplement-g009,True,,,,,1.0,6.342052172876277e-05,5.0732338755473774e-05,6.165395139324125e-05,0.011411407793645273,0.019632736137365013,0,0,0.24596521257329954,0.23862411286422772,0.0,0.0,0.640625,1.0,0.0,0.0,0.1679316135863441,0,0,0,70,0,0,961,0,0,0,0,0,0,0.00032454389171713655,0.0005892955829646477,0.0007821395257754678,0.05414939500042237,0.08138703400618397,0.1363702210073825,0.9777468089887407
PPO_best_550901,primary,550901,best,520f129a30003fc360012af7b9c5b0cd372ed0aabe3d2cb4888b1365b126e821,me5418-supplement-v1-0130,far,supplement-g010,True,,,,,1.0,7.700372603248144e-05,6.262907162274422e-05,3.0788301155925193e-05,,0.019766864096092455,961,0,0.17793277518184566,0.2515375552559762,0.0,0.0,0.42857142857142855,1.0,0.0,0.0,0.13693445417586536,0,0,0,0,0,0,961,0,0,0,0,0,0,0.0002544150048985709,0.0005456312642309058,0.0006191847667347853,0.05553996699745767,0.07382162899011746,0.13025151600595564,0.8120775819988921
PPO_best_550901,primary,550901,best,520f129a30003fc360012af7b9c5b0cd372ed0aabe3d2cb4888b1365b126e821,me5418-supplement-v1-0131,near_link,supplement-g011,True,,,,,1.0,6.264097297584845e-05,4.7655678267385416e-05,4.548135239135413e-05,0.038926760167563385,0.019588118323353353,0,0,0.3437864257536584,0.2504621618818249,0.0,0.0,0.4136904761904761,1.0,0.0,0.0,0.13317633609043522,0,0,0,0,0,0,961,0,0,0,0,0,0,0.00029677893356468604,0.0005671168668717048,0.0006941267794900341,0.0531619009852875,0.0774020440003369,0.1314051509834826,0.8899589829961769
PPO_best_550901,primary,550901,best,520f129a30003fc360012af7b9c5b0cd372ed0aabe3d2cb4888b1365b126e821,me5418-supplement-v1-0133,near_link,supplement-g013,True,,,,,1.0,6.0117644879628356e-05,3.8948183559025266e-05,6.0117644879628356e-05,0.024336234954294447,0.01945835127584058,0,0,0.5604559867104021,0.26924997960195685,0.0,0.0,0.2864583333333333,1.0,0.0,0.0,0.12785682225096803,0,0,0,176,0,0,961,0,0,0,0,0,0,0.00029423781279547256,0.0005771387569742122,0.0007174379014031728,0.05378677899716422,0.07838111001183279,0.13299224301590584,0.9130928599915933
PPO_best_550901,primary,550901,best,520f129a30003fc360012af7b9c5b0cd372ed0aabe3d2cb4888b1365b126e821,me5418-supplement-v1-0135,far,supplement-g015,True,,,,,1.0,7.280109905407258e-05,6.045882650230144e-05,3.203152337622925e-05,,0.01978183240273764,961,0,0.17763827772670768,0.2515680895146793,0.0,0.0,0.42857142857142855,1.0,0.0,0.0,0.1358793094887265,0,0,0,0,0,0,961,0,0,0,0,0,0,0.0002550844327136777,0.0005487979301202965,0.0006223445605428423,0.0559035720070824,0.07392932000220753,0.13061644998379052,0.8175956219783984
PPO_best_550901,primary,550901,best,520f129a30003fc360012af7b9c5b0cd372ed0aabe3d2cb4888b1365b126e821,me5418-supplement-v1-0140,far,supplement-g020,True,,,,,1.0,8.62342716190632e-05,6.660660308645593e-05,3.0466237874207873e-05,,0.019625059335897345,961,0,0.18243156419246612,0.251558335418761,0.0,0.0,0.42857142857142855,1.0,0.0,0.0,0.13631854994399917,0,0,0,0,0,0,961,0,0,0,0,0,0,0.00025454723936491064,0.0005417775066841083,0.0006151661553000546,0.05491806200006977,0.07365817797835916,0.12937403499381617,0.8090360340138432
PPO_best_550901,primary,550901,best,520f129a30003fc360012af7b9c5b0cd372ed0aabe3d2cb4888b1365b126e821,me5418-supplement-v1-0142,tight_layout,supplement-g022,True,,,,,1.0,8.896319733387328e-05,7.376116750247409e-05,4.7508601944116825e-05,0.007200956651543217,0.019618134588520623,0,0,0.6071053553922849,0.25830764259732364,0.0,0.0,0.42857142857142855,1.0,0.0,0.0,0.15174652182364037,0,0,0,128,0,0,961,0,0,0,0,0,0,0.00029274701955728233,0.0005679058648335437,0.0007073771473793992,0.054779861005954444,0.07911537398467772,0.13473026000428945,0.9051573440083303
PPO_best_550901,primary,550901,best,520f129a30003fc360012af7b9c5b0cd372ed0aabe3d2cb4888b1365b126e821,me5418-supplement-v1-0143,near_link,supplement-g023,True,,,,,1.0,8.699826799548999e-05,6.391184358282063e-05,4.899017649769604e-05,0.01971890080417843,0.019466191106435334,0,0,1.1333044656026472,0.29478638574016036,0.0,0.0,0.509672619047619,1.0,0.0,0.0,0.15425641197500572,0,0,0,42,0,0,961,0,0,0,0,0,0,0.0003009639369035237,0.0006822344825498779,0.0008249762270982804,0.055141532997367904,0.08026696601882577,0.13622711299103685,1.0185640729905572
PPO_best_550901,primary,550901,best,520f129a30003fc360012af7b9c5b0cd372ed0aabe3d2cb4888b1365b126e821,me5418-supplement-v1-0144,far,supplement-g000,True,,,,,1.0,8.194681219607817e-05,6.495634240061843e-05,3.500113082450457e-05,,0.01973218709386112,961,0,0.17097310147063358,0.2538511954674991,0.0,0.0,0.42857142857142855,1.0,0.0,0.0,0.13803536233137406,0,0,0,0,0,0,961,0,0,0,0,0,0,0.0002531282085935042,0.0005416723131020263,0.0006148923602268041,0.054671505000442266,0.07404858199879527,0.129569671000354,0.8086412469856441
PPO_best_550901,primary,550901,best,520f129a30003fc360012af7b9c5b0cd372ed0aabe3d2cb4888b1365b126e821,me5418-supplement-v1-0147,near_link,supplement-g003,True,,,,,1.0,5.670486478788307e-05,4.365351413212415e-05,3.2922051747187536e-05,0.002116557785720591,0.019600251627929326,0,0,0.9308652987072439,0.2866817051253144,0.0,0.0,0.4947916666666666,1.0,0.0,0.0,0.15388519739485457,0,0,0,111,0,0,961,0,0,0,0,0,0,0.0002935313529330112,0.0005740446715511401,0.000708024876773076,0.05464064600528218,0.08055236202199012,0.13606258999789134,0.9065191370027605
PPO_best_550901,primary,550901,best,520f129a30003fc360012af7b9c5b0cd372ed0aabe3d2cb4888b1365b126e821,me5418-supplement-v1-0149,far,supplement-g005,True,,,,,1.0,7.769151984978396e-05,6.162060366144009e-05,3.294020673910275e-05,,0.0196502246230868,961,0,0.17789903285489012,0.2608367865309824,0.0,0.0,0.42857142857142855,1.0,0.0,0.0,0.13939919625408947,0,0,0,0,0,0,961,0,0,0,0,0,0,0.00026311473372212885,0.0005425360168070863,0.0006180354607749905,0.055414806003682315,0.07396728699677624,0.13018827501218766,0.8131596669845749
PPO_best_550901,primary,550901,best,520f129a30003fc360012af7b9c5b0cd372ed0aabe3d2cb4888b1365b126e821,me5418-supplement-v1-0150,near_link,supplement-g006,True,,,,,1.0,9.14434418738277e-05,7.468023138913621e-05,4.307652288183185e-05,0.013856875066322674,0.0197732214625837,0,0,0.6261488115988085,0.27701965772167425,0.0,0.0,0.4077380952380952,1.0,0.0,0.0,0.15254392613160667,0,0,0,252,0,0,961,0,0,0,0,0,0,0.00031660836611990817,0.0005828545509151202,0.0007327623310023531,0.05405893700663,0.08139621201553382,0.1363488570204936,0.9325039039831609
PPO_best_550901,primary,550901,best,520f129a30003fc360012af7b9c5b0cd372ed0aabe3d2cb4888b1365b126e821,me5418-supplement-v1-0154,far,supplement-g010,True,,,,,1.0,7.573003207041941e-05,6.179019232925921e-05,2.917778566578054e-05,,0.019778660658241812,961,0,0.17017983207370568,0.2515461291482898,0.0,0.0,0.42857142857142855,1.0,0.0,0.0,0.13763259876785533,0,0,0,0,0,0,961,0,0,0,0,0,0,0.00025823327647837385,0.000541694561100788,0.0006160433164344189,0.05565104098059237,0.07331706999684684,0.12975363299483433,0.8108830679848325
PPO_best_550901,primary,550901,best,520f129a30003fc360012af7b9c5b0cd372ed0aabe3d2cb4888b1365b126e821,me5418-supplement-v1-0155,near_link,supplement-g011,True,,,,,1.0,6.119431892749072e-05,3.997022356319536e-05,6.0149290895260106e-05,0.042389419864099345,0.019572300178480023,0,0,0.5606005032197398,0.2507537603216615,0.0,0.0,0.4732142857142856,1.0,0.0,0.0,0.14572650234747145,0,0,0,0,0,0,961,0,0,0,0,0,0,0.00030297764442366315,0.0005776604008133291,0.0007193970171101682,0.05508282899972983,0.07910442701540887,0.1350301360071171,0.9166537249984685
PPO_best_550901,primary,550901,best,520f129a30003fc360012af7b9c5b0cd372ed0aabe3d2cb4888b1365b126e821,me5418-supplement-v1-0157,near_link,supplement-g013,True,,,,,1.0,5.863923507133234e-05,4.649543064596354e-05,4.601463095968217e-05,0.04778448348395392,0.01960054496395794,10,0,1.1120524343744018,0.2941890553375587,0.0,0.0,0.415922619047619,1.0,0.0,0.0,0.14224168434600523,0,0,0,0,0,0,961,0,0,0,0,0,0,0.0002934061920617144,0.0005747623712219744,0.0007024250935501186,0.05575857299845666,0.07829220397979952,0.1349040060013067,0.90073592599947
PPO_best_550901,primary,550901,best,520f129a30003fc360012af7b9c5b0cd372ed0aabe3d2cb4888b1365b126e821,me5418-supplement-v1-0159,far,supplement-g015,True,,,,,1.0,7.645492817096814e-05,6.147462814648753e-05,2.8317083527986953e-05,,0.01976459136730655,961,0,0.17948501256914956,0.2515357020824866,0.0,0.0,0.42857142857142855,1.0,0.0,0.0,0.1368649176477144,0,0,0,0,0,0,961,0,0,0,0,0,0,0.0002593261609339,0.0005460329155236347,0.0006206150135767529,0.05502091100788675,0.07510560200898908,0.13093378499615937,0.817250055988552
PPO_best_550901,primary,550901,best,520f129a30003fc360012af7b9c5b0cd372ed0aabe3d2cb4888b1365b126e821,me5418-supplement-v1-0162,near_link,supplement-g018,True,,,,,1.0,6.424352428014495e-05,5.203320073626496e-05,5.338288862311088e-05,0.02899941564329557,0.01954391634747249,0,0,0.2788556244179282,0.26389465209758517,0.0,0.0,0.5706845238095236,1.0,0.0,0.0,0.16407033003412097,0,0,0,8,0,0,961,0,0,0,0,0,0,0.0002859303810206863,0.0005685538266334333,0.0006907288059968172,0.05565102901891805,0.07817487200372852,0.13466937199700624,0.8883662539883517
PPO_best_550901,primary,550901,best,520f129a30003fc360012af7b9c5b0cd372ed0aabe3d2cb4888b1365b126e821,me5418-supplement-v1-0164,far,supplement-g020,True,,,,,1.0,7.729865746982442e-05,6.280596236090367e-05,2.8588653835751113e-05,,0.019764526037901735,961,0,0.17590643677190795,0.2515657435815057,0.0,0.0,0.42857142857142855,1.0,0.0,0.0,0.13721345705645427,0,0,0,0,0,0,961,0,0,0,0,0,0,0.0002560310567787383,0.000543823119399652,0.0006177698524576651,0.05440631101373583,0.07398273301078007,0.12918191798962653,0.8113381690054666
PPO_best_550901,primary,550901,best,520f129a30003fc360012af7b9c5b0cd372ed0aabe3d2cb4888b1365b126e821,me5418-supplement-v1-0165,near_link,supplement-g021,True,,,,,1.0,6.444531704942936e-05,5.3606644191139886e-05,4.840854208699882e-05,0.003750172715194469,0.019637704259867272,0,0,0.619275576069524,0.2947844604920219,0.0,0.0,0.453125,1.0,0.0,0.0,0.15297401680928444,0,0,0,115,0,0,961,0,0,0,0,0,0,0.00030216066094605293,0.0005779985062569419,0.0007358605773940023,0.05432904401095584,0.08051103699835949,0.13565909600583836,0.9324967699940316
PPO_best_550901,primary,550901,best,520f129a30003fc360012af7b9c5b0cd372ed0aabe3d2cb4888b1365b126e821,me5418-supplement-v1-0166,tight_layout,supplement-g022,True,,,,,1.0,5.6326356859386655e-05,4.886723883615786e-05,5.3123377836414004e-05,0.006392134365558938,0.019642740116454505,0,0,0.6394952932552332,0.26952526416886075,0.0,0.0,0.4561011904761904,1.0,0.0,0.0,0.1535281518574006,0,0,0,100,0,0,961,0,0,0,0,0,0,0.000300395265185216,0.0005763648874562932,0.0007215171905651611,0.055184728000313044,0.0792781510099303,0.1352937459887471,0.9248607280023862
PPO_best_550901,primary,550901,best,520f129a30003fc360012af7b9c5b0cd372ed0aabe3d2cb4888b1365b126e821,me5418-supplement-v1-0168,far,supplement-g000,True,,,,,1.0,8.566484252924467e-05,6.90732160984562e-05,3.568796680388605e-05,,0.019773199439155432,961,0,0.17154746789462422,0.25614188106223706,0.0,0.0,0.42857142857142855,1.0,0.0,0.0,0.13761738864483222,0,0,0,0,0,0,961,0,0,0,0,0,0,0.0002643072872767031,0.0005401857913360194,0.0006158739012486573,0.05321244598599151,0.07340552200912498,0.12741939001716673,0.8074404849903658
PPO_best_550901,primary,550901,best,520f129a30003fc360012af7b9c5b0cd372ed0aabe3d2cb4888b1365b126e821,me5418-supplement-v1-0171,near_link,supplement-g003,True,,,,,1.0,4.488626975882784e-05,3.9523034136231874e-05,4.144608260051583e-05,0.025121673654046967,0.0196427226282073,0,0,0.710796446266117,0.2666654277150874,0.0,0.0,0.5215773809523808,1.0,0.0,0.0,0.15707193843166656,0,0,0,19,0,0,961,0,0,0,0,0,0,0.0003112253428601737,0.0005766768428960253,0.0007375239953944402,0.054258349002338946,0.07998478200170211,0.13511011700029485,0.9325838619843125
PPO_best_550901,primary,550901,best,520f129a30003fc360012af7b9c5b0cd372ed0aabe3d2cb4888b1365b126e821,me5418-supplement-v1-0173,far,supplement-g005,True,,,,,1.0,8.31044144702385e-05,6.438266950931474e-05,3.8711507463478325e-05,,0.019619327451340325,961,0,0.1850948598561549,0.27321615790184267,0.0,0.0,0.42857142857142855,1.0,0.0,0.0,0.14062844262724475,0,0,0,0,0,0,961,0,0,0,0,0,0,0.00025442396357296576,0.0005368726093972024,0.0006103287335463392,0.05485317102284171,0.07321264600614086,0.12887476300238632,0.8040006810042541
PPO_best_550901,primary,550901,best,520f129a30003fc360012af7b9c5b0cd372ed0aabe3d2cb4888b1365b126e821,me5418-supplement-v1-0177,tight_layout,supplement-g009,True,,,,,1.0,6.331365535105296e-05,4.577461079450848e-05,6.082194133185875e-05,0.006731509073690398,0.019642098113798065,0,0,0.23196032466240687,0.24231910580676103,0.0,0.0,0.6421130952380952,1.0,0.0,0.0,0.16894454277893858,0,0,0,85,0,0,961,0,0,0,0,0,0,0.00033242381156621076,0.0005881861209066604,0.0007858995944237298,0.05499622999923304,0.08118000600370578,0.1370611260063015,0.9821713409910444
PPO_best_550901,primary,550901,best,520f129a30003fc360012af7b9c5b0cd372ed0aabe3d2cb4888b1365b126e821,me5418-supplement-v1-0178,far,supplement-g010,True,,,,,1.0,7.69213183145055e-05,6.48702263093005e-05,3.116760662956781e-05,,0.01977077875580447,961,0,0.1749925288583785,0.2515731186611186,0.0,0.0,0.42857142857142855,1.0,0.0,0.0,0.13810847902093967,0,0,0,0,0,0,961,0,0,0,0,0,0,0.00028691585945731884,0.0005740644957768382,0.0006551618263377653,0.05546878100722097,0.07390423899050802,0.1301812159945257,0.8510145870095585
PPO_best_550901,primary,550901,best,520f129a30003fc360012af7b9c5b0cd372ed0aabe3d2cb4888b1365b126e821,me5418-supplement-v1-0179,near_link,supplement-g011,True,,,,,1.0,5.790993037257886e-05,3.0725611269588496e-05,5.790993037257886e-05,0.019499209439435145,0.019604592993302618,0,0,0.49351233027052077,0.2599357900046291,0.0,0.0,0.37202380952380937,1.0,0.0,0.0,0.12692283616647945,0,0,0,260,0,0,961,0,0,0,0,0,0,0.00033462398050687625,0.000588863165770211,0.0007454882000274665,0.055024333007168025,0.0787979619926773,0.13466259898268618,0.9412432829849422
PPO_best_550901,primary,550901,best,520f129a30003fc360012af7b9c5b0cd372ed0aabe3d2cb4888b1365b126e821,me5418-supplement-v1-0181,near_link,supplement-g013,True,,,,,1.0,4.0097400457620426e-05,3.212218571878733e-05,3.7811357580784414e-05,0.036073611284048235,0.019422466705202625,0,0,0.16971079835143124,0.1497191201156666,0.0,0.0,0.02827380952380952,0.19791666666666666,0.0,0.0,0.07859871068392837,0,0,0,0,0,0,961,0,0,0,0,0,0,0.0002913627715012505,0.0005687560370157978,0.0007058242237386972,0.053277136001270264,0.07836145698092878,0.1324974829913117,0.9022311889857519
PPO_best_550901,primary,550901,best,520f129a30003fc360012af7b9c5b0cd372ed0aabe3d2cb4888b1365b126e821,me5418-supplement-v1-0183,far,supplement-g015,True,,,,,1.0,6.869909274439075e-05,5.805107311378313e-05,3.2521141004986844e-05,,0.019675177286846916,961,0,0.1707719845640816,0.2515851759117039,0.0,0.0,0.42857142857142855,1.0,0.0,0.0,0.13634646702779546,0,0,0,0,0,0,961,0,0,0,0,0,0,0.0002570753798257404,0.0005487366164137105,0.0006227712778430335,0.05403450399171561,0.07417296399944462,0.129002658999525,0.8163306939823087
PPO_best_550901,primary,550901,best,520f129a30003fc360012af7b9c5b0cd372ed0aabe3d2cb4888b1365b126e821,me5418-supplement-v1-0186,near_link,supplement-g018,True,,,,,1.0,6.260196037208008e-05,4.965750671483788e-05,4.790924261121424e-05,0.018239283922822827,0.019580927120681678,0,0,0.2363357330365886,0.2622244563712083,0.0,0.0,0.5706845238095236,1.0,0.0,0.0,0.1614986969792794,0,0,0,89,0,0,961,0,0,0,0,0,0,0.0002886146094169817,0.0005686519288853257,0.0006902399973720701,0.05264142600935884,0.0772941519971937,0.13081108900951222,0.8835946070030332
PPO_best_550901,primary,550901,best,520f129a30003fc360012af7b9c5b0cd372ed0aabe3d2cb4888b1365b126e821,me5418-supplement-v1-0188,far,supplement-g020,True,,,,,1.0,8.005148745962107e-05,6.340809896816174e-05,2.8930176706350987e-05,,0.019760668405061035,961,0,0.17696510735759718,0.2515589462562751,0.0,0.0,0.42857142857142855,1.0,0.0,0.0,0.13702486496684807,0,0,0,0,0,0,961,0,0,0,0,0,0,0.0002593035851532477,0.0005471434488147982,0.0006218182083102874,0.05247935900115408,0.07377123599871993,0.12707923699053936,0.8135831679974217
PPO_best_550901,primary,550901,best,520f129a30003fc360012af7b9c5b0cd372ed0aabe3d2cb4888b1365b126e821,me5418-supplement-v1-0191,near_link,supplement-g023,True,,,,,1.0,7.82283060241427e-05,5.5899268869181024e-05,4.668431956909593e-05,0.022192199141304575,0.019462511308806926,103,0,1.0629224049772807,0.30255073109891145,0.0,0.0,0.525297619047619,1.0,0.0,0.0,0.15113526416521164,0,0,0,33,0,0,961,0,0,0,0,0,0,0.0002916408182803328,0.0005803689362134416,0.0007117542771993612,0.05430874999728985,0.07986956901731901,0.1350079330150038,0.9084161359933205
PPO_best_550901,primary,550901,best,520f129a30003fc360012af7b9c5b0cd372ed0aabe3d2cb4888b1365b126e821,me5418-supplement-v1-0192,far,supplement-g000,True,,,,,1.0,9.04217217270384e-05,7.066138488527629e-05,3.6775028580674956e-05,,0.019734513653598205,961,0,0.1751082617262468,0.2576761429600682,0.0,0.0,0.42857142857142855,1.0,0.0,0.0,0.1376988386979238,0,0,0,0,0,0,961,0,0,0,0,0,0,0.0002570848278082849,0.0005373254804302026,0.0006113610660880416,0.053811510995728895,0.07381400399026461,0.12842710799304768,0.8041351099964231
PPO_best_551901,primary,551901,best,7978ae761181ede0728abb489d6c7b28755901e1065a2e3fded950d0eee8c20c,me5418-supplement-v1-0000,far,supplement-g000,True,,,,,1.0,6.771279488772983e-05,3.603790025942195e-05,6.771279488772983e-05,,0.019517897567084025,961,0,0.12233422484346376,0.2647129090746568,0.0,0.0,0.7142857142857143,1.0,0.0,0.0,0.15746360151651537,0,0,0,0,0,0,961,0,0,0,0,0,0,0.0002560722916011097,0.0005468466210004408,0.0006206053330667298,0.053188785997917876,0.07413891699980013,0.12811659200815484,0.8107211669848766
PPO_best_551901,primary,551901,best,7978ae761181ede0728abb489d6c7b28755901e1065a2e3fded950d0eee8c20c,me5418-supplement-v1-0001,near_link,supplement-g001,False,external_collision_band,related_collision:obstacle,tracking,2.8041666666666667,0.7010416666666667,6.923265255241544e-05,5.9440567492521095e-05,,9.405640700890783e-05,0.019747718000920136,0,0,0.3911474534788523,0.1999409594236235,0.0,0.0,0.2857142857142856,1.0,0.0,0.0,0.09128813278343942,0,1,0,674,0,0,674,0,0,0,0,0,0,0.00032365489643308574,0.000585016821228095,0.0007834048460588484,0.05348744901129976,0.0822414510184899,0.13657826400594786,0.7310593260044698
PPO_best_551901,primary,551901,best,7978ae761181ede0728abb489d6c7b28755901e1065a2e3fded950d0eee8c20c,me5418-supplement-v1-0005,far,supplement-g005,True,,,,,1.0,6.375937595025062e-05,3.268856027509211e-05,6.375937595025062e-05,,0.018625460116068616,961,0,0.126355367275049,0.2624133919581076,0.0,0.0,0.7142857142857143,1.0,0.0,0.0,0.1580908290786846,0,0,0,0,0,0,961,0,0,0,0,0,0,0.0002565431398882841,0.0005493287701938243,0.0006230894962451809,0.05234695799299516,0.07374673598678783,0.1269289000192657,0.8130864869744983
PPO_best_551901,primary,551901,best,7978ae761181ede0728abb489d6c7b28755901e1065a2e3fded950d0eee8c20c,me5418-supplement-v1-0006,near_link,supplement-g006,True,,,,,1.0,6.021341032535177e-05,4.9716715740025505e-05,2.801688297366466e-05,0.041851902887720935,0.019638898199034083,0,0,0.434380843864466,0.2775687493629507,0.0,0.0,0.4084821428571428,1.0,0.0,0.0,0.1545621190397512,0,0,0,0,0,0,961,0,0,0,0,0,0,0.0003091729698401953,0.0005788496186748186,0.0007521847414864169,0.05222013802267611,0.08102671799133532,0.13406905700685456,0.9690387269947678
PPO_best_551901,primary,551901,best,7978ae761181ede0728abb489d6c7b28755901e1065a2e3fded950d0eee8c20c,me5418-supplement-v1-0010,far,supplement-g010,True,,,,,1.0,6.435014720269238e-05,3.887742161732044e-05,6.435014720269238e-05,,0.019538724705530593,961,0,0.12909325457069393,0.2976483061666446,0.0,0.0,0.7142857142857143,1.0,0.0,0.0,0.15338695592612825,0,0,0,0,0,0,961,0,0,0,0,0,0,0.00026084178580276784,0.0005516014531470622,0.0006264902054984608,0.051323966996278614,0.07342272400273941,0.1255587519844994,0.8148370450071525
PPO_best_551901,primary,551901,best,7978ae761181ede0728abb489d6c7b28755901e1065a2e3fded950d0eee8c20c,me5418-supplement-v1-0011,near_link,supplement-g011,True,,,,,1.0,4.664988412024398e-05,2.7943592988299353e-05,4.664988412024398e-05,0.04435910783350419,0.017710640205861758,0,0,0.21853102015689513,0.2669917706437779,0.0,0.0,0.6034226190476191,1.0,0.0,0.0,0.17453636817767149,0,0,0,0,0,0,961,0,0,0,0,0,0,0.0003058455625553809,0.0005670703320599084,0.0006956373011538138,0.05362904502544552,0.07782467702054419,0.1322756909939926,0.8905495810031425
PPO_best_551901,primary,551901,best,7978ae761181ede0728abb489d6c7b28755901e1065a2e3fded950d0eee8c20c,me5418-supplement-v1-0013,near_link,supplement-g013,True,,,,,1.0,7.152229927197139e-05,5.6956610014899686e-05,4.8012666592067054e-05,0.038039222260483466,0.019526821072179033,0,0,0.514361945027637,0.2000648683383498,0.0,0.0,0.022321428571428572,0.15625,0.0,0.0,0.1239392238637222,0,0,0,0,0,0,961,0,0,0,0,0,0,0.00028917082211895223,0.0005745532241538361,0.0007102861275901281,0.05348995202803053,0.0773467340040952,0.13167792302556336,0.9059952980023809
PPO_best_551901,primary,551901,best,7978ae761181ede0728abb489d6c7b28755901e1065a2e3fded950d0eee8c20c,me5418-supplement-v1-0015,far,supplement-g015,True,,,,,1.0,6.276069860623848e-05,3.533182231823302e-05,6.276069860623848e-05,,0.01964763787140878,961,0,0.12716106610939504,0.29566138034272854,0.0,0.0,0.7142857142857143,1.0,0.0,0.0,0.15394523829066506,0,0,0,0,0,0,961,0,0,0,0,0,0,0.0002526583117893703,0.0005455268663657383,0.0006183329808057655,0.05197428198880516,0.07402056897990406,0.12685962300747633,0.8071846870006993
PPO_best_551901,primary,551901,best,7978ae761181ede0728abb489d6c7b28755901e1065a2e3fded950d0eee8c20c,me5418-supplement-v1-0018,near_link,supplement-g018,True,,,,,1.0,4.862039041844419e-05,3.300928973237186e-05,4.862039041844419e-05,0.018803275687048718,0.016139334246009142,0,0,0.24643237925563635,0.2830836217991108,0.0,0.0,0.4270833333333333,1.0,0.0,0.0,0.16600180023261124,0,0,0,80,0,0,961,0,0,0,0,0,0,0.00028120212997843436,0.0005704941973817768,0.0006896749021507275,0.05204471401521005,0.07692019900423475,0.12976518302457407,0.8825674699910451
PPO_best_551901,primary,551901,best,7978ae761181ede0728abb489d6c7b28755901e1065a2e3fded950d0eee8c20c,me5418-supplement-v1-0020,far,supplement-g020,True,,,,,1.0,6.357882499020874e-05,4.39279681046616e-05,6.357882499020874e-05,,0.019654733556483943,961,0,0.1267043579653477,0.28586963292135753,0.0,0.0,0.7142857142857143,1.0,0.0,0.0,0.15463538921127715,0,0,0,0,0,0,961,0,0,0,0,0,0,0.00025491922360743047,0.0005452493801991902,0.0006187063209229867,0.05094972901861183,0.07308075501350686,0.1248312950192485,0.8055153460009024
PPO_best_551901,primary,551901,best,7978ae761181ede0728abb489d6c7b28755901e1065a2e3fded950d0eee8c20c,me5418-supplement-v1-0021,near_link,supplement-g021,True,,,,,1.0,4.253323607115301e-05,3.463096915879972e-05,1.700218042049979e-05,0.027429776168846134,0.019699313596263243,0,0,0.5039023368517963,0.2846872773440453,0.0,0.0,0.45982142857142855,1.0,0.0,0.0,0.16199905467441394,0,0,0,17,0,0,961,0,0,0,0,0,0,0.00030109801567353617,0.0005755228319988722,0.0007312946604239793,0.05218392700771801,0.08024369599297643,0.1332517369883135,0.9270299759809859
PPO_best_551901,primary,551901,best,7978ae761181ede0728abb489d6c7b28755901e1065a2e3fded950d0eee8c20c,me5418-supplement-v1-0022,tight_layout,supplement-g022,True,,,,,1.0,6.16806692273257e-05,4.8304192281165325e-05,2.7054844407654143e-05,0.019327834346515166,0.01960145145560184,0,0,0.4397223185243701,0.27816708542474217,0.0,0.0,0.3757440476190475,1.0,0.0,0.0,0.1532409566498938,0,0,0,70,0,0,961,0,0,0,0,0,0,0.00030069116140415036,0.000569558959796268,0.0007260021765735776,0.053722158016171306,0.08026117799454369,0.13482048499281518,0.9227989770006388
PPO_best_551901,primary,551901,best,7978ae761181ede0728abb489d6c7b28755901e1065a2e3fded950d0eee8c20c,me5418-supplement-v1-0023,near_link,supplement-g023,True,,,,,1.0,3.5037794116496746e-05,2.835212798926562e-05,1.9831482097984533e-05,0.03239327571556404,0.019730674700815007,0,0,0.4976784419426957,0.3092665876649296,0.0,0.0,0.42857142857142855,1.0,0.0,0.0,0.13753855752010644,0,0,0,0,0,0,961,0,0,0,0,0,0,0.0002893974794157354,0.0005728526020599626,0.0007044576358566701,0.05260658299084753,0.07859474400174804,0.1320730420120526,0.8989764819853008
PPO_best_551901,primary,551901,best,7978ae761181ede0728abb489d6c7b28755901e1065a2e3fded950d0eee8c20c,me5418-supplement-v1-0024,far,supplement-g000,True,,,,,1.0,6.743912420515882e-05,3.681743648300114e-05,6.743912420515882e-05,,0.01949398157419944,961,0,0.13686423705764442,0.2600170232163958,0.0,0.0,0.7142857142857143,1.0,0.0,0.0,0.1590655129707773,0,0,0,0,0,0,961,0,0,0,0,0,0,0.0002520126578626029,0.0005421094799809604,0.0006150244021227991,0.0525794209970627,0.07354900598875247,0.12692815600894392,0.8043647279846482
PPO_best_551901,primary,551901,best,7978ae761181ede0728abb489d6c7b28755901e1065a2e3fded950d0eee8c20c,me5418-supplement-v1-0027,near_link,supplement-g003,True,,,,,1.0,3.4871112609738576e-05,2.657048010250273e-05,3.171534656755169e-05,0.01709254380557998,0.019728870680731883,0,0,0.32831720768668465,0.2770937228319316,0.0,0.0,0.5669642857142856,1.0,0.0,0.0,0.16328044389374552,0,0,0,87,0,0,961,0,0,0,0,0,0,0.00029532814157088677,0.0005634901522171276,0.0007115978944663463,0.05251022899756208,0.07980311301071197,0.13315195401082747,0.9045633250207175
PPO_best_551901,primary,551901,best,7978ae761181ede0728abb489d6c7b28755901e1065a2e3fded950d0eee8c20c,me5418-supplement-v1-0029,far,supplement-g005,True,,,,,1.0,7.489041274357228e-05,3.565527112979988e-05,7.489041274357228e-05,,0.01805178674292593,961,0,0.14164173020914414,0.2603641061363032,0.0,0.0,0.7142857142857143,1.0,0.0,0.0,0.15936256531359894,0,0,0,0,0,0,961,0,0,0,0,0,0,0.00025254908860006253,0.0005445230303242472,0.0006174005966386176,0.052198962977854535,0.07383194798603654,0.1268208510009572,0.8065453970048111
PPO_best_551901,primary,551901,best,7978ae761181ede0728abb489d6c7b28755901e1065a2e3fded950d0eee8c20c,me5418-supplement-v1-0030,near_link,supplement-g006,True,,,,,1.0,7.410058125695239e-05,5.764380779718161e-05,1.574505434519096e-05,0.01767943921038241,0.019707156285629475,0,0,0.5466629042389923,0.2929192214261552,0.0,0.0,0.4166666666666666,1.0,0.0,0.0,0.16355195642404613,0,0,0,84,0,0,961,0,0,0,0,0,0,0.0003121873329898032,0.0005775646820742016,0.0007569667874122388,0.05289976400672458,0.08031015799497254,0.13404974600416608,0.9512426699802745
PPO_best_551901,primary,551901,best,7978ae761181ede0728abb489d6c7b28755901e1065a2e3fded950d0eee8c20c,me5418-supplement-v1-0034,far,supplement-g010,True,,,,,1.0,6.482139087702536e-05,3.424270931154737e-05,6.482139087702536e-05,,0.019490271790604433,961,0,0.12876521493456172,0.28753868283670475,0.0,0.0,0.7142857142857143,1.0,0.0,0.0,0.15396453696469375,0,0,0,0,0,0,961,0,0,0,0,0,0,0.00025315566002367024,0.0005455680342492996,0.0006187172900657364,0.054118483007187024,0.07306413998594508,0.1279746049840469,0.8086476290191058
PPO_best_551901,primary,551901,best,7978ae761181ede0728abb489d6c7b28755901e1065a2e3fded950d0eee8c20c,me5418-supplement-v1-0035,near_link,supplement-g011,True,,,,,1.0,3.242375429801228e-05,2.839479080564424e-05,3.242375429801228e-05,0.015877322733144517,0.019590678203397806,0,0,0.7131596981027174,0.3096234566942644,0.0,0.0,0.41220238095238093,1.0,0.0,0.0,0.15096228452509552,0,0,0,167,0,0,961,0,0,0,0,0,0,0.0002972254639341069,0.0005722390608752903,0.0007206892052636249,0.05297248999704607,0.07913251500576735,0.1329370749881491,0.9161597490019631
PPO_best_551901,primary,551901,best,7978ae761181ede0728abb489d6c7b28755901e1065a2e3fded950d0eee8c20c,me5418-supplement-v1-0039,far,supplement-g015,True,,,,,1.0,6.197292611952666e-05,3.584875713240954e-05,6.197292611952666e-05,,0.01967239110022767,961,0,0.13118607930286086,0.2999588575129505,0.0,0.0,0.7142857142857143,1.0,0.0,0.0,0.15315998964056016,0,0,0,0,0,0,961,0,0,0,0,0,0,0.0002591227657831041,0.0005462208621490087,0.0006205978679039011,0.052519364980980754,0.07326134899631143,0.12655923402053304,0.8107240420067683
PPO_best_551901,primary,551901,best,7978ae761181ede0728abb489d6c7b28755901e1065a2e3fded950d0eee8c20c,me5418-supplement-v1-0042,near_link,supplement-g018,True,,,,,1.0,5.378164865937133e-05,3.464515481467388e-05,5.378164865937133e-05,0.024712057057360445,0.016511120071935004,0,0,0.38431375040309584,0.2735728682162523,0.0,0.0,0.5550595238095236,1.0,0.0,0.0,0.1713649917970456,0,0,0,27,0,0,961,0,0,0,0,0,0,0.0002858418324649392,0.0005765426408894807,0.0007013001804807573,0.05306872000801377,0.07830100500723347,0.132180223998148,0.9016956700070295
PPO_best_551901,primary,551901,best,7978ae761181ede0728abb489d6c7b28755901e1065a2e3fded950d0eee8c20c,me5418-supplement-v1-0044,far,supplement-g020,True,,,,,1.0,6.330449518229698e-05,3.373735227180113e-05,6.330449518229698e-05,,0.019549889159416176,961,0,0.12463755121393379,0.28728207073409656,0.0,0.0,0.7142857142857143,1.0,0.0,0.0,0.1550563032223311,0,0,0,0,0,0,961,0,0,0,0,0,0,0.00025571972870845155,0.0005462532959124171,0.0006198547675315542,0.05118746098014526,0.07358301500789821,0.12557090699556284,0.8097005579911638
PPO_best_551901,primary,551901,best,7978ae761181ede0728abb489d6c7b28755901e1065a2e3fded950d0eee8c20c,me5418-supplement-v1-0046,tight_layout,supplement-g022,True,,,,,1.0,3.925222753243917e-05,3.529857721991434e-05,3.2514584288180366e-05,0.010851012774293053,0.019576075139380117,0,0,0.42549336077585687,0.27284642948658894,0.0,0.0,0.41294642857142855,1.0,0.0,0.0,0.15030296058615758,0,0,0,137,0,0,961,0,0,0,0,0,0,0.00030184281801363494,0.0005695770186624334,0.000725419739804541,0.0530818150145933,0.08066916099051014,0.13460707999183796,0.9218549000215717
PPO_best_551901,primary,551901,best,7978ae761181ede0728abb489d6c7b28755901e1065a2e3fded950d0eee8c20c,me5418-supplement-v1-0047,near_link,supplement-g023,True,,,,,1.0,3.052351620743068e-05,2.3111861492655004e-05,2.8371769577497882e-05,0.01545446061004073,0.019580678035364847,0,0,0.6880534411035387,0.29798859935057825,0.0,0.0,0.42857142857142855,1.0,0.0,0.0,0.15217054354469015,0,0,0,117,0,0,961,0,0,0,0,0,0,0.00029831646346186364,0.0005743762646488904,0.0007235962958172119,0.05429070501122624,0.0805534310056828,0.13567633597995155,0.9210068719985429
PPO_best_551901,primary,551901,best,7978ae761181ede0728abb489d6c7b28755901e1065a2e3fded950d0eee8c20c,me5418-supplement-v1-0048,far,supplement-g000,True,,,,,1.0,5.561501514494919e-05,3.4287804145465e-05,5.188822420358322e-05,,0.01925113297280577,961,0,0.13162328938754284,0.2649744160593524,0.0,0.0,0.7142857142857143,1.0,0.0,0.0,0.15777310655796012,0,0,0,0,0,0,961,0,0,0,0,0,0,0.0002528905843064422,0.0005422692119585311,0.0006153346674788433,0.053268936986569315,0.07417195398011245,0.1282836309983395,0.805796812986955
PPO_best_551901,primary,551901,best,7978ae761181ede0728abb489d6c7b28755901e1065a2e3fded950d0eee8c20c,me5418-supplement-v1-0051,near_link,supplement-g003,True,,,,,1.0,5.1541521037366925e-05,3.595459303538943e-05,1.7364133619775775e-05,0.04508392004120823,0.019575189437702104,0,0,0.3708996933297304,0.27315567773065735,0.0,0.0,0.5706845238095236,1.0,0.0,0.0,0.15798352027223223,0,0,0,0,0,0,961,0,0,0,0,0,0,0.00031831287863800145,0.0005737341512334145,0.0007643814436354054,0.053627563000191,0.08165010900120251,0.13610010300180875,0.957910355005879
PPO_best_551901,primary,551901,best,7978ae761181ede0728abb489d6c7b28755901e1065a2e3fded950d0eee8c20c,me5418-supplement-v1-0053,far,supplement-g005,True,,,,,1.0,6.4713461453822e-05,3.402821987392794e-05,5.909587130046799e-05,,0.018617570536194145,961,0,0.13021156010409135,0.2643904850456186,0.0,0.0,0.7142857142857143,1.0,0.0,0.0,0.1580871883474867,0,0,0,0,0,0,961,0,0,0,0,0,0,0.00025440837104421615,0.0005466643431645934,0.0006198466770608017,0.05235725600505248,0.07310876800329424,0.12626144400564954,0.8085772439953871
PPO_best_551901,primary,551901,best,7978ae761181ede0728abb489d6c7b28755901e1065a2e3fded950d0eee8c20c,me5418-supplement-v1-0054,near_link,supplement-g006,True,,,,,1.0,6.326771688626982e-05,4.660596258636615e-05,3.626796838079681e-05,0.03137828799751878,0.01959577174525945,0,0,1.2658189910741982,0.2838341563284791,0.0,0.0,0.4620535714285714,1.0,0.0,0.0,0.14277090935890252,0,0,0,0,0,0,961,0,0,0,0,0,0,0.00030078900332834263,0.0005709054888939135,0.0007215006182680857,0.05271991001791321,0.08058480799081735,0.1341318089980632,0.9165742310287897
PPO_best_551901,primary,551901,best,7978ae761181ede0728abb489d6c7b28755901e1065a2e3fded950d0eee8c20c,me5418-supplement-v1-0055,tight_layout,supplement-g007,True,,,,,1.0,5.7849271093834936e-05,4.9824905043193956e-05,2.8383136632688954e-05,0.008520627327643485,0.01969172871785215,0,0,0.15053260014382097,0.2788000941460374,0.0,0.0,0.3653273809523809,1.0,0.0,0.0,0.16181803526622907,0,0,0,178,0,0,961,0,0,0,0,0,0,0.00032520720772784745,0.0005851316174509217,0.000782902115285348,0.05370406500878744,0.08153654201305471,0.13609294602065347,0.9790227320045233
PPO_best_551901,primary,551901,best,7978ae761181ede0728abb489d6c7b28755901e1065a2e3fded950d0eee8c20c,me5418-supplement-v1-0058,far,supplement-g010,True,,,,,1.0,6.402079637044878e-05,3.7712697284798194e-05,6.402079637044878e-05,,0.019661915419679342,961,0,0.12936924713785183,0.29266630639990365,0.0,0.0,0.7142857142857143,1.0,0.0,0.0,0.15338801957467302,0,0,0,0,0,0,961,0,0,0,0,0,0,0.0002548868860685616,0.000548982726225707,0.0006224918003681524,0.05392603398649953,0.0737600940046832,0.12850934101152234,0.8143991450197063
PPO_best_551901,primary,551901,best,7978ae761181ede0728abb489d6c7b28755901e1065a2e3fded950d0eee8c20c,me5418-supplement-v1-0059,near_link,supplement-g011,True,,,,,1.0,3.5912568413761146e-05,2.8318346948445975e-05,2.4683816454710037e-05,0.04828584296708299,0.019595230274566375,0,0,0.4579305343430479,0.29563480327582947,0.0,0.0,0.42857142857142855,1.0,0.0,0.0,0.12842279126316067,0,0,0,0,0,0,961,0,0,0,0,0,0,0.0002858039110833488,0.0005639718527769825,0.0006930152711902337,0.053235752013279125,0.07776718199602328,0.1318318159901537,0.8882350750209298
PPO_best_551901,primary,551901,best,7978ae761181ede0728abb489d6c7b28755901e1065a2e3fded950d0eee8c20c,me5418-supplement-v1-0061,near_link,supplement-g013,True,,,,,1.0,0.00013303762900399523,0.00010349273971043013,0.00013040913294144193,0.0056866949652533555,0.019360592246624883,0,0,0.7238247365859004,0.2550540549654921,0.0,0.0,0.16815476190476186,0.984375,0.0,0.0,0.12888374975993344,0,0,0,368,0,0,961,0,0,0,0,0,0,0.00030905696773212793,0.0005852739280877965,0.0007427302584498345,0.056732807017397135,0.08045735498308204,0.13803576698410325,0.9434089539863635
PPO_best_551901,primary,551901,best,7978ae761181ede0728abb489d6c7b28755901e1065a2e3fded950d0eee8c20c,me5418-supplement-v1-0063,far,supplement-g015,True,,,,,1.0,6.181598176005668e-05,3.767343145785107e-05,6.181598176005668e-05,,0.01967097313916228,961,0,0.1270219304398633,0.2988856572710173,0.0,0.0,0.7142857142857143,1.0,0.0,0.0,0.15389913821404444,0,0,0,0,0,0,961,0,0,0,0,0,0,0.0002540991155607723,0.0005463122158592645,0.0006195685413331375,0.052087674994254485,0.07381173901376314,0.12669280101545155,0.8162137369799893
PPO_best_551901,primary,551901,best,7978ae761181ede0728abb489d6c7b28755901e1065a2e3fded950d0eee8c20c,me5418-supplement-v1-0064,near_link,supplement-g016,True,,,,,1.0,4.7711398787618654e-05,3.634974123912864e-05,4.330441416813198e-05,0.016519096485852675,0.019572748747447057,0,0,0.16957280231981958,0.2646272994668765,0.0,0.0,0.40550595238095233,1.0,0.0,0.0,0.15442848028615117,0,0,0,126,0,0,961,0,0,0,0,0,0,0.0003262306610546754,0.0005870614571601133,0.000785695268677955,0.051861869025742635,0.08241932501550764,0.13509958700160496,0.9799681040167343
PPO_best_551901,primary,551901,best,7978ae761181ede0728abb489d6c7b28755901e1065a2e3fded950d0eee8c20c,me5418-supplement-v1-0066,near_link,supplement-g018,True,,,,,1.0,6.99069846855804e-05,4.853671099502807e-05,6.99069846855804e-05,0.031724057321306995,0.014268231607160753,0,0,0.25698275672530496,0.31465997243997457,0.0,0.0,0.6562499999999999,1.0,0.0,0.0,0.1831195281685463,0,0,0,0,0,0,961,0,0,0,0,0,0,0.0003060630560867139,0.0005860773311421023,0.0007192619720020351,0.05319470301037654,0.0783166559995152,0.13236995798069984,0.9120531679945998
PPO_best_551901,primary,551901,best,7978ae761181ede0728abb489d6c7b28755901e1065a2e3fded950d0eee8c20c,me5418-supplement-v1-0068,far,supplement-g020,True,,,,,1.0,6.652177394660327e-05,3.702852870705419e-05,6.652177394660327e-05,,0.019616047605261068,961,0,0.12561989575787672,0.277767995328135,0.0,0.0,0.7142857142857143,1.0,0.0,0.0,0.15477909548651603,0,0,0,0,0,0,961,0,0,0,0,0,0,0.00025523859342987026,0.0005499280008128457,0.000623367886540412,0.05275354001787491,0.07440363400382921,0.12796988800982945,0.813891555997543
PPO_best_551901,primary,551901,best,7978ae761181ede0728abb489d6c7b28755901e1065a2e3fded950d0eee8c20c,me5418-supplement-v1-0072,far,supplement-g000,True,,,,,1.0,6.194692399950933e-05,3.74383054053612e-05,6.194692399950933e-05,,0.019647493842656828,961,0,0.13692866593971872,0.26127389157442793,0.0,0.0,0.7142857142857143,1.0,0.0,0.0,0.1587257953421656,0,0,0,0,0,0,961,0,0,0,0,0,0,0.0002574814842167446,0.0005429683320168503,0.000617113610405795,0.052482707978924736,0.07325738199870102,0.12655592898954637,0.8055653760093264
PPO_best_551901,primary,551901,best,7978ae761181ede0728abb489d6c7b28755901e1065a2e3fded950d0eee8c20c,me5418-supplement-v1-0073,near_link,supplement-g001,False,external_collision_band,related_collision:obstacle,tracking,2.845833333333333,0.7114583333333333,8.409780645579158e-05,7.1774316619971e-05,,9.169912355785209e-05,0.019446027807907773,0,0,0.14542331860081747,0.19994079355302335,0.0,0.0,0.2846715328467152,1.0,0.0,0.0,0.10518608828686077,0,1,0,684,0,0,684,0,0,0,0,0,0,0.00032051636630934355,0.0005852269843690462,0.0007834003774291054,0.05356203400879167,0.08295153500512242,0.13733667202177458,0.741055728023639
PPO_best_551901,primary,551901,best,7978ae761181ede0728abb489d6c7b28755901e1065a2e3fded950d0eee8c20c,me5418-supplement-v1-0074,tight_layout,supplement-g002,True,,,,,1.0,9.25526201778039e-05,7.122893337893579e-05,9.25526201778039e-05,0.0029331213834100645,0.019870040822512,0,0,0.17093474387522362,0.23885499159549287,0.0,0.0,0.18303571428571422,1.0,0.0,0.0,0.11046065072711957,0,0,0,290,0,0,961,0,0,0,0,0,0,0.0003158336652025658,0.0005840300948269336,0.0007584665424171059,0.052441640000324696,0.0795724309864454,0.13287215901073068,0.9606512510217726
PPO_best_551901,primary,551901,best,7978ae761181ede0728abb489d6c7b28755901e1065a2e3fded950d0eee8c20c,me5418-supplement-v1-0075,near_link,supplement-g003,True,,,,,1.0,3.704449131451875e-05,2.359436407150436e-05,2.1312925793739442e-05,0.02521901302276297,0.01974274122324579,0,0,0.4458971004226618,0.28208680020501814,0.0,0.0,0.550595238095238,1.0,0.0,0.0,0.16481095228809864,0,0,0,31,0,0,961,0,0,0,0,0,0,0.000299015890808126,0.0005671831678834375,0.0007200584408565191,0.05105619700043462,0.08021537298918702,0.13216611699317582,0.9131422560021747
PPO_best_551901,primary,551901,best,7978ae761181ede0728abb489d6c7b28755901e1065a2e3fded950d0eee8c20c,me5418-supplement-v1-0077,far,supplement-g005,True,,,,,1.0,6.440628806272984e-05,3.431802602374448e-05,6.440628806272984e-05,,0.018575819470976855,961,0,0.13308427079851717,0.2598465884341446,0.0,0.0,0.7142857142857143,1.0,0.0,0.0,0.15940530328080055,0,0,0,0,0,0,961,0,0,0,0,0,0,0.00025270506739616394,0.0005456510190015251,0.0006184937418462747,0.05367985399789177,0.0734613940003328,0.12794790999032557,0.8086729409988038
PPO_best_551901,primary,551901,best,7978ae761181ede0728abb489d6c7b28755901e1065a2e3fded950d0eee8c20c,me5418-supplement-v1-0078,near_link,supplement-g006,True,,,,,1.0,4.418687193759726e-05,3.801726707680507e-05,3.3073021324344166e-05,0.02072865491848172,0.019595227012883756,0,0,1.2717083518873682,0.2884456622883751,0.0,0.0,0.4583333333333332,1.0,0.0,0.0,0.14425606777270636,0,0,0,75,0,0,961,0,0,0,0,0,0,0.00030501105129587813,0.0005736160143896996,0.0007315344375759499,0.0527747769956477,0.08068138099042699,0.1342813549854327,0.9261076450056862
PPO_best_551901,primary,551901,best,7978ae761181ede0728abb489d6c7b28755901e1065a2e3fded950d0eee8c20c,me5418-supplement-v1-0079,tight_layout,supplement-g007,True,,,,,1.0,5.421433010400919e-05,4.238059402096722e-05,1.4943565625178914e-05,0.0030317946116961564,0.01959470502612897,0,0,0.31003791622171223,0.290450831668596,0.0,0.0,0.42857142857142855,1.0,0.0,0.0,0.16279232654099665,0,0,0,164,0,0,961,0,0,0,0,0,0,0.00032201090107264463,0.0005812694458654733,0.000761894039260369,0.05388788701384328,0.08177548399544321,0.13649300500401296,0.9593351660005283
PPO_best_551901,primary,551901,best,7978ae761181ede0728abb489d6c7b28755901e1065a2e3fded950d0eee8c20c,me5418-supplement-v1-0080,near_link,supplement-g008,True,,,,,1.0,0.0001153356795589045,9.417307621946991e-05,0.00010620220080963136,0.01478208484617903,0.019448451143269242,0,0,0.1697242098863849,0.24337631186952452,0.0,0.0,0.17261904761904756,1.0,0.0,0.0,0.12924106291972012,0,0,0,395,0,0,961,0,0,0,0,0,0,0.00032196466766739224,0.0005714771198351324,0.000768149262573085,0.052861859992844984,0.08038300700718537,0.13410115300212055,0.9635275549953803
PPO_best_551901,primary,551901,best,7978ae761181ede0728abb489d6c7b28755901e1065a2e3fded950d0eee8c20c,me5418-supplement-v1-0082,far,supplement-g010,True,,,,,1.0,6.473993221157997e-05,3.4766750621386627e-05,6.473993221157997e-05,,0.019423042516646,961,0,0.1234681574308547,0.29174877317752057,0.0,0.0,0.7142857142857143,1.0,0.0,0.0,0.15482040867763794,0,0,0,0,0,0,961,0,0,0,0,0,0,0.0002541512453717587,0.0005475509366988263,0.0006210081888032922,0.05185584200080484,0.07591393799521029,0.12857294498826377,0.812748560012551
PPO_best_551901,primary,551901,best,7978ae761181ede0728abb489d6c7b28755901e1065a2e3fded950d0eee8c20c,me5418-supplement-v1-0083,near_link,supplement-g011,True,,,,,1.0,3.973042364807803e-05,3.2410041123447444e-05,3.194243869343173e-05,0.0316803340176548,0.01973399067877181,0,0,0.8874768258414742,0.30509393349248926,0.0,0.0,0.3831845238095237,1.0,0.0,0.0,0.13574571105848354,0,0,0,0,0,0,961,0,0,0,0,0,0,0.0002910142341837248,0.0005687560868561074,0.0007058739195902793,0.053841807995922863,0.07733376501710154,0.13202852199901827,0.9006037919898517
PPO_best_551901,primary,551901,best,7978ae761181ede0728abb489d6c7b28755901e1065a2e3fded950d0eee8c20c,me5418-supplement-v1-0085,near_link,supplement-g013,True,,,,,1.0,8.613926683099532e-05,7.287036359856284e-05,7.944025832655646e-05,0.006920176985787993,0.019426639895431155,0,0,0.9864504960847312,0.22445792317229257,0.0,0.0,0.16815476190476186,0.9895833333333334,0.0,0.0,0.11990969208501547,0,0,0,603,0,0,961,0,0,0,0,0,0,0.00030542281547241146,0.0005877134982559558,0.0007453933151737146,0.053552051016595215,0.0805889540060889,0.1349686549801845,0.9430336790101137
PPO_best_551901,primary,551901,best,7978ae761181ede0728abb489d6c7b28755901e1065a2e3fded950d0eee8c20c,me5418-supplement-v1-0087,far,supplement-g015,True,,,,,1.0,6.269970438616474e-05,4.562316933564771e-05,6.269970438616474e-05,,0.01960440524368666,961,0,0.12598332277122673,0.2996638416604741,0.0,0.0,0.7142857142857143,1.0,0.0,0.0,0.15374260065478404,0,0,0,0,0,0,961,0,0,0,0,0,0,0.00033628092205617577,0.0005838103576024878,0.0006751058222107531,0.053517915977863595,0.07388102100230753,0.12819487799424678,0.8953304419992492
PPO_best_551901,primary,551901,best,7978ae761181ede0728abb489d6c7b28755901e1065a2e3fded950d0eee8c20c,me5418-supplement-v1-0090,near_link,supplement-g018,True,,,,,1.0,5.868831274598911e-05,3.955698003791261e-05,5.868831274598911e-05,0.00665315994558878,0.015141655690587287,0,0,0.2662752120826637,0.29832589303974544,0.0,0.0,0.5513392857142856,1.0,0.0,0.0,0.16932067636045672,0,0,0,152,0,0,961,0,0,0,0,0,0,0.00033836665124908905,0.0005909280642299563,0.0007332304843051437,0.056443432986270636,0.08046875498257577,0.13780528199276887,0.9322955709940288
PPO_best_551901,primary,551901,best,7978ae761181ede0728abb489d6c7b28755901e1065a2e3fded950d0eee8c20c,me5418-supplement-v1-0092,far,supplement-g020,True,,,,,1.0,6.090737489921244e-05,4.145930074907658e-05,6.090737489921244e-05,,0.0196767762715366,961,0,0.1310552485896072,0.3001026275486992,0.0,0.0,0.7142857142857143,1.0,0.0,0.0,0.15337034901493182,0,0,0,0,0,0,961,0,0,0,0,0,0,0.00025247489884350216,0.000544232908214326,0.000617256797219549,0.05393750700750388,0.07372167898574844,0.12844567900174297,0.8083966599951964
PPO_best_551901,primary,551901,best,7978ae761181ede0728abb489d6c7b28755901e1065a2e3fded950d0eee8c20c,me5418-supplement-v1-0094,tight_layout,supplement-g022,True,,,,,1.0,4.548202243733086e-05,3.870911362400952e-05,3.1980247563118106e-05,0.012594490571266284,0.019576171270065452,0,0,1.0641996147237214,0.2845218288634024,0.0,0.0,0.47544642857142855,1.0,0.0,0.0,0.15180799638009854,0,0,0,124,0,0,961,0,0,0,0,0,0,0.0002979180054959822,0.0005683091491846426,0.0007196115619384121,0.05280680299620144,0.0807309880037792,0.1344211680116132,0.9151091529929545
PPO_best_551901,primary,551901,best,7978ae761181ede0728abb489d6c7b28755901e1065a2e3fded950d0eee8c20c,me5418-supplement-v1-0095,near_link,supplement-g023,True,,,,,1.0,3.3170017689390584e-05,2.5559453046645437e-05,2.507236989462764e-05,0.028976554459445844,0.019787261439910928,0,0,0.4896592779014143,0.2815556567775731,0.0,0.0,0.42857142857142855,1.0,0.0,0.0,0.13858322878123935,0,0,0,10,0,0,961,0,0,0,0,0,0,0.0002872859787809527,0.0005721192035101315,0.0007031349299419768,0.05404590998659842,0.07768425202812068,0.1325542550184764,0.8983591040014289
PPO_best_551901,primary,551901,best,7978ae761181ede0728abb489d6c7b28755901e1065a2e3fded950d0eee8c20c,me5418-supplement-v1-0096,far,supplement-g000,True,,,,,1.0,6.786304854289966e-05,4.3172511556779365e-05,6.786304854289966e-05,,0.019708768063280334,961,0,0.13283209079324645,0.2630089645783607,0.0,0.0,0.7142857142857143,1.0,0.0,0.0,0.15707995230387453,0,0,0,0,0,0,961,0,0,0,0,0,0,0.00026155816749451333,0.0005471515961289697,0.000621872390001954,0.05321892999927513,0.07419882799149491,0.12821303799864836,0.8125659920042381
PPO_best_551901,primary,551901,best,7978ae761181ede0728abb489d6c7b28755901e1065a2e3fded950d0eee8c20c,me5418-supplement-v1-0099,near_link,supplement-g003,True,,,,,1.0,3.496819497195755e-05,2.0872406780038862e-05,2.078150235943834e-05,0.017601227036498787,0.019572350696564676,0,0,0.5005058285880472,0.2801952754485114,0.0,0.0,0.47544642857142855,1.0,0.0,0.0,0.160844894922671,0,0,0,84,0,0,961,0,0,0,0,0,0,0.0003037700991323315,0.0005717401250876719,0.0007296519547101828,0.05479141601244919,0.08177304200944491,0.13743423798587173,0.9284005869994871
PPO_best_551901,primary,551901,best,7978ae761181ede0728abb489d6c7b28755901e1065a2e3fded950d0eee8c20c,me5418-supplement-v1-0101,far,supplement-g005,True,,,,,1.0,6.724392201391675e-05,3.50768272914513e-05,6.108721595907074e-05,,0.018265190689931585,961,0,0.13408328427299643,0.26074710522657707,0.0,0.0,0.7142857142857143,1.0,0.0,0.0,0.1587026471671249,0,0,0,0,0,0,961,0,0,0,0,0,0,0.0002539714593391788,0.0005456660829925871,0.0006189181466349207,0.05264546800754033,0.0735350449976977,0.1269991260196548,0.8084144209860824
PPO_best_551901,primary,551901,best,7978ae761181ede0728abb489d6c7b28755901e1065a2e3fded950d0eee8c20c,me5418-supplement-v1-0102,near_link,supplement-g006,True,,,,,1.0,4.844471465081003e-05,4.1820111137872854e-05,2.7620640712854005e-05,0.014888769575034044,0.0195736767651759,0,0,0.1538050651240358,0.290760747893625,0.0,0.0,0.4858630952380952,1.0,0.0,0.0,0.16686298126088722,0,0,0,89,0,0,961,0,0,0,0,0,0,0.00031850574911610846,0.0005855374788855745,0.0007818256104352865,0.05310939298942685,0.0806111590063665,0.1346229840128217,0.9749949979886878
PPO_best_551901,primary,551901,best,7978ae761181ede0728abb489d6c7b28755901e1065a2e3fded950d0eee8c20c,me5418-supplement-v1-0106,far,supplement-g010,True,,,,,1.0,5.814637211204196e-05,3.393517250030565e-05,5.814637211204196e-05,,0.01954063950657685,961,0,0.135715951161701,0.31262214700027013,0.0,0.0,0.7142857142857143,1.0,0.0,0.0,0.15272417196039376,0,0,0,0,0,0,961,0,0,0,0,0,0,0.00025369315547626076,0.0005456358911033021,0.0006188665254740044,0.053050660993903875,0.0733648820023518,0.12723503899178468,0.8091472800006159
PPO_best_551901,primary,551901,best,7978ae761181ede0728abb489d6c7b28755901e1065a2e3fded950d0eee8c20c,me5418-supplement-v1-0107,near_link,supplement-g011,True,,,,,1.0,4.5473960075947545e-05,3.6310382266203287e-05,3.281515830971603e-05,0.01726481909839668,0.01954232101775521,0,0,0.5088783445453191,0.263363234851931,0.0,0.0,0.17782738095238093,0.640625,0.0,0.0,0.131325891325278,0,0,0,405,0,0,961,0,0,0,0,0,0,0.0002922398498412804,0.0005741968783089154,0.0007137023930530024,0.05309238898917101,0.07821765399421565,0.13213618099689484,0.9089866740105208
PPO_best_551901,primary,551901,best,7978ae761181ede0728abb489d6c7b28755901e1065a2e3fded950d0eee8c20c,me5418-supplement-v1-0111,far,supplement-g015,True,,,,,1.0,6.203351098596047e-05,4.246131048428851e-05,6.203351098596047e-05,,0.019666823333372732,961,0,0.12753554385098503,0.2976026423584488,0.0,0.0,0.7142857142857143,1.0,0.0,0.0,0.15366163243362235,0,0,0,0,0,0,961,0,0,0,0,0,0,0.0002517320297859745,0.0005453862935003903,0.0006180816921187215,0.053022487001726404,0.07341283099958673,0.12724518598406576,0.8077939259819686
PPO_best_551901,primary,551901,best,7978ae761181ede0728abb489d6c7b28755901e1065a2e3fded950d0eee8c20c,me5418-supplement-v1-0112,near_link,supplement-g016,True,,,,,1.0,7.004685576250396e-05,4.7336918820479786e-05,6.978192365527473e-05,0.015568408621055477,0.019593323286090238,0,0,0.1667544262853303,0.19995580343698133,0.0,0.0,0.18749999999999992,1.0,0.0,0.0,0.11981209050614519,0,0,0,467,0,0,961,0,0,0,0,0,0,0.000317446634502024,0.0005807684983362075,0.0007760894546966786,0.05159575599827804,0.08125062301405706,0.1337462550145574,0.9698755540011916
PPO_best_551901,primary,551901,best,7978ae761181ede0728abb489d6c7b28755901e1065a2e3fded950d0eee8c20c,me5418-supplement-v1-0114,near_link,supplement-g018,True,,,,,1.0,6.600501703580465e-05,4.438456668245107e-05,6.600501703580465e-05,0.02103216993431252,0.01419875914495256,0,0,0.3821875249801904,0.3130768301603137,0.0,0.0,0.5476190476190474,1.0,0.0,0.0,0.1715987877654178,0,0,0,46,0,0,961,0,0,0,0,0,0,0.0002854087185066116,0.0005731696933253261,0.000698367325730942,0.05287036998197436,0.07833979299175553,0.13201656300225295,0.8908264139899984
PPO_best_551901,primary,551901,best,7978ae761181ede0728abb489d6c7b28755901e1065a2e3fded950d0eee8c20c,me5418-supplement-v1-0116,far,supplement-g020,True,,,,,1.0,6.479419061931306e-05,5.0096148241971896e-05,6.479419061931306e-05,,0.01963639681131968,961,0,0.1284028211906402,0.29341667705293534,0.0,0.0,0.7142857142857143,1.0,0.0,0.0,0.15322787592387094,0,0,0,0,0,0,961,0,0,0,0,0,0,0.0002594459742795152,0.0005526075424616768,0.0006270537954757553,0.05255747900810093,0.07361610300722532,0.1269736110116355,0.8156606410047971
PPO_best_551901,primary,551901,best,7978ae761181ede0728abb489d6c7b28755901e1065a2e3fded950d0eee8c20c,me5418-supplement-v1-0117,near_link,supplement-g021,True,,,,,1.0,6.612944705127668e-05,5.189409745842873e-05,2.206162483386191e-05,0.04887227722096568,0.01967770511378729,0,0,0.5787396093762346,0.27845388964170203,0.0,0.0,0.40401785714285715,1.0,0.0,0.0,0.15827278940539274,0,0,0,0,0,0,961,0,0,0,0,0,0,0.0003103230939511074,0.0005716606797250279,0.0007420884355875993,0.05171539098955691,0.08088505099294707,0.13348108300124295,0.9356856299855281
PPO_best_551901,primary,551901,best,7978ae761181ede0728abb489d6c7b28755901e1065a2e3fded950d0eee8c20c,me5418-supplement-v1-0119,near_link,supplement-g023,True,,,,,1.0,3.36683077250821e-05,2.4216820858459218e-05,3.36683077250821e-05,0.015639000764816904,0.01973156547169346,0,0,0.720473396258855,0.2828274961872336,0.0,0.0,0.3995535714285714,1.0,0.0,0.0,0.14539043711930782,0,0,0,164,0,0,961,0,0,0,0,0,0,0.0002939324682908288,0.0005744455395567153,0.0007166067883796738,0.0526694490108639,0.07850383000914007,0.1319888069992885,0.9089330889983103
PPO_best_551901,primary,551901,best,7978ae761181ede0728abb489d6c7b28755901e1065a2e3fded950d0eee8c20c,me5418-supplement-v1-0120,far,supplement-g000,True,,,,,1.0,6.426212160396995e-05,4.357536744600351e-05,6.426212160396995e-05,,0.019738939923609672,961,0,0.13173251952876627,0.27251018791021814,0.0,0.0,0.7142857142857143,1.0,0.0,0.0,0.15655334243561983,0,0,0,0,0,0,961,0,0,0,0,0,0,0.0002518602538354268,0.0005409000064294863,0.0006136338491463297,0.05221095398883335,0.0734946129960008,0.1264933529892005,0.8032075870141853
PPO_best_551901,primary,551901,best,7978ae761181ede0728abb489d6c7b28755901e1065a2e3fded950d0eee8c20c,me5418-supplement-v1-0123,near_link,supplement-g003,True,,,,,1.0,3.9569014164160635e-05,2.335835802646321e-05,1.8286280685644382e-05,0.02223653847877058,0.01955529620773458,0,0,0.15087573292771894,0.29161754509025917,0.0,0.0,0.43749999999999994,1.0,0.0,0.0,0.16670219865405844,0,0,0,46,0,0,961,0,0,0,0,0,0,0.00031499198970171466,0.0005756147050002861,0.0007594712228031615,0.05327700401539914,0.08016481102094986,0.13427549798507243,0.9533301540068351
PPO_best_551901,primary,551901,best,7978ae761181ede0728abb489d6c7b28755901e1065a2e3fded950d0eee8c20c,me5418-supplement-v1-0125,far,supplement-g005,True,,,,,1.0,5.941437472645947e-05,3.4960044693689834e-05,5.13812289527337e-05,,0.019165013377277218,961,0,0.1365902743458278,0.26147947605330557,0.0,0.0,0.7142857142857143,1.0,0.0,0.0,0.1583367044976469,0,0,0,0,0,0,961,0,0,0,0,0,0,0.00025285321483655326,0.0005441951664882557,0.0006172401357313599,0.052579818991944194,0.07389570801751688,0.127266156981932,0.8062175509985536
PPO_best_551901,primary,551901,best,7978ae761181ede0728abb489d6c7b28755901e1065a2e3fded950d0eee8c20c,me5418-supplement-v1-0126,near_link,supplement-g006,True,,,,,1.0,5.942187363844659e-05,4.610532319546552e-05,1.0949423869194887e-05,0.04096839227369968,0.019678714628678498,0,0,0.45362435916805954,0.30492192865181045,0.0,0.0,0.4345238095238095,1.0,0.0,0.0,0.16581134960232746,0,0,0,0,0,0,961,0,0,0,0,0,0,0.00030203872393030906,0.0005730255184365281,0.0007283584273257778,0.05180697099422105,0.0795763999922201,0.1322148889885284,0.9217768729722593
PPO_best_551901,primary,551901,best,7978ae761181ede0728abb489d6c7b28755901e1065a2e3fded950d0eee8c20c,me5418-supplement-v1-0129,tight_layout,supplement-g009,True,,,,,1.0,4.332237424055817e-05,3.6295487598820306e-05,3.269773945287492e-05,0.011411407793645273,0.01957246003577804,0,0,0.1402275161214652,0.3017838655404939,0.0,0.0,0.4702380952380952,1.0,0.0,0.0,0.16772159891912622,0,0,0,133,0,0,961,0,0,0,0,0,0,0.00032256929140809615,0.000581793642777484,0.0007782451776013962,0.05229053201037459,0.08064154800376855,0.13382581598125398,0.9703380949795246
PPO_best_551901,primary,551901,best,7978ae761181ede0728abb489d6c7b28755901e1065a2e3fded950d0eee8c20c,me5418-supplement-v1-0130,far,supplement-g010,True,,,,,1.0,6.0023693038246946e-05,3.4606421487155494e-05,6.0023693038246946e-05,,0.019657687988003776,961,0,0.13107802704840105,0.30153530169297876,0.0,0.0,0.7142857142857143,1.0,0.0,0.0,0.15354482561150298,0,0,0,0,0,0,961,0,0,0,0,0,0,0.00025335209162828204,0.000542085715308834,0.0006151967086528505,0.05307547200936824,0.07333263399777934,0.1272559550125152,0.8041544499865267
PPO_best_551901,primary,551901,best,7978ae761181ede0728abb489d6c7b28755901e1065a2e3fded950d0eee8c20c,me5418-supplement-v1-0131,near_link,supplement-g011,True,,,,,1.0,5.228263189055942e-05,2.9498498329573564e-05,5.228263189055942e-05,0.038926760167563385,0.017712124470173347,0,0,0.21650278609149753,0.27316219865370767,0.0,0.0,0.5327380952380952,1.0,0.0,0.0,0.15907416702016017,0,0,0,0,0,0,961,0,0,0,0,0,0,0.00028674589505802334,0.0005653221485469354,0.0006891361646012229,0.05354999701376073,0.07718393701361492,0.13156887801596895,0.8824939490004908
PPO_best_551901,primary,551901,best,7978ae761181ede0728abb489d6c7b28755901e1065a2e3fded950d0eee8c20c,me5418-supplement-v1-0133,near_link,supplement-g013,True,,,,,1.0,7.398073664031918e-05,5.721908488732071e-05,4.3284248288771495e-05,0.024336234954294447,0.019482731042148357,0,0,0.6502541741409998,0.23550965963913528,0.0,0.0,0.19345238095238093,0.890625,0.0,0.0,0.12988499676270987,0,0,0,202,0,0,961,0,0,0,0,0,0,0.00029265282819324057,0.0005724203964139937,0.0007134177239398316,0.05270661599934101,0.07802884900593199,0.13161245000083,0.9110515569918789
PPO_best_551901,primary,551901,best,7978ae761181ede0728abb489d6c7b28755901e1065a2e3fded950d0eee8c20c,me5418-supplement-v1-0135,far,supplement-g015,True,,,,,1.0,6.560258318430922e-05,4.2983470925569216e-05,6.560258318430922e-05,,0.01966305323202567,961,0,0.1291830449147696,0.2911435422740214,0.0,0.0,0.7142857142857143,1.0,0.0,0.0,0.153157985887845,0,0,0,0,0,0,961,0,0,0,0,0,0,0.0002554620418777631,0.0005487920934380479,0.0006223488648477844,0.05271046300185844,0.07367594999959692,0.12719080998795107,0.8120391409902368
PPO_best_551901,primary,551901,best,7978ae761181ede0728abb489d6c7b28755901e1065a2e3fded950d0eee8c20c,me5418-supplement-v1-0140,far,supplement-g020,True,,,,,1.0,6.281265767715931e-05,4.1266666184860356e-05,6.281265767715931e-05,,0.01970502966857246,961,0,0.12989659637047338,0.29047533891853483,0.0,0.0,0.7142857142857143,1.0,0.0,0.0,0.15367545204214927,0,0,0,0,0,0,961,0,0,0,0,0,0,0.0002567560823081294,0.0005471979997613137,0.0006208974873516127,0.05404764399281703,0.07390498201129958,0.1287579239869956,0.8117751770187169
PPO_best_551901,primary,551901,best,7978ae761181ede0728abb489d6c7b28755901e1065a2e3fded950d0eee8c20c,me5418-supplement-v1-0142,tight_layout,supplement-g022,True,,,,,1.0,6.035546597774988e-05,3.8307195745745965e-05,6.035546597774988e-05,0.007200956651543217,0.019647393204974217,0,0,1.078377545697693,0.29068855716977365,0.0,0.0,0.7425595238095237,1.0,0.0,0.0,0.17109028221484981,0,0,0,128,0,0,961,0,0,0,0,0,0,0.00029567251658590976,0.0005703587302377855,0.0007103782342710474,0.05395878601120785,0.07875719200819731,0.1335254440200515,0.9035629960126244
PPO_best_551901,primary,551901,best,7978ae761181ede0728abb489d6c7b28755901e1065a2e3fded950d0eee8c20c,me5418-supplement-v1-0143,near_link,supplement-g023,True,,,,,1.0,3.939613748246685e-05,2.842540866313102e-05,2.990656094858145e-05,0.01971890080417843,0.019593748107782437,0,0,0.3842061696530095,0.2984249952109229,0.0,0.0,0.3779761904761904,1.0,0.0,0.0,0.1558587880588415,0,0,0,88,0,0,961,0,0,0,0,0,0,0.00031385780615285813,0.0005795021304341693,0.0007357651102211094,0.052602047013351694,0.08006014800048433,0.13349773999652825,0.9308986280229874
PPO_best_551901,primary,551901,best,7978ae761181ede0728abb489d6c7b28755901e1065a2e3fded950d0eee8c20c,me5418-supplement-v1-0144,far,supplement-g000,True,,,,,1.0,6.632048099823032e-05,3.477740159448578e-05,6.632048099823032e-05,,0.01939282970955166,961,0,0.12464004814006813,0.2641353448081635,0.0,0.0,0.7142857142857143,1.0,0.0,0.0,0.157800054516355,0,0,0,0,0,0,961,0,0,0,0,0,0,0.00025227061966385617,0.0005448302559670992,0.0006177577552080038,0.05346576598822139,0.07346642200718634,0.12771736798458733,0.8079018849821296
PPO_best_551901,primary,551901,best,7978ae761181ede0728abb489d6c7b28755901e1065a2e3fded950d0eee8c20c,me5418-supplement-v1-0147,near_link,supplement-g003,True,,,,,1.0,2.9692025592577953e-05,1.7503928021994457e-05,2.0107307842302514e-05,0.002116557785720591,0.019550022973322867,0,0,0.19570647724120338,0.2842410434850578,0.0,0.0,0.4992559523809523,1.0,0.0,0.0,0.1524067524421428,0,0,0,192,0,0,961,0,0,0,0,0,0,0.0002903219983636518,0.00056379625284535,0.0007008514899704703,0.054038284986745566,0.08081349698477425,0.13567248900653794,0.898297374980757
PPO_best_551901,primary,551901,best,7978ae761181ede0728abb489d6c7b28755901e1065a2e3fded950d0eee8c20c,me5418-supplement-v1-0149,far,supplement-g005,True,,,,,1.0,5.978577863465302e-05,3.38606214338451e-05,5.654586112966601e-05,,0.018671012710578062,961,0,0.13363044165872695,0.26076076367690165,0.0,0.0,0.7142857142857143,1.0,0.0,0.0,0.15875017443073114,0,0,0,0,0,0,961,0,0,0,0,0,0,0.00025448508282958454,0.0005460829484642697,0.0006194677899353944,0.05294550399412401,0.07376319100148976,0.12752779902075417,0.8093551120255142
PPO_best_551901,primary,551901,best,7978ae761181ede0728abb489d6c7b28755901e1065a2e3fded950d0eee8c20c,me5418-supplement-v1-0150,near_link,supplement-g006,True,,,,,1.0,4.495216666035976e-05,3.46737352532918e-05,3.255606950562979e-05,0.013856875066322674,0.019591935530764416,0,0,1.1564337157392142,0.2701293623225259,0.0,0.0,0.3497023809523809,1.0,0.0,0.0,0.1443459962150969,0,0,0,283,0,0,961,0,0,0,0,0,0,0.0003065956216232735,0.0006806392084096539,0.0008271934272367313,0.05222029599826783,0.08155325098778121,0.13463084399700165,1.0192376160121057
PPO_best_551901,primary,551901,best,7978ae761181ede0728abb489d6c7b28755901e1065a2e3fded950d0eee8c20c,me5418-supplement-v1-0154,far,supplement-g010,True,,,,,1.0,5.8622136301150415e-05,3.3369935696959325e-05,5.8622136301150415e-05,,0.01950424230172186,961,0,0.1253683702750226,0.29437246699333913,0.0,0.0,0.7142857142857143,1.0,0.0,0.0,0.1552471645919251,0,0,0,0,0,0,961,0,0,0,0,0,0,0.00026588029201472335,0.0005471271907178259,0.0006230110335309291,0.05303087399806827,0.07423809598549269,0.12808498900267296,0.8131220130017027
PPO_best_551901,primary,551901,best,7978ae761181ede0728abb489d6c7b28755901e1065a2e3fded950d0eee8c20c,me5418-supplement-v1-0155,near_link,supplement-g011,True,,,,,1.0,3.5333421586716284e-05,2.919090657655424e-05,3.484899717645691e-05,0.042389419864099345,0.01965339854864482,0,0,0.6960184621115657,0.30263699214225986,0.0,0.0,0.4151785714285714,1.0,0.0,0.0,0.14734423159177476,0,0,0,0,0,0,961,0,0,0,0,0,0,0.0002968242829410883,0.0005753032299859721,0.000719586680042994,0.05376594900735654,0.07814198697451502,0.13272298400988802,0.9145452260272577
PPO_best_551901,primary,551901,best,7978ae761181ede0728abb489d6c7b28755901e1065a2e3fded950d0eee8c20c,me5418-supplement-v1-0157,near_link,supplement-g013,True,,,,,1.0,5.845765267571293e-05,4.4492809226455885e-05,4.5849930178852875e-05,0.04778448348395392,0.019535248432360555,0,0,0.6002337295269796,0.25484144724502783,0.0,0.0,0.2514880952380952,1.0,0.0,0.0,0.14264881021656384,0,0,0,0,0,0,961,0,0,0,0,0,0,0.0002910185997582933,0.0005749190047026787,0.0007057571679373116,0.052495985000859946,0.0785128359857481,0.13185821200022474,0.9009771929995622
PPO_best_551901,primary,551901,best,7978ae761181ede0728abb489d6c7b28755901e1065a2e3fded950d0eee8c20c,me5418-supplement-v1-0159,far,supplement-g015,True,,,,,1.0,6.120412543944305e-05,3.700356354921977e-05,6.120412543944305e-05,,0.019669753127871246,961,0,0.1322740160185881,0.30441837325971577,0.0,0.0,0.7142857142857143,1.0,0.0,0.0,0.15288498959991903,0,0,0,0,0,0,961,0,0,0,0,0,0,0.0002591024487325437,0.0005472474439557118,0.0006217876976431096,0.05316761098220013,0.07357377099106088,0.12753653098479845,0.8124239289900288
PPO_best_551901,primary,551901,best,7978ae761181ede0728abb489d6c7b28755901e1065a2e3fded950d0eee8c20c,me5418-supplement-v1-0162,near_link,supplement-g018,True,,,,,1.0,5.819184544581514e-05,3.583902738573198e-05,5.819184544581514e-05,0.02899941564329557,0.016005590888884487,0,0,0.35538472636845575,0.2818038877023861,0.0,0.0,0.613095238095238,1.0,0.0,0.0,0.1791818304830009,0,0,0,6,0,0,961,0,0,0,0,0,0,0.00029119126596318284,0.000576093028151566,0.0007009576133593025,0.05405786898336373,0.07819226998253725,0.13314866297878325,0.8981735929846764
PPO_best_551901,primary,551901,best,7978ae761181ede0728abb489d6c7b28755901e1065a2e3fded950d0eee8c20c,me5418-supplement-v1-0164,far,supplement-g020,True,,,,,1.0,6.223387710821356e-05,3.410688402115889e-05,6.223387710821356e-05,,0.019618155078089422,961,0,0.1273560891366823,0.2877401666346697,0.0,0.0,0.7142857142857143,1.0,0.0,0.0,0.15475775838740877,0,0,0,0,0,0,961,0,0,0,0,0,0,0.0002516000692291224,0.0005435887317313851,0.00061668580259114,0.053316489997087047,0.07411330699687824,0.12825832000817172,0.8082494650152512
PPO_best_551901,primary,551901,best,7978ae761181ede0728abb489d6c7b28755901e1065a2e3fded950d0eee8c20c,me5418-supplement-v1-0165,near_link,supplement-g021,True,,,,,1.0,5.7868942600481015e-05,4.410016693996484e-05,3.154830135921952e-05,0.003750172715194469,0.019576738887430244,0,0,1.1884696988449341,0.273771658742027,0.0,0.0,0.534970238095238,1.0,0.0,0.0,0.15177486596540324,0,0,0,200,0,0,961,0,0,0,0,0,0,0.0002959253186721374,0.0005675914165901001,0.0007191609188642663,0.051512408012058586,0.0801021000079345,0.1325007590057794,0.9117700179922394
PPO_best_551901,primary,551901,best,7978ae761181ede0728abb489d6c7b28755901e1065a2e3fded950d0eee8c20c,me5418-supplement-v1-0166,tight_layout,supplement-g022,True,,,,,1.0,3.529342754904794e-05,2.9110114560736657e-05,2.6800921603125274e-05,0.006392134365558938,0.01956283235356572,0,0,0.11857489050255444,0.2842400145978817,0.0,0.0,0.44419642857142855,1.0,0.0,0.0,0.16231214954029943,0,0,0,160,0,0,961,0,0,0,0,0,0,0.000311598025746207,0.0005737312278142781,0.0007263354519636778,0.05398646299727261,0.07907151599647477,0.13388267499976791,0.9219334360095672
PPO_best_551901,primary,551901,best,7978ae761181ede0728abb489d6c7b28755901e1065a2e3fded950d0eee8c20c,me5418-supplement-v1-0168,far,supplement-g000,True,,,,,1.0,6.728936492297149e-05,3.767671856837403e-05,6.728936492297149e-05,,0.01956706148681537,961,0,0.12488031752446659,0.2625512979675589,0.0,0.0,0.7142857142857143,1.0,0.0,0.0,0.15839772862659413,0,0,0,0,0,0,961,0,0,0,0,0,0,0.0002660917975845223,0.0005466652555696783,0.0006227085563599151,0.05492167599732056,0.07398367099813186,0.12970891300938092,0.8152634220023174
PPO_best_551901,primary,551901,best,7978ae761181ede0728abb489d6c7b28755901e1065a2e3fded950d0eee8c20c,me5418-supplement-v1-0171,near_link,supplement-g003,True,,,,,1.0,4.2030170208813206e-05,2.6963812931486364e-05,2.357691291499779e-05,0.025121673654046967,0.019578322275847777,0,0,0.5216006646124801,0.28479687135677356,0.0,0.0,0.4657738095238095,1.0,0.0,0.0,0.1642262956814929,0,0,0,31,0,0,961,0,0,0,0,0,0,0.0002989420383225176,0.0005684147871155195,0.000724888497673722,0.05362505099037662,0.08042051899246871,0.13488925001001917,0.9206002590071876
PPO_best_551901,primary,551901,best,7978ae761181ede0728abb489d6c7b28755901e1065a2e3fded950d0eee8c20c,me5418-supplement-v1-0173,far,supplement-g005,True,,,,,1.0,6.646932713220314e-05,3.6420375705533504e-05,6.069730715566771e-05,,0.01858342883549803,961,0,0.14274476298818692,0.25953741849961304,0.0,0.0,0.7142857142857143,1.0,0.0,0.0,0.15968079272535673,0,0,0,0,0,0,961,0,0,0,0,0,0,0.0002762111150029038,0.0005516548088356407,0.0006296063446825428,0.05475590197602287,0.07400265600881539,0.12955692398827523,0.824070987990126
PPO_best_551901,primary,551901,best,7978ae761181ede0728abb489d6c7b28755901e1065a2e3fded950d0eee8c20c,me5418-supplement-v1-0177,tight_layout,supplement-g009,True,,,,,1.0,4.790914626152138e-05,3.550597002816743e-05,1.9905645898093633e-05,0.006731509073690398,0.019584462220689935,0,0,0.13049721669056288,0.293935282647368,0.0,0.0,0.519345238095238,1.0,0.0,0.0,0.16723079470740188,0,0,0,155,0,0,961,0,0,0,0,0,0,0.0003298065209188887,0.0005805788576253689,0.0007800356916656408,0.05380688302102499,0.08095854197745211,0.13562500500120223,0.9746561070205644
PPO_best_551901,primary,551901,best,7978ae761181ede0728abb489d6c7b28755901e1065a2e3fded950d0eee8c20c,me5418-supplement-v1-0178,far,supplement-g010,True,,,,,1.0,5.760699260403103e-05,3.2193350887690785e-05,5.760699260403103e-05,,0.01936694698369925,961,0,0.12866328342592712,0.2864742063428785,0.0,0.0,0.7142857142857143,1.0,0.0,0.0,0.15509773515708122,0,0,0,0,0,0,961,0,0,0,0,0,0,0.0002517608390917303,0.000544244248370281,0.0006172139081778975,0.05344135299674235,0.0734967109747231,0.12774289099615999,0.8077548190194648
PPO_best_551901,primary,551901,best,7978ae761181ede0728abb489d6c7b28755901e1065a2e3fded950d0eee8c20c,me5418-supplement-v1-0179,near_link,supplement-g011,True,,,,,1.0,3.922075197996397e-05,3.110020198799882e-05,3.922075197996397e-05,0.019499209439435145,0.019496576806346595,0,0,0.910700779095872,0.2812505729694657,0.0,0.0,0.24702380952380945,1.0,0.0,0.0,0.1314181658735227,0,0,0,296,0,0,961,0,0,0,0,0,0,0.00029494670813316287,0.0005765494094703172,0.0007242174177614894,0.05352927799685858,0.07804148001014255,0.1324241970141884,0.9193968420149758
PPO_best_551901,primary,551901,best,7978ae761181ede0728abb489d6c7b28755901e1065a2e3fded950d0eee8c20c,me5418-supplement-v1-0181,near_link,supplement-g013,True,,,,,1.0,0.0001212890288785818,7.879623827033248e-05,0.0001212890288785818,0.036073611284048235,0.01943005481091055,0,0,0.26377354515467694,0.20023025884429077,0.0,0.0,0.07440476190476188,0.5208333333333334,0.0,0.0,0.11789437124943583,0,0,0,0,0,0,961,0,0,0,0,0,0,0.0002896636093889053,0.0005802174010265541,0.0007173534810438772,0.05396066099638119,0.07750049899914302,0.13227826097863726,0.913559977983823
PPO_best_551901,primary,551901,best,7978ae761181ede0728abb489d6c7b28755901e1065a2e3fded950d0eee8c20c,me5418-supplement-v1-0183,far,supplement-g015,True,,,,,1.0,6.708172618081712e-05,3.946932840675122e-05,6.708172618081712e-05,,0.019454923625972474,961,0,0.12450668729728603,0.2862226318722024,0.0,0.0,0.7142857142857143,1.0,0.0,0.0,0.15450118507336205,0,0,0,0,0,0,961,0,0,0,0,0,0,0.00025448057719283196,0.0005491084558646738,0.0006225791749178218,0.05267899399041198,0.07376115801162086,0.12724495900329202,0.8122561690106522
PPO_best_551901,primary,551901,best,7978ae761181ede0728abb489d6c7b28755901e1065a2e3fded950d0eee8c20c,me5418-supplement-v1-0186,near_link,supplement-g018,True,,,,,1.0,6.026229686809636e-05,3.5564519961361e-05,6.026229686809636e-05,0.018239283922822827,0.015732441508726484,0,0,0.3555607142506333,0.28020787463863384,0.0,0.0,0.6004464285714285,1.0,0.0,0.0,0.17706753697157612,0,0,0,70,0,0,961,0,0,0,0,0,0,0.00033561806306655245,0.0005865100801808391,0.0007204304335270232,0.05366656600381248,0.0777953740034718,0.1322983279824257,0.915259489993332
PPO_best_551901,primary,551901,best,7978ae761181ede0728abb489d6c7b28755901e1065a2e3fded950d0eee8c20c,me5418-supplement-v1-0188,far,supplement-g020,True,,,,,1.0,6.287407670133485e-05,3.5364914218758275e-05,6.287407670133485e-05,,0.019660189451736323,961,0,0.1278043716775157,0.2908488010400727,0.0,0.0,0.7142857142857143,1.0,0.0,0.0,0.15417701235661904,0,0,0,0,0,0,961,0,0,0,0,0,0,0.00030850755835369154,0.0005594217553759033,0.0006445002470172767,0.05350586198619567,0.0740383600059431,0.12838694101083092,0.837222333997488
PPO_best_551901,primary,551901,best,7978ae761181ede0728abb489d6c7b28755901e1065a2e3fded950d0eee8c20c,me5418-supplement-v1-0191,near_link,supplement-g023,True,,,,,1.0,3.3344985160567136e-05,2.485902240454042e-05,2.7254242816833603e-05,0.022192199141304575,0.019539838013933136,0,0,0.47501026227594834,0.2880248042870842,0.0,0.0,0.4613095238095238,1.0,0.0,0.0,0.14903572102394674,0,0,0,57,0,0,961,0,0,0,0,0,0,0.0003348030722918338,0.0005813399271877036,0.0007352430157880008,0.05633279198082164,0.08082379298866726,0.13798740299534984,0.9346954650245607
PPO_best_551901,primary,551901,best,7978ae761181ede0728abb489d6c7b28755901e1065a2e3fded950d0eee8c20c,me5418-supplement-v1-0192,far,supplement-g000,True,,,,,1.0,6.68763852688416e-05,3.7894134846571314e-05,6.68763852688416e-05,,0.019674797332732037,961,0,0.12970899395889599,0.2616084102427912,0.0,0.0,0.7142857142857143,1.0,0.0,0.0,0.15877589456227031,0,0,0,0,0,0,961,0,0,0,0,0,0,0.0003000261563101958,0.0005533233694222872,0.0006363745178835718,0.05224667798029259,0.07343168501392938,0.1265087079955265,0.8274298959877342
PPO_best_552901,primary,552901,best,559e8bdcf13b3db82b2d6bd8055c35b3a0c4c3d288bc569a32c6234a90b0e098,me5418-supplement-v1-0000,far,supplement-g000,True,,,,,1.0,4.828395447695998e-05,4.119466988628955e-05,4.828395447695998e-05,,0.019925448799189047,961,0,0.03962087377381178,0.14630138735572235,0.0,0.0,0.14285714285714282,1.0,0.0,0.0,0.06166705096949868,0,0,0,0,0,0,961,0,0,0,0,0,0,0.00025694497329216876,0.0005308958898543399,0.0006047080506505154,0.05401270801667124,0.07439140300266445,0.12919163500191644,0.8010938210063614
PPO_best_552901,primary,552901,best,559e8bdcf13b3db82b2d6bd8055c35b3a0c4c3d288bc569a32c6234a90b0e098,me5418-supplement-v1-0001,near_link,supplement-g001,False,external_collision_band,related_collision:obstacle,tracking,1.6333333333333333,0.4083333333333333,7.247418612873609e-05,5.8137600787268495e-05,,9.146517607936527e-05,0.020133811106608786,0,0,0.045304475880991554,0.06068279135666344,0.0,0.0,0.0,0.0,0.0,0.0,0.031158372521346563,0,1,0,393,0,0,393,0,0,0,0,0,0,0.0003380913554861717,0.0005842738308051686,0.0007886448575864422,0.0545259740028996,0.08248304002336226,0.13790475399582647,0.4931759950122796
PPO_best_552901,primary,552901,best,559e8bdcf13b3db82b2d6bd8055c35b3a0c4c3d288bc569a32c6234a90b0e098,me5418-supplement-v1-0005,far,supplement-g005,True,,,,,1.0,5.170719483961908e-05,4.110840041778373e-05,4.051914365573576e-05,,0.019904072468680804,961,0,0.03215240383143509,0.14681459469690716,0.0,0.0,0.14285714285714282,1.0,0.0,0.0,0.06137954488152727,0,0,0,0,0,0,961,0,0,0,0,0,0,0.00029379585627490695,0.0005459326627412034,0.0006276906193306786,0.05238083002041094,0.07493543799500912,0.1281281889823731,0.8227027179964352
PPO_best_552901,primary,552901,best,559e8bdcf13b3db82b2d6bd8055c35b3a0c4c3d288bc569a32c6234a90b0e098,me5418-supplement-v1-0006,near_link,supplement-g006,True,,,,,1.0,6.0449392921361446e-05,4.219293071891217e-05,5.7842318874543205e-05,0.041851902887720935,0.019896330769468784,0,0,0.3222917700820965,0.19995446273606662,0.0,0.0,0.0,0.0,0.0,0.0,0.09077199725545056,0,0,0,0,0,0,961,0,0,0,0,0,0,0.0003538416932921488,0.0005876534917661047,0.0007743026031372817,0.05338366000796668,0.08050226501654834,0.13471184199443087,0.9731352360104211
PPO_best_552901,primary,552901,best,559e8bdcf13b3db82b2d6bd8055c35b3a0c4c3d288bc569a32c6234a90b0e098,me5418-supplement-v1-0010,far,supplement-g010,True,,,,,1.0,5.220172383760641e-05,3.75918834583461e-05,5.037982366381223e-05,,0.019976532057324407,961,0,0.04313224750389615,0.17118406096767397,0.0,0.0,0.14285714285714282,1.0,0.0,0.0,0.061684698987907426,0,0,0,0,0,0,961,0,0,0,0,0,0,0.00025734168442189304,0.0005396326748268621,0.0006136910653973852,0.053389389999210835,0.07376597300753929,0.127966922998894,0.8100177369778976
PPO_best_552901,primary,552901,best,559e8bdcf13b3db82b2d6bd8055c35b3a0c4c3d288bc569a32c6234a90b0e098,me5418-supplement-v1-0011,near_link,supplement-g011,True,,,,,1.0,5.613539060046931e-05,4.413063406346413e-05,4.422308418791452e-05,0.04435910783350419,0.019772113827877906,0,0,0.06876119111250614,0.19310115643722756,0.0,0.0,0.14285714285714282,1.0,0.0,0.0,0.07231206508426806,0,0,0,0,0,0,961,0,0,0,0,0,0,0.00031178353780584683,0.0005626582717619991,0.0006931084846049392,0.057628703012596816,0.0785465860099066,0.13705635099904612,0.8963702460168861
PPO_best_552901,primary,552901,best,559e8bdcf13b3db82b2d6bd8055c35b3a0c4c3d288bc569a32c6234a90b0e098,me5418-supplement-v1-0013,near_link,supplement-g013,True,,,,,1.0,6.17464018436929e-05,4.847528613130164e-05,4.1192947111840596e-05,0.018979284712962674,0.02011300425347235,0,0,0.05252934826604282,0.08370151376520822,0.0,0.0,0.0,0.0,0.0,0.0,0.02883708822704475,0,0,0,713,0,0,961,0,0,0,0,0,0,0.00030031982775350724,0.0005620724376664536,0.0007015781694766095,0.05350382599863224,0.07778770400909707,0.13217252100002952,0.900063692999538
PPO_best_552901,primary,552901,best,559e8bdcf13b3db82b2d6bd8055c35b3a0c4c3d288bc569a32c6234a90b0e098,me5418-supplement-v1-0015,far,supplement-g015,True,,,,,1.0,4.792292494805298e-05,3.49034922489386e-05,4.665758253568901e-05,,0.01994965929178543,961,0,0.04848532263054666,0.17063968043308392,0.0,0.0,0.14285714285714282,1.0,0.0,0.0,0.06193236698329981,0,0,0,0,0,0,961,0,0,0,0,0,0,0.0002549356092155601,0.0005373952052347401,0.0006111025182690355,0.05435525000211783,0.07329751699580811,0.1284402130113449,0.8065539179951884
PPO_best_552901,primary,552901,best,559e8bdcf13b3db82b2d6bd8055c35b3a0c4c3d288bc569a32c6234a90b0e098,me5418-supplement-v1-0018,near_link,supplement-g018,True,,,,,1.0,5.080556272928227e-05,4.4428430905528506e-05,3.6084356284201925e-05,0.018803275687048718,0.01974342097443165,0,0,0.0639855242976303,0.17377583697215995,0.0,0.0,0.14285714285714282,1.0,0.0,0.0,0.06935502538977917,0,0,0,491,0,0,961,0,0,0,0,0,0,0.000287269844951273,0.000561869323822369,0.0006865995481045199,0.05251501000020653,0.07708206298411824,0.13047245299094357,0.8829301639925689
PPO_best_552901,primary,552901,best,559e8bdcf13b3db82b2d6bd8055c35b3a0c4c3d288bc569a32c6234a90b0e098,me5418-supplement-v1-0020,far,supplement-g020,True,,,,,1.0,5.653048240495643e-05,4.1645321560881524e-05,5.559193334243737e-05,,0.01973802633344489,961,0,0.06145794798199871,0.15763355554761607,0.0,0.0,0.14285714285714282,1.0,0.0,0.0,0.06208572606057195,0,0,0,0,0,0,961,0,0,0,0,0,0,0.00031205153042416595,0.0005416145959619219,0.000627241810131333,0.05293898002128117,0.07392734399763867,0.12767159199574962,0.8235085449996404
PPO_best_552901,primary,552901,best,559e8bdcf13b3db82b2d6bd8055c35b3a0c4c3d288bc569a32c6234a90b0e098,me5418-supplement-v1-0021,near_link,supplement-g021,True,,,,,1.0,5.9394761988374485e-05,5.245739232824953e-05,5.624375902137386e-05,0.027429776168846134,0.019932194113469463,0,0,0.31915948555094537,0.2429956046187428,0.0,0.0,0.10863095238095234,0.6927083333333334,0.0,0.0,0.09523833551044976,0,0,0,13,0,0,961,0,0,0,0,0,0,0.00030280780265456997,0.0005749178681374663,0.0007297946434240051,0.05311032201279886,0.08026762801455334,0.13420127300196327,0.9272935400076676
PPO_best_552901,primary,552901,best,559e8bdcf13b3db82b2d6bd8055c35b3a0c4c3d288bc569a32c6234a90b0e098,me5418-supplement-v1-0022,tight_layout,supplement-g022,True,,,,,1.0,6.36400544168645e-05,4.998669445571065e-05,6.293625415677289e-05,0.019327834346515166,0.019629196164301255,0,0,0.28639592584315166,0.21086051350914875,0.0,0.0,0.1264880952380952,0.6614583333333334,0.0,0.0,0.09900664580941555,0,0,0,55,0,0,961,0,0,0,0,0,0,0.00035253736011024256,0.0005831017104355851,0.0007526701838287408,0.05432630400173366,0.08035531299537979,0.13550800600205548,0.9530368930136319
PPO_best_552901,primary,552901,best,559e8bdcf13b3db82b2d6bd8055c35b3a0c4c3d288bc569a32c6234a90b0e098,me5418-supplement-v1-0023,near_link,supplement-g023,True,,,,,1.0,5.377701548920102e-05,4.1053561354417196e-05,5.294963671116146e-05,0.03239327571556404,0.019877019723339766,0,0,0.14191064283896848,0.19002033537031532,0.0,0.0,0.14285714285714282,1.0,0.0,0.0,0.08341378832923338,0,0,0,0,0,0,961,0,0,0,0,0,0,0.00030487054073091713,0.0005763470011819057,0.0007146733474655776,0.054621340008452535,0.07966111300629564,0.13514034199761227,0.9141605539771263
PPO_best_552901,primary,552901,best,559e8bdcf13b3db82b2d6bd8055c35b3a0c4c3d288bc569a32c6234a90b0e098,me5418-supplement-v1-0024,far,supplement-g000,True,,,,,1.0,5.570890109150932e-05,4.419961453134079e-05,4.3556383225963103e-05,,0.01987220393896847,961,0,0.05239061674438455,0.14803966455505124,0.0,0.0,0.14285714285714282,1.0,0.0,0.0,0.06189335676553172,0,0,0,0,0,0,961,0,0,0,0,0,0,0.0002546795302199219,0.000528780982100822,0.0006024426282237982,0.05305830299039371,0.07354302698513493,0.12740263002342544,0.796160897007212
PPO_best_552901,primary,552901,best,559e8bdcf13b3db82b2d6bd8055c35b3a0c4c3d288bc569a32c6234a90b0e098,me5418-supplement-v1-0027,near_link,supplement-g003,True,,,,,1.0,6.56630315744666e-05,5.2967140194801206e-05,5.188799649649082e-05,0.01709254380557998,0.019886904109256087,0,0,0.21143102079844434,0.2154545108944283,0.0,0.0,0.24181547619047614,1.0,0.0,0.0,0.09619782833781627,0,0,0,60,0,0,961,0,0,0,0,0,0,0.00029847919176972937,0.0005610360710913179,0.0007090830084659198,0.05267414799891412,0.07999779700185172,0.13348294401657768,0.9140861199994106
PPO_best_552901,primary,552901,best,559e8bdcf13b3db82b2d6bd8055c35b3a0c4c3d288bc569a32c6234a90b0e098,me5418-supplement-v1-0029,far,supplement-g005,True,,,,,1.0,5.974371188665436e-05,4.484856083774873e-05,4.234082320735827e-05,,0.019919534052488565,961,0,0.04730114282840315,0.1478035963225885,0.0,0.0,0.14285714285714282,1.0,0.0,0.0,0.06157048783885936,0,0,0,0,0,0,961,0,0,0,0,0,0,0.00025489137503124465,0.0005334728312239652,0.0006070322047283601,0.05190170099376701,0.07390999799827114,0.12662832799833268,0.8004532589984592
PPO_best_552901,primary,552901,best,559e8bdcf13b3db82b2d6bd8055c35b3a0c4c3d288bc569a32c6234a90b0e098,me5418-supplement-v1-0030,near_link,supplement-g006,True,,,,,1.0,6.119324829949012e-05,4.732539112919906e-05,6.119324829949012e-05,0.01767943921038241,0.019457091083709195,0,0,0.24131994607790008,0.1933803329294672,0.0,0.0,0.007440476190476189,0.052083333333333336,0.0,0.0,0.09236268961519402,0,0,0,66,0,0,961,0,0,0,0,0,0,0.00031972269259010017,0.0005808222296460978,0.0007624710917904546,0.05356814299011603,0.0808702599897515,0.13525903099798597,0.9612698819837533
PPO_best_552901,primary,552901,best,559e8bdcf13b3db82b2d6bd8055c35b3a0c4c3d288bc569a32c6234a90b0e098,me5418-supplement-v1-0034,far,supplement-g010,True,,,,,1.0,4.3981784615445455e-05,3.551228921956398e-05,4.329934773506444e-05,,0.019975644400927778,961,0,0.03727901207147412,0.1621639704974735,0.0,0.0,0.14285714285714282,1.0,0.0,0.0,0.06168426650720427,0,0,0,0,0,0,961,0,0,0,0,0,0,0.0002570938578780139,0.0005382674882942714,0.0006121673536351106,0.05317924902192317,0.07399877402349375,0.12797662898083217,0.8070440530136693
PPO_best_552901,primary,552901,best,559e8bdcf13b3db82b2d6bd8055c35b3a0c4c3d288bc569a32c6234a90b0e098,me5418-supplement-v1-0035,near_link,supplement-g011,True,,,,,1.0,5.541392030727218e-05,4.764636971525156e-05,4.8443505205555664e-05,0.015877322733144517,0.01993198921420146,0,0,0.4081059346342058,0.16657121858489696,0.0,0.0,0.017113095238095236,0.11979166666666667,0.0,0.0,0.0729950875795025,0,0,0,237,0,0,961,0,0,0,0,0,0,0.0003000675266472778,0.0005668616998870372,0.0007187726792835747,0.05373930500354618,0.07847375099663623,0.1330551739956718,0.9153920459793881
PPO_best_552901,primary,552901,best,559e8bdcf13b3db82b2d6bd8055c35b3a0c4c3d288bc569a32c6234a90b0e098,me5418-supplement-v1-0039,far,supplement-g015,True,,,,,1.0,4.826493370232924e-05,3.4483521609032275e-05,4.6807476743760315e-05,,0.019948766410385607,961,0,0.051483441452160654,0.17557850783498197,0.0,0.0,0.14285714285714282,1.0,0.0,0.0,0.06209434849609222,0,0,0,0,0,0,961,0,0,0,0,0,0,0.0002560513692818252,0.0005348835881401707,0.0006084432115130767,0.053678399010095745,0.07347184998798184,0.1279497170180548,0.8026336260081735
PPO_best_552901,primary,552901,best,559e8bdcf13b3db82b2d6bd8055c35b3a0c4c3d288bc569a32c6234a90b0e098,me5418-supplement-v1-0042,near_link,supplement-g018,True,,,,,1.0,5.8307505925082e-05,4.61565738109241e-05,4.3828688729548735e-05,0.024712057057360445,0.019752469123074302,0,0,0.18189897275105635,0.1722587618680135,0.0,0.0,0.14285714285714282,1.0,0.0,0.0,0.07208575454936918,0,0,0,91,0,0,961,0,0,0,0,0,0,0.00029243163407954853,0.000564438145981209,0.0006950873282524602,0.053715138987172395,0.07782837300328538,0.13234940101392567,1.0024794740020297
PPO_best_552901,primary,552901,best,559e8bdcf13b3db82b2d6bd8055c35b3a0c4c3d288bc569a32c6234a90b0e098,me5418-supplement-v1-0044,far,supplement-g020,True,,,,,1.0,4.745702975699399e-05,3.6352342356093114e-05,4.682469864816452e-05,,0.01994795686031814,961,0,0.04296001837916464,0.1627322451585054,0.0,0.0,0.14285714285714282,1.0,0.0,0.0,0.06201476877932215,0,0,0,0,0,0,961,0,0,0,0,0,0,0.0002545355103696541,0.0005354887794055685,0.0006089943858569313,0.05391871102619916,0.07341867900686339,0.12817153401556425,0.8055246960138902
PPO_best_552901,primary,552901,best,559e8bdcf13b3db82b2d6bd8055c35b3a0c4c3d288bc569a32c6234a90b0e098,me5418-supplement-v1-0046,tight_layout,supplement-g022,True,,,,,1.0,5.816452658875377e-05,4.669944103274535e-05,5.812303755829386e-05,0.010851012774293053,0.01990243952507227,0,0,0.2669344379558473,0.19692314279681944,0.0,0.0,0.10119047619047616,0.7083333333333334,0.0,0.0,0.09628009631387181,0,0,0,115,0,0,961,0,0,0,0,0,0,0.00030339146269398043,0.000570878685630305,0.0007309963828750673,0.054512381000677124,0.07988298599957488,0.1352156630018726,0.930312401993433
PPO_best_552901,primary,552901,best,559e8bdcf13b3db82b2d6bd8055c35b3a0c4c3d288bc569a32c6234a90b0e098,me5418-supplement-v1-0047,near_link,supplement-g023,True,,,,,1.0,5.564723769768212e-05,4.9606886997257984e-05,5.3914043810837674e-05,0.01545446061004073,0.019920953163063256,0,0,0.24540390688737682,0.20178237814745828,0.0,0.0,0.14285714285714282,1.0,0.0,0.0,0.08716368117186775,0,0,0,93,0,0,961,0,0,0,0,0,0,0.0002946601715242044,0.0005714826890653058,0.0007122926566504854,0.053385336010251194,0.07950667600380257,0.133724601007998,0.9108696759794839
PPO_best_552901,primary,552901,best,559e8bdcf13b3db82b2d6bd8055c35b3a0c4c3d288bc569a32c6234a90b0e098,me5418-supplement-v1-0048,far,supplement-g000,True,,,,,1.0,5.0691017874100284e-05,4.056459206370021e-05,4.147655935960839e-05,,0.019928172928592162,961,0,0.04237672330522905,0.14732431480976724,0.0,0.0,0.14285714285714282,1.0,0.0,0.0,0.06206081444064954,0,0,0,0,0,0,961,0,0,0,0,0,0,0.00026212577176920604,0.0005318289809717196,0.0006068253589546658,0.05328408398781903,0.07371159899048507,0.1277996279823128,0.8024765620066319
PPO_best_552901,primary,552901,best,559e8bdcf13b3db82b2d6bd8055c35b3a0c4c3d288bc569a32c6234a90b0e098,me5418-supplement-v1-0051,near_link,supplement-g003,True,,,,,1.0,7.09127253022024e-05,5.173805223937256e-05,4.621318906247473e-05,0.04508392004120823,0.01951903903484866,0,0,0.0984497155507552,0.182774528371415,0.0,0.0,0.0,0.0,0.0,0.0,0.079114215399438,0,0,0,0,0,0,961,0,0,0,0,0,0,0.00034072063029573957,0.0005741965407044821,0.0007717654120824591,0.05287458101520315,0.08070239899097942,0.13447714800713584,0.9697443580080289
PPO_best_552901,primary,552901,best,559e8bdcf13b3db82b2d6bd8055c35b3a0c4c3d288bc569a32c6234a90b0e098,me5418-supplement-v1-0053,far,supplement-g005,True,,,,,1.0,5.196239697859082e-05,4.114715952305537e-05,4.291199326171669e-05,,0.019976170056424394,961,0,0.03672383326200412,0.1471427238709056,0.0,0.0,0.14285714285714282,1.0,0.0,0.0,0.06167531919809769,0,0,0,0,0,0,961,0,0,0,0,0,0,0.0002535995298179235,0.000533458018253441,0.0006067850482395443,0.05302661698078737,0.07382961001712829,0.1276505549903959,0.8014494339877274
PPO_best_552901,primary,552901,best,559e8bdcf13b3db82b2d6bd8055c35b3a0c4c3d288bc569a32c6234a90b0e098,me5418-supplement-v1-0054,near_link,supplement-g006,True,,,,,1.0,6.286634135679039e-05,4.9549345360953055e-05,5.73719596336146e-05,0.03137828799751878,0.019682434114628583,0,0,0.35284599682244416,0.1901440390162045,0.0,0.0,0.07440476190476188,0.5208333333333334,0.0,0.0,0.08328274820371354,0,0,0,0,0,0,961,0,0,0,0,0,0,0.0003052140567281943,0.0005713107147736689,0.0007312510489100532,0.05359790497459471,0.08021822600858286,0.1346666240133345,0.9299683199787978
PPO_best_552901,primary,552901,best,559e8bdcf13b3db82b2d6bd8055c35b3a0c4c3d288bc569a32c6234a90b0e098,me5418-supplement-v1-0055,tight_layout,supplement-g007,True,,,,,1.0,5.613646317170434e-05,4.142582301603454e-05,5.3907867592038946e-05,0.008520627327643485,0.0195690668845619,0,0,0.05133101047331556,0.1534675565345337,0.0,0.0,0.0,0.0,0.0,0.0,0.08170174626256561,0,0,0,164,0,0,961,0,0,0,0,0,0,0.0003205655210270682,0.0005827193554068799,0.0007793325453955428,0.05350330600049347,0.08162342399009503,0.13596487100585364,0.9780823969922494
PPO_best_552901,primary,552901,best,559e8bdcf13b3db82b2d6bd8055c35b3a0c4c3d288bc569a32c6234a90b0e098,me5418-supplement-v1-0058,far,supplement-g010,True,,,,,1.0,4.621312173257002e-05,3.4846588835414786e-05,4.504443383902246e-05,,0.01996438799909963,961,0,0.04435921603852485,0.16614386440194914,0.0,0.0,0.14285714285714282,1.0,0.0,0.0,0.06154588378489107,0,0,0,0,0,0,961,0,0,0,0,0,0,0.00025549674940824235,0.000537634119852252,0.0006113125890503094,0.05290146099287085,0.07357673300430179,0.1272904849902261,0.8057445439917501
PPO_best_552901,primary,552901,best,559e8bdcf13b3db82b2d6bd8055c35b3a0c4c3d288bc569a32c6234a90b0e098,me5418-supplement-v1-0059,near_link,supplement-g011,True,,,,,1.0,5.214782346842415e-05,4.240772172457376e-05,4.5033033569740934e-05,0.04828584296708299,0.019969962553889498,0,0,0.16274155989867434,0.19101128089986164,0.0,0.0,0.14285714285714282,1.0,0.0,0.0,0.06736669741786457,0,0,0,0,0,0,961,0,0,0,0,0,0,0.0002971935991809005,0.0005607025253387595,0.0006957868933265369,0.052501255995593965,0.07697089100838639,0.13029202300822362,0.8911446619895287
PPO_best_552901,primary,552901,best,559e8bdcf13b3db82b2d6bd8055c35b3a0c4c3d288bc569a32c6234a90b0e098,me5418-supplement-v1-0061,near_link,supplement-g013,True,,,,,1.0,6.707502958821566e-05,5.0448310961835744e-05,3.3599023737418465e-05,0.0056866949652533555,0.02015431810144746,0,0,0.3715496910556241,0.10973559292602839,0.0,0.0,0.0,0.0,0.0,0.0,0.036638427504901,0,0,0,331,0,0,961,0,0,0,0,0,0,0.00030126847938542295,0.0005626798991822094,0.000716082826662993,0.053346078988397494,0.07948197500081733,0.13363983400631696,0.9141903559793718
PPO_best_552901,primary,552901,best,559e8bdcf13b3db82b2d6bd8055c35b3a0c4c3d288bc569a32c6234a90b0e098,me5418-supplement-v1-0063,far,supplement-g015,True,,,,,1.0,5.097059736975188e-05,3.570829456871647e-05,4.943990008230592e-05,,0.01990975593827122,961,0,0.05567529611676847,0.17382967869006855,0.0,0.0,0.14285714285714282,1.0,0.0,0.0,0.06220487552428885,0,0,0,0,0,0,961,0,0,0,0,0,0,0.00025515090601402335,0.0005324748264380711,0.0006060791255246537,0.05240254901582375,0.07323364398325793,0.1264202200109139,0.8066664260113612
PPO_best_552901,primary,552901,best,559e8bdcf13b3db82b2d6bd8055c35b3a0c4c3d288bc569a32c6234a90b0e098,me5418-supplement-v1-0064,near_link,supplement-g016,True,,,,,1.0,5.1661514093727867e-05,4.310180926149424e-05,4.190473847286699e-05,0.016519096485852675,0.019901956964501616,0,0,0.07389355112996573,0.12869560993264523,0.0,0.0,0.0,0.0,0.0,0.0,0.07723019605563465,0,0,0,127,0,0,961,0,0,0,0,0,0,0.0003224709850352762,0.000583361414707421,0.0007805025092541958,0.052287111000623554,0.08074144899728708,0.1338618400041014,0.9785704540263396
PPO_best_552901,primary,552901,best,559e8bdcf13b3db82b2d6bd8055c35b3a0c4c3d288bc569a32c6234a90b0e098,me5418-supplement-v1-0066,near_link,supplement-g018,True,,,,,1.0,5.881175488718965e-05,4.7468144899716575e-05,4.035779292318166e-05,0.031724057321306995,0.019724381357017817,0,0,0.08531045546388645,0.17953162743962645,0.0,0.0,0.14285714285714282,1.0,0.0,0.0,0.07438225624589126,0,0,0,0,0,0,961,0,0,0,0,0,0,0.0002926463594121742,0.0005667646701719302,0.0007045963721490504,0.05321585197816603,0.078615609992994,0.13264766000793315,0.9015345649968367
PPO_best_552901,primary,552901,best,559e8bdcf13b3db82b2d6bd8055c35b3a0c4c3d288bc569a32c6234a90b0e098,me5418-supplement-v1-0068,far,supplement-g020,True,,,,,1.0,4.52303548707851e-05,3.664512713484177e-05,4.480626144829678e-05,,0.0199614650842626,961,0,0.03686661307713317,0.14876208726860785,0.0,0.0,0.14285714285714282,1.0,0.0,0.0,0.06135361292704363,0,0,0,0,0,0,961,0,0,0,0,0,0,0.00025466763084599126,0.0005375570814976527,0.0006109598962514913,0.054196780984057114,0.07333434201427735,0.12833163200411946,0.8074568790034391
PPO_best_552901,primary,552901,best,559e8bdcf13b3db82b2d6bd8055c35b3a0c4c3d288bc569a32c6234a90b0e098,me5418-supplement-v1-0072,far,supplement-g000,True,,,,,1.0,5.519421383370398e-05,4.4911949006444125e-05,4.7988577507420935e-05,,0.019722282798515872,961,0,0.058207763497382874,0.1468195084278721,0.0,0.0,0.14285714285714282,1.0,0.0,0.0,0.062306524289860624,0,0,0,0,0,0,961,0,0,0,0,0,0,0.0002561519369616387,0.0005259110034785408,0.0005995537398121087,0.0536450200015679,0.07382758098538034,0.12829132500337437,0.794546746998094
PPO_best_552901,primary,552901,best,559e8bdcf13b3db82b2d6bd8055c35b3a0c4c3d288bc569a32c6234a90b0e098,me5418-supplement-v1-0073,near_link,supplement-g001,True,,,,,1.0,7.86613738176594e-05,6.06140861975987e-05,4.285639840092883e-05,0.004401541272679374,0.020126191384020428,0,0,0.06752579759208993,0.09652112910742643,0.0,0.0,0.0,0.0,0.0,0.0,0.03761296394950478,0,0,0,961,0,0,961,0,0,0,0,0,0,0.0003228647647119942,0.0005725255705632056,0.0007700066081270052,0.05358789299498312,0.08334663699497469,0.1377729410014581,0.9710331060050521
PPO_best_552901,primary,552901,best,559e8bdcf13b3db82b2d6bd8055c35b3a0c4c3d288bc569a32c6234a90b0e098,me5418-supplement-v1-0074,tight_layout,supplement-g002,True,,,,,1.0,3.2349658222446544e-05,2.6795504629134537e-05,3.2342804832264456e-05,0.0029331213834100645,0.019609749205805424,0,0,0.0803349306221789,0.12382963352780717,0.0,0.0,0.0,0.0,0.0,0.0,0.051637056740132505,0,0,0,376,0,0,961,0,0,0,0,0,0,0.00031120852690946776,0.0005746673647384644,0.0007480059988665744,0.05483631600509398,0.0798509570013266,0.1355269949999638,0.9478693070122972
PPO_best_552901,primary,552901,best,559e8bdcf13b3db82b2d6bd8055c35b3a0c4c3d288bc569a32c6234a90b0e098,me5418-supplement-v1-0075,near_link,supplement-g003,True,,,,,1.0,6.976436015368839e-05,5.508180613813155e-05,5.139710474144694e-05,0.02521901302276297,0.019845088538660176,0,0,0.22872366857979246,0.22001349100110348,0.0,0.0,0.2090773809523809,0.9947916666666666,0.0,0.0,0.09677995589029577,0,0,0,23,0,0,961,0,0,0,0,0,0,0.0002988179173068299,0.000561170259516075,0.0007144072291036234,0.05310432001715526,0.07977395100169815,0.13370221402146854,0.9126536660187412
PPO_best_552901,primary,552901,best,559e8bdcf13b3db82b2d6bd8055c35b3a0c4c3d288bc569a32c6234a90b0e098,me5418-supplement-v1-0077,far,supplement-g005,True,,,,,1.0,5.7907536576918456e-05,4.39451764441522e-05,4.141535039341328e-05,,0.01992249814857664,961,0,0.04138891419968082,0.14688855690911354,0.0,0.0,0.14285714285714282,1.0,0.0,0.0,0.06112893274098281,0,0,0,0,0,0,961,0,0,0,0,0,0,0.000253443644245029,0.0005344390249471568,0.000607726676510841,0.05545285699190572,0.07430856701103039,0.1306634140200913,0.8051936029805802
PPO_best_552901,primary,552901,best,559e8bdcf13b3db82b2d6bd8055c35b3a0c4c3d288bc569a32c6234a90b0e098,me5418-supplement-v1-0078,near_link,supplement-g006,True,,,,,1.0,5.502934946859099e-05,4.4375037477354676e-05,5.502934946859099e-05,0.02072865491848172,0.019897770110104053,0,0,0.3075069551600785,0.1964751151946078,0.0,0.0,0.0513392857142857,0.359375,0.0,0.0,0.08573546531035736,0,0,0,85,0,0,961,0,0,0,0,0,0,0.0003057864176601773,0.0005740712639332439,0.0007406997232465073,0.05314054698101245,0.08055968099506572,0.13458114900276996,0.9400065630034078
PPO_best_552901,primary,552901,best,559e8bdcf13b3db82b2d6bd8055c35b3a0c4c3d288bc569a32c6234a90b0e098,me5418-supplement-v1-0079,tight_layout,supplement-g007,True,,,,,1.0,5.780565079224735e-05,4.63992513384153e-05,5.773319434510682e-05,0.0030317946116961564,0.019764173927221178,0,0,0.09650077359705186,0.18500421230357011,0.0,0.0,0.0,0.0,0.0,0.0,0.09112253415098946,0,0,0,138,0,0,961,0,0,0,0,0,0,0.00031437186923236976,0.0005785041804301727,0.0007580603869124995,0.053605141991283745,0.08268402502289973,0.137124111992307,0.9590135499893222
PPO_best_552901,primary,552901,best,559e8bdcf13b3db82b2d6bd8055c35b3a0c4c3d288bc569a32c6234a90b0e098,me5418-supplement-v1-0080,near_link,supplement-g008,True,,,,,1.0,8.885482578102791e-05,6.64548083361131e-05,4.375371065892785e-05,0.01478208484617903,0.0199840263594651,0,0,0.07808834267238457,0.09370410523591582,0.0,0.0,0.0,0.0,0.0,0.0,0.03604612547531447,0,0,0,357,0,0,961,0,0,0,0,0,0,0.00032710010342877166,0.0005596077675363631,0.0007576895347786679,0.05477715202141553,0.07967358900350519,0.13526660899515264,0.9562548820103984
PPO_best_552901,primary,552901,best,559e8bdcf13b3db82b2d6bd8055c35b3a0c4c3d288bc569a32c6234a90b0e098,me5418-supplement-v1-0082,far,supplement-g010,True,,,,,1.0,4.428975743607127e-05,3.669158270325319e-05,4.326021354686279e-05,,0.01997615427120792,961,0,0.0394444395380474,0.1647380604321452,0.0,0.0,0.14285714285714282,1.0,0.0,0.0,0.06144844450644174,0,0,0,0,0,0,961,0,0,0,0,0,0,0.0002600095508569211,0.000539043205329411,0.0006137622710108795,0.05311955598881468,0.07406693798839115,0.12798119298531674,0.8082397130201571
PPO_best_552901,primary,552901,best,559e8bdcf13b3db82b2d6bd8055c35b3a0c4c3d288bc569a32c6234a90b0e098,me5418-supplement-v1-0083,near_link,supplement-g011,True,,,,,1.0,5.677870548533038e-05,4.757395719966404e-05,4.517093912412061e-05,0.031550962477439604,0.019760928738274335,0,0,0.18672256690024527,0.17915997573041698,0.0,0.0,0.12872023809523805,0.9010416666666666,0.0,0.0,0.06430753879370361,0,0,0,0,0,0,961,0,0,0,0,0,0,0.00028817222998137976,0.0005591080604366046,0.0006937768538591626,0.054754779004724696,0.07727183098904788,0.1328753589768894,0.8920203290181234
PPO_best_552901,primary,552901,best,559e8bdcf13b3db82b2d6bd8055c35b3a0c4c3d288bc569a32c6234a90b0e098,me5418-supplement-v1-0085,near_link,supplement-g013,True,,,,,1.0,5.657364991048085e-05,5.0111139826020034e-05,5.013330548879762e-05,0.006920176985787993,0.020000669728045276,0,0,0.31655714949571023,0.06548685017878564,0.0,0.0,0.0,0.0,0.0,0.0,0.02024600039834955,0,0,0,961,0,0,961,0,0,0,0,0,0,0.0002997264684078497,0.0005657709072086921,0.000719245436963926,0.05423018999863416,0.07986080998671241,0.13496275298530236,0.9199414419999812
PPO_best_552901,primary,552901,best,559e8bdcf13b3db82b2d6bd8055c35b3a0c4c3d288bc569a32c6234a90b0e098,me5418-supplement-v1-0087,far,supplement-g015,True,,,,,1.0,4.9909902933993985e-05,3.5178759874065154e-05,4.804067102544693e-05,,0.019922219690259778,961,0,0.05659779882372698,0.16946949098155792,0.0,0.0,0.14285714285714282,1.0,0.0,0.0,0.06165376517262001,0,0,0,0,0,0,961,0,0,0,0,0,0,0.000256743765930878,0.0005381589032973958,0.0006120060456548042,0.053446260979399085,0.0734327009995468,0.12773726001614705,0.8070937260054052
PPO_best_552901,primary,552901,best,559e8bdcf13b3db82b2d6bd8055c35b3a0c4c3d288bc569a32c6234a90b0e098,me5418-supplement-v1-0090,near_link,supplement-g018,True,,,,,1.0,5.785355937092741e-05,4.6522417405687426e-05,3.8829000871633146e-05,0.00665315994558878,0.019753489913208515,0,0,0.10956652224819662,0.16837494644178924,0.0,0.0,0.020833333333333332,0.14583333333333334,0.0,0.0,0.07392512643099984,0,0,0,669,0,0,961,0,0,0,0,0,0,0.00029013954159988015,0.000568036464604423,0.0007052848304435126,0.05431512900395319,0.07825623502139933,0.13339050801005214,0.904248683975311
PPO_best_552901,primary,552901,best,559e8bdcf13b3db82b2d6bd8055c35b3a0c4c3d288bc569a32c6234a90b0e098,me5418-supplement-v1-0092,far,supplement-g020,True,,,,,1.0,5.5611444751313624e-05,3.8531335112293866e-05,5.407220512416523e-05,,0.019813182923894855,961,0,0.06397214231492199,0.17631395596540633,0.0,0.0,0.14285714285714282,1.0,0.0,0.0,0.062456701177593686,0,0,0,0,0,0,961,0,0,0,0,0,0,0.0002568178750455748,0.0005303149539637767,0.0006042680121026933,0.05469064600765705,0.07336769800167531,0.12885735998861492,0.8654148849891499
PPO_best_552901,primary,552901,best,559e8bdcf13b3db82b2d6bd8055c35b3a0c4c3d288bc569a32c6234a90b0e098,me5418-supplement-v1-0094,tight_layout,supplement-g022,True,,,,,1.0,5.9325979195345764e-05,4.886565913655729e-05,5.730948089480109e-05,0.012594490571266284,0.019886193062745777,0,0,0.2637549351215971,0.2023762343852154,0.0,0.0,0.12797619047619044,0.8958333333333334,0.0,0.0,0.09683057458494748,0,0,0,105,0,0,961,0,0,0,0,0,0,0.0003111720472285621,0.0005722384011581501,0.00073010345925771,0.052665808994788677,0.08023168798536062,0.1337197870016098,0.9273354969918728
PPO_best_552901,primary,552901,best,559e8bdcf13b3db82b2d6bd8055c35b3a0c4c3d288bc569a32c6234a90b0e098,me5418-supplement-v1-0095,near_link,supplement-g023,True,,,,,1.0,5.926162876238912e-05,4.75066785361075e-05,5.5389221903621334e-05,0.028976554459445844,0.01994030661600117,0,0,0.21372349931779408,0.18971993334780812,0.0,0.0,0.14285714285714282,1.0,0.0,0.0,0.08418732721114622,0,0,0,8,0,0,961,0,0,0,0,0,0,0.00030107024955820333,0.000574588707483296,0.0007134126557199731,0.05422373497276567,0.07785656000487506,0.13290854598744772,0.9117575010168366
PPO_best_552901,primary,552901,best,559e8bdcf13b3db82b2d6bd8055c35b3a0c4c3d288bc569a32c6234a90b0e098,me5418-supplement-v1-0096,far,supplement-g000,True,,,,,1.0,5.3712919204206075e-05,4.3943333926139563e-05,4.7899845518720925e-05,,0.01968326977735134,961,0,0.060170589089909604,0.14728343662606583,0.0,0.0,0.14285714285714282,1.0,0.0,0.0,0.06221800746917282,0,0,0,0,0,0,961,0,0,0,0,0,0,0.00025293862078494084,0.0005257438583915548,0.000598683877736524,0.05556462297681719,0.07356444699689746,0.1299578830075916,0.7965070799982641
PPO_best_552901,primary,552901,best,559e8bdcf13b3db82b2d6bd8055c35b3a0c4c3d288bc569a32c6234a90b0e098,me5418-supplement-v1-0099,near_link,supplement-g003,True,,,,,1.0,6.597179591150087e-05,5.067832229437711e-05,5.118675406180618e-05,0.017601227036498787,0.019910762718059714,0,0,0.26035958138377285,0.20113862040676178,0.0,0.0,0.13764880952380948,0.7604166666666666,0.0,0.0,0.09591465677977318,0,0,0,65,0,0,961,0,0,0,0,0,0,0.0003048971351139092,0.0005673040456107022,0.000730361748719588,0.05453607300296426,0.08059438000782393,0.1359621010196861,0.9312159429828171
PPO_best_552901,primary,552901,best,559e8bdcf13b3db82b2d6bd8055c35b3a0c4c3d288bc569a32c6234a90b0e098,me5418-supplement-v1-0101,far,supplement-g005,True,,,,,1.0,5.6574400701254964e-05,4.30479352720403e-05,4.0110130677030293e-05,,0.019848712425022168,961,0,0.03970201328859209,0.1474768736751535,0.0,0.0,0.14285714285714282,1.0,0.0,0.0,0.061361654813490096,0,0,0,0,0,0,961,0,0,0,0,0,0,0.00025274509001368034,0.0005344791806237481,0.0006075200297649038,0.054354772000806406,0.07307715702336282,0.12821067700861022,0.8033693679899443
PPO_best_552901,primary,552901,best,559e8bdcf13b3db82b2d6bd8055c35b3a0c4c3d288bc569a32c6234a90b0e098,me5418-supplement-v1-0102,near_link,supplement-g006,True,,,,,1.0,5.782540103382893e-05,4.2441108780511626e-05,5.529823679709609e-05,0.014888769575034044,0.019934860724991225,0,0,0.1317287454346978,0.17801537130244022,0.0,0.0,0.0,0.0,0.0,0.0,0.08587556119448328,0,0,0,82,0,0,961,0,0,0,0,0,0,0.0003273775840474021,0.0005863125197114034,0.0007782437840432976,0.05551022000145167,0.080758007010445,0.13710157698369585,0.9789603500103112
PPO_best_552901,primary,552901,best,559e8bdcf13b3db82b2d6bd8055c35b3a0c4c3d288bc569a32c6234a90b0e098,me5418-supplement-v1-0106,far,supplement-g010,True,,,,,1.0,4.667662289071802e-05,3.395750356305854e-05,4.4778339770187636e-05,,0.01997379109843831,961,0,0.06023423848401543,0.1920408764024174,0.0,0.0,0.14285714285714282,1.0,0.0,0.0,0.061858133151794656,0,0,0,0,0,0,961,0,0,0,0,0,0,0.00026537910252955044,0.000537537643685937,0.0006134471924572911,0.054035187989939004,0.07319218301563524,0.12804426200455055,0.808668294979725
PPO_best_552901,primary,552901,best,559e8bdcf13b3db82b2d6bd8055c35b3a0c4c3d288bc569a32c6234a90b0e098,me5418-supplement-v1-0107,near_link,supplement-g011,True,,,,,1.0,5.4623278310695225e-05,4.343685243211099e-05,4.218697840927534e-05,0.0030753179326478003,0.019928701418191412,0,0,0.08966732137918743,0.1555876151504817,0.0,0.0,0.023065476190476192,0.16145833333333334,0.0,0.0,0.04215097626507659,0,0,0,954,0,0,961,0,0,0,0,0,0,0.00029176976189167664,0.0005635309837998647,0.0007012098444647563,0.05449343199143186,0.07875391800189391,0.13407607199042104,0.9010021190042607
PPO_best_552901,primary,552901,best,559e8bdcf13b3db82b2d6bd8055c35b3a0c4c3d288bc569a32c6234a90b0e098,me5418-supplement-v1-0111,far,supplement-g015,True,,,,,1.0,5.3288099584180144e-05,3.7049180221055483e-05,5.158450768628926e-05,,0.01985293156955515,961,0,0.06135089178289482,0.17078560189993244,0.0,0.0,0.14285714285714282,1.0,0.0,0.0,0.06207945534704431,0,0,0,0,0,0,961,0,0,0,0,0,0,0.0002594758440560933,0.0005362082438599221,0.0006108627314764211,0.054022334021283314,0.07358193799154833,0.1284075150033459,0.8080016080057248
PPO_best_552901,primary,552901,best,559e8bdcf13b3db82b2d6bd8055c35b3a0c4c3d288bc569a32c6234a90b0e098,me5418-supplement-v1-0112,near_link,supplement-g016,True,,,,,1.0,5.086796475141882e-05,3.934303342314443e-05,3.6225526054608646e-05,0.00025074820188162456,0.01991894754373892,0,0,0.06461538101942657,0.11293043030615307,0.0,0.0,0.0,0.0,0.0,0.0,0.04862848690550198,0,0,0,961,0,0,961,0,0,0,0,0,0,0.00032707504639499046,0.0005897413018525791,0.0007904812880951794,0.05323773299460299,0.08106951200170442,0.13518013199791312,0.9882640520227142
PPO_best_552901,primary,552901,best,559e8bdcf13b3db82b2d6bd8055c35b3a0c4c3d288bc569a32c6234a90b0e098,me5418-supplement-v1-0114,near_link,supplement-g018,True,,,,,1.0,5.576616877728267e-05,4.57062255381287e-05,4.0131264114737634e-05,0.02103216993431252,0.019753942281801773,0,0,0.19544390893992203,0.17230338170019888,0.0,0.0,0.14285714285714282,1.0,0.0,0.0,0.07267043110956106,0,0,0,190,0,0,961,0,0,0,0,0,0,0.0002893303474896432,0.000566219037167078,0.0006956621846863224,0.053557755978545174,0.07843543600756675,0.13280385101097636,0.8938582729897462
PPO_best_552901,primary,552901,best,559e8bdcf13b3db82b2d6bd8055c35b3a0c4c3d288bc569a32c6234a90b0e098,me5418-supplement-v1-0116,far,supplement-g020,True,,,,,1.0,5.7944762321178736e-05,4.108642325013882e-05,5.544649229145746e-05,,0.01994301484744993,961,0,0.05455402450011339,0.1607969742347961,0.0,0.0,0.14285714285714282,1.0,0.0,0.0,0.0611167153307525,0,0,0,0,0,0,961,0,0,0,0,0,0,0.00025569875394163927,0.0005413395098306258,0.000615038755859132,0.054507927008671686,0.07335068000247702,0.12871139499475248,0.8102639870194253
PPO_best_552901,primary,552901,best,559e8bdcf13b3db82b2d6bd8055c35b3a0c4c3d288bc569a32c6234a90b0e098,me5418-supplement-v1-0117,near_link,supplement-g021,True,,,,,1.0,6.426704485106938e-05,5.06200796784113e-05,6.331073394208577e-05,0.04887227722096568,0.019472135108817797,0,0,0.3138779017785483,0.21503160522914605,0.0,0.0,0.004464285714285714,0.03125,0.0,0.0,0.09434342251597194,0,0,0,0,0,0,961,0,0,0,0,0,0,0.00031179458695381374,0.000575207699390982,0.0007481900701047077,0.054332045023329556,0.08093037799699232,0.13609920101589523,0.9489891120174434
PPO_best_552901,primary,552901,best,559e8bdcf13b3db82b2d6bd8055c35b3a0c4c3d288bc569a32c6234a90b0e098,me5418-supplement-v1-0119,near_link,supplement-g023,True,,,,,1.0,5.768426684930468e-05,4.298125530893963e-05,5.3776643981965716e-05,0.015639000764816904,0.01991808341453237,0,0,0.20596152185223243,0.1588682354393064,0.0,0.0,0.053571428571428555,0.375,0.0,0.0,0.07232958831452943,0,0,0,248,0,0,961,0,0,0,0,0,0,0.0002972144902742002,0.0005761469913219722,0.0007214056512869622,0.054617734014755115,0.07882882500416599,0.13427777600008994,0.9206133630068507
PPO_best_552901,primary,552901,best,559e8bdcf13b3db82b2d6bd8055c35b3a0c4c3d288bc569a32c6234a90b0e098,me5418-supplement-v1-0120,far,supplement-g000,True,,,,,1.0,5.7008726380941365e-05,4.633730741241614e-05,5.543453088758728e-05,,0.019493015056806944,961,0,0.07475864681259081,0.14855037360729528,0.0,0.0,0.14285714285714282,1.0,0.0,0.0,0.06264572053804018,0,0,0,0,0,0,961,0,0,0,0,0,0,0.00027093075929466676,0.0005281902697485445,0.0006051431436996306,0.054982661007670686,0.07370266198995523,0.12951468699611723,0.8019103520200588
PPO_best_552901,primary,552901,best,559e8bdcf13b3db82b2d6bd8055c35b3a0c4c3d288bc569a32c6234a90b0e098,me5418-supplement-v1-0123,near_link,supplement-g003,True,,,,,1.0,7.08379911018411e-05,5.389009877904929e-05,4.280267553542247e-05,0.02223653847877058,0.019922868832681392,0,0,0.0783377237215026,0.20040427106967354,0.0,0.0,0.0,0.0,0.0,0.0,0.08897966040253993,0,0,0,38,0,0,961,0,0,0,0,0,0,0.0003173623787612693,0.0005754679518759076,0.000759839623060543,0.05398856700048782,0.0810836449963972,0.135913469013758,0.9592762860120274
PPO_best_552901,primary,552901,best,559e8bdcf13b3db82b2d6bd8055c35b3a0c4c3d288bc569a32c6234a90b0e098,me5418-supplement-v1-0125,far,supplement-g005,True,,,,,1.0,5.397760337020053e-05,4.203479187486676e-05,4.0958956082337266e-05,,0.019937260180486256,961,0,0.04444860373670532,0.14762737205313284,0.0,0.0,0.14285714285714282,1.0,0.0,0.0,0.06173279498138332,0,0,0,0,0,0,961,0,0,0,0,0,0,0.00025484228611579357,0.0005283600460340191,0.0006017633185668576,0.05443831501179375,0.07348850698326714,0.12872504701954313,0.7971471110067796
PPO_best_552901,primary,552901,best,559e8bdcf13b3db82b2d6bd8055c35b3a0c4c3d288bc569a32c6234a90b0e098,me5418-supplement-v1-0126,near_link,supplement-g006,True,,,,,1.0,6.361875160287651e-05,4.6122144909197485e-05,6.230067003703859e-05,0.04096839227369968,0.019834549690305694,0,0,0.1890234835746876,0.20263872618705597,0.0,0.0,0.13690476190476186,0.9583333333333334,0.0,0.0,0.09657177909255206,0,0,0,0,0,0,961,0,0,0,0,0,0,0.00030880495402622426,0.000577828515300401,0.0007315248106957976,0.05357974499929696,0.07994949602289125,0.13435057099559344,0.9294441959937103
PPO_best_552901,primary,552901,best,559e8bdcf13b3db82b2d6bd8055c35b3a0c4c3d288bc569a32c6234a90b0e098,me5418-supplement-v1-0129,tight_layout,supplement-g009,True,,,,,1.0,5.1276349396206386e-05,4.508861366390647e-05,4.464582036580245e-05,0.011411407793645273,0.01991086961791038,0,0,0.07917840376888327,0.15023458244164287,0.0,0.0,0.0,0.0,0.0,0.0,0.08592575237021916,0,0,0,115,0,0,961,0,0,0,0,0,0,0.00032964283718683873,0.0005856062123712035,0.0007846869944539019,0.05304569800500758,0.08128837999538518,0.13521343600586988,0.9812177389976569
PPO_best_552901,primary,552901,best,559e8bdcf13b3db82b2d6bd8055c35b3a0c4c3d288bc569a32c6234a90b0e098,me5418-supplement-v1-0130,far,supplement-g010,True,,,,,1.0,4.967576055092322e-05,3.548012921621836e-05,4.834740131853307e-05,,0.01993800505286606,961,0,0.05541011818689401,0.1801746649726422,0.0,0.0,0.14285714285714282,1.0,0.0,0.0,0.062139793764245485,0,0,0,0,0,0,961,0,0,0,0,0,0,0.0002546546659990175,0.0005331099404126386,0.0006066653765325706,0.0541979200206697,0.07395766099216416,0.1289541659934912,0.8013438280031551
PPO_best_552901,primary,552901,best,559e8bdcf13b3db82b2d6bd8055c35b3a0c4c3d288bc569a32c6234a90b0e098,me5418-supplement-v1-0131,near_link,supplement-g011,True,,,,,1.0,5.7145574145577804e-05,4.6273939896355145e-05,4.203277302484687e-05,0.038926760167563385,0.019575836845653546,0,0,0.2076556021310029,0.1938911224879438,0.0,0.0,0.14285714285714282,1.0,0.0,0.0,0.06882032734214417,0,0,0,0,0,0,961,0,0,0,0,0,0,0.00028565029257758095,0.0005591532009323904,0.00068391630466067,0.05440865698619746,0.07800651199067943,0.1332259479968343,0.8829104850010481
PPO_best_552901,primary,552901,best,559e8bdcf13b3db82b2d6bd8055c35b3a0c4c3d288bc569a32c6234a90b0e098,me5418-supplement-v1-0133,near_link,supplement-g013,True,,,,,1.0,6.281506281410025e-05,4.846942483477898e-05,4.764359518282497e-05,0.01436934190076769,0.0197184293776045,0,0,0.07487488185901423,0.11402500475916777,0.0,0.0,0.0,0.0,0.0,0.0,0.03322161201431299,0,0,0,961,0,0,961,0,0,0,0,0,0,0.00029328175575453014,0.0005570072529735626,0.000694713927138461,0.054918267007451504,0.07855181902414188,0.13428978199954145,0.8951378089841455
PPO_best_552901,primary,552901,best,559e8bdcf13b3db82b2d6bd8055c35b3a0c4c3d288bc569a32c6234a90b0e098,me5418-supplement-v1-0135,far,supplement-g015,True,,,,,1.0,5.210924835891189e-05,3.786075951281521e-05,5.0273993781154656e-05,,0.019976323452699132,961,0,0.04128453045015663,0.16150382498043814,0.0,0.0,0.14285714285714282,1.0,0.0,0.0,0.061094447226995335,0,0,0,0,0,0,961,0,0,0,0,0,0,0.0002726879221578808,0.0005449957635391911,0.000622299978749652,0.05331923297489993,0.07376188901253045,0.12786404800135642,0.8177956450090278
PPO_best_552901,primary,552901,best,559e8bdcf13b3db82b2d6bd8055c35b3a0c4c3d288bc569a32c6234a90b0e098,me5418-supplement-v1-0140,far,supplement-g020,True,,,,,1.0,5.4170755846847396e-05,3.907187789222765e-05,5.3077800895118176e-05,,0.019833571242738615,961,0,0.05770982238029164,0.16542186665857203,0.0,0.0,0.14285714285714282,1.0,0.0,0.0,0.062232578595701075,0,0,0,0,0,0,961,0,0,0,0,0,0,0.0002636926930487486,0.0005342473373275425,0.0006096248557999691,0.05359679600223899,0.07424468902172521,0.12865024898201227,0.8038856479979586
PPO_best_552901,primary,552901,best,559e8bdcf13b3db82b2d6bd8055c35b3a0c4c3d288bc569a32c6234a90b0e098,me5418-supplement-v1-0142,tight_layout,supplement-g022,True,,,,,1.0,5.850320348793736e-05,4.688384483154154e-05,5.844639257167276e-05,0.007200956651543217,0.019949175420418915,0,0,0.1663935141856956,0.20633295344122146,0.0,0.0,0.1964285714285714,1.0,0.0,0.0,0.09644332074538052,0,0,0,123,0,0,961,0,0,0,0,0,0,0.00029398098771101405,0.0005665994834998855,0.0007084411865434959,0.05329202100983821,0.0791524300002493,0.1332761700032279,0.9044001729926094
PPO_best_552901,primary,552901,best,559e8bdcf13b3db82b2d6bd8055c35b3a0c4c3d288bc569a32c6234a90b0e098,me5418-supplement-v1-0143,near_link,supplement-g023,True,,,,,1.0,6.542177573151746e-05,5.346894068639721e-05,5.414916886870171e-05,0.01971890080417843,0.019897275760860353,0,0,0.2411715138062278,0.15934342272785587,0.0,0.0,0.0,0.0,0.0,0.0,0.08050259502439683,0,0,0,74,0,0,961,0,0,0,0,0,0,0.0003036759571841685,0.0005772307795571881,0.0007329654053743677,0.05043929300154559,0.08050805600942113,0.13178861499181949,0.9307111050002277
PPO_best_552901,primary,552901,best,559e8bdcf13b3db82b2d6bd8055c35b3a0c4c3d288bc569a32c6234a90b0e098,me5418-supplement-v1-0144,far,supplement-g000,True,,,,,1.0,4.885980943021038e-05,4.179995715107142e-05,4.822135040205545e-05,,0.01993342664104241,961,0,0.038686282757130167,0.14585670140328139,0.0,0.0,0.14285714285714282,1.0,0.0,0.0,0.061576963917607266,0,0,0,0,0,0,961,0,0,0,0,0,0,0.00026582763848637114,0.0005350304692910868,0.0006107421021927924,0.053569933981634676,0.07402179800556041,0.12840116801089607,0.8060654519940726
PPO_best_552901,primary,552901,best,559e8bdcf13b3db82b2d6bd8055c35b3a0c4c3d288bc569a32c6234a90b0e098,me5418-supplement-v1-0147,near_link,supplement-g003,True,,,,,1.0,6.908618635478764e-05,5.3476005420357286e-05,5.1435967382760416e-05,0.002116557785720591,0.01989106213401968,0,0,0.18416628831491075,0.22611701024935124,0.0,0.0,0.17113095238095233,1.0,0.0,0.0,0.08827850773620109,0,0,0,140,0,0,961,0,0,0,0,0,0,0.00029461142791357514,0.0005641681520197986,0.0007003975003802528,0.05225053598405793,0.08064297802047804,0.133715394011233,0.8987915530160535
PPO_best_552901,primary,552901,best,559e8bdcf13b3db82b2d6bd8055c35b3a0c4c3d288bc569a32c6234a90b0e098,me5418-supplement-v1-0149,far,supplement-g005,True,,,,,1.0,5.513179927407601e-05,4.30463565499786e-05,4.370000363016247e-05,,0.019976544261843157,961,0,0.039298481506254854,0.14800909656603958,0.0,0.0,0.14285714285714282,1.0,0.0,0.0,0.061515580491894595,0,0,0,0,0,0,961,0,0,0,0,0,0,0.00025358956706137786,0.0005321058229734869,0.0006054263497693076,0.05305166600737721,0.07374643700313754,0.1276091629988514,0.7992395850014873
PPO_best_552901,primary,552901,best,559e8bdcf13b3db82b2d6bd8055c35b3a0c4c3d288bc569a32c6234a90b0e098,me5418-supplement-v1-0150,near_link,supplement-g006,True,,,,,1.0,5.2169304115751084e-05,3.762856203964593e-05,4.559066657307113e-05,0.013856875066322674,0.019928958690440784,0,0,0.3941182259586739,0.19109172969047566,0.0,0.0,0.0,0.0,0.0,0.0,0.07159935263927245,0,0,0,423,0,0,961,0,0,0,0,0,0,0.0003066057294442241,0.0005806386272827998,0.0007406373593160727,0.05284101897268556,0.08169558201916516,0.13536016398575157,0.9407669280190021
PPO_best_552901,primary,552901,best,559e8bdcf13b3db82b2d6bd8055c35b3a0c4c3d288bc569a32c6234a90b0e098,me5418-supplement-v1-0154,far,supplement-g010,True,,,,,1.0,4.939917032832613e-05,3.686215745906867e-05,4.8663616717127424e-05,,0.019936448493461226,961,0,0.04981718546234682,0.17235915950376285,0.0,0.0,0.14285714285714282,1.0,0.0,0.0,0.06237239120722128,0,0,0,0,0,0,961,0,0,0,0,0,0,0.00025385492320613895,0.0005333955567948578,0.0006065922728945831,0.052574405999621376,0.07365914201363921,0.12704592998488806,0.8010401889914647
PPO_best_552901,primary,552901,best,559e8bdcf13b3db82b2d6bd8055c35b3a0c4c3d288bc569a32c6234a90b0e098,me5418-supplement-v1-0155,near_link,supplement-g011,True,,,,,1.0,4.958664633282523e-05,4.3644035245758614e-05,4.475550301319529e-05,0.042389419864099345,0.019936668139814748,0,0,0.3885694339633784,0.13516361017950596,0.0,0.0,0.0,0.0,0.0,0.0,0.05726738302799364,0,0,0,0,0,0,961,0,0,0,0,0,0,0.0002972678995926496,0.0005667854974490183,0.000713156245516681,0.05300960599561222,0.07850194000639021,0.13234312401618809,0.9113058499933686
PPO_best_552901,primary,552901,best,559e8bdcf13b3db82b2d6bd8055c35b3a0c4c3d288bc569a32c6234a90b0e098,me5418-supplement-v1-0157,near_link,supplement-g013,True,,,,,1.0,6.418883330542721e-05,4.8780067518217034e-05,4.8987255195280364e-05,0.04778448348395392,0.019658515406439384,0,0,0.2948186704597146,0.1340890730824486,0.0,0.0,0.017857142857142856,0.125,0.0,0.0,0.050661941201126735,0,0,0,0,0,0,961,0,0,0,0,0,0,0.0003452560727055243,0.00057021033323205,0.000721792860046359,0.05199104599887505,0.07879830902675167,0.13162989899865352,0.9193036310025491
PPO_best_552901,primary,552901,best,559e8bdcf13b3db82b2d6bd8055c35b3a0c4c3d288bc569a32c6234a90b0e098,me5418-supplement-v1-0159,far,supplement-g015,True,,,,,1.0,4.923337498975509e-05,3.428656503866737e-05,4.747250354106327e-05,,0.019942154945563173,961,0,0.05634392049622119,0.18050705609703513,0.0,0.0,0.14285714285714282,1.0,0.0,0.0,0.06208040885394439,0,0,0,0,0,0,961,0,0,0,0,0,0,0.0002584144743498958,0.000540595543255525,0.0006149514186593782,0.053689658001530915,0.07443680701544508,0.12902916598250158,0.8109626570076216
PPO_best_552901,primary,552901,best,559e8bdcf13b3db82b2d6bd8055c35b3a0c4c3d288bc569a32c6234a90b0e098,me5418-supplement-v1-0162,near_link,supplement-g018,True,,,,,1.0,5.4164436265147345e-05,4.277619411047967e-05,4.322343257706716e-05,0.02899941564329557,0.019760605627986635,0,0,0.1814127813514627,0.1769990930279701,0.0,0.0,0.14285714285714282,1.0,0.0,0.0,0.07104765478002914,0,0,0,23,0,0,961,0,0,0,0,0,0,0.00029801228962848353,0.000570013144594365,0.0007014851110094848,0.05411120198550634,0.07856372601236217,0.13352874701377004,0.8997771400026977
PPO_best_552901,primary,552901,best,559e8bdcf13b3db82b2d6bd8055c35b3a0c4c3d288bc569a32c6234a90b0e098,me5418-supplement-v1-0164,far,supplement-g020,True,,,,,1.0,4.933824654714558e-05,3.73978806988587e-05,4.879441344831614e-05,,0.019929331981152196,961,0,0.046545039689098226,0.16502168269712564,0.0,0.0,0.14285714285714282,1.0,0.0,0.0,0.06214329616854058,0,0,0,0,0,0,961,0,0,0,0,0,0,0.0002576934007265663,0.0005343897417333209,0.0006082238791956722,0.05288476898567751,0.07357338900328614,0.12726726298569702,0.9003902899858076
PPO_best_552901,primary,552901,best,559e8bdcf13b3db82b2d6bd8055c35b3a0c4c3d288bc569a32c6234a90b0e098,me5418-supplement-v1-0165,near_link,supplement-g021,True,,,,,1.0,6.422553465335452e-05,5.2517576236096585e-05,6.236343685305084e-05,0.003750172715194469,0.019640807072650666,0,0,0.3383319280047176,0.22777078170831333,0.0,0.0,0.09374999999999999,0.65625,0.0,0.0,0.0942690456496729,0,0,0,161,0,0,961,0,0,0,0,0,0,0.0002993507033958546,0.0005683006102117361,0.0007230006148044292,0.05475402300362475,0.08071637200191617,0.13632063701516017,0.9227977530099452
PPO_best_552901,primary,552901,best,559e8bdcf13b3db82b2d6bd8055c35b3a0c4c3d288bc569a32c6234a90b0e098,me5418-supplement-v1-0166,tight_layout,supplement-g022,True,,,,,1.0,5.5926707514302766e-05,4.80706968316261e-05,5.591626731747549e-05,0.006392134365558938,0.01993542422474822,0,0,0.15510826845314982,0.2102690769214392,0.0,0.0,0.23511904761904753,1.0,0.0,0.0,0.09602759822737428,0,0,0,115,0,0,961,0,0,0,0,0,0,0.00030039785997360013,0.0005680900504861105,0.0007146408618609712,0.0530371560016647,0.07890509700519033,0.13276520499493927,0.9119604589941446
PPO_best_552901,primary,552901,best,559e8bdcf13b3db82b2d6bd8055c35b3a0c4c3d288bc569a32c6234a90b0e098,me5418-supplement-v1-0168,far,supplement-g000,True,,,,,1.0,5.032379924958235e-05,4.1983307575283264e-05,4.373600380101673e-05,,0.019855544842369628,961,0,0.04759329183276829,0.14600588081472832,0.0,0.0,0.14285714285714282,1.0,0.0,0.0,0.061864902143410984,0,0,0,0,0,0,961,0,0,0,0,0,0,0.00025854700834315736,0.000525854179735082,0.0005999309624106293,0.05356330799986608,0.07347733600181527,0.12790900998516008,0.7940652699908242
PPO_best_552901,primary,552901,best,559e8bdcf13b3db82b2d6bd8055c35b3a0c4c3d288bc569a32c6234a90b0e098,me5418-supplement-v1-0171,near_link,supplement-g003,True,,,,,1.0,6.212751430585018e-05,5.066050187750492e-05,5.4532616280239926e-05,0.025121673654046967,0.019898192593127695,0,0,0.23736161140594297,0.21589972301193397,0.0,0.0,0.150297619047619,0.796875,0.0,0.0,0.09763544828054452,0,0,0,23,0,0,961,0,0,0,0,0,0,0.0003034969889389079,0.0005666173724421242,0.0007253963463275189,0.05248208899865858,0.08001051002065651,0.13334447497618385,0.9226809050014708
PPO_best_552901,primary,552901,best,559e8bdcf13b3db82b2d6bd8055c35b3a0c4c3d288bc569a32c6234a90b0e098,me5418-supplement-v1-0173,far,supplement-g005,True,,,,,1.0,6.0426743238351195e-05,4.557985668318303e-05,4.471507414466414e-05,,0.01997592087581209,961,0,0.04865095811593547,0.1476307800671135,0.0,0.0,0.14285714285714282,1.0,0.0,0.0,0.061200348091577844,0,0,0,0,0,0,961,0,0,0,0,0,0,0.00025429183142477996,0.000530144872694412,0.0006033757823691606,0.05439671699423343,0.07373301600455306,0.12900088698370382,0.7992685780045576
PPO_best_552901,primary,552901,best,559e8bdcf13b3db82b2d6bd8055c35b3a0c4c3d288bc569a32c6234a90b0e098,me5418-supplement-v1-0177,tight_layout,supplement-g009,True,,,,,1.0,5.038965045675932e-05,4.6530719916279954e-05,4.656692596065187e-05,0.006731509073690398,0.019675856914353765,0,0,0.06002464676100899,0.16001921193747828,0.0,0.0,0.0,0.0,0.0,0.0,0.08559501933299804,0,0,0,135,0,0,961,0,0,0,0,0,0,0.00032500295810677926,0.000575995027005168,0.0007741753780464933,0.05452592097572051,0.08063111800584011,0.13597878901055083,0.9729202949965838
PPO_best_552901,primary,552901,best,559e8bdcf13b3db82b2d6bd8055c35b3a0c4c3d288bc569a32c6234a90b0e098,me5418-supplement-v1-0178,far,supplement-g010,True,,,,,1.0,4.6022876589697084e-05,3.686295223646833e-05,4.574612797627317e-05,,0.019963985089321068,961,0,0.04193617424992889,0.1647016173336955,0.0,0.0,0.14285714285714282,1.0,0.0,0.0,0.062034647843600924,0,0,0,0,0,0,961,0,0,0,0,0,0,0.00025518114625810995,0.000532473786824994,0.0006060260688779333,0.0536306329886429,0.07367946399608627,0.12810527699184604,0.8014623929921072
PPO_best_552901,primary,552901,best,559e8bdcf13b3db82b2d6bd8055c35b3a0c4c3d288bc569a32c6234a90b0e098,me5418-supplement-v1-0179,near_link,supplement-g011,True,,,,,1.0,4.508095509274069e-05,4.145489795115565e-05,4.508095509274069e-05,0.011943550653877269,0.019976525297091575,0,0,0.27023538890181875,0.10348457524570925,0.0,0.0,0.0,0.0,0.0,0.0,0.039471407055610884,0,0,0,961,0,0,961,0,0,0,0,0,0,0.0003031437830334956,0.0005633772912612282,0.0007107751022582912,0.05366807300015353,0.0782020500046201,0.1327087230165489,0.9097475429880433
PPO_best_552901,primary,552901,best,559e8bdcf13b3db82b2d6bd8055c35b3a0c4c3d288bc569a32c6234a90b0e098,me5418-supplement-v1-0181,near_link,supplement-g013,True,,,,,1.0,5.031411690397801e-05,4.572256885584547e-05,4.51851539124106e-05,0.03578439540419329,0.01976344208454399,0,0,0.05617437937348383,0.06655874657938736,0.0,0.0,0.0,0.0,0.0,0.0,0.038120275291813804,0,0,0,0,0,0,961,0,0,0,0,0,0,0.0002919285678520585,0.0005585138891850268,0.0006961359723087905,0.05400601000292227,0.0781879420101177,0.13301284599583596,0.8943440919974819
PPO_best_552901,primary,552901,best,559e8bdcf13b3db82b2d6bd8055c35b3a0c4c3d288bc569a32c6234a90b0e098,me5418-supplement-v1-0183,far,supplement-g015,True,,,,,1.0,4.8445413418191995e-05,3.737152393758994e-05,4.711932383147296e-05,,0.01996847869834848,961,0,0.03464155704269903,0.15525050353232467,0.0,0.0,0.14285714285714282,1.0,0.0,0.0,0.06082078925932625,0,0,0,0,0,0,961,0,0,0,0,0,0,0.0002563229304541892,0.0005410732760841104,0.0006149089747850666,0.05448872898705304,0.07403357099974528,0.1294150229950901,0.8130187419883441
PPO_best_552901,primary,552901,best,559e8bdcf13b3db82b2d6bd8055c35b3a0c4c3d288bc569a32c6234a90b0e098,me5418-supplement-v1-0186,near_link,supplement-g018,True,,,,,1.0,5.520205273125576e-05,4.253253143530538e-05,3.939828270757144e-05,0.018239283922822827,0.019755085595877832,0,0,0.062225142100195176,0.17872832804767674,0.0,0.0,0.14285714285714282,1.0,0.0,0.0,0.0701446153196836,0,0,0,420,0,0,961,0,0,0,0,0,0,0.0002798085730925474,0.0005593861828856461,0.0006829963302455629,0.053070105001097545,0.07748295197961852,0.13138332197559066,0.8796574680018239
PPO_best_552901,primary,552901,best,559e8bdcf13b3db82b2d6bd8055c35b3a0c4c3d288bc569a32c6234a90b0e098,me5418-supplement-v1-0188,far,supplement-g020,True,,,,,1.0,4.873292117991958e-05,3.6156314796871944e-05,4.783946352696148e-05,,0.019936044428450296,961,0,0.04718179866859218,0.16688087250988637,0.0,0.0,0.14285714285714282,1.0,0.0,0.0,0.06208675601685952,0,0,0,0,0,0,961,0,0,0,0,0,0,0.0002581750577519415,0.0005332669841057699,0.0006075924046854197,0.051224546012235805,0.07334767701104283,0.1253725510032382,0.8011388700106181
PPO_best_552901,primary,552901,best,559e8bdcf13b3db82b2d6bd8055c35b3a0c4c3d288bc569a32c6234a90b0e098,me5418-supplement-v1-0191,near_link,supplement-g023,True,,,,,1.0,6.123329275855271e-05,5.1971308854113116e-05,5.2249770142500676e-05,0.022192199141304575,0.01992691529689361,0,0,0.2133643756588436,0.21225394323662217,0.0,0.0,0.14285714285714282,1.0,0.0,0.0,0.08848152191051105,0,0,0,42,0,0,961,0,0,0,0,0,0,0.00029339360844460316,0.0005713276533242606,0.0007115599646870881,0.053756617999169976,0.07939272100338712,0.13398266001604497,0.9104244410118554
PPO_best_552901,primary,552901,best,559e8bdcf13b3db82b2d6bd8055c35b3a0c4c3d288bc569a32c6234a90b0e098,me5418-supplement-v1-0192,far,supplement-g000,True,,,,,1.0,5.331905072626363e-05,4.395859632003217e-05,4.6722028385320554e-05,,0.01974523559975451,961,0,0.05636476763951715,0.14597993125085643,0.0,0.0,0.14285714285714282,1.0,0.0,0.0,0.06193852381381605,0,0,0,0,0,0,961,0,0,0,0,0,0,0.00025586994206605596,0.0005254666212446561,0.0005992345290906087,0.05246222799178213,0.07392417200026102,0.12724674300989136,0.7928286140086129
