method,role,seed,checkpoint,model_SHA256,scene_id,geometry,template_group,success,failure_category,failure_reason,failure_phase,first_failure_time_s,completed_fraction,max_error_m,rmse_m,endpoint_error_m,minimum_external_distance_m,minimum_self_distance_m,external_censored_states,self_censored_states,command_smoothness_rms_rad_s2,max_actual_arm_velocity_rad_s,speed_saturated_fraction,soft_limited_fraction,raw_policy_component_clip_fraction,raw_policy_decisions_with_clip_fraction,u_component_clip_fraction,u_decisions_with_clip_fraction,mean_u_abs_rad_s,joint_resets_during_motion,obstacle_contact_band,obstacle_negative_penetration,obstacle_buffer,self_contact_band,self_negative_penetration,self_buffer,obstacle_negative_distance,self_negative_distance,hard_position_violation,actual_speed_violation,tracking_error_violation,non_finite_state,provider_mean_s,core_mean_s,outer_mean_s,scene_load_wall_s,settle_wall_s,setup_including_settle_wall_s,whole_episode_wall_s
tracking,primary,,,,me5418-scenes-v1-0003,near_link,formal-g003,True,,,,,1.0,5.744380315927961e-05,4.2029065329107616e-05,3.606475699285635e-05,0.027374368102053778,0.019839789747554085,0,0,0.04201202524973475,0.040105516815025555,0.0,0.0,,,0.0,0.0,0.0,0,0,0,193,0,0,961,0,0,0,0,0,0,1.3616349027264127e-05,0.0005468559854155804,0.0006553113882849478,0.1578765559970634,0.08018947100208607,0.23909075099800248,0.9464780810085358
tracking,primary,,,,me5418-scenes-v1-0009,tight_layout,formal-g009,True,,,,,1.0,3.022771568614695e-05,2.450422343038249e-05,2.26647333532824e-05,0.00732370111121039,0.0199605830080518,0,0,0.034321448389168376,0.045227873475850694,0.0,0.0,,,0.0,0.0,0.0,0,0,0,961,0,0,961,0,0,0,0,0,0,1.3594396856812333e-05,0.0005573966229197443,0.0006393059229443073,0.04503167499206029,0.07892614400770981,0.12483372300630435,0.8138190799945733
tracking,primary,,,,me5418-scenes-v1-0010,far,formal-g010,True,,,,,1.0,4.2029727811804334e-05,2.8031400921152603e-05,4.042672081084922e-05,,0.020138068720511743,961,0,0.02009488582867644,0.028971820235835305,0.0,0.0,,,0.0,0.0,0.0,0,0,0,0,0,0,961,0,0,0,0,0,0,1.3067156108566754e-05,0.0005376953854768847,0.0005625793951821833,0.04369690400199033,0.07557362200168427,0.12008038500789553,0.7340752369927941
tracking,primary,,,,me5418-scenes-v1-0013,near_link,formal-g013,True,,,,,1.0,3.860387792392651e-05,3.231250288346857e-05,3.1054501153541894e-05,0.01941854571317335,0.020082702678779298,0,0,0.03513041073431788,0.04087677466650369,0.0,0.0,,,0.0,0.0,0.0,0,0,0,961,0,0,961,0,0,0,0,0,0,1.3851020033447034e-05,0.0005594419228297435,0.0006544676697103569,0.04316326499974821,0.0802416880032979,0.12425604999589268,0.8288043520005886
tracking,primary,,,,me5418-scenes-v1-0015,far,formal-g015,True,,,,,1.0,2.892054063500162e-05,2.3515403727703207e-05,2.3371047872023173e-05,,0.020009763975503025,961,0,0.03252306928785458,0.04217199207259677,0.0,0.0,,,0.0,0.0,0.0,0,0,0,0,0,0,961,0,0,0,0,0,0,1.2897828658727425e-05,0.0005336959268182303,0.0005583913864484202,0.04325755299942102,0.07441516200196929,0.11849366601381917,0.7283555530011654
tracking,primary,,,,me5418-scenes-v1-0021,near_link,formal-g021,True,,,,,1.0,5.315313262606129e-05,4.339502788251123e-05,2.607850546794401e-05,0.025300392513261438,0.020034201505513993,0,0,0.03797004114213218,0.03574908565100023,0.0,0.0,,,0.0,0.0,0.0,0,0,0,469,0,0,961,0,0,0,0,0,0,1.3376218930716277e-05,0.0005533140666405719,0.0006232889123263401,0.04251525999279693,0.07938490800734144,0.12274273100774735,0.7967375849984819
tracking,primary,,,,me5418-scenes-v1-0022,tight_layout,formal-g022,True,,,,,1.0,4.208938019907676e-05,3.1806373838845426e-05,3.888775651994953e-05,0.0022054832746788433,0.020149313599010572,0,0,0.03336046834530065,0.043635670556974565,0.0,0.0,,,0.0,0.0,0.0,0,0,0,961,0,0,961,0,0,0,0,0,0,1.3748172477789922e-05,0.0005651303697504773,0.0006470409593021031,0.04303313800483011,0.07905810998636298,0.1229588580026757,0.8199021510081366
tracking,primary,,,,me5418-scenes-v1-0024,tight_layout,formal-g024,False,external_collision_band,related_collision:obstacle,tracking,3.1458333333333335,0.7864583333333334,3.286285397152435e-05,2.5673517715692358e-05,,9.250308008524472e-05,0.019952821272420873,0,0,0.0366405598632197,0.04480558544103469,0.0,0.0,,,0.0,0.0,0.0,0,1,0,756,0,0,756,0,0,0,0,0,0,1.3710185037370747e-05,0.0005773540117873483,0.0007143171003592564,0.04343302300549112,0.08258260600268841,0.12692612899991218,0.7294191170076374
tracking,primary,,,,me5418-scenes-v1-0032,tight_layout,formal-g032,False,external_collision_band,related_collision:obstacle,tracking,2.0833333333333335,0.5208333333333334,3.076221521924765e-05,2.7505052684604423e-05,,9.415375819653293e-05,0.02014641083216627,0,0,0.026274191472235465,0.026837597059056723,0.0,0.0,,,0.0,0.0,0.0,0,1,0,501,0,0,501,0,0,0,0,0,0,1.3863449566997588e-05,0.0005789594599336851,0.0007187301158264745,0.04586375399958342,0.08405164000578225,0.13078009699529503,0.5346264920081012
tracking,primary,,,,me5418-scenes-v1-0033,near_link,formal-g033,True,,,,,1.0,6.297187282088293e-05,4.6554354749045584e-05,2.7031841435520157e-05,0.018863039604576484,0.019653689206047126,0,0,0.0429326992335066,0.05464614224777595,0.0,0.0,,,0.0,0.0,0.0,0,0,0,961,0,0,961,0,0,0,0,0,0,1.3504323457406523e-05,0.0005398890111185513,0.0006425252439081912,0.0424958830117248,0.07938344299327582,0.12272103600844275,0.8156115999881877
tracking,primary,,,,me5418-scenes-v1-0040,far,formal-g040,True,,,,,1.0,4.6219182340571406e-05,3.940714094715575e-05,3.428868692722946e-05,,0.020048888737174024,961,0,0.042049068363663976,0.05278398500100276,0.0,0.0,,,0.0,0.0,0.0,0,0,0,0,0,0,961,0,0,0,0,0,0,1.3342208376343478e-05,0.0005366995195951555,0.0005617466938322953,0.04349818600167055,0.07504575999337249,0.11935286399966571,0.7319531380053377
tracking,primary,,,,me5418-scenes-v1-0044,tight_layout,formal-g044,True,,,,,1.0,5.925663250747582e-05,4.2738577161521e-05,3.462308240165242e-05,0.003879056770615827,0.019761578595990523,0,0,0.04274239399911141,0.04518760552455198,0.0,0.0,,,0.0,0.0,0.0,0,0,0,961,0,0,961,0,0,0,0,0,0,1.3881641052648774e-05,0.0005678373353475763,0.0007034096488496289,0.042756013994221576,0.0837722309952369,0.12740983000549022,0.8780381929973373
tracking,primary,,,,me5418-scenes-v1-0051,near_link,formal-g051,False,external_collision_band,related_collision:obstacle,tracking,2.575,0.64375,5.011986571563536e-05,4.102738618607592e-05,,9.762455035522422e-05,0.020154933643945418,0,0,0.03658137023230221,0.047944890242150415,0.0,0.0,,,0.0,0.0,0.0,0,1,0,619,0,0,619,0,0,0,0,0,0,1.3939677779900751e-05,0.0005680766323216646,0.0006933195063568167,0.04325164899637457,0.08137230799184181,0.12554287299280986,0.6077191679942189
tracking,primary,,,,me5418-scenes-v1-0054,tight_layout,formal-g054,False,external_collision_band,related_collision:obstacle,tracking,1.6208333333333333,0.40520833333333334,2.8022573114432008e-05,2.534650555963789e-05,,4.487800417864868e-05,0.020154933643945418,0,0,0.03358334272272418,0.037197163473291606,0.0,0.0,,,0.0,0.0,0.0,0,1,0,390,0,0,390,0,0,0,0,0,0,1.3739231060473965e-05,0.0005806964550677275,0.0007173212443446683,0.04327296900737565,0.08334738700068556,0.12753584599704482,0.44359561600140296
tracking,primary,,,,me5418-scenes-v1-0061,near_link,formal-g003,True,,,,,1.0,4.346849625273123e-05,3.620088676931629e-05,2.4790142598646122e-05,0.016779045421669553,0.02012163377325532,0,0,0.01990225021351031,0.019481002597240685,0.0,0.0,,,0.0,0.0,0.0,0,0,0,491,0,0,961,0,0,0,0,0,0,1.3785026946303939e-05,0.0005673438823123433,0.0007029728133905641,0.043494166995515116,0.08261092599423137,0.12697171000763774,0.8780804379930487
tracking,primary,,,,me5418-scenes-v1-0067,tight_layout,formal-g009,False,external_collision_band,related_collision:obstacle,tracking,2.1083333333333334,0.5270833333333333,3.463329549848022e-05,2.978471223896545e-05,,8.51679239143241e-05,0.019969449723652943,0,0,0.058908746176423984,0.07633014046571368,0.0,0.0,,,0.0,0.0,0.0,0,1,0,507,0,0,507,0,0,0,0,0,0,1.3468773806166342e-05,0.000559786901123207,0.0006436009348596524,0.04294251500687096,0.08008672800497152,0.12389896599052008,0.49428897400503047
tracking,primary,,,,me5418-scenes-v1-0068,far,formal-g010,True,,,,,1.0,2.7445242652652944e-05,1.9090864082538308e-05,2.4461983920701687e-05,,0.019934656870863855,961,0,0.04027724066792363,0.05597168963479543,0.0,0.0,,,0.0,0.0,0.0,0,0,0,0,0,0,961,0,0,0,0,0,0,1.2864078674586684e-05,0.0005450978399191323,0.0005698990812561533,0.04277979700418655,0.07414817198878154,0.11773715799790807,0.7393100560002495
tracking,primary,,,,me5418-scenes-v1-0071,near_link,formal-g013,True,,,,,1.0,3.962800742643925e-05,3.178065194317693e-05,2.7913882786268658e-05,0.03166942400877301,0.020039226432029045,0,0,0.0431263717337357,0.04099825749095708,0.0,0.0,,,0.0,0.0,0.0,0,0,0,0,0,0,961,0,0,0,0,0,0,1.3489156723759757e-05,0.0005595517334010462,0.0006575388137662231,0.044125458007329144,0.07915096999204252,0.12411719601368532,0.8316971290041693
tracking,primary,,,,me5418-scenes-v1-0073,far,formal-g015,True,,,,,1.0,3.0040335795757926e-05,2.4282841731052235e-05,2.2222439370590195e-05,,0.019922066139462055,961,0,0.03760948749279249,0.051572344933646944,0.0,0.0,,,0.0,0.0,0.0,0,0,0,0,0,0,961,0,0,0,0,0,0,1.250223954230023e-05,0.0005305692216552415,0.000555303663744174,0.04388937199837528,0.07472903799498454,0.11948982600006275,0.727957584997057
tracking,primary,,,,me5418-scenes-v1-0079,near_link,formal-g021,True,,,,,1.0,5.273358346767747e-05,3.953025044459774e-05,2.7562414547663217e-05,0.03297733773377219,0.020050328521681447,0,0,0.027519904475021378,0.02571210758012675,0.0,0.0,,,0.0,0.0,0.0,0,0,0,0,0,0,961,0,0,0,0,0,0,1.3273728806476962e-05,0.0005468555143579579,0.0006164272364306574,0.04352364099759143,0.07816858300066087,0.12249732499185484,0.7892600869963644
tracking,primary,,,,me5418-scenes-v1-0080,tight_layout,formal-g022,True,,,,,1.0,3.6226321846447105e-05,3.062242413842113e-05,3.456363107849193e-05,0.005750901184596577,0.02003960322844254,0,0,0.042501174091413546,0.040042026049688456,0.0,0.0,,,0.0,0.0,0.0,0,0,0,961,0,0,961,0,0,0,0,0,0,1.3797463452647207e-05,0.0005658496053456474,0.0006472307008455876,0.042775048001203686,0.07914057899324689,0.12275574299565051,0.8196651470061624
tracking,primary,,,,me5418-scenes-v1-0082,tight_layout,formal-g024,False,external_collision_band,related_collision:obstacle,tracking,2.325,0.58125,3.016894484466309e-05,2.6570335404047887e-05,,9.238660749626149e-05,0.020147805478026623,0,0,0.019401231454516832,0.021754338346301805,0.0,0.0,,,0.0,0.0,0.0,0,1,0,559,0,0,559,0,0,0,0,0,0,1.4190901830651065e-05,0.000572670195087929,0.0007098962582418726,0.04296591800812166,0.08475021300546359,0.12858846799645107,0.5741178120078985
tracking,primary,,,,me5418-scenes-v1-0098,far,formal-g040,True,,,,,1.0,3.3126771213669384e-05,3.087092078123566e-05,2.9697343740981575e-05,,0.020154933643945418,961,0,0.01784686175766356,0.0193312709292546,0.0,0.0,,,0.0,0.0,0.0,0,0,0,0,0,0,961,0,0,0,0,0,0,1.3097936365132531e-05,0.0005343533155610202,0.0005591602061334318,0.043182216002605855,0.07439987499674316,0.11840633700194303,0.7304333119973307
tracking,primary,,,,me5418-scenes-v1-0109,near_link,formal-g051,True,,,,,1.0,4.367397103350706e-05,3.52598086274268e-05,2.306875248864991e-05,0.01413562064970704,0.020149755044585195,0,0,0.031272449164213886,0.04144790207138209,0.0,0.0,,,0.0,0.0,0.0,0,0,0,961,0,0,961,0,0,0,0,0,0,1.3891667019076218e-05,0.0005683198081896989,0.000704317189683934,0.044134402996860445,0.0825322029995732,0.12762407500122208,0.8796049969969317
tracking,primary,,,,me5418-scenes-v1-0119,near_link,formal-g003,True,,,,,1.0,5.355395155815378e-05,3.8987926542985054e-05,3.3193106879491604e-05,0.019149879189270927,0.019972983763328227,0,0,0.030963250653452276,0.03077301556931275,0.0,0.0,,,0.0,0.0,0.0,0,0,0,366,0,0,961,0,0,0,0,0,0,1.4222683148545912e-05,0.0005557645164117275,0.000692000257216326,0.04431370200472884,0.0818547730013961,0.12703851699188817,0.8685589380038437
tracking,primary,,,,me5418-scenes-v1-0122,near_link,formal-g006,True,,,,,1.0,5.219718282477592e-05,3.771227317727533e-05,3.3694340393686057e-05,0.009472242046280624,0.02012564204938963,0,0,0.03076225076549262,0.04557547339607165,0.0,0.0,,,0.0,0.0,0.0,0,0,0,961,0,0,961,0,0,0,0,0,0,1.3698494437145806e-05,0.0005555580427426321,0.0006782920105554998,0.04371674401045311,0.08127617998979986,0.12589121000200976,0.853857316003996
tracking,primary,,,,me5418-scenes-v1-0126,far,formal-g010,True,,,,,1.0,4.3091976960875206e-05,2.8221478173931017e-05,4.201180591933608e-05,,0.020146978007341602,961,0,0.018451464010126938,0.028544571018224968,0.0,0.0,,,0.0,0.0,0.0,0,0,0,0,0,0,961,0,0,0,0,0,0,1.3015989604051962e-05,0.0005395814156145207,0.0005643812085660709,0.04309321701293811,0.0740786050009774,0.11800990400661249,0.7369583030085778
tracking,primary,,,,me5418-scenes-v1-0129,near_link,formal-g013,False,external_collision_band,related_collision:obstacle,tracking,2.3291666666666666,0.5822916666666667,5.6254989723668066e-05,4.370191051648644e-05,,6.034420078127739e-05,0.020127535578292097,0,0,0.03018290728694526,0.041744915049984704,0.0,0.0,,,0.0,0.0,0.0,0,1,0,560,0,0,560,0,0,0,0,0,0,1.3904642920741545e-05,0.0005706171768857833,0.0006693927885904952,0.04500535799888894,0.08352587799890898,0.12939173000631854,0.5517981459997827
tracking,primary,,,,me5418-scenes-v1-0131,far,formal-g015,True,,,,,1.0,2.980726957226523e-05,2.5095653477999712e-05,2.5757083908939412e-05,,0.02007779231586186,961,0,0.025703429103473518,0.03336822786128245,0.0,0.0,,,0.0,0.0,0.0,0,0,0,0,0,0,961,0,0,0,0,0,0,1.2739718689166088e-05,0.0005322995435714499,0.0005569797500205217,0.04449101600039285,0.07426275200850796,0.11968505699769594,0.7301975680020405
tracking,primary,,,,me5418-scenes-v1-0137,near_link,formal-g021,True,,,,,1.0,4.9507825973524466e-05,4.055274862564916e-05,2.5758028507690566e-05,0.005389593533349557,0.020051391762855912,0,0,0.023711999812001654,0.026890791721719993,0.0,0.0,,,0.0,0.0,0.0,0,0,0,961,0,0,961,0,0,0,0,0,0,1.338626035855365e-05,0.0005571012644698688,0.000638081788671722,0.043550980000873096,0.07990507800423075,0.12434244100586511,0.8143548920052126
tracking,primary,,,,me5418-scenes-v1-0140,tight_layout,formal-g024,False,external_collision_band,related_collision:obstacle,tracking,2.5666666666666664,0.6416666666666666,3.134172721391794e-05,2.766278384944565e-05,,9.202324719043836e-05,0.020122890077598966,0,0,0.02577252877531629,0.027404491272938647,0.0,0.0,,,0.0,0.0,0.0,0,1,0,617,0,0,617,0,0,0,0,0,0,1.5771314792800695e-05,0.000639620771008512,0.0007904225845045225,0.04269290900265332,0.0832126530003734,0.12677541599259712,0.6680992799956584
tracking,primary,,,,me5418-scenes-v1-0144,near_link,formal-g028,False,external_collision_band,related_collision:obstacle,tracking,1.6875,0.421875,2.9116475999710568e-05,2.6046659074887156e-05,,9.750235512494265e-05,0.020144560095412753,0,0,0.03859068537120719,0.04546400234289837,0.0,0.0,,,0.0,0.0,0.0,0,1,0,406,0,0,406,0,0,0,0,0,0,1.3948654084765342e-05,0.0005681850520583491,0.0006829555524027343,0.04405442999268416,0.08163036599580664,0.12656615099695046,0.4421073840057943
tracking,primary,,,,me5418-scenes-v1-0156,far,formal-g040,True,,,,,1.0,4.3256431391363556e-05,3.8723299091755894e-05,3.827344423273419e-05,,0.020127239360995322,961,0,0.02427426503435454,0.02497949390992077,0.0,0.0,,,0.0,0.0,0.0,0,0,0,0,0,0,961,0,0,0,0,0,0,1.2656578216289441e-05,0.0005349706233422088,0.0005597307924138779,0.04322818899527192,0.07467604099656455,0.11872163499356247,0.7343650319962762
tracking,primary,,,,me5418-scenes-v1-0160,tight_layout,formal-g044,True,,,,,1.0,4.4954044147013854e-05,3.4830491277997196e-05,2.657370869022847e-05,0.004932946688285297,0.02013290024441336,0,0,0.027629600695695266,0.029507905507711957,0.0,0.0,,,0.0,0.0,0.0,0,0,0,961,0,0,961,0,0,0,0,0,0,1.3882781559004798e-05,0.0005745881632265082,0.0007111674053552027,0.0439587489963742,0.08462255500489846,0.12945488399418537,0.8886387019883841
tracking,primary,,,,me5418-scenes-v1-0167,near_link,formal-g051,True,,,,,1.0,3.995785213157563e-05,3.651938626773849e-05,3.995785213157563e-05,0.03819147631397987,0.020154933643945418,0,0,0.017844756150911113,0.02505446341111231,0.0,0.0,,,0.0,0.0,0.0,0,0,0,0,0,0,961,0,0,0,0,0,0,1.3528713149450292e-05,0.0005552120072631321,0.0006523674217987719,0.04411432199412957,0.0799730940052541,0.12493618899316061,0.829208467999706
tracking,primary,,,,me5418-scenes-v1-0173,tight_layout,formal-g057,True,,,,,1.0,4.724670163785519e-05,3.598302552409218e-05,2.440313404052858e-05,0.0030264520823568425,0.020149890321791424,0,0,0.03783513361966168,0.045094593864009935,0.0,0.0,,,0.0,0.0,0.0,0,0,0,961,0,0,961,0,0,0,0,0,0,1.3386177821909465e-05,0.0005552486216553614,0.000636097559299742,0.04475924999860581,0.08020493100048043,0.1258359180064872,0.8127011680044234
tracking,primary,,,,me5418-scenes-v1-0177,near_link,formal-g003,True,,,,,1.0,4.1399585437564056e-05,3.439592721918489e-05,2.4061231427319974e-05,0.049725540706937355,0.020154933643945418,0,0,0.03543704126754666,0.03565525763262968,0.0,0.0,,,0.0,0.0,0.0,0,0,0,0,0,0,961,0,0,0,0,0,0,1.3871874898541137e-05,0.0005620160364136003,0.0006979631521213984,0.043463081994559616,0.08157889600261115,0.12596937900525518,0.8721604430029402
tracking,primary,,,,me5418-scenes-v1-0184,far,formal-g010,True,,,,,1.0,4.306561264465733e-05,2.785641126257866e-05,4.2813847350983784e-05,,0.020152874981230424,961,0,0.018444221263182358,0.02882196190524508,0.0,0.0,,,0.0,0.0,0.0,0,0,0,0,0,0,961,0,0,0,0,0,0,1.3072771707811626e-05,0.0005408170079135744,0.0005654709533397787,0.0432977199961897,0.07473048100655433,0.11885760699806269,0.7366208659950644
tracking,primary,,,,me5418-scenes-v1-0187,near_link,formal-g013,True,,,,,1.0,4.013403829252939e-05,3.387837323463502e-05,3.2100235280213614e-05,0.008497030848914192,0.020123772713306745,0,0,0.03505000096995068,0.034597301783552935,0.0,0.0,,,0.0,0.0,0.0,0,0,0,961,0,0,961,0,0,0,0,0,0,1.3329015700946911e-05,0.0005588226738230636,0.0006566145263908159,0.044169296001200564,0.07991708599729463,0.12494025399792008,0.8318712539912667
tracking,primary,,,,me5418-scenes-v1-0189,far,formal-g015,True,,,,,1.0,3.012260504026511e-05,2.3589642327503568e-05,2.9424313280313683e-05,,0.01979237833120258,961,0,0.04256989733171235,0.056389334166549954,0.0,0.0,,,0.0,0.0,0.0,0,0,0,0,0,0,961,0,0,0,0,0,0,1.309545298984934e-05,0.0005419946719030122,0.0005668705985802566,0.04315998899983242,0.07433255900104996,0.11833200301043689,0.7397734900005162
tracking,primary,,,,me5418-scenes-v1-0195,near_link,formal-g021,True,,,,,1.0,5.270610121932852e-05,4.542596802314919e-05,4.459475077286617e-05,0.02314283294118527,0.01999137332697727,0,0,0.03554142097002081,0.04322731629326508,0.0,0.0,,,0.0,0.0,0.0,0,0,0,495,0,0,961,0,0,0,0,0,0,1.3441025885185809e-05,0.0005515993895642169,0.0006207638677551586,0.04289926600176841,0.07866579199617263,0.12240614599431865,0.7948861070035491
tracking,primary,,,,me5418-scenes-v1-0198,tight_layout,formal-g024,False,external_collision_band,related_collision:obstacle,tracking,2.5458333333333334,0.6364583333333333,2.396481911253012e-05,2.004401313116858e-05,,9.728843109074736e-05,0.01991615244319328,0,0,0.04140708654823814,0.060877716930661796,0.0,0.0,,,0.0,0.0,0.0,0,1,0,612,0,0,612,0,0,0,0,0,0,1.3718333254318413e-05,0.000572372495676711,0.0007080165173937666,0.04436023499874864,0.08219366399862338,0.1273770020052325,0.6140624839899829
tracking,primary,,,,me5418-scenes-v1-0207,near_link,formal-g033,True,,,,,1.0,6.33476769968545e-05,4.648119337095621e-05,3.0318156060669402e-05,0.02129219586853312,0.01963420739105913,0,0,0.04671964389676182,0.05747066247478083,0.0,0.0,,,0.0,0.0,0.0,0,0,0,484,0,0,961,0,0,0,0,0,0,1.362452045820343e-05,0.0005456645864493718,0.0006492739083266012,0.043609657004708424,0.08079679599904921,0.12527166699874215,0.8248348639899632
tracking,primary,,,,me5418-scenes-v1-0214,far,formal-g040,True,,,,,1.0,6.362026251679966e-05,4.503241166753739e-05,3.318693587829542e-05,,0.019745883579180952,961,0,0.044221461544300796,0.057819266002962645,0.0,0.0,,,0.0,0.0,0.0,0,0,0,0,0,0,961,0,0,0,0,0,0,1.2928271341176393e-05,0.0005242862208281925,0.0005488747424654624,0.0450209620030364,0.07468274800339714,0.1205975790071534,0.7222621510009049
tracking,primary,,,,me5418-scenes-v1-0218,tight_layout,formal-g044,True,,,,,1.0,4.884141530220618e-05,3.9973912177111025e-05,2.58599492898489e-05,0.0024354576344872425,0.019997454787733633,0,0,0.03651489833822967,0.03467584444689266,0.0,0.0,,,0.0,0.0,0.0,0,0,0,961,0,0,961,0,0,0,0,0,0,1.3767479003945482e-05,0.0005680500095119593,0.0007036855323197718,0.04292569500103127,0.08163354499265552,0.12542490499617998,0.8775704750005389
tracking,primary,,,,me5418-scenes-v1-0225,near_link,formal-g051,True,,,,,1.0,5.364263366144338e-05,3.8655471988826266e-05,3.3455129263451394e-05,0.0036422386926926315,0.02007758036394868,0,0,0.0238167025079827,0.03289353606090223,0.0,0.0,,,0.0,0.0,0.0,0,0,0,961,0,0,961,0,0,0,0,0,0,1.3692349511984503e-05,0.0005623253899102564,0.0006971084945234906,0.0432588539988501,0.08136131000355817,0.12547118100337684,0.8700650050013792
tracking,primary,,,,me5418-scenes-v1-0235,near_link,formal-g003,True,,,,,1.0,3.905477616018966e-05,3.5506111649898896e-05,3.905477616018966e-05,0.04572011190902536,0.020154933643945418,0,0,0.024682711295845046,0.02174308198842642,0.0,0.0,,,0.0,0.0,0.0,0,0,0,0,0,0,961,0,0,0,0,0,0,1.3666119533202922e-05,0.0005600520290651427,0.0006738290087317485,0.04323926698998548,0.08056344199576415,0.12469025500467978,0.8490391719969921
tracking,primary,,,,me5418-scenes-v1-0242,far,formal-g010,True,,,,,1.0,2.907919871262977e-05,2.7252471827729437e-05,2.656829797726892e-05,,0.020154933643945418,961,0,0.019401788652198115,0.02598905464847276,0.0,0.0,,,0.0,0.0,0.0,0,0,0,0,0,0,961,0,0,0,0,0,0,1.3037614204828666e-05,0.0005347117144992808,0.0005593285219523144,0.04420593199029099,0.07424439801252447,0.11933603299257811,0.7309826299897395
tracking,primary,,,,me5418-scenes-v1-0245,near_link,formal-g013,False,external_collision_band,related_collision:obstacle,tracking,1.7333333333333334,0.43333333333333335,4.200881368932203e-05,3.562670637155929e-05,,5.791796939092625e-05,0.02014107049257647,0,0,0.05225162561765017,0.06362675007232284,0.0,0.0,,,0.0,0.0,0.0,0,1,0,417,0,0,417,0,0,0,0,0,0,1.3688821040670432e-05,0.0005567192794422646,0.0006708132453660745,0.04490004200488329,0.08035362500231713,0.12617684100405313,0.44405887999164406
tracking,primary,,,,me5418-scenes-v1-0247,far,formal-g015,True,,,,,1.0,3.5778238331028336e-05,2.9965207101706497e-05,3.386338921684223e-05,,0.01975377340171998,961,0,0.06239303708370971,0.08720321653565924,0.0,0.0,,,0.0,0.0,0.0,0,0,0,0,0,0,961,0,0,0,0,0,0,1.310477644741089e-05,0.0005326191734487414,0.0005573143396607823,0.042859307999606244,0.07434467799612321,0.11801725199620705,0.7271424999926239
tracking,primary,,,,me5418-scenes-v1-0253,near_link,formal-g021,True,,,,,1.0,6.910800470380194e-05,4.857177002232995e-05,3.441620298991157e-05,0.012443191842040624,0.019655269634111933,0,0,0.05613015640288136,0.0735717432972951,0.0,0.0,,,0.0,0.0,0.0,0,0,0,516,0,0,961,0,0,0,0,0,0,1.3446114432251003e-05,0.0005448819731403395,0.0006146711884866818,0.04299387200444471,0.08048653500736691,0.12431988299067598,0.7899477509927237
tracking,primary,,,,me5418-scenes-v1-0256,tight_layout,formal-g024,False,external_collision_band,related_collision:obstacle,tracking,3.675,0.91875,3.7515172771122044e-05,3.177801453462885e-05,,9.904250557882938e-05,0.020137902372202025,0,0,0.03921494108320994,0.04096569350718713,0.0,0.0,,,0.0,0.0,0.0,0,1,0,478,0,0,883,0,0,0,0,0,0,1.3853576791335928e-05,0.0005737442197126353,0.0006992888855891748,0.04304975699051283,0.08064958300383296,0.12456593700335361,0.8146659649937646
tracking,primary,,,,me5418-scenes-v1-0260,near_link,formal-g028,True,,,,,1.0,3.356629624870725e-05,3.03810582161465e-05,3.2347382137525827e-05,0.02371862642923374,0.02013707407563687,0,0,0.022972368342629865,0.0312934137507169,0.0,0.0,,,0.0,0.0,0.0,0,0,0,961,0,0,961,0,0,0,0,0,0,1.3627931745456104e-05,0.0005679239374179209,0.0007033415833575419,0.042854037004872225,0.08212404599180445,0.12593176499649417,0.8771126960054971
tracking,primary,,,,me5418-scenes-v1-0272,far,formal-g040,True,,,,,1.0,4.991439243242634e-05,4.250453085552508e-05,3.841598316387314e-05,,0.02004440524703202,961,0,0.04316813766534471,0.046441901250274364,0.0,0.0,,,0.0,0.0,0.0,0,0,0,0,0,0,961,0,0,0,0,0,0,1.2780454047363795e-05,0.0005332250137447166,0.0005577852372122531,0.04382342800090555,0.07413259400345851,0.118844861004618,0.7285003859869903
tracking,primary,,,,me5418-scenes-v1-0276,tight_layout,formal-g044,True,,,,,1.0,5.6544939775073414e-05,4.114109245029424e-05,3.4560236271784894e-05,0.00833068764057128,0.01987608252706656,0,0,0.042031015221477154,0.037589003275079774,0.0,0.0,,,0.0,0.0,0.0,0,0,0,961,0,0,961,0,0,0,0,0,0,1.372582839091289e-05,0.0005625223387141886,0.0006938599793556932,0.042971518996637315,0.08448190700437408,0.1283150039962493,0.8710943789919838
tracking,primary,,,,me5418-scenes-v1-0283,near_link,formal-g051,True,,,,,1.0,4.2201176669552846e-05,3.4698301129200364e-05,2.4425591973382274e-05,0.007741295432937667,0.020154933643945418,0,0,0.016843501811099865,0.022904585628386265,0.0,0.0,,,0.0,0.0,0.0,0,0,0,961,0,0,961,0,0,0,0,0,0,1.37456986522011e-05,0.0005580911906235997,0.0006708567863370263,0.04380485200090334,0.08183797399397008,0.12656738300574943,0.8487096399912843
tracking,primary,,,,me5418-scenes-v1-0285,near_link,formal-g053,True,,,,,1.0,4.942612800297874e-05,3.7966423966792306e-05,2.6385623162503484e-05,0.027498808338817127,0.02010940131026183,0,0,0.02334942337264478,0.025026972098287262,0.0,0.0,,,0.0,0.0,0.0,0,0,0,540,0,0,961,0,0,0,0,0,0,1.3598474424725282e-05,0.0005659769654812408,0.0006900851667827131,0.0433506440022029,0.08274483701097779,0.12697162599943113,0.8658884150063386
tracking,primary,,,,me5418-scenes-v1-0289,tight_layout,formal-g057,True,,,,,1.0,5.97623308495818e-05,4.324398318507871e-05,2.6107303766191525e-05,0.0035352496961960217,0.019952682974876686,0,0,0.03413354236613311,0.04051455333186005,0.0,0.0,,,0.0,0.0,0.0,0,0,0,961,0,0,961,0,0,0,0,0,0,1.3783292312533982e-05,0.0005566788270243705,0.0006663468853124262,0.04344019299605861,0.08210558899736498,0.12648019699554425,0.8427119419939118
tracking,primary,,,,me5418-scenes-v1-0293,near_link,formal-g003,True,,,,,1.0,5.193729867470015e-05,3.8013282936163265e-05,3.20480146376109e-05,0.0358339938096439,0.020033651317753358,0,0,0.036254563245641275,0.036203503923245256,0.0,0.0,,,0.0,0.0,0.0,0,0,0,0,0,0,961,0,0,0,0,0,0,1.3608186918645515e-05,0.0005549882206044762,0.0006572420293650793,0.04370604500581976,0.08077030698768795,0.12539918399124872,0.8320287929964252
tracking,primary,,,,me5418-scenes-v1-0300,far,formal-g010,True,,,,,1.0,3.9386613601798534e-05,2.7872969396747028e-05,3.729976393581315e-05,,0.020118983842968244,961,0,0.0233056980233477,0.03572815089968606,0.0,0.0,,,0.0,0.0,0.0,0,0,0,0,0,0,961,0,0,0,0,0,0,1.2776739064671952e-05,0.0005417839635053194,0.0005664810093852187,0.043457606006995775,0.0745883929921547,0.11888095400354359,0.7394607629976235
tracking,primary,,,,me5418-scenes-v1-0303,near_link,formal-g013,True,,,,,1.0,4.63223830011197e-05,3.7756744639213404e-05,2.461017288438365e-05,0.004969780169336829,0.02014019802184689,0,0,0.02246472049086166,0.02534160217093767,0.0,0.0,,,0.0,0.0,0.0,0,0,0,961,0,0,961,0,0,0,0,0,0,1.3538541755527453e-05,0.0005593885619115705,0.000656842717762629,0.0428537549887551,0.07954092499858234,0.12327588400512468,0.8298369139956776
tracking,primary,,,,me5418-scenes-v1-0305,far,formal-g015,True,,,,,1.0,3.028534558829613e-05,2.425509666683932e-05,2.9714843146565977e-05,,0.019785098544537173,961,0,0.043081559439429706,0.057356900452585735,0.0,0.0,,,0.0,0.0,0.0,0,0,0,0,0,0,961,0,0,0,0,0,0,1.2851666876182813e-05,0.0005363886581259673,0.0005609017949154804,0.0432139839977026,0.07429472699004691,0.11834234600246418,0.732280284006265
tracking,primary,,,,me5418-scenes-v1-0311,near_link,formal-g021,True,,,,,1.0,4.797340591448894e-05,3.8981097888743144e-05,2.5196426002319562e-05,0.0474224588032051,0.020106582691061324,0,0,0.022699462285273798,0.023957146140687533,0.0,0.0,,,0.0,0.0,0.0,0,0,0,0,0,0,961,0,0,0,0,0,0,1.3322729652524382e-05,0.0005494755155874979,0.0006189945988505012,0.04335005099710543,0.07795089999854099,0.12212892599927727,0.7917129510024097
tracking,primary,,,,me5418-scenes-v1-0314,tight_layout,formal-g024,True,,,,,1.0,4.075661848770328e-05,3.525924401568439e-05,3.2370974290728055e-05,0.00035730122628458566,0.020154933643945418,0,0,0.03434008852998025,0.03913169451428928,0.0,0.0,,,0.0,0.0,0.0,0,0,0,599,0,0,961,0,0,0,0,0,0,1.3819129435432842e-05,0.0005748616154808891,0.0007114431271475041,0.04395497300720308,0.08259911701316014,0.12748376600211486,0.886508714989759
tracking,primary,,,,me5418-scenes-v1-0316,near_link,formal-g026,True,,,,,1.0,5.795689889206721e-05,4.1284787254004506e-05,3.394408202872028e-05,0.03421865987034427,0.02006562129264724,0,0,0.03657433653986668,0.037386043562006664,0.0,0.0,,,0.0,0.0,0.0,0,0,0,0,0,0,961,0,0,0,0,0,0,1.3632087833078307e-05,0.000554975474976042,0.0006573093229235383,0.04360186601115856,0.08109006698941812,0.1255375600012485,0.832442501996411
tracking,primary,,,,me5418-scenes-v1-0323,near_link,formal-g033,False,external_collision_band,related_collision:obstacle,tracking,1.7916666666666667,0.4479166666666667,5.5703535107114474e-05,4.2822998976517736e-05,,6.703375123982835e-05,0.020108629515553818,0,0,0.026359819418066723,0.030821990894180196,0.0,0.0,,,0.0,0.0,0.0,0,1,0,431,0,0,431,0,0,0,0,0,0,1.3725128028877513e-05,0.0005589558554103944,0.0006519457516883132,0.04358062599203549,0.07985135799390264,0.12431401800131425,0.4446221239923034
tracking,primary,,,,me5418-scenes-v1-0330,far,formal-g040,True,,,,,1.0,6.116462917807047e-05,4.44277100254876e-05,2.9653351232071326e-05,,0.01984994475380314,961,0,0.04443589062866118,0.054458411157590356,0.0,0.0,,,0.0,0.0,0.0,0,0,0,0,0,0,961,0,0,0,0,0,0,1.2998483498449787e-05,0.0005248627832012668,0.0005494436311740476,0.04355771299742628,0.0740386010002112,0.11850022998987697,0.7205652699922211
tracking,primary,,,,me5418-scenes-v1-0341,near_link,formal-g051,True,,,,,1.0,3.78476481417926e-05,3.218136988898589e-05,3.255259748925178e-05,0.0351064111365678,0.020079339079830658,0,0,0.034057535929092844,0.0497874731125746,0.0,0.0,,,0.0,0.0,0.0,0,0,0,0,0,0,961,0,0,0,0,0,0,1.3570953494005758e-05,0.000553593850205895,0.0006525964777968815,0.043519359998754226,0.07927449799899478,0.12380739099171478,0.8257272480113897
tracking,primary,,,,me5418-scenes-v1-0344,tight_layout,formal-g054,True,,,,,1.0,5.870671409030396e-05,4.492841792302957e-05,2.7479953297091022e-05,0.0030983267414594617,0.019748303467756856,0,0,0.046771231438247705,0.06685052060217311,0.0,0.0,,,0.0,0.0,0.0,0,0,0,961,0,0,961,0,0,0,0,0,0,1.3886380277957263e-05,0.0005673837029917195,0.0007015939448137942,0.04506577900610864,0.08231134100060444,0.12829682699521072,0.8780341050005518
tracking,primary,,,,me5418-scenes-v1-0351,near_link,formal-g003,True,,,,,1.0,5.9952717544897575e-05,4.3758101364851195e-05,3.66237267902528e-05,0.02227609368224262,0.01974451576936418,0,0,0.04839542671007027,0.046652619055211786,0.0,0.0,,,0.0,0.0,0.0,0,0,0,408,0,0,961,0,0,0,0,0,0,1.3664114703715313e-05,0.000549214249834525,0.0006462633634328086,0.04433787499147002,0.07977850800671149,0.12501932799932547,0.8218197169917403
tracking,primary,,,,me5418-scenes-v1-0357,tight_layout,formal-g009,True,,,,,1.0,3.866075170413229e-05,2.4356689384790056e-05,3.866075170413229e-05,0.002489121760410676,0.01999229861770741,0,0,0.030699157885460324,0.039485800071493826,0.0,0.0,,,0.0,0.0,0.0,0,0,0,961,0,0,961,0,0,0,0,0,0,1.3712369460942378e-05,0.000558985581271069,0.0006440389040562877,0.043677756999386474,0.08045003499137238,0.12501489899295848,0.8200251029920764
tracking,primary,,,,me5418-scenes-v1-0358,far,formal-g010,True,,,,,1.0,3.163356084743656e-05,3.008923025577378e-05,2.924342022690534e-05,,0.020154933643945418,961,0,0.016165046952487074,0.020866954926651304,0.0,0.0,,,0.0,0.0,0.0,0,0,0,0,0,0,961,0,0,0,0,0,0,1.2888244934098717e-05,0.00053199145927465,0.0005566018457254055,0.04362911600037478,0.07446753799740691,0.11889241600874811,0.7290167040046072
tracking,primary,,,,me5418-scenes-v1-0361,near_link,formal-g013,True,,,,,1.0,3.928939680133881e-05,3.583981396805789e-05,3.730455523142099e-05,0.026378315409275294,0.020154933643945418,0,0,0.017816131075056092,0.017924374854236872,0.0,0.0,,,0.0,0.0,0.0,0,0,0,367,0,0,961,0,0,0,0,0,0,1.3386572542610034e-05,0.0005558360950544738,0.0006473889540757228,0.042862188012804836,0.07955713001138065,0.12327072399784811,0.8209861869981978
tracking,primary,,,,me5418-scenes-v1-0363,far,formal-g015,True,,,,,1.0,3.100015286808726e-05,2.5693527750377097e-05,2.5101552221532325e-05,,0.01999485078384361,961,0,0.03601018063174098,0.05100344093409233,0.0,0.0,,,0.0,0.0,0.0,0,0,0,0,0,0,961,0,0,0,0,0,0,1.2785911470321784e-05,0.0005326676156528265,0.0005572548728196125,0.04323123399808537,0.07458024099469185,0.11861618400143925,0.7287724549969425
tracking,primary,,,,me5418-scenes-v1-0369,near_link,formal-g021,True,,,,,1.0,4.0497179676962736e-05,3.69513176601395e-05,3.733185436705071e-05,0.033079626536892615,0.020145049178028653,0,0,0.017372597797291712,0.01923562001119754,0.0,0.0,,,0.0,0.0,0.0,0,0,0,0,0,0,961,0,0,0,0,0,0,1.3379723820132009e-05,0.0005558952175306331,0.0006264263857095405,0.044459943994297646,0.07869713399850298,0.12411199099733494,0.8025602939887904
tracking,primary,,,,me5418-scenes-v1-0372,tight_layout,formal-g024,False,external_collision_band,related_collision:obstacle,tracking,2.775,0.69375,3.239230785427632e-05,2.783351144724615e-05,,7.257298595039763e-05,0.019796641485232296,0,0,0.05403543648445515,0.0672330237874604,0.0,0.0,,,0.0,0.0,0.0,0,1,0,348,0,0,667,0,0,0,0,0,0,1.3747805496677756e-05,0.0005731807255001555,0.0006968084987007884,0.04345812099927571,0.08137443900341168,0.12570681200304534,0.6462946550018387
tracking,primary,,,,me5418-scenes-v1-0381,near_link,formal-g033,False,external_collision_band,related_collision:obstacle,tracking,3.1166666666666667,0.7791666666666667,5.541220104092505e-05,4.1829086389151165e-05,,9.607853323303356e-05,0.01999144480566624,0,0,0.025499451507370166,0.03548039055037369,0.0,0.0,,,0.0,0.0,0.0,0,1,0,749,0,0,749,0,0,0,0,0,0,1.3484279334079474e-05,0.0005493849987645987,0.0006425704774437448,0.04326305299764499,0.07908728999609593,0.12320869399991352,0.6657818980020238
tracking,primary,,,,me5418-scenes-v1-0388,far,formal-g040,True,,,,,1.0,4.260291219505737e-05,3.8065196454039365e-05,3.728588227145134e-05,,0.02009317612484539,961,0,0.02279313003318979,0.031019910025416417,0.0,0.0,,,0.0,0.0,0.0,0,0,0,0,0,0,961,0,0,0,0,0,0,1.2817364601384421e-05,0.000530951000822218,0.0005557404114370001,0.04291965400625486,0.07526977101224475,0.11902340099914,0.7267024500033585
tracking,primary,,,,me5418-scenes-v1-0399,near_link,formal-g051,True,,,,,1.0,4.154739450316007e-05,3.5352674366367195e-05,2.3638810109870228e-05,0.028689600665636986,0.020154933643945418,0,0,0.018715599224886224,0.024189197276740432,0.0,0.0,,,0.0,0.0,0.0,0,0,0,223,0,0,961,0,0,0,0,0,0,1.3441994345460747e-05,0.0005565003146936457,0.0006618695448347959,0.043463652007631026,0.08022248301131185,0.12454784200235736,0.8357437950035091
tracking,primary,,,,me5418-scenes-v1-0409,near_link,formal-g003,True,,,,,1.0,4.2312475591982894e-05,3.4129932965198015e-05,2.5023516342571212e-05,0.031039422677354767,0.020154933643945418,0,0,0.025357054229868788,0.02983049848893987,0.0,0.0,,,0.0,0.0,0.0,0,0,0,0,0,0,961,0,0,0,0,0,0,1.3745510538380282e-05,0.000564832385604556,0.0007002299761400839,0.04350509001233149,0.08108092298789416,0.1254827360098716,0.8744548579998082
tracking,primary,,,,me5418-scenes-v1-0415,tight_layout,formal-g009,True,,,,,1.0,3.412627086087963e-05,2.800951342365767e-05,3.393157465413164e-05,0.0008555305908681601,0.019760624555618424,0,0,0.0540859292529845,0.07309940977760188,0.0,0.0,,,0.0,0.0,0.0,0,0,0,961,0,0,961,0,0,0,0,0,0,1.3783880376649904e-05,0.0005701920436119205,0.0006563203257276957,0.04311121499631554,0.08076221999363042,0.12474401999497786,0.832386365000275
tracking,primary,,,,me5418-scenes-v1-0416,far,formal-g010,True,,,,,1.0,4.427846857091465e-05,2.9057608152094316e-05,4.275098495271286e-05,,0.020154933643945418,961,0,0.023272477773791225,0.030965137360738,0.0,0.0,,,0.0,0.0,0.0,0,0,0,0,0,0,961,0,0,0,0,0,0,1.2736724632607851e-05,0.0005380917395238308,0.0005627447157924811,0.04299813100078609,0.0744595589931123,0.11833555799967144,0.7333715249988018
tracking,primary,,,,me5418-scenes-v1-0419,near_link,formal-g013,True,,,,,1.0,5.0188426991646964e-05,3.72207677561358e-05,2.7775697342202782e-05,0.026518817317713786,0.02012989367182154,0,0,0.02485295572124092,0.02501664256324071,0.0,0.0,,,0.0,0.0,0.0,0,0,0,296,0,0,961,0,0,0,0,0,0,1.3326364372308793e-05,0.0005553748893059189,0.0006571942562004551,0.04332310499739833,0.08052278700051829,0.1247080910106888,0.8305792229948565
tracking,primary,,,,me5418-scenes-v1-0421,far,formal-g015,True,,,,,1.0,3.111483422629584e-05,2.6751710597259337e-05,3.087825976843583e-05,,0.019757163557647596,961,0,0.0503438505350631,0.06371195797784684,0.0,0.0,,,0.0,0.0,0.0,0,0,0,0,0,0,961,0,0,0,0,0,0,1.2909217957712826e-05,0.0005371395155634673,0.0005618020175006677,0.043003389990190044,0.0745085700036725,0.11834832098975312,0.7330086799920537
tracking,primary,,,,me5418-scenes-v1-0427,near_link,formal-g021,True,,,,,1.0,5.409420179300229e-05,3.9550374087031425e-05,2.882874512467579e-05,0.021048292559040893,0.020009079497988087,0,0,0.025889167999246985,0.026077647414980296,0.0,0.0,,,0.0,0.0,0.0,0,0,0,565,0,0,961,0,0,0,0,0,0,1.3246624879078203e-05,0.0005434369551039709,0.0006129280934752993,0.042961892002495006,0.07868492598936427,0.1225545529887313,0.7864182060002349
tracking,primary,,,,me5418-scenes-v1-0430,tight_layout,formal-g024,False,external_collision_band,related_collision:obstacle,tracking,3.3291666666666666,0.8322916666666667,3.773458341021144e-05,3.1081358383646974e-05,,9.603324234574301e-05,0.020070429275025996,0,0,0.04705269015135282,0.04657235270343877,0.0,0.0,,,0.0,0.0,0.0,0,1,0,557,0,0,800,0,0,0,0,0,0,1.4628868393629091e-05,0.0005978374794861057,0.0007378871025243956,0.044472795008914545,0.08129996400384698,0.12666761899890844,0.7832775999995647
tracking,primary,,,,me5418-scenes-v1-0446,far,formal-g040,True,,,,,1.0,5.031682974304749e-05,4.2511397865739954e-05,3.7615961306614984e-05,,0.020012729391456804,961,0,0.04502861027861288,0.05425284825030185,0.0,0.0,,,0.0,0.0,0.0,0,0,0,0,0,0,961,0,0,0,0,0,0,1.279125520644205e-05,0.0005359180502182426,0.0005608790071012967,0.042810315993847325,0.07436340500134975,0.117993469000794,0.7318140610004775
tracking,primary,,,,me5418-scenes-v1-0457,near_link,formal-g051,True,,,,,1.0,4.6429985233046045e-05,3.521877376487716e-05,2.6556777003336175e-05,0.008615475822926114,0.020154933643945418,0,0,0.025958414990195723,0.030840444541032352,0.0,0.0,,,0.0,0.0,0.0,0,0,0,961,0,0,961,0,0,0,0,0,0,1.369243796034425e-05,0.0005636992259042018,0.0006974139625071984,0.043946981997578405,0.08144807200005744,0.12634041901037563,0.8729398040013621
tracking,primary,,,,me5418-scenes-v1-0460,tight_layout,formal-g054,True,,,,,1.0,4.056828370625667e-05,2.788079326088286e-05,3.78791062778448e-05,0.002034697414519504,0.020142225241238716,0,0,0.030413189729384373,0.0314044837900988,0.0,0.0,,,0.0,0.0,0.0,0,0,0,703,0,0,961,0,0,0,0,0,0,1.4049009754065386e-05,0.000589807964464247,0.0007263473958725324,0.042678215002524666,0.08301634300732985,0.12657080301141832,0.9000825679977424
tracking,primary,,,,me5418-scenes-v1-0467,near_link,formal-g003,True,,,,,1.0,4.418186425132287e-05,3.4891353559865956e-05,2.5556024559100437e-05,0.040171117691539915,0.020133103452207514,0,0,0.017966806173618146,0.022558206355495047,0.0,0.0,,,0.0,0.0,0.0,0,0,0,0,0,0,961,0,0,0,0,0,0,1.3807000641463674e-05,0.000558442441539834,0.0006919177678355482,0.04297750099794939,0.08061057000304572,0.12449180700059514,0.8663127179897856
tracking,primary,,,,me5418-scenes-v1-0473,tight_layout,formal-g009,False,external_collision_band,related_collision:obstacle,tracking,3.6999999999999997,0.9249999999999999,3.267090145210181e-05,2.6559304636757695e-05,,9.771044746307439e-05,0.019906642435466707,0,0,0.04257332950631522,0.056983832067486945,0.0,0.0,,,0.0,0.0,0.0,0,1,0,889,0,0,889,0,0,0,0,0,0,1.3249657549136684e-05,0.0005563604811925928,0.0006387672150234361,0.04252926300978288,0.07890087099804077,0.1222682670049835,0.7605167590081692
tracking,primary,,,,me5418-scenes-v1-0474,far,formal-g010,True,,,,,1.0,3.1808573984007904e-05,2.9439750597069715e-05,2.6574543689675227e-05,,0.020137509426437487,961,0,0.030029455953875298,0.039609117874634774,0.0,0.0,,,0.0,0.0,0.0,0,0,0,0,0,0,961,0,0,0,0,0,0,1.2890494190287427e-05,0.0005378595653989275,0.0005626044436212396,0.042860728994128294,0.07416741200722754,0.11784369200177025,0.7334345569979632
tracking,primary,,,,me5418-scenes-v1-0477,near_link,formal-g013,True,,,,,1.0,4.468409732814563e-05,4.021361190287305e-05,4.186029333734645e-05,0.01321658047636734,0.02015402257418014,0,0,0.02470074154288065,0.028412425233058383,0.0,0.0,,,0.0,0.0,0.0,0,0,0,602,0,0,961,0,0,0,0,0,0,1.3613999802449447e-05,0.0005537155354280306,0.0006541959342484915,0.043791145988507196,0.07985285800532438,0.12457696400815621,0.8291338109993376
tracking,primary,,,,me5418-scenes-v1-0479,far,formal-g015,True,,,,,1.0,3.1256253499222726e-05,2.6461912973479077e-05,3.0913802361587084e-05,,0.019755466962658598,961,0,0.05297841003896868,0.06872271818105927,0.0,0.0,,,0.0,0.0,0.0,0,0,0,0,0,0,961,0,0,0,0,0,0,1.2863697747889091e-05,0.0005359290853145164,0.000560439445598604,0.04314950499974657,0.07481397199444473,0.11879136999777984,0.7317575399938505
tracking,primary,,,,me5418-scenes-v1-0485,near_link,formal-g021,True,,,,,1.0,5.436769533306403e-05,4.609385197214292e-05,4.322445124062035e-05,0.025636979938305868,0.019972273423109345,0,0,0.04392327259638926,0.051101655120929595,0.0,0.0,,,0.0,0.0,0.0,0,0,0,338,0,0,961,0,0,0,0,0,0,1.3254588338895701e-05,0.0005498300573132535,0.0006190504164654461,0.04391415799909737,0.07842420900124125,0.12319235899485648,0.7928799559886102
tracking,primary,,,,me5418-scenes-v1-0488,tight_layout,formal-g024,True,,,,,1.0,4.010666133204535e-05,3.1452244542859523e-05,4.0104001448348746e-05,0.0021585433006039018,0.020010452284280916,0,0,0.04568690292407547,0.04244613029349246,0.0,0.0,,,0.0,0.0,0.0,0,0,0,566,0,0,961,0,0,0,0,0,0,1.3940734409819319e-05,0.0005741342242193544,0.0007083798075351903,0.04303553899808321,0.08215866899990942,0.1260275719978381,0.8817965499911224
tracking,primary,,,,me5418-scenes-v1-0497,near_link,formal-g033,False,external_collision_band,related_collision:obstacle,tracking,2.308333333333333,0.5770833333333333,6.808405951548703e-05,5.555107576650191e-05,,6.36793827083898e-05,0.019724702083849972,0,0,0.05427115176099904,0.0732321887706961,0.0,0.0,,,0.0,0.0,0.0,0,1,0,555,0,0,555,0,0,0,0,0,0,1.3554902817542154e-05,0.0005471627346426164,0.0006393130594918703,0.042904321002424695,0.07865721800772008,0.12246648699510843,0.5259608999913326
tracking,primary,,,,me5418-scenes-v1-0504,far,formal-g040,True,,,,,1.0,3.834921285974032e-05,3.521201503671232e-05,3.4926180675919596e-05,,0.020143093280061704,961,0,0.016687921786469776,0.016093475103213288,0.0,0.0,,,0.0,0.0,0.0,0,0,0,0,0,0,961,0,0,0,0,0,0,1.2887208185929921e-05,0.0005321478779630221,0.0005569524393952937,0.04330468599800952,0.07441117000416853,0.11852208799973596,0.7283536280010594
tracking,primary,,,,me5418-scenes-v1-0508,tight_layout,formal-g044,False,external_collision_band,related_collision:obstacle,tracking,0.8666666666666667,0.21666666666666667,3.70614542338096e-05,2.783963940768296e-05,,6.773891929819781e-05,0.020152843872181227,0,0,0.03857895958856793,0.018506544627571644,0.0,0.0,,,0.0,0.0,0.0,0,1,0,209,0,0,209,0,0,0,0,0,0,1.4329548451184695e-05,0.0005786664175432704,0.0007189458652087174,0.04425661299319472,0.0844096180080669,0.1294841560011264,0.30343619399354793
tracking,primary,,,,me5418-scenes-v1-0515,near_link,formal-g051,True,,,,,1.0,4.568535307800226e-05,3.7829838170310765e-05,3.80823354316164e-05,0.03152435695420547,0.020088067218839538,0,0,0.045176624726916165,0.05770593468749968,0.0,0.0,,,0.0,0.0,0.0,0,0,0,0,0,0,961,0,0,0,0,0,0,1.3333667008434228e-05,0.0005595981509638174,0.0006611031777386719,0.043444189010187984,0.08027360899723135,0.12454873700335156,0.8344781199994031
tracking,primary,,,,me5418-scenes-v1-0518,tight_layout,formal-g054,False,external_collision_band,related_collision:obstacle,tracking,2.5875,0.646875,2.7670382307572994e-05,2.579371184851361e-05,,8.59640156737132e-05,0.020154933643945418,0,0,0.0233222443716693,0.026531318978579244,0.0,0.0,,,0.0,0.0,0.0,0,1,0,622,0,0,622,0,0,0,0,0,0,1.384380750823766e-05,0.0005746192739886155,0.0007101015490367288,0.043678631001967005,0.08370240200019907,0.12825711800542194,0.6240850329922978
tracking,primary,,,,me5418-scenes-v1-0525,near_link,formal-g003,True,,,,,1.0,3.4512850464175156e-05,3.2003311955108316e-05,3.4437999299531574e-05,0.046246413225890945,0.020154933643945418,0,0,0.02226266538850159,0.022769615836836003,0.0,0.0,,,0.0,0.0,0.0,0,0,0,0,0,0,961,0,0,0,0,0,0,1.3465136059191233e-05,0.0005584335720262364,0.000658009187600328,0.04335736500797793,0.08083819400053471,0.12503712699981406,0.834491807006998
tracking,primary,,,,me5418-scenes-v1-0532,far,formal-g010,True,,,,,1.0,4.5068138294048864e-05,3.122540713680154e-05,4.414417238183893e-05,,0.020151903415605694,961,0,0.02984871128481366,0.03895220848933728,0.0,0.0,,,0.0,0.0,0.0,0,0,0,0,0,0,961,0,0,0,0,0,0,1.2943781105908178e-05,0.0005376829021770391,0.0005624483226862746,0.04357198999787215,0.07458596798824146,0.11898435899638571,0.7341740780102555
tracking,primary,,,,me5418-scenes-v1-0535,near_link,formal-g013,True,,,,,1.0,4.447101360951819e-05,4.008559582075369e-05,4.196900880038716e-05,0.031300359537193165,0.020154933643945418,0,0,0.0244128479806681,0.027421433817269896,0.0,0.0,,,0.0,0.0,0.0,0,0,0,0,0,0,961,0,0,0,0,0,0,1.3241025423364286e-05,0.0005534789374905813,0.0006343269001717999,0.044671625990304165,0.07935297799122054,0.12488410799414851,0.8114045739930589
tracking,primary,,,,me5418-scenes-v1-0537,far,formal-g015,True,,,,,1.0,3.360987044894618e-05,2.8245483272712814e-05,3.352390764459901e-05,,0.019762627724665076,961,0,0.05061610585428463,0.06606708451315303,0.0,0.0,,,0.0,0.0,0.0,0,0,0,0,0,0,961,0,0,0,0,0,0,1.2909297462708006e-05,0.0005361770571046994,0.0005611800998546339,0.04308825600310229,0.07444274699082598,0.11838337300287094,0.7958923099940876
tracking,primary,,,,me5418-scenes-v1-0543,near_link,formal-g021,True,,,,,1.0,6.879451255977015e-05,5.087504729577951e-05,4.2717270818834695e-05,0.04404437640179121,0.01963043792186045,0,0,0.05491790459113648,0.06380346862948996,0.0,0.0,,,0.0,0.0,0.0,0,0,0,0,0,0,961,0,0,0,0,0,0,1.3138572815781421e-05,0.0005384387477837056,0.0006077647989362352,0.04654027399374172,0.0781398069957504,0.12560490700707305,0.7854196240077727
tracking,primary,,,,me5418-scenes-v1-0546,tight_layout,formal-g024,True,,,,,1.0,3.8052422538823775e-05,3.45638354091744e-05,3.331333129258584e-05,0.0033571874116949396,0.020150786442235703,0,0,0.02194018391798881,0.02192078484594251,0.0,0.0,,,0.0,0.0,0.0,0,0,0,961,0,0,961,0,0,0,0,0,0,1.3786094162545245e-05,0.000572355157525332,0.0007072062925696324,0.04306751600233838,0.08185802701336797,0.1257820909959264,0.8819021679955767
tracking,primary,,,,me5418-scenes-v1-0555,near_link,formal-g033,False,external_collision_band,related_collision:obstacle,tracking,1.0875,0.271875,6.046757867052326e-05,4.124876023119138e-05,,6.650890057243591e-05,0.020130127160200413,0,0,0.059287592626552234,0.040529403799157704,0.0,0.0,,,0.0,0.0,0.0,0,1,0,262,0,0,262,0,0,0,0,0,0,1.409411224984687e-05,0.000558191903361023,0.0006527733107916368,0.043397860004915856,0.07927813500282355,0.12350041100580711,0.32167278199631255
tracking,primary,,,,me5418-scenes-v1-0562,far,formal-g040,True,,,,,1.0,4.863610229519846e-05,4.087964111467051e-05,2.5995213106306088e-05,,0.020058550909440385,961,0,0.021929774497294406,0.025695160931549735,0.0,0.0,,,0.0,0.0,0.0,0,0,0,0,0,0,961,0,0,0,0,0,0,1.2803031874379181e-05,0.0005303295365289766,0.0005551290656815884,0.04484137499821372,0.07622486099717207,0.12197676500363741,0.7288957379932981
tracking,primary,,,,me5418-scenes-v1-0573,near_link,formal-g051,True,,,,,1.0,3.319943727029534e-05,2.676894103276858e-05,2.4289336744891792e-05,0.018507050607536227,0.019914082100313,0,0,0.04211392414565009,0.06068890739938955,0.0,0.0,,,0.0,0.0,0.0,0,0,0,961,0,0,961,0,0,0,0,0,0,1.4020869002706604e-05,0.0005772235031296683,0.0007128444742647844,0.04395604399906006,0.08237117499811575,0.12720405400614254,0.888224241003627
tracking,primary,,,,me5418-scenes-v1-0583,near_link,formal-g003,True,,,,,1.0,5.872958835344661e-05,4.201817377567108e-05,3.232746894511718e-05,0.03305096427362342,0.019794716947563643,0,0,0.04588360471734559,0.04322019167461408,0.0,0.0,,,0.0,0.0,0.0,0,0,0,0,0,0,961,0,0,0,0,0,0,1.3269542174991026e-05,0.0005469755811949047,0.000649454343420075,0.0432393400114961,0.07972785399761051,0.12381106699467637,0.8238387199962744
tracking,primary,,,,me5418-scenes-v1-0589,tight_layout,formal-g009,True,,,,,1.0,3.666476285173211e-05,3.0293496874284534e-05,3.666476285173211e-05,0.008059092788477593,0.019761444363602478,0,0,0.054906110505679555,0.07339055545242514,0.0,0.0,,,0.0,0.0,0.0,0,0,0,602,0,0,961,0,0,0,0,0,0,1.3258239505375968e-05,0.0005530096749225777,0.0006332381957690813,0.04295560398895759,0.07788208800775465,0.12168535198725294,0.8059297120053088
tracking,primary,,,,me5418-scenes-v1-0590,far,formal-g010,True,,,,,1.0,2.9265735956465304e-05,2.6621064081736318e-05,2.6249645469028438e-05,,0.020154933643945418,961,0,0.014549207832114674,0.022735740454245645,0.0,0.0,,,0.0,0.0,0.0,0,0,0,0,0,0,961,0,0,0,0,0,0,1.3053463211084212e-05,0.0005390652673668228,0.0005643063253198004,0.04320091700355988,0.07505845600098837,0.11904907399730291,0.7371238170017023
tracking,primary,,,,me5418-scenes-v1-0593,near_link,formal-g013,True,,,,,1.0,4.3943162341719646e-05,3.791185498371111e-05,3.576578258963896e-05,0.016019280162067634,0.020154933643945418,0,0,0.03649341174127855,0.042595724026279196,0.0,0.0,,,0.0,0.0,0.0,0,0,0,615,0,0,961,0,0,0,0,0,0,1.3396297390499967e-05,0.0005621272571412798,0.0006610263074738517,0.0442486550018657,0.08126492399605922,0.12634855500073172,0.8382354380009929
tracking,primary,,,,me5418-scenes-v1-0595,far,formal-g015,True,,,,,1.0,2.9757099832364455e-05,2.4288460821752128e-05,2.2645567968014824e-05,,0.019918194315494867,961,0,0.04523213369506335,0.05908006748390178,0.0,0.0,,,0.0,0.0,0.0,0,0,0,0,0,0,961,0,0,0,0,0,0,1.2642115279959398e-05,0.0005328497574434247,0.0005575983112824664,0.04332955899008084,0.07463627800461836,0.1188451470079599,0.7287997399980668
tracking,primary,,,,me5418-scenes-v1-0601,near_link,formal-g021,True,,,,,1.0,4.515587830104825e-05,4.046606683859312e-05,4.1188527693301164e-05,0.0386635876415215,0.020133538004135122,0,0,0.024442206323656075,0.027849419446881057,0.0,0.0,,,0.0,0.0,0.0,0,0,0,0,0,0,961,0,0,0,0,0,0,1.3068667006640075e-05,0.000551372270850455,0.0006207972097702926,0.043422264003311284,0.07811120898986701,0.1223978150082985,0.794492037006421
tracking,primary,,,,me5418-scenes-v1-0604,tight_layout,formal-g024,False,external_collision_band,related_collision:obstacle,tracking,3.8291666666666666,0.9572916666666667,3.340503912062341e-05,2.8225113708551843e-05,,9.887792156871439e-05,0.02008961296497634,0,0,0.03136845016854589,0.027405323576892963,0.0,0.0,,,0.0,0.0,0.0,0,1,0,920,0,0,920,0,0,0,0,0,0,1.3724222536320271e-05,0.0005739547683388933,0.0007112701509605944,0.04372538600000553,0.08145764700020663,0.12623516899475362,0.8540388800029177
tracking,primary,,,,me5418-scenes-v1-0608,near_link,formal-g028,True,,,,,1.0,3.751922202652337e-05,2.8400945635947452e-05,2.4184825551318568e-05,0.025009411642714627,0.019814958132927114,0,0,0.056202505902620825,0.081838656252708,0.0,0.0,,,0.0,0.0,0.0,0,0,0,443,0,0,961,0,0,0,0,0,0,1.3828953266662817e-05,0.0005736840867029969,0.0007091329071045038,0.043713583989301696,0.0828592219913844,0.1274723440001253,0.8846977100038202
tracking,primary,,,,me5418-scenes-v1-0613,near_link,formal-g033,True,,,,,1.0,6.725613620813889e-05,5.059671397704219e-05,3.452736631134019e-05,0.007389722023305942,0.019608568540392377,0,0,0.05673952131270526,0.0712474517539522,0.0,0.0,,,0.0,0.0,0.0,0,0,0,961,0,0,961,0,0,0,0,0,0,1.3409494840743719e-05,0.0005406569169432866,0.0006329147615967182,0.04387404699809849,0.07844735200342257,0.12321873199834954,0.8070977229945129
tracking,primary,,,,me5418-scenes-v1-0614,tight_layout,formal-g034,True,,,,,1.0,4.1759289544314114e-05,3.275628809931362e-05,3.83689711070994e-05,0.004894378576429673,0.020143135455907533,0,0,0.03886433361368066,0.044930141229498705,0.0,0.0,,,0.0,0.0,0.0,0,0,0,961,0,0,961,0,0,0,0,0,0,1.3857953566306e-05,0.0005818726053500238,0.0007165564839548703,0.0427328910009237,0.0824904049950419,0.12609789699490648,0.8897359609982232
tracking,primary,,,,me5418-scenes-v1-0620,far,formal-g040,True,,,,,1.0,4.839009669608144e-05,4.260474945896305e-05,4.30903633886011e-05,,0.02004435092898041,961,0,0.02506596490501741,0.03254447396682914,0.0,0.0,,,0.0,0.0,0.0,0,0,0,0,0,0,961,0,0,0,0,0,0,1.3017088576816604e-05,0.0005307900542447896,0.0005559208015256445,0.04341824499715585,0.07400914200115949,0.11824364699714351,0.7269640090089524
tracking,primary,,,,me5418-scenes-v1-0641,near_link,formal-g003,True,,,,,1.0,5.025617048622577e-05,3.702986870613219e-05,2.8636827697302317e-05,0.033978705154508335,0.020032207489409218,0,0,0.02280462916229012,0.023278433683474042,0.0,0.0,,,0.0,0.0,0.0,0,0,0,0,0,0,961,0,0,0,0,0,0,1.3856172017767676e-05,0.0005626011132183824,0.0006983211489720513,0.04421670199371874,0.08087938299286179,0.12599652400240302,0.8729744549928
tracking,primary,,,,me5418-scenes-v1-0644,near_link,formal-g006,False,external_collision_band,related_collision:obstacle,tracking,1.2875,0.321875,5.446748292280455e-05,4.037876123238588e-05,,4.6846634572460244e-05,0.02014914824067162,0,0,0.04107201600944029,0.04220500244240247,0.0,0.0,,,0.0,0.0,0.0,0,1,0,310,0,0,310,0,0,0,0,0,0,1.3626097267748968e-05,0.0005670228638101526,0.0006806922883520951,0.04462140599207487,0.08221757799037732,0.12768997099192347,0.3698590390122263
tracking,primary,,,,me5418-scenes-v1-0648,far,formal-g010,True,,,,,1.0,3.930103602966894e-05,2.750996559091957e-05,3.665663791030218e-05,,0.020132073760662568,961,0,0.025465937660122957,0.03702063730061114,0.0,0.0,,,0.0,0.0,0.0,0,0,0,0,0,0,961,0,0,0,0,0,0,1.2901265942370324e-05,0.0005411648801479411,0.0005659669491099824,0.04266775799624156,0.07425508499727584,0.11774505399807822,0.7351293839892605
tracking,primary,,,,me5418-scenes-v1-0651,near_link,formal-g013,False,external_collision_band,related_collision:obstacle,tracking,2.183333333333333,0.5458333333333333,4.6810949586234725e-05,4.0337297812188196e-05,,8.232929416501777e-05,0.020154933643945418,0,0,0.02710855254683247,0.031158782552002454,0.0,0.0,,,0.0,0.0,0.0,0,1,0,525,0,0,525,0,0,0,0,0,0,1.3627638136746273e-05,0.0005670743320694456,0.0006881121127301461,0.043564709994825535,0.0810137950029457,0.12544449100096244,0.5319317219982622
tracking,primary,,,,me5418-scenes-v1-0653,far,formal-g015,True,,,,,1.0,3.79240406083148e-05,2.6439526824307295e-05,3.761456879807003e-05,,0.019933008478792924,961,0,0.03467310891314254,0.043327550699154616,0.0,0.0,,,0.0,0.0,0.0,0,0,0,0,0,0,961,0,0,0,0,0,0,1.2655911480881818e-05,0.0005333273083427532,0.0005578470249777941,0.04387758100347128,0.07437952799955383,0.11917508199985605,0.7299642240104731
tracking,primary,,,,me5418-scenes-v1-0659,near_link,formal-g021,True,,,,,1.0,4.497007859444842e-05,3.889215660535891e-05,3.6162088970577295e-05,0.03608172427874813,0.020150304138113147,0,0,0.03783203315721606,0.042981845430120125,0.0,0.0,,,0.0,0.0,0.0,0,0,0,0,0,0,961,0,0,0,0,0,0,1.3350686989118307e-05,0.0005539198801367699,0.0006239217991454401,0.043093150001368485,0.07851483600097708,0.12245804100530222,0.7973417290049838
tracking,primary,,,,me5418-scenes-v1-0662,tight_layout,formal-g024,False,external_collision_band,related_collision:obstacle,tracking,2.904166666666667,0.7260416666666667,3.005536590431973e-05,2.2764531504895913e-05,,9.073753849649785e-05,0.01998426491656668,0,0,0.03216775771407568,0.04477210537040868,0.0,0.0,,,0.0,0.0,0.0,0,1,0,698,0,0,698,0,0,0,0,0,0,1.4090535114519297e-05,0.0005781308221620731,0.000715031591001858,0.0434594910038868,0.08257128500554245,0.12689102000149433,0.6838515060080681
tracking,primary,,,,me5418-scenes-v1-0671,near_link,formal-g033,True,,,,,1.0,6.226791790182439e-05,4.5697383225476966e-05,3.902719209805165e-05,0.004376952244317958,0.019700987975900017,0,0,0.04017213768611328,0.049771220086933216,0.0,0.0,,,0.0,0.0,0.0,0,0,0,961,0,0,961,0,0,0,0,0,0,1.352610358177723e-05,0.0005492647810266742,0.000645664122960928,0.04287172100157477,0.07933297999261413,0.12302530099987052,0.8194992240023566
tracking,primary,,,,me5418-scenes-v1-0678,far,formal-g040,True,,,,,1.0,6.467299124203063e-05,4.5683339925108274e-05,3.3215912734413935e-05,,0.019717806674796355,961,0,0.04661322772056368,0.0622326103368481,0.0,0.0,,,0.0,0.0,0.0,0,0,0,0,0,0,961,0,0,0,0,0,0,1.2552328219802197e-05,0.0005206699075946138,0.0005451432841255155,0.04325941299612168,0.07405568601097912,0.11815027499687858,0.7157316680095391
tracking,primary,,,,me5418-scenes-v1-0689,near_link,formal-g051,True,,,,,1.0,3.6356905275417965e-05,2.8753177314203153e-05,2.572498257615543e-05,0.013473196738478743,0.01990509255859737,0,0,0.04585635694877606,0.06641000965476687,0.0,0.0,,,0.0,0.0,0.0,0,0,0,902,0,0,961,0,0,0,0,0,0,1.3663198008847152e-05,0.0005630446811665024,0.0006658902242331048,0.04362237799796276,0.08062244299799204,0.12512197700561956,0.840795401003561
APF,primary,,,,me5418-scenes-v1-0003,near_link,formal-g003,True,,,,,1.0,6.907332224358423e-05,5.0034844138680094e-05,2.6100453721482583e-05,0.027374368102053778,0.019910467803241988,0,0,0.2184032422401193,0.11370765519686597,0.0,0.0,,,0.08110119047619045,0.3229166666666667,0.026368199507539575,0,0,0,34,0,0,961,0,0,0,0,0,0,7.063280198356854e-05,0.0005497992270041626,0.0006710726708358076,0.043624472004012205,0.0797602250095224,0.12423204600054305,0.8501492359937401
APF,primary,,,,me5418-scenes-v1-0009,tight_layout,formal-g009,True,,,,,1.0,5.162302097990636e-05,3.6712221122598066e-05,2.8958232298823064e-05,0.020536793141801346,0.019753768296746597,0,0,0.2439406472882949,0.204467792520746,0.0,0.0,,,0.035714285714285705,0.11458333333333333,0.02856331914233426,0,0,0,44,0,0,961,0,0,0,0,0,0,0.00013401411471628913,0.0005575925399474121,0.0006636945207598425,0.04466619800950866,0.0795649359934032,0.12509120799950324,0.8457022239890648
APF,primary,,,,me5418-scenes-v1-0010,far,formal-g010,True,,,,,1.0,4.2029727811804334e-05,2.8031400921152603e-05,4.042672081084922e-05,,0.020138068720511743,961,0,0.02009488582867644,0.028971820235835305,0.0,0.0,,,0.0,0.0,0.0,0,0,0,0,0,0,961,0,0,0,0,0,0,2.7124672139204147e-05,0.0005350320221623406,0.0005625346732055429,0.04316656698938459,0.07406998099759221,0.11805900100443978,0.7324255779967643
APF,primary,,,,me5418-scenes-v1-0013,near_link,formal-g013,True,,,,,1.0,8.772803820055971e-05,5.524158498320962e-05,3.6245444131463854e-05,0.01941893806587726,0.01960838823329996,0,0,0.2950047721196979,0.1498174483062723,0.0,0.0,,,0.10119047619047618,0.265625,0.0354712714221117,0,0,0,93,0,0,961,0,0,0,0,0,0,0.00012354295851461453,0.0005654768143661689,0.0006807010009955168,0.044157597003504634,0.07875577700906433,0.12376574400695972,0.861023250996368
APF,primary,,,,me5418-scenes-v1-0015,far,formal-g015,True,,,,,1.0,2.892054063500162e-05,2.3515403727703207e-05,2.3371047872023173e-05,,0.020009763975503025,961,0,0.03252306928785458,0.04217199207259677,0.0,0.0,,,0.0,0.0,0.0,0,0,0,0,0,0,961,0,0,0,0,0,0,2.672002059019481e-05,0.0005308201988100336,0.0005583730826098569,0.043687400000635535,0.07450786700064782,0.11901653699169401,0.7292487520026043
APF,primary,,,,me5418-scenes-v1-0021,near_link,formal-g021,True,,,,,1.0,6.954999870066647e-05,5.075576389594111e-05,3.679436576333306e-05,0.025300392513261438,0.019686138467030448,0,0,0.15175879930166786,0.1469635102409682,0.0,0.0,,,0.0037202380952380946,0.026041666666666668,0.03344144054729916,0,0,0,64,0,0,961,0,0,0,0,0,0,0.00011596206263675413,0.0005563489814448986,0.0006466889145788931,0.044885791998240165,0.0800794050010154,0.1258385360124521,0.8332249989907723
APF,primary,,,,me5418-scenes-v1-0022,tight_layout,formal-g022,True,,,,,1.0,4.106343009562022e-05,3.605787472137663e-05,2.9916866766274724e-05,0.0023255875498373463,0.01979415295366011,0,0,0.23512267067044565,0.2044677943868828,0.0,0.0,,,0.055803571428571425,0.19791666666666666,0.030837530612960403,0,0,0,141,0,0,961,0,0,0,0,0,0,9.807144753419077e-05,0.0005671822770030606,0.0006659755594076463,0.05319163200329058,0.08178183900599834,0.13595575600629672,0.8582818909926573
APF,primary,,,,me5418-scenes-v1-0024,tight_layout,formal-g024,True,,,,,1.0,3.7554860223169e-05,2.834509063859669e-05,3.2908727954024585e-05,0.01829497534237698,0.01975366411542702,0,0,0.19289422908250267,0.1604799521071175,0.0,0.0,,,0.06473214285714285,0.296875,0.03788544383236488,0,0,0,69,0,0,961,0,0,0,0,0,0,0.00018580320829642005,0.0005830640794859695,0.000753269989581895,0.04413419200864155,0.08313605500734411,0.12818112700188067,0.9351706559973536
APF,primary,,,,me5418-scenes-v1-0032,tight_layout,formal-g032,True,,,,,1.0,5.5524911763970414e-05,4.71596708585988e-05,4.466769546025226e-05,0.0033440804203699326,0.020142238239118683,0,0,0.20676550912901415,0.19642832829878876,0.0,0.0,,,0.3102678571428571,0.8072916666666666,0.09219669780419977,0,0,0,413,0,0,961,0,0,0,0,0,0,0.00024211726061669955,0.0005880973206785711,0.000769742318865004,0.04387483300524764,0.08378066099248827,0.12850433599669486,0.9526252229989041
APF,primary,,,,me5418-scenes-v1-0033,near_link,formal-g033,True,,,,,1.0,0.0001219616633617128,9.152203638493984e-05,4.9455701464124254e-05,0.025075863951248875,0.019642650336707076,0,0,0.17114179842305563,0.10420389889748446,0.0,0.0,,,0.3005952380952381,0.96875,0.0976855355907014,0,0,0,128,0,0,961,0,0,0,0,0,0,0.00018345499938732246,0.0005552746302328159,0.0006886096549654515,0.04666966800868977,0.0807347310037585,0.1282649540080456,0.8756760929973098
APF,primary,,,,me5418-scenes-v1-0040,far,formal-g040,True,,,,,1.0,4.6219182340571406e-05,3.940714094715575e-05,3.428868692722946e-05,,0.020048888737174024,961,0,0.042049068363663976,0.05278398500100276,0.0,0.0,,,0.0,0.0,0.0,0,0,0,0,0,0,961,0,0,0,0,0,0,2.782571891657426e-05,0.0005362447385323321,0.000564024288693569,0.0460460109898122,0.07520295699941926,0.1220684150030138,0.7390729040052975
APF,primary,,,,me5418-scenes-v1-0044,tight_layout,formal-g044,False,external_collision_band,related_collision:obstacle,tracking,3.870833333333333,0.9677083333333333,9.820266084623187e-05,7.981799843654977e-05,,5.1406928616007375e-05,0.019698125681814747,0,0,0.32572830117838386,0.1999414574659689,0.0,0.0,,,0.6889400921658986,1.0,0.16644300838806697,0,1,0,930,0,0,930,0,0,0,0,0,0,0.0003261825266001265,0.0005723240408141405,0.0007703774576090413,0.04411180899478495,0.08355229799053632,0.12857790300040506,0.9278054979949957
APF,primary,,,,me5418-scenes-v1-0051,near_link,formal-g051,True,,,,,1.0,8.460899214399177e-05,5.862849805726174e-05,2.8173392734412763e-05,0.017983315837372213,0.019775041355949555,0,0,0.19288593946318278,0.13090666726996403,0.0,0.0,,,0.1391369047619047,0.578125,0.051741319986891125,0,0,0,128,0,0,961,0,0,0,0,0,0,9.391308284042073e-05,0.000568330382354058,0.0007081742013269832,0.044822811003541574,0.08091526999487542,0.1266582279931754,0.8893751790019451
APF,primary,,,,me5418-scenes-v1-0054,tight_layout,formal-g054,False,external_collision_band,related_collision:obstacle,tracking,1.9083333333333332,0.4770833333333333,0.00011035663743134291,9.679937687111233e-05,,6.503981795639296e-05,0.019950771881775096,0,0,0.3163370698697249,0.1999441960203985,0.0,0.0,,,0.8649068322981366,1.0,0.18758341442414855,0,1,0,459,0,0,459,0,0,0,0,0,0,0.0003251942276699043,0.0005794708847638126,0.000777567588965923,0.042894138998235576,0.08295231500233058,0.1266955879982561,0.5287798790086526
APF,primary,,,,me5418-scenes-v1-0061,near_link,formal-g003,True,,,,,1.0,5.588200549211326e-05,3.6993680406384985e-05,2.819900273503196e-05,0.016779510135819728,0.020127399191913767,0,0,0.24784756638542033,0.21526766517411866,0.0,0.0,,,0.09374999999999999,0.2916666666666667,0.03982253939008092,0,0,0,78,0,0,961,0,0,0,0,0,0,0.0001027396357737113,0.0005782696768922809,0.0007333187863726683,0.0435923780023586,0.08249115399667062,0.1269718989933608,0.9199811410071561
APF,primary,,,,me5418-scenes-v1-0067,tight_layout,formal-g009,True,,,,,1.0,6.360747463639592e-05,4.4283359543139736e-05,3.6161228939760834e-05,0.012094203963854092,0.01975370813763809,0,0,0.22114153481195958,0.20446779727488,0.0,0.0,,,0.04836309523809523,0.14583333333333334,0.032618382096815376,0,0,0,102,0,0,961,0,0,0,0,0,0,9.815921339395572e-05,0.0005683617418223245,0.0006678290810365676,0.04402351099997759,0.07933799100283068,0.12426362599944696,0.8481680809927639
APF,primary,,,,me5418-scenes-v1-0068,far,formal-g010,True,,,,,1.0,2.7445242652652944e-05,1.9090864082538308e-05,2.4461983920701687e-05,,0.019934656870863855,961,0,0.04027724066792363,0.05597168963479543,0.0,0.0,,,0.0,0.0,0.0,0,0,0,0,0,0,961,0,0,0,0,0,0,2.7436619272217893e-05,0.00054578672813174,0.0005734088196732046,0.043486245995154604,0.07515356100338977,0.11945132000255398,0.7461702470027376
APF,primary,,,,me5418-scenes-v1-0071,near_link,formal-g013,True,,,,,1.0,8.056988314856272e-05,4.796539401518645e-05,3.140188082593887e-05,0.03166965680758933,0.019652175780076615,0,0,0.2610230708781446,0.13983991803591167,0.0,0.0,,,0.052083333333333336,0.14583333333333334,0.02592918862102724,0,0,0,0,0,0,961,0,0,0,0,0,0,0.00011834603666708669,0.0005713512459199894,0.0006855870186124473,0.043049472005805,0.08007100399117917,0.12406749399087857,0.8675756690063281
APF,primary,,,,me5418-scenes-v1-0073,far,formal-g015,True,,,,,1.0,3.0040335795757926e-05,2.4282841731052235e-05,2.2222439370590195e-05,,0.019922066139462055,961,0,0.03760948749279249,0.051572344933646944,0.0,0.0,,,0.0,0.0,0.0,0,0,0,0,0,0,961,0,0,0,0,0,0,2.788082800483001e-05,0.0005381490072522866,0.000566164586537828,0.043583298989688046,0.07504378299927339,0.1195064020139398,0.7393796290125465
APF,primary,,,,me5418-scenes-v1-0079,near_link,formal-g021,True,,,,,1.0,5.287018597196884e-05,4.486033574292121e-05,3.060886151348822e-05,0.03297733773377219,0.0197537362815249,0,0,0.07604061338379821,0.07823171676657797,0.0,0.0,,,0.11160714285714284,0.78125,0.036085231224844784,0,0,0,0,0,0,961,0,0,0,0,0,0,0.00014222571341330573,0.0005499795197465573,0.0006451629127392759,0.044082822001655586,0.07846848700137343,0.12339375000738073,0.8251202410028782
APF,primary,,,,me5418-scenes-v1-0080,tight_layout,formal-g022,True,,,,,1.0,6.430206493519006e-05,5.429227174274929e-05,4.704215513464412e-05,0.009660998395539425,0.019734621923802986,0,0,0.1646235544697789,0.13128070758660845,0.0,0.0,,,0.0982142857142857,0.6875,0.04796185712315365,0,0,0,261,0,0,961,0,0,0,0,0,0,0.0001446934791147214,0.0005658440773307423,0.0006742408336322114,0.04519412999798078,0.08235262999369297,0.1284137859911425,0.8589454320026562
APF,primary,,,,me5418-scenes-v1-0082,tight_layout,formal-g024,True,,,,,1.0,5.8359031428536804e-05,3.914248928457788e-05,2.5642432268583222e-05,0.010539393832081453,0.019753669550422,0,0,0.19823845754419825,0.13905252825519845,0.0,0.0,,,0.0982142857142857,0.4895833333333333,0.05254694900068513,0,0,0,182,0,0,961,0,0,0,0,0,0,0.00010783323955365631,0.0005777860355919984,0.0007315141258307752,0.042954211006872356,0.08238145400537178,0.12619182099297177,0.9127681359968847
APF,primary,,,,me5418-scenes-v1-0098,far,formal-g040,True,,,,,1.0,3.3126771213669384e-05,3.087092078123566e-05,2.9697343740981575e-05,,0.020154933643945418,961,0,0.01784686175766356,0.0193312709292546,0.0,0.0,,,0.0,0.0,0.0,0,0,0,0,0,0,961,0,0,0,0,0,0,2.7198297251137166e-05,0.0005327952759368297,0.0005602227114953469,0.0437737769971136,0.0744769900047686,0.11911409899767023,0.7320417269947939
APF,primary,,,,me5418-scenes-v1-0109,near_link,formal-g051,True,,,,,1.0,6.07548308404702e-05,4.2303963794305443e-05,2.4809345016641825e-05,0.017202738319176847,0.01978323325015737,0,0,0.20481284133108105,0.1640386230533122,0.0,0.0,,,0.10491071428571426,0.359375,0.050630187184985055,0,0,0,84,0,0,961,0,0,0,0,0,0,0.0001222647717137685,0.0005791973522112433,0.0007375570479477271,0.04484330699779093,0.0831540520011913,0.1288921879895497,0.9248075740033528
APF,primary,,,,me5418-scenes-v1-0119,near_link,formal-g003,True,,,,,1.0,5.4177916144640436e-05,4.2898118967742174e-05,3.824958946309093e-05,0.019150390123645264,0.020150892414107294,0,0,0.2548500030912873,0.1592702690583819,0.0,0.0,,,0.10119047619047618,0.296875,0.03604775219876431,0,0,0,72,0,0,961,0,0,0,0,0,0,9.72146300834235e-05,0.0005679005135031427,0.000721206100085207,0.04361698200227693,0.08270506300323177,0.12718248899909668,0.9030914420000045
APF,primary,,,,me5418-scenes-v1-0122,near_link,formal-g006,True,,,,,1.0,7.933029791665661e-05,5.7372741752211775e-05,2.6491562814444407e-05,0.013644399431133547,0.01972070500948575,0,0,0.16842232967889648,0.1395633380393281,0.0,0.0,,,0.12797619047619044,0.5833333333333334,0.05559063118611588,0,0,0,168,0,0,961,0,0,0,0,0,0,0.00016005750103431637,0.0005657267639586886,0.0007196298385072926,0.0440839430084452,0.08246630200301297,0.12747846699494403,0.9038497269939398
APF,primary,,,,me5418-scenes-v1-0126,far,formal-g010,True,,,,,1.0,4.3091976960875206e-05,2.8221478173931017e-05,4.201180591933608e-05,,0.020146978007341602,961,0,0.018451464010126938,0.028544571018224968,0.0,0.0,,,0.0,0.0,0.0,0,0,0,0,0,0,961,0,0,0,0,0,0,2.741835335958361e-05,0.000536793826374075,0.0005644346636017872,0.0438032829988515,0.07444965800095815,0.11914683700888418,0.7363429399993038
APF,primary,,,,me5418-scenes-v1-0129,near_link,formal-g013,True,,,,,1.0,0.00010278039293929013,7.938152780260081e-05,5.691587091690099e-05,0.016612750731674925,0.01961176427621221,0,0,0.16133806882418497,0.12547456172948285,0.0,0.0,,,0.24330357142857137,1.0,0.07847492692542393,0,0,0,612,0,0,961,0,0,0,0,0,0,0.00013503319299464542,0.000564423790562311,0.0006907151803109931,0.04327422400820069,0.08098340200376697,0.1251208549947478,0.8721682680043159
APF,primary,,,,me5418-scenes-v1-0131,far,formal-g015,True,,,,,1.0,2.980726957226523e-05,2.5095653477999712e-05,2.5757083908939412e-05,,0.02007779231586186,961,0,0.025703429103473518,0.03336822786128245,0.0,0.0,,,0.0,0.0,0.0,0,0,0,0,0,0,961,0,0,0,0,0,0,2.709986423118001e-05,0.0005293491344218638,0.0005568358405677524,0.04329464198963251,0.07398361699597444,0.1181142769928556,0.7268134320038371
APF,primary,,,,me5418-scenes-v1-0137,near_link,formal-g021,True,,,,,1.0,4.691181709215322e-05,3.846670798429672e-05,3.129001710678398e-05,0.005389593533349557,0.01975364318795232,0,0,0.2735034198905363,0.19575098863821863,0.0,0.0,,,0.08928571428571426,0.5625,0.045333714794258795,0,0,0,304,0,0,961,0,0,0,0,0,0,0.00012540288525997312,0.0005582536396256425,0.0006511459363082395,0.04378718099906109,0.07958878800855018,0.12426958599826321,0.8327957409928786
APF,primary,,,,me5418-scenes-v1-0140,tight_layout,formal-g024,True,,,,,1.0,5.92707740211085e-05,4.003366827497019e-05,2.4032152417753975e-05,0.01999122281494116,0.019753737942144647,0,0,0.17291413107183295,0.16476038340075186,0.0,0.0,,,0.09672619047619047,0.3645833333333333,0.05095779500582925,0,0,0,68,0,0,961,0,0,0,0,0,0,9.680489082105244e-05,0.0005840677148322963,0.0007393637699048364,0.043255738986772485,0.08220570800767746,0.12634809000883251,0.9239161830046214
APF,primary,,,,me5418-scenes-v1-0144,near_link,formal-g028,True,,,,,1.0,7.285095742597477e-05,4.763497777687738e-05,2.2953968783629394e-05,0.005772268745735512,0.019753647995322574,0,0,0.16865154884726133,0.11315484889021077,0.0,0.0,,,0.10491071428571426,0.5416666666666666,0.0406905476192725,0,0,0,221,0,0,961,0,0,0,0,0,0,0.0001711978278156797,0.0006080935678255628,0.0007637348585073293,0.04945106401282828,0.08407784199516755,0.13447840699518565,0.9563655439997092
APF,primary,,,,me5418-scenes-v1-0156,far,formal-g040,True,,,,,1.0,4.3256431391363556e-05,3.8723299091755894e-05,3.827344423273419e-05,,0.020127239360995322,961,0,0.02427426503435454,0.02497949390992077,0.0,0.0,,,0.0,0.0,0.0,0,0,0,0,0,0,961,0,0,0,0,0,0,2.8654109125151688e-05,0.0005454980826016254,0.0005742332550198626,0.04468268100754358,0.07564643399382476,0.12120637200132478,0.7478951429948211
APF,primary,,,,me5418-scenes-v1-0160,tight_layout,formal-g044,True,,,,,1.0,5.665326612663754e-05,4.465341616222287e-05,3.749965037571174e-05,0.0050362588279241755,0.019954500379640784,0,0,0.2365266916776663,0.21306193790188735,0.0,0.0,,,0.1569940476190476,0.3854166666666667,0.05590513522045689,0,0,0,156,0,0,961,0,0,0,0,0,0,0.00016127597935640856,0.0005794261751058609,0.0007457478466676548,0.04460015500080772,0.0846142029913608,0.13008926900511142,0.9315807560051326
APF,primary,,,,me5418-scenes-v1-0167,near_link,formal-g051,True,,,,,1.0,7.137627938431981e-05,4.826300582277894e-05,2.4836649021451437e-05,0.038192481069667675,0.020132520151417442,0,0,0.1695012719436757,0.11639516712922698,0.0,0.0,,,0.059523809523809514,0.2760416666666667,0.03195708099267275,0,0,0,0,0,0,961,0,0,0,0,0,0,0.0001436557709742677,0.0005544075300501088,0.0006762628480828425,0.044299255998339504,0.07999295799527317,0.1252013600023929,0.8629882530076429
APF,primary,,,,me5418-scenes-v1-0173,tight_layout,formal-g057,True,,,,,1.0,6.99807031598438e-05,4.5590207530545275e-05,2.941210299122755e-05,0.003026663375586755,0.020052467114072485,0,0,0.3558460753055907,0.20474222288132313,0.0,0.0,,,0.07886904761904762,0.2708333333333333,0.03439473558188215,0,0,0,162,0,0,961,0,0,0,0,0,0,0.00013944226649679573,0.0005622060579905034,0.0006692633970033057,0.04309957200894132,0.08175243000732735,0.12570307801070157,0.8527710710040992
APF,primary,,,,me5418-scenes-v1-0177,near_link,formal-g003,True,,,,,1.0,4.1153556938313925e-05,3.3824776098443094e-05,2.38892658647349e-05,0.049725540706937355,0.020134796638597977,0,0,0.13984927491146482,0.09384627944762426,0.0,0.0,,,0.01413690476190476,0.09895833333333333,0.01282836950114221,0,0,0,0,0,0,961,0,0,0,0,0,0,7.752498913760064e-05,0.0005668818562753585,0.0007161512693983241,0.044092946001910605,0.08173768100095913,0.12672820201260038,0.8968090289999964
APF,primary,,,,me5418-scenes-v1-0184,far,formal-g010,True,,,,,1.0,4.306561264465733e-05,2.785641126257866e-05,4.2813847350983784e-05,,0.020152874981230424,961,0,0.018444221263182358,0.02882196190524508,0.0,0.0,,,0.0,0.0,0.0,0,0,0,0,0,0,961,0,0,0,0,0,0,2.7637900984700536e-05,0.0005412832252962592,0.0005690946250069828,0.0431858849915443,0.07459952500357758,0.11863869000808336,0.7412711759970989
APF,primary,,,,me5418-scenes-v1-0187,near_link,formal-g013,True,,,,,1.0,8.388861547341952e-05,7.536745940556898e-05,7.15967057359706e-05,0.019622347829503256,0.019608528639940427,0,0,0.17279123426693052,0.1314806215986799,0.0,0.0,,,0.18377976190476186,1.0,0.07577685055438543,0,0,0,110,0,0,961,0,0,0,0,0,0,0.00012516189561514088,0.000572283168564051,0.0006925935408313914,0.04349325499788392,0.07926411100197583,0.12361836098716594,0.8718359370104736
APF,primary,,,,me5418-scenes-v1-0189,far,formal-g015,True,,,,,1.0,3.012260504026511e-05,2.3589642327503568e-05,2.9424313280313683e-05,,0.01979237833120258,961,0,0.04256989733171235,0.056389334166549954,0.0,0.0,,,0.0,0.0,0.0,0,0,0,0,0,0,961,0,0,0,0,0,0,2.7737431992136408e-05,0.0005374072976640794,0.0005650256998706027,0.043080014002043754,0.07434738900337834,0.11825572700763587,0.7353589080012171
APF,primary,,,,me5418-scenes-v1-0195,near_link,formal-g021,True,,,,,1.0,3.921661467071351e-05,3.574064149485393e-05,3.556182404063333e-05,0.02314283294118527,0.019753690317286382,0,0,0.15073689595121278,0.10364080376200473,0.0,0.0,,,0.08333333333333331,0.5833333333333334,0.033123528924735975,0,0,0,172,0,0,961,0,0,0,0,0,0,0.0001430904433921872,0.0005564371385692842,0.0006531503083048543,0.043731793994084,0.07842734099540394,0.12311202399723697,0.8332885599957081
APF,primary,,,,me5418-scenes-v1-0198,tight_layout,formal-g024,True,,,,,1.0,3.6027981499769364e-05,2.4635119424465146e-05,2.454894108747554e-05,0.012159638334687986,0.0197536587995895,0,0,0.2110690249324323,0.2199583019715604,0.0,0.0,,,0.07217261904761903,0.3020833333333333,0.041440396822698025,0,0,0,101,0,0,961,0,0,0,0,0,0,0.00015177390559983905,0.000583713736508192,0.0007460195948472877,0.04336139500082936,0.0823546739993617,0.12657170300371945,0.9283121939952252
APF,primary,,,,me5418-scenes-v1-0207,near_link,formal-g033,True,,,,,1.0,0.00010270262181028763,8.001977187527831e-05,3.860636617773463e-05,0.01984192788712845,0.01943779533210529,0,0,0.23240382050541133,0.1025581550447998,0.0,0.0,,,0.3854166666666665,0.8125,0.11161224401714863,0,0,0,409,0,0,961,0,0,0,0,0,0,0.00018997661436515045,0.0005484410403369111,0.0006863394655283628,0.042909552008495666,0.07999015899258666,0.12375803200120572,0.868555163993733
APF,primary,,,,me5418-scenes-v1-0214,far,formal-g040,True,,,,,1.0,6.362026251679966e-05,4.503241166753739e-05,3.318693587829542e-05,,0.019745883579180952,961,0,0.044221461544300796,0.057819266002962645,0.0,0.0,,,0.0,0.0,0.0,0,0,0,0,0,0,961,0,0,0,0,0,0,2.7451031352635862e-05,0.0005232670146142482,0.000551106457487549,0.04290125600527972,0.07451685699925292,0.1182345039997017,0.7212730620085495
APF,primary,,,,me5418-scenes-v1-0218,tight_layout,formal-g044,True,,,,,1.0,7.640768979584213e-05,5.901213905705316e-05,3.3502481717789056e-05,0.023692561522580577,0.019749908531209497,0,0,0.09189358720573525,0.11066051614477597,0.0,0.0,,,0.13392857142857142,0.53125,0.06252278354883616,0,0,0,70,0,0,961,0,0,0,0,0,0,0.00014814441624366737,0.0005709794877172196,0.0007327209043372326,0.04542245500488207,0.08150549900892656,0.12779034199775197,0.9146545660041738
APF,primary,,,,me5418-scenes-v1-0225,near_link,formal-g051,True,,,,,1.0,6.775558691957414e-05,4.831729075610532e-05,3.330666687201663e-05,0.012881021317325936,0.019889866504951247,0,0,0.1986849388129446,0.13614836033009425,0.0,0.0,,,0.11086309523809519,0.4895833333333333,0.050870615554266946,0,0,0,145,0,0,961,0,0,0,0,0,0,9.447888010072347e-05,0.00057115574462235,0.0007225651138166238,0.04539671499514952,0.08309050100797322,0.12931997900886927,0.9090629259881098
APF,primary,,,,me5418-scenes-v1-0235,near_link,formal-g003,True,,,,,1.0,5.9842800526305144e-05,4.0897369302636274e-05,2.322541392210171e-05,0.04572011190902536,0.020151340489040548,0,0,0.17400145822534419,0.11413932925575689,0.0,0.0,,,0.03794642857142857,0.1875,0.019071107214587907,0,0,0,0,0,0,961,0,0,0,0,0,0,7.384009920012129e-05,0.000562878800095253,0.0006880043018251551,0.04431731799559202,0.08057632399140857,0.12573883800359908,0.9293941290088696
APF,primary,,,,me5418-scenes-v1-0242,far,formal-g010,True,,,,,1.0,2.907919871262977e-05,2.7252471827729437e-05,2.656829797726892e-05,,0.020154933643945418,961,0,0.019401788652198115,0.02598905464847276,0.0,0.0,,,0.0,0.0,0.0,0,0,0,0,0,0,961,0,0,0,0,0,0,2.7029895666904242e-05,0.0005318453490266013,0.0005593449188684948,0.04348996598855592,0.07433309900807217,0.1186856929998612,0.7304721099935705
APF,primary,,,,me5418-scenes-v1-0245,near_link,formal-g013,True,,,,,1.0,0.00010684418529481645,7.712044065839482e-05,3.335034408547238e-05,0.01970791833917042,0.019753760725373944,0,0,0.2134388621207505,0.14570612677318853,0.0,0.0,,,0.25744047619047616,0.8072916666666666,0.0774850795302463,0,0,0,180,0,0,961,0,0,0,0,0,0,9.430847952292727e-05,0.0005718360126744907,0.0007018469084565974,0.04444570001214743,0.0809939719911199,0.12629515599110164,0.8841840629902435
APF,primary,,,,me5418-scenes-v1-0247,far,formal-g015,True,,,,,1.0,3.5778238331028336e-05,2.9965207101706497e-05,3.386338921684223e-05,,0.01975377340171998,961,0,0.06239303708370971,0.08720321653565924,0.0,0.0,,,0.0,0.0,0.0,0,0,0,0,0,0,961,0,0,0,0,0,0,2.695654673819566e-05,0.0005361785518895583,0.0005638900821850257,0.04436761200486217,0.07549789600307122,0.12077432399382815,0.7379282440087991
APF,primary,,,,me5418-scenes-v1-0253,near_link,formal-g021,True,,,,,1.0,7.05247149782731e-05,5.580607744675404e-05,5.439561494070487e-05,0.012443191842040624,0.020144059063011838,0,0,0.2124998065358652,0.1416641384130771,0.0,0.0,,,0.07440476190476189,0.3125,0.05683588839593778,0,0,0,386,0,0,961,0,0,0,0,0,0,0.0001472653849911391,0.0005460610291720513,0.000641598613598641,0.04360088499379344,0.07843839698762167,0.12287602000287734,0.8220735490031075
APF,primary,,,,me5418-scenes-v1-0256,tight_layout,formal-g024,True,,,,,1.0,6.155821425424643e-05,4.626501037726737e-05,2.917039887535406e-05,0.0458358542639226,0.01990606572138614,0,0,0.13242086097944775,0.1078025187595085,0.0,0.0,,,0.026785714285714284,0.1875,0.03579400005165463,0,0,0,0,0,0,961,0,0,0,0,0,0,9.330258815983446e-05,0.0005733054874175043,0.0007124711315251868,0.04300423800304998,0.08042796100198757,0.12428466900018975,0.8931718950043432
APF,primary,,,,me5418-scenes-v1-0260,near_link,formal-g028,True,,,,,1.0,3.177755265989302e-05,2.838703367908082e-05,3.125458255220488e-05,0.02371862642923374,0.020051433079461597,0,0,0.1938452639777023,0.154585716094215,0.0,0.0,,,0.0513392857142857,0.2552083333333333,0.03087827085152742,0,0,0,38,0,0,961,0,0,0,0,0,0,0.0001700388647047172,0.0005704508731620687,0.0007368895000581688,0.042579194996505976,0.08187634499336127,0.12530133700056467,0.917311557001085
APF,primary,,,,me5418-scenes-v1-0272,far,formal-g040,True,,,,,1.0,4.991439243242634e-05,4.250453085552508e-05,3.841598316387314e-05,,0.02004440524703202,961,0,0.04316813766534471,0.046441901250274364,0.0,0.0,,,0.0,0.0,0.0,0,0,0,0,0,0,961,0,0,0,0,0,0,2.7223776442042436e-05,0.0005328342915921287,0.0005604250542243487,0.04399104000185616,0.07434716200805269,0.1191244459914742,0.7313569329999154
APF,primary,,,,me5418-scenes-v1-0276,tight_layout,formal-g044,True,,,,,1.0,7.237423908791351e-05,5.664738111706228e-05,4.8260495512031155e-05,0.024390204752604686,0.019608711409784117,0,0,0.23509508554731065,0.19910250229033452,0.0,0.0,,,0.061011904761904746,0.25,0.039293096317589184,0,0,0,29,0,0,961,0,0,0,0,0,0,0.0001460434066302696,0.000561177759467076,0.0007106922269940697,0.044468101012171246,0.08169611400808208,0.12702772399643436,0.892925934997038
APF,primary,,,,me5418-scenes-v1-0283,near_link,formal-g051,True,,,,,1.0,7.431904034920844e-05,5.367790522034325e-05,2.9066710781897216e-05,0.013366001930808696,0.020140685226914756,0,0,0.16484951277502438,0.11015379409599423,0.0,0.0,,,0.08482142857142855,0.5416666666666666,0.04523763791722342,0,0,0,201,0,0,961,0,0,0,0,0,0,0.00011910265523814208,0.0005644085237690888,0.000702328893066806,0.044183663005242124,0.0811269789992366,0.12615714999265037,0.8870372439996572
APF,primary,,,,me5418-scenes-v1-0285,near_link,formal-g053,True,,,,,1.0,5.9637742029061336e-05,4.6064474732423475e-05,2.6319760397919896e-05,0.027501150167020802,0.019836050790378923,0,0,0.2675229031860555,0.20732026035375437,0.0,0.0,,,0.06547619047619047,0.18229166666666666,0.03978122779097254,0,0,0,22,0,0,961,0,0,0,0,0,0,0.00019123322969486858,0.0005906008521075516,0.000752775707390659,0.04456349000975024,0.08365760500601027,0.12917086799279787,0.937088157996186
APF,primary,,,,me5418-scenes-v1-0289,tight_layout,formal-g057,True,,,,,1.0,7.64988869221124e-05,5.3189832017820656e-05,3.058598003543147e-05,0.003536615303070534,0.01960879036257645,0,0,0.3231038181250068,0.20877933784953617,0.0,0.0,,,0.08556547619047618,0.21875,0.03361533328036296,0,0,0,117,0,0,961,0,0,0,0,0,0,0.00012567895790501402,0.0005625536418847332,0.0006989062479685041,0.043343596989871,0.08145215199328959,0.12564686599944253,0.8799137970054289
APF,primary,,,,me5418-scenes-v1-0293,near_link,formal-g003,True,,,,,1.0,5.939116806126284e-05,4.34209769764657e-05,3.6067237539726304e-05,0.035834384540691294,0.02007706816063682,0,0,0.20955921375071482,0.11976198019768733,0.0,0.0,,,0.05729166666666666,0.24479166666666666,0.02612357322008068,0,0,0,0,0,0,961,0,0,0,0,0,0,7.91677395379035e-05,0.0005572903648650633,0.0006724522498037307,0.04360519000329077,0.08071714401012287,0.12516670799232088,0.8536600439983886
APF,primary,,,,me5418-scenes-v1-0300,far,formal-g010,True,,,,,1.0,3.9386613601798534e-05,2.7872969396747028e-05,3.729976393581315e-05,,0.020118983842968244,961,0,0.0233056980233477,0.03572815089968606,0.0,0.0,,,0.0,0.0,0.0,0,0,0,0,0,0,961,0,0,0,0,0,0,2.725022985335575e-05,0.0005414671853638235,0.0005692791794444929,0.04423739299818408,0.07436829901416786,0.11943103100929875,0.7417048600036651
APF,primary,,,,me5418-scenes-v1-0303,near_link,formal-g013,True,,,,,1.0,0.00010312868418045134,9.333502634858251e-05,8.722224316156159e-05,0.007525038627461525,0.020154933643945418,0,0,0.06780506116936401,0.060063893893481574,0.0,0.0,,,0.42857142857142855,1.0,0.11960401352870331,0,0,0,961,0,0,961,0,0,0,0,0,0,0.0001609815673570362,0.0005630132783153386,0.0006891941302152797,0.04529978899518028,0.07957634000922553,0.125763553995057,0.8713369729957776
APF,primary,,,,me5418-scenes-v1-0305,far,formal-g015,True,,,,,1.0,3.028534558829613e-05,2.425509666683932e-05,2.9714843146565977e-05,,0.019785098544537173,961,0,0.043081559439429706,0.057356900452585735,0.0,0.0,,,0.0,0.0,0.0,0,0,0,0,0,0,961,0,0,0,0,0,0,2.7426791651426658e-05,0.0005396206294183988,0.000567307406799955,0.044532721003633924,0.07766891999926884,0.12303450200124644,0.7447243929927936
APF,primary,,,,me5418-scenes-v1-0311,near_link,formal-g021,True,,,,,1.0,5.4258703736536155e-05,4.49694607759351e-05,3.147426256179663e-05,0.0474224588032051,0.019985704643804676,0,0,0.03138568587935588,0.04705092797001637,0.0,0.0,,,0.0,0.0,0.0334898074579172,0,0,0,0,0,0,961,0,0,0,0,0,0,0.0001432808745297128,0.0005524828532240159,0.0006476286081427437,0.04301541698805522,0.07781567599158734,0.12176684899895918,0.8256474590016296
APF,primary,,,,me5418-scenes-v1-0314,tight_layout,formal-g024,True,,,,,1.0,5.755284583358372e-05,4.413306358562103e-05,2.6882479627463283e-05,0.041742737205152064,0.01985266108338652,0,0,0.1888745510897167,0.15704199016174686,0.0,0.0,,,0.03348214285714285,0.14583333333333334,0.0541293995880772,0,0,0,0,0,0,961,0,0,0,0,0,0,0.0001391522553149116,0.0005756852698141302,0.0007363648241759317,0.0436933259916259,0.08189581699843984,0.12651029200060293,0.919740866011125
APF,primary,,,,me5418-scenes-v1-0316,near_link,formal-g026,True,,,,,1.0,7.409085581851765e-05,5.160968597635364e-05,3.763126889849357e-05,0.03421877065869988,0.01960968924245994,0,0,0.27299458407613797,0.14766995519700035,0.0,0.0,,,0.03720238095238095,0.15104166666666666,0.020541587260292243,0,0,0,0,0,0,961,0,0,0,0,0,0,0.0001277962348164389,0.0005592280787974839,0.0006843654345630057,0.0437164190079784,0.08016720399609767,0.12472631299169734,0.8661985840008128
APF,primary,,,,me5418-scenes-v1-0323,near_link,formal-g033,False,external_collision_band,related_collision:obstacle,tracking,2.775,0.69375,0.00018206334771209612,0.00016249725079939397,,6.168560024764902e-05,0.01943539331510573,0,0,0.20393187640593646,0.19994031249066674,0.0,0.0,,,0.8624733475479743,1.0,0.18834706176167146,0,1,0,667,0,0,667,0,0,0,0,0,0,0.00029206337199160664,0.0005682631577634289,0.0007175487114725545,0.04492853699775878,0.08000821300083771,0.12583383299352136,0.6659662930032937
APF,primary,,,,me5418-scenes-v1-0330,far,formal-g040,True,,,,,1.0,6.116462917807047e-05,4.44277100254876e-05,2.9653351232071326e-05,,0.01984994475380314,961,0,0.04443589062866118,0.054458411157590356,0.0,0.0,,,0.0,0.0,0.0,0,0,0,0,0,0,961,0,0,0,0,0,0,2.724402103619165e-05,0.0005315568739661103,0.0005591500000264205,0.04500726499827579,0.07518355599313509,0.12102425401099026,0.7336074479972012
APF,primary,,,,me5418-scenes-v1-0341,near_link,formal-g051,True,,,,,1.0,7.255794674716789e-05,4.959499580358223e-05,3.518521421713156e-05,0.037786378854931496,0.020099236543637752,0,0,0.16032378448832293,0.1154256487764569,0.0,0.0,,,0.06845238095238095,0.3125,0.029322001102143707,0,0,0,0,0,0,961,0,0,0,0,0,0,0.00010728809381059061,0.0005586975696132868,0.0006754083406879848,0.04394039200269617,0.07971264400111977,0.12451754699577577,0.8590560000011465
APF,primary,,,,me5418-scenes-v1-0344,tight_layout,formal-g054,True,,,,,1.0,9.405558598361017e-05,7.75866671110237e-05,6.748189688570694e-05,0.025737794037442502,0.019699215664870803,0,0,0.07786705905298542,0.07907103178645712,0.0,0.0,,,0.31770833333333326,1.0,0.10041447583708837,0,0,0,113,0,0,961,0,0,0,0,0,0,0.00017224528164661024,0.0005722185782966942,0.0007387771385613935,0.045054012996843085,0.08365392300765961,0.12960381699667778,0.9233462870033691
APF,primary,,,,me5418-scenes-v1-0351,near_link,formal-g003,True,,,,,1.0,0.00012119949934006583,8.184910974439748e-05,4.488771974399393e-05,0.022277162642347623,0.019599896580615714,0,0,0.20340693988929548,0.11025015449070164,0.0,0.0,,,0.13541666666666666,0.421875,0.05124267950699184,0,0,0,90,0,0,961,0,0,0,0,0,0,0.00014713416142816035,0.0005598244154953136,0.0006794739186261722,0.04465045100369025,0.08023479899566155,0.12574132600275334,0.8644898060010746
APF,primary,,,,me5418-scenes-v1-0357,tight_layout,formal-g009,True,,,,,1.0,3.8523058125645787e-05,3.113068744454752e-05,3.0637247611168214e-05,0.0030027841526193977,0.019983661382918405,0,0,0.27014790879438844,0.20446787381742226,0.0,0.0,,,0.04836309523809523,0.22916666666666666,0.02498095146903348,0,0,0,131,0,0,961,0,0,0,0,0,0,9.974191607398097e-05,0.0005628660572256194,0.0006618877094145621,0.04626572999404743,0.0816946949926205,0.12885641498724,0.8475248790055048
APF,primary,,,,me5418-scenes-v1-0358,far,formal-g010,True,,,,,1.0,3.163356084743656e-05,3.008923025577378e-05,2.924342022690534e-05,,0.020154933643945418,961,0,0.016165046952487074,0.020866954926651304,0.0,0.0,,,0.0,0.0,0.0,0,0,0,0,0,0,961,0,0,0,0,0,0,2.7230000114286668e-05,0.0005321324851138342,0.0005599422761558041,0.04398453301109839,0.07445835399266798,0.11933135500294156,0.7322360600082902
APF,primary,,,,me5418-scenes-v1-0361,near_link,formal-g013,True,,,,,1.0,8.328752445865426e-05,7.834892177822863e-05,8.106970978448475e-05,0.03936469236757563,0.020078732033856336,0,0,0.10802909497762524,0.08835539199397736,0.0,0.0,,,0.17113095238095233,1.0,0.0876511765101588,0,0,0,0,0,0,961,0,0,0,0,0,0,0.00011190607779099082,0.0005563378044826095,0.0006671373059513523,0.04326782100542914,0.07918895399780013,0.12331636701128446,0.8473141329886857
APF,primary,,,,me5418-scenes-v1-0363,far,formal-g015,True,,,,,1.0,3.100015286808726e-05,2.5693527750377097e-05,2.5101552221532325e-05,,0.01999485078384361,961,0,0.03601018063174098,0.05100344093409233,0.0,0.0,,,0.0,0.0,0.0,0,0,0,0,0,0,961,0,0,0,0,0,0,2.6972770607850787e-05,0.000533797824997843,0.0005614201469749484,0.04291221000312362,0.07464421499753371,0.11841135799477343,0.7320421160111437
APF,primary,,,,me5418-scenes-v1-0369,near_link,formal-g021,True,,,,,1.0,5.7164841321110025e-05,4.846389432698699e-05,4.405208752002979e-05,0.033079626536892615,0.01975382738640233,0,0,0.06279653890788234,0.07670009015267105,0.0,0.0,,,0.03497023809523809,0.24479166666666666,0.041808046626739225,0,0,0,0,0,0,961,0,0,0,0,0,0,0.00014414466151417096,0.0005567666656588699,0.0006524263565249081,0.045128681987989694,0.07952059899980668,0.1255705709918402,0.8371774700062815
APF,primary,,,,me5418-scenes-v1-0372,tight_layout,formal-g024,True,,,,,1.0,6.008254744667908e-05,4.34108981912711e-05,2.6953918839478757e-05,0.04015797018068454,0.01975370167199371,0,0,0.16769267809360522,0.13505606078985083,0.0,0.0,,,0.045386904761904746,0.22916666666666666,0.040896059343441954,0,0,0,0,0,0,961,0,0,0,0,0,0,0.0001157959844325281,0.0005823490634611517,0.0007278232895563027,0.04354806899209507,0.08100663300137967,0.1254184730059933,0.910574515000917
APF,primary,,,,me5418-scenes-v1-0381,near_link,formal-g033,False,external_collision_band,related_collision:obstacle,tracking,3.35,0.8375,0.00017982308022928073,0.00015941640111852618,,9.999360458061435e-05,0.01963667254036504,0,0,0.1399800636453494,0.1092308156884201,0.0,0.0,,,0.857142857142857,1.0,0.18263876630522685,0,1,0,805,0,0,805,0,0,0,0,0,0,0.0002540990249116425,0.0005631064416399626,0.0007030821862867721,0.04365782599779777,0.07906402600929141,0.12355692799610551,0.7626923180068843
APF,primary,,,,me5418-scenes-v1-0388,far,formal-g040,True,,,,,1.0,4.260291219505737e-05,3.8065196454039365e-05,3.728588227145134e-05,,0.02009317612484539,961,0,0.02279313003318979,0.031019910025416417,0.0,0.0,,,0.0,0.0,0.0,0,0,0,0,0,0,961,0,0,0,0,0,0,2.7260505097122707e-05,0.0005312216948823334,0.0005590314248062593,0.04349704200285487,0.07429116699495353,0.11862609100353438,0.7313587820099201
APF,primary,,,,me5418-scenes-v1-0399,near_link,formal-g051,True,,,,,1.0,6.516097128065514e-05,4.725924661265588e-05,2.6266673139563555e-05,0.0434670203423725,0.020154755866196368,0,0,0.09377376366841024,0.09390528919439968,0.0,0.0,,,0.026041666666666668,0.18229166666666666,0.03031503014342462,0,0,0,0,0,0,961,0,0,0,0,0,0,0.00010023792234884847,0.0005619731604231977,0.0006846301407676947,0.04495567599951755,0.0808346679987153,0.12667965100263245,0.8686886119976407
APF,primary,,,,me5418-scenes-v1-0409,near_link,formal-g003,True,,,,,1.0,6.277620398369445e-05,4.4797040097456915e-05,2.476847590325679e-05,0.03104021043639589,0.019862657594278542,0,0,0.1726563730994591,0.0972893437285935,0.0,0.0,,,0.14657738095238093,0.40625,0.06782462199871568,0,0,0,0,0,0,961,0,0,0,0,0,0,0.00016451324525708819,0.0005728946176229026,0.0007389321976309778,0.04469876999792177,0.083012286995654,0.12859756000398193,0.9242917880037567
APF,primary,,,,me5418-scenes-v1-0415,tight_layout,formal-g009,True,,,,,1.0,5.803603163695331e-05,3.756111721163253e-05,2.3800289779359612e-05,0.019168544850035843,0.019753729087571642,0,0,0.23298610061622382,0.20446778129933038,0.0,0.0,,,0.04910714285714285,0.1875,0.029731148293876627,0,0,0,53,0,0,961,0,0,0,0,0,0,0.00016247679112287491,0.0005591221572406842,0.0006699755396008792,0.04392943800485227,0.07881373299460392,0.12363619499956258,0.8510911269986536
APF,primary,,,,me5418-scenes-v1-0416,far,formal-g010,True,,,,,1.0,4.427846857091465e-05,2.9057608152094316e-05,4.275098495271286e-05,,0.020154933643945418,961,0,0.023272477773791225,0.030965137360738,0.0,0.0,,,0.0,0.0,0.0,0,0,0,0,0,0,961,0,0,0,0,0,0,2.7581791755437735e-05,0.0005390365894224184,0.0005670504029694712,0.04403287199966144,0.07436721900012344,0.11922417700407095,0.7384432069957256
APF,primary,,,,me5418-scenes-v1-0419,near_link,formal-g013,True,,,,,1.0,5.522976267615683e-05,4.253630095049927e-05,2.7522009977678922e-05,0.04815674961120697,0.020151200681378115,0,0,0.13010413743162488,0.10862545772629383,0.0,0.0,,,0.019345238095238096,0.13541666666666666,0.022261602632916492,0,0,0,0,0,0,961,0,0,0,0,0,0,0.00016194894700068593,0.0005602085924541219,0.0006916172166105146,0.043366865007556044,0.08081382600357756,0.1250416279945057,0.8746192570106359
APF,primary,,,,me5418-scenes-v1-0421,far,formal-g015,True,,,,,1.0,3.111483422629584e-05,2.6751710597259337e-05,3.087825976843583e-05,,0.019757163557647596,961,0,0.0503438505350631,0.06371195797784684,0.0,0.0,,,0.0,0.0,0.0,0,0,0,0,0,0,961,0,0,0,0,0,0,2.766853632844383e-05,0.0005393229585934023,0.0005672577437204988,0.04372407999471761,0.07516472299175803,0.11973211499571335,0.7402170290006325
APF,primary,,,,me5418-scenes-v1-0427,near_link,formal-g021,True,,,,,1.0,4.578002809246574e-05,3.69123280557814e-05,3.087950682791005e-05,0.021048292559040893,0.019753683589359854,0,0,0.11306372730835662,0.08204192109362837,0.0,0.0,,,0.06770833333333331,0.4739583333333333,0.0303931171230106,0,0,0,152,0,0,961,0,0,0,0,0,0,0.0001304228856042755,0.0005485919196871692,0.0006413157000073018,0.04342327099584509,0.07824335400073323,0.12254042499989737,0.8212402060016757
APF,primary,,,,me5418-scenes-v1-0430,tight_layout,formal-g024,True,,,,,1.0,4.6644564444322976e-05,3.325658904723221e-05,2.0283440549794747e-05,0.03384258290436748,0.01975370903529093,0,0,0.19249805526648375,0.11561271718474853,0.0,0.0,,,0.025297619047619044,0.17708333333333334,0.03214254645869476,0,0,0,0,0,0,961,0,0,0,0,0,0,0.00018862057868318516,0.000580810417856507,0.0007515802426344938,0.043559717989410274,0.08177667298878077,0.12625804099661764,0.9327551540045533
APF,primary,,,,me5418-scenes-v1-0446,far,formal-g040,True,,,,,1.0,5.031682974304749e-05,4.2511397865739954e-05,3.7615961306614984e-05,,0.020012729391456804,961,0,0.04502861027861288,0.05425284825030185,0.0,0.0,,,0.0,0.0,0.0,0,0,0,0,0,0,961,0,0,0,0,0,0,2.772621852879335e-05,0.0005357567560774139,0.0005636966018755629,0.04384589800611138,0.07387908599048387,0.11855277699942235,0.7359942070033867
APF,primary,,,,me5418-scenes-v1-0457,near_link,formal-g051,True,,,,,1.0,7.096026168734466e-05,4.880005887022899e-05,2.6480510487831986e-05,0.021094187272411496,0.019797110377341026,0,0,0.17141202548075163,0.12174014768050133,0.0,0.0,,,0.09226190476190473,0.5052083333333334,0.04417196693044708,0,0,0,106,0,0,961,0,0,0,0,0,0,9.76240892214264e-05,0.0005805968321207426,0.0007349860552191482,0.043662992989993654,0.08231293399876449,0.1268417609971948,0.9181128279888071
APF,primary,,,,me5418-scenes-v1-0460,tight_layout,formal-g054,True,,,,,1.0,6.220586883717887e-05,5.2518344211303274e-05,5.546759759412108e-05,0.029539357860852933,0.01963588168270594,0,0,0.06394767724756001,0.08774693261228744,0.0,0.0,,,0.42857142857142855,1.0,0.10307451900324313,0,0,0,142,0,0,961,0,0,0,0,0,0,0.00023812997930387306,0.0005795036051343534,0.0007591070363105245,0.044698035999317653,0.08331613699556328,0.12892108500818722,0.9461291729967343
APF,primary,,,,me5418-scenes-v1-0467,near_link,formal-g003,True,,,,,1.0,5.083428073338567e-05,3.6922561027477496e-05,2.69006158239872e-05,0.04017114411398248,0.02014269921776838,0,0,0.19002139463682896,0.1271299622055802,0.0,0.0,,,0.03422619047619047,0.19791666666666666,0.02125805182242018,0,0,0,0,0,0,961,0,0,0,0,0,0,9.486094859312288e-05,0.0005715147471770858,0.0007235590884495953,0.04315108600712847,0.08091867099574301,0.12495308399957139,0.9070168449979974
APF,primary,,,,me5418-scenes-v1-0473,tight_layout,formal-g009,True,,,,,1.0,5.92300837014169e-05,4.2379111696595544e-05,2.7830366105561455e-05,0.02435468800196927,0.01975369934529385,0,0,0.24198342900433525,0.20446780840095555,0.0,0.0,,,0.02901785714285714,0.16666666666666666,0.033894406264816726,0,0,0,29,0,0,961,0,0,0,0,0,0,0.0001065059217732293,0.0005584969769339902,0.0006576893956813971,0.04422053400776349,0.07899078199989162,0.12407279299804941,0.8396824990049936
APF,primary,,,,me5418-scenes-v1-0474,far,formal-g010,True,,,,,1.0,3.1808573984007904e-05,2.9439750597069715e-05,2.6574543689675227e-05,,0.020137509426437487,961,0,0.030029455953875298,0.039609117874634774,0.0,0.0,,,0.0,0.0,0.0,0,0,0,0,0,0,961,0,0,0,0,0,0,2.7476791577403976e-05,0.000537686364638527,0.0005656333007664216,0.04461647199059371,0.07475513700046577,0.12019367000903003,0.7398283139918931
APF,primary,,,,me5418-scenes-v1-0477,near_link,formal-g013,True,,,,,1.0,0.00011185183953912071,0.00010020410087317858,9.281521863775494e-05,0.01361026243343963,0.020112913825017148,0,0,0.060202101119516814,0.0706599493323112,0.0,0.0,,,0.5602678571428569,1.0,0.12955398790610068,0,0,0,526,0,0,961,0,0,0,0,0,0,0.00012125539107425236,0.0005633521073226196,0.0006849524123784552,0.043666528988978826,0.07982708000054117,0.12436823899042793,0.8666675529966597
APF,primary,,,,me5418-scenes-v1-0479,far,formal-g015,True,,,,,1.0,3.1256253499222726e-05,2.6461912973479077e-05,3.0913802361587084e-05,,0.019755466962658598,961,0,0.05297841003896868,0.06872271818105927,0.0,0.0,,,0.0,0.0,0.0,0,0,0,0,0,0,961,0,0,0,0,0,0,2.7170687265728095e-05,0.0005369307981103096,0.0005646460520286685,0.043283865990815684,0.07407928101019934,0.11820631800219417,0.7351010139973368
APF,primary,,,,me5418-scenes-v1-0485,near_link,formal-g021,True,,,,,1.0,4.425136840090042e-05,4.0268147664941155e-05,3.9843304924939876e-05,0.025636979938305868,0.01977409419316902,0,0,0.15326534690924262,0.10555115278290123,0.0,0.0,,,0.06026785714285713,0.421875,0.025862909282930113,0,0,0,101,0,0,961,0,0,0,0,0,0,0.0001368589534346635,0.000552318218842629,0.0006460744333556552,0.0431483399879653,0.0781193659931887,0.122111278004013,0.8250168910017237
APF,primary,,,,me5418-scenes-v1-0488,tight_layout,formal-g024,True,,,,,1.0,4.9946679841896394e-05,3.8008066902747786e-05,3.655795944154796e-05,0.043387911572244336,0.019753731166401764,0,0,0.14019824868257239,0.10660843635609316,0.0,0.0,,,0.020089285714285712,0.140625,0.033703091104388745,0,0,0,0,0,0,961,0,0,0,0,0,0,9.393612049279909e-05,0.0005761443699308681,0.0007265517102344651,0.04337366500112694,0.08118199599266518,0.12543331799679436,0.9080149499932304
APF,primary,,,,me5418-scenes-v1-0497,near_link,formal-g033,False,external_collision_band,related_collision:obstacle,tracking,3.6125,0.903125,0.0001985216725294933,0.0001727780143454505,,6.354108300100914e-05,0.019600328178870648,0,0,0.16469320316150066,0.16194376419788,0.0,0.0,,,0.8341543513957308,1.0,0.1877749261948485,0,1,0,548,0,0,868,0,0,0,0,0,0,0.0002734231210284299,0.000561435296438686,0.0007058803264076919,0.044039251006324776,0.07919822199619375,0.12408696599595714,0.8152029500051867
APF,primary,,,,me5418-scenes-v1-0504,far,formal-g040,True,,,,,1.0,3.834921285974032e-05,3.521201503671232e-05,3.4926180675919596e-05,,0.020143093280061704,961,0,0.016687921786469776,0.016093475103213288,0.0,0.0,,,0.0,0.0,0.0,0,0,0,0,0,0,961,0,0,0,0,0,0,2.7264885072023997e-05,0.0005309068343043085,0.0005585911239904817,0.044438463999540545,0.07498799399763811,0.12031366300652735,0.7338537360046757
APF,primary,,,,me5418-scenes-v1-0508,tight_layout,formal-g044,False,external_collision_band,related_collision:obstacle,tracking,1.5458333333333334,0.38645833333333335,0.00010490066381284591,9.179170865599234e-05,,9.007554149056962e-05,0.01997209100300839,0,0,0.25905272693821496,0.19994457870596044,0.0,0.0,,,0.718095238095238,1.0,0.18421507014454036,0,1,0,372,0,0,372,0,0,0,0,0,0,0.00028286288065525395,0.000580648900531521,0.0007721051375910068,0.04495340598805342,0.08284363099664915,0.12866369300172664,0.4545433760067681
APF,primary,,,,me5418-scenes-v1-0515,near_link,formal-g051,True,,,,,1.0,6.740288914780653e-05,5.098135389573248e-05,4.540738007962898e-05,0.04941017423657798,0.019978044335654067,0,0,0.14183987393454645,0.10908873127979316,0.0,0.0,,,0.031994047619047616,0.17708333333333334,0.033983721605619195,0,0,0,0,0,0,961,0,0,0,0,0,0,0.00011618530318931637,0.000563604436698976,0.0006882233022982594,0.042997684999136254,0.0802199289901182,0.12412888401013333,0.8708306619955692
APF,primary,,,,me5418-scenes-v1-0518,tight_layout,formal-g054,True,,,,,1.0,7.484361435265507e-05,6.639455484210821e-05,5.2890651766861846e-05,0.016464446670563487,0.020089447634579455,0,0,0.041656053140228216,0.09883560338054702,0.0,0.0,,,0.3802083333333333,1.0,0.09646405741156595,0,0,0,388,0,0,961,0,0,0,0,0,0,0.00017716693150759966,0.000582841993658197,0.0007511722625774079,0.04508599599648733,0.0824489660008112,0.12846441500005312,0.9388936710020062
APF,primary,,,,me5418-scenes-v1-0525,near_link,formal-g003,True,,,,,1.0,5.893329433346102e-05,4.153332119330942e-05,3.750090583669141e-05,0.04624668778392084,0.020142382411976897,0,0,0.1753763110812451,0.11570988764852433,0.0,0.0,,,0.03273809523809523,0.18229166666666666,0.017500201057046375,0,0,0,0,0,0,961,0,0,0,0,0,0,6.959910933801439e-05,0.0005606288571925689,0.0006680094790378158,0.04481213899271097,0.08022520800295752,0.12601920998713467,0.8500142940029036
APF,primary,,,,me5418-scenes-v1-0532,far,formal-g010,True,,,,,1.0,4.5068138294048864e-05,3.122540713680154e-05,4.414417238183893e-05,,0.020151903415605694,961,0,0.02984871128481366,0.03895220848933728,0.0,0.0,,,0.0,0.0,0.0,0,0,0,0,0,0,961,0,0,0,0,0,0,2.7027134971528238e-05,0.0005378671031242751,0.0005653458500394967,0.04436494498804677,0.07477007100533228,0.11997580299794208,0.7378304240119178
APF,primary,,,,me5418-scenes-v1-0535,near_link,formal-g013,True,,,,,1.0,7.849748784044899e-05,6.262691833663415e-05,5.11800400188122e-05,0.03476394940960778,0.01961147226483506,0,0,0.21576363641516644,0.13261655204176506,0.0,0.0,,,0.054315476190476185,0.2552083333333333,0.04111544775251273,0,0,0,0,0,0,961,0,0,0,0,0,0,0.00014351346339935844,0.0005654827173657395,0.0006732089843808353,0.04490974301006645,0.08004175100359134,0.1258179989963537,0.8584080290020211
APF,primary,,,,me5418-scenes-v1-0537,far,formal-g015,True,,,,,1.0,3.360987044894618e-05,2.8245483272712814e-05,3.352390764459901e-05,,0.019762627724665076,961,0,0.05061610585428463,0.06606708451315303,0.0,0.0,,,0.0,0.0,0.0,0,0,0,0,0,0,961,0,0,0,0,0,0,2.7465490196239745e-05,0.0005376133259990941,0.0005654010384356904,0.04451740199874621,0.07457763700222131,0.12003028400067706,0.7378566970000975
APF,primary,,,,me5418-scenes-v1-0543,near_link,formal-g021,True,,,,,1.0,6.287076382029896e-05,4.9229825641781796e-05,3.862064033215341e-05,0.04404437640179121,0.020103435413705725,0,0,0.07778232100685638,0.0807231611675274,0.0,0.0,,,0.0394345238095238,0.2760416666666667,0.02922440285389546,0,0,0,0,0,0,961,0,0,0,0,0,0,0.0001514103121280641,0.0005731152428021839,0.0006742886437981118,0.04359569199732505,0.08026396000059322,0.1247243540128693,0.867186479998054
APF,primary,,,,me5418-scenes-v1-0546,tight_layout,formal-g024,True,,,,,1.0,4.602993486620132e-05,3.9326556733737625e-05,3.8964857521614306e-05,0.01706687538214359,0.02000457974712186,0,0,0.20027747797610368,0.21229343748709134,0.0,0.0,,,0.06845238095238095,0.2864583333333333,0.044925238350179635,0,0,0,75,0,0,961,0,0,0,0,0,0,0.00019307404174166246,0.0005815164083590692,0.0007524306156483362,0.044585850002476946,0.08332888399309013,0.12880140700144693,0.9367033890011953
APF,primary,,,,me5418-scenes-v1-0555,near_link,formal-g033,False,external_collision_band,related_collision:obstacle,tracking,3.5666666666666664,0.8916666666666666,0.0001924117806829673,0.0001590119764273867,,7.128747538695523e-05,0.01943684710811716,0,0,0.2996900323751025,0.19991804518151973,0.0,0.0,,,0.8313953488372093,1.0,0.19219737989957192,0,1,0,857,0,0,857,0,0,0,0,0,0,0.00028549431911859186,0.000563267872787258,0.0007112919621275102,0.04463204799685627,0.0805876289959997,0.12619462700968143,0.8137737200013362
APF,primary,,,,me5418-scenes-v1-0562,far,formal-g040,True,,,,,1.0,4.863610229519846e-05,4.087964111467051e-05,2.5995213106306088e-05,,0.020058550909440385,961,0,0.021929774497294406,0.025695160931549735,0.0,0.0,,,0.0,0.0,0.0,0,0,0,0,0,0,961,0,0,0,0,0,0,2.734907866397407e-05,0.000535665295835012,0.0005637177681971176,0.043832378010847606,0.07615946199803147,0.12095365500135813,0.736355489003472
APF,primary,,,,me5418-scenes-v1-0573,near_link,formal-g051,True,,,,,1.0,4.4453353298976984e-05,2.6316663217832768e-05,2.1548642766274462e-05,0.02180180700403274,0.01982556742326467,0,0,0.19533633558048547,0.19248767455887444,0.0,0.0,,,0.08482142857142855,0.2708333333333333,0.04345278706389738,0,0,0,61,0,0,961,0,0,0,0,0,0,0.00017576203602705695,0.0005819491134995285,0.0007508005532902947,0.04370000900235027,0.08433923999837134,0.1288993510097498,0.9357057029992575
APF,primary,,,,me5418-scenes-v1-0583,near_link,formal-g003,True,,,,,1.0,6.843025477414256e-05,5.09964444101109e-05,3.8869938249988164e-05,0.03305106803002254,0.019689210683563857,0,0,0.2089072472978204,0.11693196358300231,0.0,0.0,,,0.06473214285714285,0.2760416666666667,0.021763173996405132,0,0,0,0,0,0,961,0,0,0,0,0,0,6.75364480381783e-05,0.0005515777999183532,0.0006614348742762862,0.04418392200022936,0.0799362999969162,0.12503024899342563,0.8427713159908308
APF,primary,,,,me5418-scenes-v1-0589,tight_layout,formal-g009,True,,,,,1.0,6.757086828371356e-05,4.6423692796460193e-05,2.5576833273322522e-05,0.03365845963960369,0.01975370791670756,0,0,0.18447064230850949,0.17989568675674927,0.0,0.0,,,0.055803571428571425,0.23958333333333334,0.03137477771204017,0,0,0,0,0,0,961,0,0,0,0,0,0,0.00019109408844997233,0.0005613320242749372,0.0006779009710802104,0.043078465008875355,0.0782947499974398,0.1222115179989487,0.8563511420070427
APF,primary,,,,me5418-scenes-v1-0590,far,formal-g010,True,,,,,1.0,2.9265735956465304e-05,2.6621064081736318e-05,2.6249645469028438e-05,,0.020154933643945418,961,0,0.014549207832114674,0.022735740454245645,0.0,0.0,,,0.0,0.0,0.0,0,0,0,0,0,0,961,0,0,0,0,0,0,2.7442192655750357e-05,0.0005367319678650043,0.0005643172259018077,0.04428616400400642,0.07558114900893997,0.12071638500492554,0.7391929690056713
APF,primary,,,,me5418-scenes-v1-0593,near_link,formal-g013,True,,,,,1.0,8.35670214678223e-05,6.300044376116644e-05,4.2484540947936735e-05,0.03490434664518037,0.020143241210176466,0,0,0.10400897929114598,0.10468082486213347,0.0,0.0,,,0.09151785714285714,0.4635416666666667,0.05144568045258979,0,0,0,0,0,0,961,0,0,0,0,0,0,0.00012819610894136227,0.0005649711281118168,0.000688278658329485,0.04365965200122446,0.07953692399314605,0.12405588799447287,0.8691486470052041
APF,primary,,,,me5418-scenes-v1-0595,far,formal-g015,True,,,,,1.0,2.9757099832364455e-05,2.4288460821752128e-05,2.2645567968014824e-05,,0.019918194315494867,961,0,0.04523213369506335,0.05908006748390178,0.0,0.0,,,0.0,0.0,0.0,0,0,0,0,0,0,961,0,0,0,0,0,0,2.7536895913726767e-05,0.0005370488914498613,0.0005646927476694448,0.04488827000022866,0.07466906600166112,0.1204306640138384,0.7386471309873741
APF,primary,,,,me5418-scenes-v1-0601,near_link,formal-g021,True,,,,,1.0,4.10553239921955e-05,3.803096027720124e-05,3.895810092186172e-05,0.0386635876415215,0.019753836368029257,0,0,0.05995201275356634,0.05003310800624436,0.0,0.0,,,0.0,0.0,0.024992434680065786,0,0,0,0,0,0,961,0,0,0,0,0,0,0.00014733404615678106,0.0005595101365391505,0.0006566229580736642,0.043603203987004235,0.0790078340069158,0.12347292600315996,0.8376593080029124
APF,primary,,,,me5418-scenes-v1-0604,tight_layout,formal-g024,True,,,,,1.0,5.9786675403253406e-05,4.2811520781376465e-05,2.60484691858509e-05,0.02640460911167522,0.019753731577301308,0,0,0.1414375454936971,0.1035856803300605,0.0,0.0,,,0.06249999999999998,0.4375,0.038328733941246015,0,0,0,39,0,0,961,0,0,0,0,0,0,0.00011116380210296484,0.0005759808793148598,0.0007298713208607903,0.043282208003802225,0.08137332901242189,0.12551584100583568,0.9137399540049955
APF,primary,,,,me5418-scenes-v1-0608,near_link,formal-g028,True,,,,,1.0,4.238478143017063e-05,3.06163131818151e-05,2.6608212459256138e-05,0.025009509005639974,0.01975707874323053,0,0,0.1314981678962695,0.11291445241381971,0.0,0.0,,,0.15997023809523805,0.65625,0.06679943149189392,0,0,0,256,0,0,961,0,0,0,0,0,0,0.0002381666981818853,0.0005756995136531865,0.0007561626685552862,0.044207293991348706,0.08284545700007584,0.12795816001016647,0.9387079209991498
APF,primary,,,,me5418-scenes-v1-0613,near_link,formal-g033,True,,,,,1.0,0.00019345808776460768,0.00017053040550485583,0.00015060825858662061,0.007898646899858364,0.01942801181705823,0,0,0.12270623650150606,0.11446759108880494,0.0,0.0,,,0.6644345238095237,1.0,0.1724861976499638,0,0,0,630,0,0,961,0,0,0,0,0,0,0.00023708338039796217,0.0005472344177330039,0.0006843880180743629,0.043633270004647784,0.07840233099705074,0.12287651799852028,0.8658849250059575
APF,primary,,,,me5418-scenes-v1-0614,tight_layout,formal-g034,True,,,,,1.0,6.071477702132071e-05,4.875712111262587e-05,4.487494382054418e-05,0.005081010300474947,0.020144249531449915,0,0,0.18338577815490148,0.16335966647808375,0.0,0.0,,,0.18154761904761904,0.484375,0.05434996181500126,0,0,0,236,0,0,961,0,0,0,0,0,0,0.00014535834460123928,0.0005806752198016814,0.0007424029259558059,0.04443979199277237,0.08236970800498966,0.12766631699923892,0.9252160070027458
APF,primary,,,,me5418-scenes-v1-0620,far,formal-g040,True,,,,,1.0,4.839009669608144e-05,4.260474945896305e-05,4.30903633886011e-05,,0.02004435092898041,961,0,0.02506596490501741,0.03254447396682914,0.0,0.0,,,0.0,0.0,0.0,0,0,0,0,0,0,961,0,0,0,0,0,0,2.7068442932431935e-05,0.0005273642250813281,0.0005549149871209617,0.04420835500059184,0.13370539499737788,0.17875512699538376,0.7863578940014122
APF,primary,,,,me5418-scenes-v1-0641,near_link,formal-g003,True,,,,,1.0,4.978447111191716e-05,3.8400594121898094e-05,3.141851299958187e-05,0.03397898676372563,0.020142768433908553,0,0,0.2172812467991416,0.1563549970309752,0.0,0.0,,,0.05208333333333332,0.19791666666666666,0.026485982833692523,0,0,0,0,0,0,961,0,0,0,0,0,0,9.415139561497199e-05,0.0005641430676860182,0.000714989033576785,0.04351802199380472,0.08082663499226328,0.125219729001401,0.8976234620058676
APF,primary,,,,me5418-scenes-v1-0644,near_link,formal-g006,True,,,,,1.0,9.376882420373615e-05,7.644849701156404e-05,6.392336954855803e-05,0.010940147397237962,0.020086046625918397,0,0,0.1478838840750941,0.1694420035490838,0.0,0.0,,,0.5714285714285713,1.0,0.12123794645266488,0,0,0,432,0,0,961,0,0,0,0,0,0,0.00019145340093018604,0.0005560249133244118,0.0007055491897972388,0.043631496009766124,0.08214716700604185,0.12664958600362297,0.8885058999876492
APF,primary,,,,me5418-scenes-v1-0648,far,formal-g010,True,,,,,1.0,3.930103602966894e-05,2.750996559091957e-05,3.665663791030218e-05,,0.020132073760662568,961,0,0.025465937660122957,0.03702063730061114,0.0,0.0,,,0.0,0.0,0.0,0,0,0,0,0,0,961,0,0,0,0,0,0,2.7420198269586155e-05,0.0005415777790555391,0.0005693525794110125,0.043282728001940995,0.07442031399114057,0.11859215899312403,0.7398103529994842
APF,primary,,,,me5418-scenes-v1-0651,near_link,formal-g013,True,,,,,1.0,8.407602112114292e-05,6.342015096722815e-05,2.9754832953005137e-05,0.018153755507475347,0.01981134430583527,0,0,0.15842615069724422,0.11966500389578025,0.0,0.0,,,0.13913690476190474,0.8333333333333334,0.06160933940138299,0,0,0,195,0,0,961,0,0,0,0,0,0,0.00012515906231177118,0.0005683391217189637,0.0007117755510686644,0.043622668003081344,0.08063771700835787,0.12512147100642323,0.8927023619908141
APF,primary,,,,me5418-scenes-v1-0653,far,formal-g015,True,,,,,1.0,3.79240406083148e-05,2.6439526824307295e-05,3.761456879807003e-05,,0.019933008478792924,961,0,0.03467310891314254,0.043327550699154616,0.0,0.0,,,0.0,0.0,0.0,0,0,0,0,0,0,961,0,0,0,0,0,0,2.748187497066586e-05,0.0005353628942126913,0.000562882923016635,0.04345895900041796,0.07432001300912816,0.11860159499337897,0.7337318939971738
APF,primary,,,,me5418-scenes-v1-0659,near_link,formal-g021,True,,,,,1.0,4.801000069219226e-05,3.905938898031356e-05,3.564408182082678e-05,0.03608172427874813,0.01975369740289771,0,0,0.11856384178186162,0.07830155106849418,0.0,0.0,,,0.04241071428571428,0.296875,0.02000664705038478,0,0,0,0,0,0,961,0,0,0,0,0,0,0.0001430156360129331,0.0005565418531053486,0.0006528265522774745,0.04383997900004033,0.07827968600031454,0.12301345200103242,0.8340661999973236
APF,primary,,,,me5418-scenes-v1-0662,tight_layout,formal-g024,True,,,,,1.0,4.7900251222218916e-05,3.507801233802787e-05,3.25726367366212e-05,0.011962715275970273,0.019753669089214387,0,0,0.1225532149403575,0.12981246847523095,0.0,0.0,,,0.12499999999999996,0.484375,0.057204205304990575,0,0,0,187,0,0,961,0,0,0,0,0,0,0.0001976959379893136,0.0005851226756931283,0.0007566826071979449,0.044911179997143336,0.0847587340103928,0.1305323819979094,0.9423446569999214
APF,primary,,,,me5418-scenes-v1-0671,near_link,formal-g033,False,external_collision_band,related_collision:obstacle,tracking,1.2791666666666666,0.31979166666666664,0.00015554591754685267,0.00011592468529941599,,8.198649997701035e-05,0.019975466173154453,0,0,0.20676802410858275,0.11928629383173538,0.0,0.0,,,0.587557603686636,1.0,0.15627691729645343,0,1,0,308,0,0,308,0,0,0,0,0,0,0.0002812543546409166,0.0005623918792296577,0.0007125044303452475,0.04424834900419228,0.07958696299465373,0.12474958700477146,0.3773575279919896
APF,primary,,,,me5418-scenes-v1-0678,far,formal-g040,True,,,,,1.0,6.467299124203063e-05,4.5683339925108274e-05,3.3215912734413935e-05,,0.019717806674796355,961,0,0.04661322772056368,0.0622326103368481,0.0,0.0,,,0.0,0.0,0.0,0,0,0,0,0,0,961,0,0,0,0,0,0,2.7015546947950497e-05,0.0005245835709198825,0.0005519705801816599,0.04385171001194976,0.07415280700661242,0.11883761998615228,0.7246878930018283
APF,primary,,,,me5418-scenes-v1-0689,near_link,formal-g051,True,,,,,1.0,6.112871822056439e-05,5.451570335499758e-05,5.933974608033457e-05,0.01347548851869293,0.01978016687756573,0,0,0.18985877909579352,0.1361367799372911,0.0,0.0,,,0.13690476190476186,0.4739583333333333,0.07661911178617911,0,0,0,135,0,0,961,0,0,0,0,0,0,0.00013899265642673223,0.0005683956596082377,0.0006969239447850366,0.043784784007584676,0.08047796400205698,0.12511156901018694,0.8836051390098874
PPO_best_550901,primary,550901,best,520f129a30003fc360012af7b9c5b0cd372ed0aabe3d2cb4888b1365b126e821,me5418-scenes-v1-0003,near_link,formal-g003,True,,,,,1.0,6.829692017225154e-05,5.1164333379231095e-05,6.423253656794795e-05,0.027374368102053778,0.01943208901619823,0,0,0.620240844976186,0.2192198783293056,0.0,0.0,0.0863095238095238,0.2864583333333333,0.0,0.0,0.11207323247023547,0,0,0,11,0,0,961,0,0,0,0,0,0,0.00031488115625203744,0.0005837557834790156,0.000739413782897221,0.04984707399853505,0.08152554000844248,0.13226648200361524,0.9305022280022968
PPO_best_550901,primary,550901,best,520f129a30003fc360012af7b9c5b0cd372ed0aabe3d2cb4888b1365b126e821,me5418-scenes-v1-0009,tight_layout,formal-g009,True,,,,,1.0,8.287225847396454e-05,7.165175746891413e-05,5.424803989170928e-05,0.020536793141801346,0.01955373158209666,0,0,0.2573111855451291,0.25803429690907553,0.0,0.0,0.5022321428571428,1.0,0.0,0.0,0.17162382094455614,0,0,0,41,0,0,961,0,0,0,0,0,0,0.0002945516193904041,0.0005697877719891645,0.0007025936967390104,0.044096301004174165,0.07974997800192796,0.12471767500392161,0.8856849209987558
PPO_best_550901,primary,550901,best,520f129a30003fc360012af7b9c5b0cd372ed0aabe3d2cb4888b1365b126e821,me5418-scenes-v1-0010,far,formal-g010,True,,,,,1.0,6.973160486999337e-05,5.737699534527696e-05,3.497505974785059e-05,,0.01962675450026484,961,0,0.17453522860911647,0.2526157530703632,0.0,0.0,0.42857142857142855,1.0,0.0,0.0,0.13651914950460198,0,0,0,0,0,0,961,0,0,0,0,0,0,0.00025380466642369964,0.0005537559450961756,0.0006271587219240852,0.04372818599222228,0.07513231299526524,0.11972077300015371,0.8076427110063378
PPO_best_550901,primary,550901,best,520f129a30003fc360012af7b9c5b0cd372ed0aabe3d2cb4888b1365b126e821,me5418-scenes-v1-0013,near_link,formal-g013,True,,,,,1.0,6.003402585332414e-05,4.688906535007196e-05,3.974412223333516e-05,0.01941893806587726,0.01950821683128924,0,0,1.1710434035281387,0.2657266021723218,0.0,0.0,0.4806547619047618,1.0,0.0,0.0,0.1511805991309562,0,0,0,75,0,0,961,0,0,0,0,0,0,0.000300300780205968,0.0005848242586125707,0.0007246550645807777,0.04284402698976919,0.08067236900387798,0.12437126900476869,0.9066125589888543
PPO_best_550901,primary,550901,best,520f129a30003fc360012af7b9c5b0cd372ed0aabe3d2cb4888b1365b126e821,me5418-scenes-v1-0015,far,formal-g015,True,,,,,1.0,6.572295566730566e-05,5.310884555892067e-05,3.442101162008904e-05,,0.0195393465654774,961,0,0.1776254829168541,0.25164635848041517,0.0,0.0,0.42857142857142855,1.0,0.0,0.0,0.13891773016325065,0,0,0,0,0,0,961,0,0,0,0,0,0,0.0002655751558601575,0.0005579971988784867,0.0006340785762252684,0.044535067994729616,0.07547010999405757,0.12086423000437208,0.8183018599956995
PPO_best_550901,primary,550901,best,520f129a30003fc360012af7b9c5b0cd372ed0aabe3d2cb4888b1365b126e821,me5418-scenes-v1-0021,near_link,formal-g021,True,,,,,1.0,8.862124304114829e-05,6.243386977928141e-05,4.1841723200975974e-05,0.025300392513261438,0.019599703554200813,0,0,0.3964453662161148,0.2895960744076712,0.0,0.0,0.4583333333333332,1.0,0.0,0.0,0.13600096132390066,0,0,0,42,0,0,961,0,0,0,0,0,0,0.00028633864068676,0.0005694647406774796,0.0006927843991888949,0.04539339800248854,0.08067382000444923,0.12698523100698367,0.8785466519912006
PPO_best_550901,primary,550901,best,520f129a30003fc360012af7b9c5b0cd372ed0aabe3d2cb4888b1365b126e821,me5418-scenes-v1-0022,tight_layout,formal-g022,True,,,,,1.0,9.769607951275906e-05,7.526169842073007e-05,5.899646584438109e-05,0.0023255875498373463,0.01954773509754798,0,0,0.3025973939404325,0.286278621734681,0.0,0.0,0.5066964285714285,1.0,0.0,0.0,0.16718364148622467,0,0,0,137,0,0,961,0,0,0,0,0,0,0.00029493276580675837,0.0005830254573993443,0.0007158659986847245,0.04382367599464487,0.07962014200165868,0.12429436299134977,0.8986573620059062
PPO_best_550901,primary,550901,best,520f129a30003fc360012af7b9c5b0cd372ed0aabe3d2cb4888b1365b126e821,me5418-scenes-v1-0024,tight_layout,formal-g024,True,,,,,1.0,4.606124742408995e-05,3.004710061097069e-05,4.255230041022507e-05,0.01829497534237698,0.01960656667321293,0,0,0.2072930442255007,0.1967948893513586,0.0,0.0,0.14285714285714282,1.0,0.0,0.0,0.09412790445217288,0,0,0,64,0,0,961,0,0,0,0,0,0,0.00032516102123736346,0.000596815213687781,0.0007939209446400733,0.04290565299743321,0.08278283000981901,0.1265569810057059,0.9794400309910998
PPO_best_550901,primary,550901,best,520f129a30003fc360012af7b9c5b0cd372ed0aabe3d2cb4888b1365b126e821,me5418-scenes-v1-0032,tight_layout,formal-g032,False,external_collision_band,related_collision:obstacle,tracking,0.49583333333333335,0.12395833333333334,1.845756745017967e-05,1.3151479686117708e-05,,9.964741691269319e-05,0.020087467251131953,0,0,0.38504480367692007,0.18362728104629022,0.0,0.0,0.0,0.0,0.0,0.0,0.0819030768038439,0,1,0,120,0,0,120,0,0,0,0,0,0,0.00033962045805916813,0.0006032749244252595,0.0008168299757032225,0.04347041800792795,0.0860432729969034,0.13037942499795463,0.24813082699256483
PPO_best_550901,primary,550901,best,520f129a30003fc360012af7b9c5b0cd372ed0aabe3d2cb4888b1365b126e821,me5418-scenes-v1-0033,near_link,formal-g033,True,,,,,1.0,7.176903878783672e-05,5.65114319461631e-05,5.500583143183283e-05,0.025075863951248875,0.019443731268878578,0,0,0.3696790828694682,0.22560528260526785,0.0,0.0,0.06026785714285712,0.40625,0.0,0.0,0.12129959270491131,0,0,0,18,0,0,961,0,0,0,0,0,0,0.0003078799525913685,0.0005773824270060383,0.0007278702812527627,0.0439086149999639,0.08021686700521968,0.12499368999851868,0.9157384349964559
PPO_best_550901,primary,550901,best,520f129a30003fc360012af7b9c5b0cd372ed0aabe3d2cb4888b1365b126e821,me5418-scenes-v1-0040,far,formal-g040,True,,,,,1.0,9.520442940654796e-05,7.022973270303909e-05,4.0359091029615884e-05,,0.019765317708253585,961,0,0.17836643310822792,0.29104775369664465,0.0,0.0,0.42857142857142855,1.0,0.0,0.0,0.13625318030605005,0,0,0,0,0,0,961,0,0,0,0,0,0,0.00025437943744085106,0.0005540375217454615,0.0006273812769146995,0.04328823399555404,0.07462333000148647,0.11881557999004144,0.8063550719962223
PPO_best_550901,primary,550901,best,520f129a30003fc360012af7b9c5b0cd372ed0aabe3d2cb4888b1365b126e821,me5418-scenes-v1-0044,tight_layout,formal-g044,True,,,,,1.0,5.9826811847847974e-05,3.9169162591640784e-05,5.9826811847847974e-05,0.005800678911506804,0.01961826109744145,0,0,0.1323963349132,0.2368438614871499,0.0,0.0,0.581845238095238,1.0,0.0,0.0,0.1656240391256731,0,0,0,805,0,0,961,0,0,0,0,0,0,0.00032611352033503255,0.0005904700843378426,0.0007875472457726573,0.04476478000287898,0.0852837870043004,0.13097747100982815,0.9757359640061622
PPO_best_550901,primary,550901,best,520f129a30003fc360012af7b9c5b0cd372ed0aabe3d2cb4888b1365b126e821,me5418-scenes-v1-0051,near_link,formal-g051,True,,,,,1.0,4.902786727334815e-05,3.342433862424045e-05,4.902786727334815e-05,0.017983315837372213,0.019484187216245237,0,0,0.8933256729649188,0.2195990961788586,0.0,0.0,0.08184523809523807,0.5729166666666666,0.0,0.0,0.11108281666390776,0,0,0,49,0,0,961,0,0,0,0,0,0,0.00031062947906927246,0.0005843983563712148,0.0007479935042132032,0.04327126100542955,0.08311468400643207,0.12726767999993172,0.9364725210034521
PPO_best_550901,primary,550901,best,520f129a30003fc360012af7b9c5b0cd372ed0aabe3d2cb4888b1365b126e821,me5418-scenes-v1-0054,tight_layout,formal-g054,False,external_collision_band,related_collision:obstacle,tracking,0.5416666666666666,0.13541666666666666,3.441528214110839e-05,2.283435162082328e-05,,8.520940968199248e-05,0.020095189980377154,0,0,0.19800099216523032,0.2217695170332421,0.0,0.0,0.3186813186813187,1.0,0.0,0.0,0.15498766227737887,0,1,0,131,0,0,131,0,0,0,0,0,0,0.00034276573177731526,0.0005969457846591608,0.0008052803315177488,0.04326766500889789,0.08496406399353873,0.1291316369897686,0.25511022299178876
PPO_best_550901,primary,550901,best,520f129a30003fc360012af7b9c5b0cd372ed0aabe3d2cb4888b1365b126e821,me5418-scenes-v1-0061,near_link,formal-g003,True,,,,,1.0,2.703241892960183e-05,1.7011943210629748e-05,1.906781042858648e-05,0.016779510135819728,0.019748291971475297,0,0,0.22462845450787136,0.21360639833452688,0.0,0.0,0.14285714285714282,1.0,0.0,0.0,0.10074365589701172,0,0,0,56,0,0,961,0,0,0,0,0,0,0.0003254896508527357,0.0005874335039455521,0.000784362196903506,0.04505408598924987,0.0843577589985216,0.13029928000469226,0.9729049989982741
PPO_best_550901,primary,550901,best,520f129a30003fc360012af7b9c5b0cd372ed0aabe3d2cb4888b1365b126e821,me5418-scenes-v1-0067,tight_layout,formal-g009,True,,,,,1.0,8.094139600701674e-05,6.284044687176374e-05,5.914483256523418e-05,0.012094203963854092,0.01959685521066605,0,0,0.22422055782747446,0.2618196247952918,0.0,0.0,0.5386904761904762,1.0,0.0,0.0,0.16880191911366724,0,0,0,85,0,0,961,0,0,0,0,0,0,0.00028898196273985377,0.0005751248031022745,0.0007066720803625988,0.04316023200226482,0.07994841699837707,0.12398585501068737,0.890778686007252
PPO_best_550901,primary,550901,best,520f129a30003fc360012af7b9c5b0cd372ed0aabe3d2cb4888b1365b126e821,me5418-scenes-v1-0068,far,formal-g010,True,,,,,1.0,7.583159141439112e-05,5.6901962618402554e-05,3.514346014422223e-05,,0.01954020762272566,961,0,0.17296631953055722,0.2585894736340483,0.0,0.0,0.42857142857142855,1.0,0.0,0.0,0.13618994124810255,0,0,0,0,0,0,961,0,0,0,0,0,0,0.0002550276928256305,0.0005618091801807168,0.0006354532466806025,0.044270355996559374,0.07488340900454205,0.12007556500611827,0.8187994149920996
PPO_best_550901,primary,550901,best,520f129a30003fc360012af7b9c5b0cd372ed0aabe3d2cb4888b1365b126e821,me5418-scenes-v1-0071,near_link,formal-g013,True,,,,,1.0,6.81671621341144e-05,5.248443750450439e-05,3.590050099919045e-05,0.03166965680758933,0.01951642259731609,0,0,1.179217103716677,0.28288130731022093,0.0,0.0,0.4947916666666666,1.0,0.0,0.0,0.15096017753461466,0,0,0,0,0,0,961,0,0,0,0,0,0,0.00029802816629853623,0.0005847307072447923,0.0007214406966340903,0.04324416900635697,0.08023022899578791,0.1243442499981029,0.90548009199847
PPO_best_550901,primary,550901,best,520f129a30003fc360012af7b9c5b0cd372ed0aabe3d2cb4888b1365b126e821,me5418-scenes-v1-0073,far,formal-g015,True,,,,,1.0,6.344288432862573e-05,5.28210077510939e-05,3.5481972008473406e-05,,0.01955718479118538,961,0,0.1793440410996712,0.25322824584667264,0.0,0.0,0.42857142857142855,1.0,0.0,0.0,0.139824853398438,0,0,0,0,0,0,961,0,0,0,0,0,0,0.00025768467639863957,0.0005557596112794272,0.0006300998257453709,0.04376176599180326,0.07551517999672797,0.12011207299656235,0.8133271800033981
PPO_best_550901,primary,550901,best,520f129a30003fc360012af7b9c5b0cd372ed0aabe3d2cb4888b1365b126e821,me5418-scenes-v1-0079,near_link,formal-g021,True,,,,,1.0,7.446022506438238e-05,5.309215082463908e-05,4.4412122161888835e-05,0.03297733773377219,0.019576851698644343,0,0,0.30554950117249813,0.2741045805648123,0.0,0.0,0.5572916666666665,1.0,0.0,0.0,0.1562333888695797,0,0,0,0,0,0,961,0,0,0,0,0,0,0.000280243891287076,0.0005726005814570575,0.0006923875612604509,0.04473449099168647,0.0792647859925637,0.1248656419920735,0.8774133469996741
PPO_best_550901,primary,550901,best,520f129a30003fc360012af7b9c5b0cd372ed0aabe3d2cb4888b1365b126e821,me5418-scenes-v1-0080,tight_layout,formal-g022,True,,,,,1.0,8.088355448732505e-05,6.282459079397897e-05,5.814542886299152e-05,0.009660998395539425,0.019618586975362173,0,0,0.19073784310126202,0.2947206695001345,0.0,0.0,0.5714285714285713,1.0,0.0,0.0,0.1663425413836237,0,0,0,145,0,0,961,0,0,0,0,0,0,0.00028624574467054725,0.0005836188957952497,0.000714806687771367,0.044593715996597894,0.07986958698893432,0.12535030700382777,0.8986667620047228
PPO_best_550901,primary,550901,best,520f129a30003fc360012af7b9c5b0cd372ed0aabe3d2cb4888b1365b126e821,me5418-scenes-v1-0082,tight_layout,formal-g024,True,,,,,1.0,3.1302577117322674e-05,2.1144701285536603e-05,2.7582656263989628e-05,0.010539393832081453,0.019938203409837603,0,0,0.19796739348119866,0.21314807935926006,0.0,0.0,0.14285714285714282,1.0,0.0,0.0,0.08526792573421041,0,0,0,83,0,0,961,0,0,0,0,0,0,0.00033207745377694664,0.0005988108919761241,0.0007990454229760265,0.04566041899670381,0.0838055550120771,0.13034108400461264,0.989349289011443
PPO_best_550901,primary,550901,best,520f129a30003fc360012af7b9c5b0cd372ed0aabe3d2cb4888b1365b126e821,me5418-scenes-v1-0098,far,formal-g040,True,,,,,1.0,7.875106621617147e-05,6.266462833986664e-05,3.842629473428317e-05,,0.01961903719281733,961,0,0.17179403270867571,0.2723524472926213,0.0,0.0,0.42857142857142855,1.0,0.0,0.0,0.1368684443889097,0,0,0,0,0,0,961,0,0,0,0,0,0,0.00025746603197755274,0.0005564702102977511,0.0006305629198474586,0.04592971599777229,0.07574381100130267,0.12257923700963147,0.8150384040054632
PPO_best_550901,primary,550901,best,520f129a30003fc360012af7b9c5b0cd372ed0aabe3d2cb4888b1365b126e821,me5418-scenes-v1-0109,near_link,formal-g051,True,,,,,1.0,2.8885169219680547e-05,2.1654269039678112e-05,2.179954470888906e-05,0.017202738319176847,0.019714723277501983,0,0,0.4297868425017118,0.21670254350321724,0.0,0.0,0.23065476190476186,1.0,0.0,0.0,0.1070901287819392,0,0,0,48,0,0,961,0,0,0,0,0,0,0.00031723452063185203,0.0005887970823702442,0.0007740750542780007,0.04362242198840249,0.08343558599881362,0.12794018199201673,0.9610558050044347
PPO_best_550901,primary,550901,best,520f129a30003fc360012af7b9c5b0cd372ed0aabe3d2cb4888b1365b126e821,me5418-scenes-v1-0119,near_link,formal-g003,True,,,,,1.0,3.71239308476004e-05,2.7431838455892354e-05,3.490640024602449e-05,0.019150390123645264,0.019559556579343607,0,0,0.45744541674144984,0.2168453311721641,0.0,0.0,0.15252976190476186,0.59375,0.0,0.0,0.1059444319828236,0,0,0,40,0,0,961,0,0,0,0,0,0,0.00031486172906625143,0.0005884431281780659,0.0007693231846891043,0.04399023599398788,0.08261978600057773,0.1274887600011425,0.9580285880074371
PPO_best_550901,primary,550901,best,520f129a30003fc360012af7b9c5b0cd372ed0aabe3d2cb4888b1365b126e821,me5418-scenes-v1-0122,near_link,formal-g006,True,,,,,1.0,5.331130880592913e-05,3.4196909676036825e-05,5.326928594914071e-05,0.013644399431133547,0.019607074858421995,0,0,0.19958618203087808,0.23606339083663933,0.0,0.0,0.5178571428571427,1.0,0.0,0.0,0.1660895116915483,0,0,0,59,0,0,961,0,0,0,0,0,0,0.00032058422940887493,0.000583373213824719,0.0007550519887445262,0.05528742499882355,0.09243451700604055,0.14866539200011175,0.9645159849897027
PPO_best_550901,primary,550901,best,520f129a30003fc360012af7b9c5b0cd372ed0aabe3d2cb4888b1365b126e821,me5418-scenes-v1-0126,far,formal-g010,True,,,,,1.0,7.01035170314964e-05,5.7838347916676755e-05,3.628248863224075e-05,,0.019575867260798407,961,0,0.16788727917069146,0.2567589096234766,0.0,0.0,0.42857142857142855,1.0,0.0,0.0,0.13678474481483655,0,0,0,0,0,0,961,0,0,0,0,0,0,0.000259528828337352,0.0005585332832197309,0.0006331102178743701,0.044765308004571125,0.07568481699854601,0.12137145399174187,0.8164455919904867
PPO_best_550901,primary,550901,best,520f129a30003fc360012af7b9c5b0cd372ed0aabe3d2cb4888b1365b126e821,me5418-scenes-v1-0129,near_link,formal-g013,True,,,,,1.0,3.562557900215106e-05,2.4820544064892015e-05,2.6963561909546026e-05,0.016612750731674925,0.019445808350895807,0,0,0.49784662834809185,0.22906027689365943,0.0,0.0,0.1979166666666666,1.0,0.0,0.0,0.10329409016059281,0,0,0,610,0,0,961,0,0,0,0,0,0,0.00030405329137768905,0.0005821314159523657,0.0007388460451087061,0.04346386200631969,0.08058405200426932,0.12493083000299521,0.9259890210087178
PPO_best_550901,primary,550901,best,520f129a30003fc360012af7b9c5b0cd372ed0aabe3d2cb4888b1365b126e821,me5418-scenes-v1-0131,far,formal-g015,True,,,,,1.0,6.583284290206255e-05,5.47486553446042e-05,3.3685629855455634e-05,,0.019550747604856887,961,0,0.17765106318901575,0.2516731610810793,0.0,0.0,0.42857142857142855,1.0,0.0,0.0,0.13883892230334738,0,0,0,0,0,0,961,0,0,0,0,0,0,0.0002569661252588655,0.0005526174144809677,0.0006267861937127843,0.0432432060042629,0.07497545800288208,0.1190511649911059,0.8112283189984737
PPO_best_550901,primary,550901,best,520f129a30003fc360012af7b9c5b0cd372ed0aabe3d2cb4888b1365b126e821,me5418-scenes-v1-0137,near_link,formal-g021,True,,,,,1.0,7.459056932165199e-05,5.656069704755109e-05,5.147395057302813e-05,0.005389593533349557,0.019671809293893533,0,0,0.25128615150272987,0.2674616646971619,0.0,0.0,0.5699404761904759,1.0,0.0,0.0,0.16580403960875367,0,0,0,178,0,0,961,0,0,0,0,0,0,0.0002972133230135417,0.0005761986968839968,0.0007106266952632723,0.04397022700868547,0.07957996700133663,0.12438875700172503,0.8959980660001747
PPO_best_550901,primary,550901,best,520f129a30003fc360012af7b9c5b0cd372ed0aabe3d2cb4888b1365b126e821,me5418-scenes-v1-0140,tight_layout,formal-g024,True,,,,,1.0,2.6287975498998976e-05,1.5820919424511095e-05,2.077723997459575e-05,0.01999122281494116,0.019960863858980313,0,0,0.2102294097688504,0.21621011294799725,0.0,0.0,0.25520833333333326,1.0,0.0,0.0,0.10293673630748389,0,0,0,40,0,0,961,0,0,0,0,0,0,0.00033964221332401695,0.0006004927885745322,0.0008021994774480845,0.04510586000105832,0.08318549999967217,0.129179045005003,0.9903008910041535
PPO_best_550901,primary,550901,best,520f129a30003fc360012af7b9c5b0cd372ed0aabe3d2cb4888b1365b126e821,me5418-scenes-v1-0144,near_link,formal-g028,True,,,,,1.0,3.578075825248719e-05,2.9610022762747612e-05,3.5462260815960036e-05,0.005772268745735512,0.01992833915302586,0,0,1.2785625052580074,0.215017342693754,0.0,0.0,0.13764880952380948,0.9635416666666666,0.0,0.0,0.08379908276921405,0,0,0,222,0,0,961,0,0,0,0,0,0,0.00031577921337581455,0.0005892002757263981,0.0007685020507778972,0.0431067869940307,0.08155477199761663,0.12554820299556013,0.9562723209965043
PPO_best_550901,primary,550901,best,520f129a30003fc360012af7b9c5b0cd372ed0aabe3d2cb4888b1365b126e821,me5418-scenes-v1-0156,far,formal-g040,True,,,,,1.0,8.652925047545952e-05,6.72591274900804e-05,4.139227829232855e-05,,0.01967396617865038,961,0,0.1778793385454837,0.2811430566106632,0.0,0.0,0.42857142857142855,1.0,0.0,0.0,0.1380938028184963,0,0,0,0,0,0,961,0,0,0,0,0,0,0.00025498114556891477,0.0005564034791101828,0.000630150415706036,0.043410730999312364,0.07533419399987906,0.11959197299438529,0.8124580330040772
PPO_best_550901,primary,550901,best,520f129a30003fc360012af7b9c5b0cd372ed0aabe3d2cb4888b1365b126e821,me5418-scenes-v1-0160,tight_layout,formal-g044,True,,,,,1.0,5.7701258221158e-05,3.799165454962096e-05,5.7360866035046024e-05,0.0050362588279241755,0.01961766730709976,0,0,0.07147065548255592,0.24148595842577675,0.0,0.0,0.5260416666666665,1.0,0.0,0.0,0.16464634799146247,0,0,0,131,0,0,961,0,0,0,0,0,0,0.0003303226462776365,0.0005904911128557917,0.0007909435058688056,0.04322606200003065,0.08337811299134046,0.12750102700374555,0.9756105840060627
PPO_best_550901,primary,550901,best,520f129a30003fc360012af7b9c5b0cd372ed0aabe3d2cb4888b1365b126e821,me5418-scenes-v1-0167,near_link,formal-g051,True,,,,,1.0,6.0836829270584024e-05,4.576487147561659e-05,6.0833135767535796e-05,0.038192481069667675,0.01944015872714168,0,0,0.3999980798356862,0.2219544468416433,0.0,0.0,0.05282738095238094,0.2708333333333333,0.0,0.0,0.11311473692102092,0,0,0,0,0,0,961,0,0,0,0,0,0,0.00030629802608928003,0.0005800917198484967,0.0007315825697939241,0.04427037299319636,0.08046869200188667,0.12566350899578538,0.9179066569922725
PPO_best_550901,primary,550901,best,520f129a30003fc360012af7b9c5b0cd372ed0aabe3d2cb4888b1365b126e821,me5418-scenes-v1-0173,tight_layout,formal-g057,True,,,,,1.0,4.822896834044553e-05,4.015996768788625e-05,3.5777465522895534e-05,0.003026663375586755,0.019620718715037594,0,0,0.9289515106619151,0.26360789871430523,0.0,0.0,0.42782738095238093,1.0,0.0,0.0,0.15173152521504865,0,0,0,129,0,0,961,0,0,0,0,0,0,0.00029271215127361455,0.0005769270417507262,0.0007062300021364839,0.04454722400987521,0.08026961599534843,0.1256853489903733,0.891751576011302
PPO_best_550901,primary,550901,best,520f129a30003fc360012af7b9c5b0cd372ed0aabe3d2cb4888b1365b126e821,me5418-scenes-v1-0177,near_link,formal-g003,True,,,,,1.0,5.5489497946773845e-05,3.844507731831823e-05,5.5489497946773845e-05,0.049725540706937355,0.019784304835198684,0,0,1.120681498395664,0.20872447492506407,0.0,0.0,0.09747023809523807,0.6822916666666666,0.0,0.0,0.06891259953166202,0,0,0,0,0,0,961,0,0,0,0,0,0,0.000320244879958409,0.0005809340021490547,0.0007710068101308328,0.0443091750057647,0.08187817099678796,0.12711763200059067,0.9587866719957674
PPO_best_550901,primary,550901,best,520f129a30003fc360012af7b9c5b0cd372ed0aabe3d2cb4888b1365b126e821,me5418-scenes-v1-0184,far,formal-g010,True,,,,,1.0,7.208270418053663e-05,5.908740746851149e-05,3.537563821694108e-05,,0.019593409097095477,961,0,0.17030815798264742,0.26357347614856336,0.0,0.0,0.42857142857142855,1.0,0.0,0.0,0.1363461511897012,0,0,0,0,0,0,961,0,0,0,0,0,0,0.0002601751918973605,0.0005577049843850546,0.0006326360136426956,0.04386038798838854,0.0753655400039861,0.12010453699622303,0.8146696870098822
PPO_best_550901,primary,550901,best,520f129a30003fc360012af7b9c5b0cd372ed0aabe3d2cb4888b1365b126e821,me5418-scenes-v1-0187,near_link,formal-g013,True,,,,,1.0,5.881548802531406e-05,3.869268620774872e-05,5.881548802531406e-05,0.019622347829503256,0.01957455336464215,0,0,0.4556987600016849,0.2675547468093673,0.0,0.0,0.32217261904761896,1.0,0.0,0.0,0.12550947436906257,0,0,0,241,0,0,961,0,0,0,0,0,0,0.0003162623598503463,0.0005889117582531374,0.0007424744614885034,0.043484818990691565,0.08113904600031674,0.12550615999498405,0.9290508289996069
PPO_best_550901,primary,550901,best,520f129a30003fc360012af7b9c5b0cd372ed0aabe3d2cb4888b1365b126e821,me5418-scenes-v1-0189,far,formal-g015,True,,,,,1.0,6.410794962393197e-05,5.195226824550928e-05,3.643857207759473e-05,,0.01956736308566858,961,0,0.17304887245828338,0.25175753363945,0.0,0.0,0.42857142857142855,1.0,0.0,0.0,0.13806860216538466,0,0,0,0,0,0,961,0,0,0,0,0,0,0.0002574583121865241,0.000558094374976766,0.0006321850301143665,0.04576139499840792,0.07541221799328923,0.12208149700018112,0.8169199149997439
PPO_best_550901,primary,550901,best,520f129a30003fc360012af7b9c5b0cd372ed0aabe3d2cb4888b1365b126e821,me5418-scenes-v1-0195,near_link,formal-g021,True,,,,,1.0,7.513086429292008e-05,5.399892116624894e-05,4.668952470237796e-05,0.02314283294118527,0.019543136669113212,0,0,0.29769679695065215,0.27787598462799545,0.0,0.0,0.560267857142857,1.0,0.0,0.0,0.15908356640900906,0,0,0,83,0,0,961,0,0,0,0,0,0,0.00028148069312313356,0.0005743527944711484,0.0006942252850725102,0.043264363004709594,0.07911509599944111,0.12324019199877512,0.8765580119943479
PPO_best_550901,primary,550901,best,520f129a30003fc360012af7b9c5b0cd372ed0aabe3d2cb4888b1365b126e821,me5418-scenes-v1-0198,tight_layout,formal-g024,True,,,,,1.0,3.345091882533921e-05,2.4622850396032515e-05,3.3263303282968987e-05,0.012159638334687986,0.019758857736494967,0,0,0.22816622384576724,0.21967472857942152,0.0,0.0,0.14285714285714282,1.0,0.0,0.0,0.07882397008298929,0,0,0,98,0,0,961,0,0,0,0,0,0,0.0003275133905541831,0.0005955059947912862,0.0007961335948190632,0.04397006399813108,0.08216643299965654,0.1270838350028498,0.9834944140020525
PPO_best_550901,primary,550901,best,520f129a30003fc360012af7b9c5b0cd372ed0aabe3d2cb4888b1365b126e821,me5418-scenes-v1-0207,near_link,formal-g033,True,,,,,1.0,6.986922933014995e-05,4.855624665031647e-05,3.8625037861984974e-05,0.021294482433320508,0.019483207704028956,0,0,0.3809427458391881,0.22272448865787575,0.0,0.0,0.05803571428571427,0.3229166666666667,0.0,0.0,0.11407808622212282,0,0,0,32,0,0,961,0,0,0,0,0,0,0.0003121253898825671,0.0005803493342227739,0.0007343027012818008,0.04387289099395275,0.08113504700304475,0.12589727599697653,0.9231562279892387
PPO_best_550901,primary,550901,best,520f129a30003fc360012af7b9c5b0cd372ed0aabe3d2cb4888b1365b126e821,me5418-scenes-v1-0214,far,formal-g040,True,,,,,1.0,9.652478471154149e-05,7.03490587115194e-05,4.171520561733958e-05,,0.019773939529003033,961,0,0.17621729857270793,0.2758116609949048,0.0,0.0,0.42857142857142855,1.0,0.0,0.0,0.13634379410317965,0,0,0,0,0,0,961,0,0,0,0,0,0,0.0002574059994913114,0.0005520627397951708,0.0006264104602754136,0.04314039800374303,0.07470286899479106,0.11870189600449521,0.8061422519967891
PPO_best_550901,primary,550901,best,520f129a30003fc360012af7b9c5b0cd372ed0aabe3d2cb4888b1365b126e821,me5418-scenes-v1-0218,tight_layout,formal-g044,True,,,,,1.0,6.678815886612606e-05,4.39995360728354e-05,6.678815886612606e-05,0.023692561522580577,0.019631465245683453,0,0,0.08079647984042167,0.24870981994570632,0.0,0.0,0.5647321428571427,1.0,0.0,0.0,0.1678853277277778,0,0,0,31,0,0,961,0,0,0,0,0,0,0.0003251405785249517,0.0005920681162782178,0.0007912969251568332,0.04522360900591593,0.08283985299931373,0.12900077099038754,0.9779890609934228
PPO_best_550901,primary,550901,best,520f129a30003fc360012af7b9c5b0cd372ed0aabe3d2cb4888b1365b126e821,me5418-scenes-v1-0225,near_link,formal-g051,True,,,,,1.0,3.269977794490713e-05,2.1702186786341053e-05,3.269977794490713e-05,0.012881021317325936,0.019497871853780185,0,0,0.7671417343649723,0.22135656700805087,0.0,0.0,0.23065476190476186,0.9166666666666666,0.0,0.0,0.10569586324549858,0,0,0,66,0,0,961,0,0,0,0,0,0,0.00033010734955496446,0.0005893939723288592,0.0007866918992021965,0.04359499599377159,0.08311823800613638,0.127591129989014,0.9742694570013555
PPO_best_550901,primary,550901,best,520f129a30003fc360012af7b9c5b0cd372ed0aabe3d2cb4888b1365b126e821,me5418-scenes-v1-0235,near_link,formal-g003,True,,,,,1.0,6.392421398421627e-05,3.7005029542536646e-05,6.392421398421627e-05,0.04572011190902536,0.019426885616844913,0,0,0.7597490993019193,0.21699721418871024,0.0,0.0,0.030505952380952373,0.15625,0.0,0.0,0.10590011901665657,0,0,0,0,0,0,961,0,0,0,0,0,0,0.000312474963417723,0.0005809862134052916,0.0007394541766795252,0.04366421599115711,0.0814475850056624,0.1259905990009429,0.9286670590081485
PPO_best_550901,primary,550901,best,520f129a30003fc360012af7b9c5b0cd372ed0aabe3d2cb4888b1365b126e821,me5418-scenes-v1-0242,far,formal-g010,True,,,,,1.0,7.398127452017357e-05,6.019559442960526e-05,3.571087176133475e-05,,0.019696386402522637,961,0,0.17613352076545225,0.2542206411869329,0.0,0.0,0.42857142857142855,1.0,0.0,0.0,0.13647807047347582,0,0,0,0,0,0,961,0,0,0,0,0,0,0.0002548482762752731,0.0005554238251988863,0.0006293202239097202,0.04402611900877673,0.07565604599949438,0.12055721601063851,0.8126421210035915
PPO_best_550901,primary,550901,best,520f129a30003fc360012af7b9c5b0cd372ed0aabe3d2cb4888b1365b126e821,me5418-scenes-v1-0245,near_link,formal-g013,True,,,,,1.0,4.459385454060241e-05,3.335315453506999e-05,4.459385454060241e-05,0.01970791833917042,0.019434742937576903,0,0,0.6283493446317143,0.21351542377951702,0.0,0.0,0.08556547619047616,0.4583333333333333,0.0,0.0,0.1203429931674951,0,0,0,49,0,0,961,0,0,0,0,0,0,0.0003058183168983912,0.000586791080271117,0.0007458602686256199,0.04391739399579819,0.08293360800598748,0.1277636140002869,0.9352090659958776
PPO_best_550901,primary,550901,best,520f129a30003fc360012af7b9c5b0cd372ed0aabe3d2cb4888b1365b126e821,me5418-scenes-v1-0247,far,formal-g015,True,,,,,1.0,6.368137465478037e-05,4.66250311219684e-05,4.7794096365982424e-05,,0.0196267966879572,961,0,0.18624238136155102,0.25169965540923617,0.0,0.0,0.42857142857142855,1.0,0.0,0.0,0.13976028524782685,0,0,0,0,0,0,961,0,0,0,0,0,0,0.0002546767550484219,0.000554397658409774,0.0006281158997959816,0.04382902599172667,0.07442703499691561,0.11909689899766818,0.8091974240087438
PPO_best_550901,primary,550901,best,520f129a30003fc360012af7b9c5b0cd372ed0aabe3d2cb4888b1365b126e821,me5418-scenes-v1-0253,near_link,formal-g021,True,,,,,1.0,8.903906265104723e-05,6.1016290142276585e-05,4.3780944256237665e-05,0.012443191842040624,0.01957404894310004,0,0,0.39925529555521894,0.28298498290869184,0.0,0.0,0.5245535714285713,1.0,0.0,0.0,0.150253103940659,0,0,0,178,0,0,961,0,0,0,0,0,0,0.0002995048591098263,0.0005805037630428463,0.0007070048198784207,0.043906211998546496,0.07960547700349707,0.12437638100527693,0.8928785080061061
PPO_best_550901,primary,550901,best,520f129a30003fc360012af7b9c5b0cd372ed0aabe3d2cb4888b1365b126e821,me5418-scenes-v1-0256,tight_layout,formal-g024,True,,,,,1.0,3.7350911758995153e-05,2.195059420895656e-05,3.7246633811327636e-05,0.0458358542639226,0.01950941812260657,0,0,0.9392276679113531,0.21045306158903487,0.0,0.0,0.11904761904761901,0.8333333333333334,0.0,0.0,0.1053267141416048,0,0,0,0,0,0,961,0,0,0,0,0,0,0.0003168738899906505,0.0005890192756699738,0.0007714274083506704,0.04314285100554116,0.08089441900665406,0.12489754300622735,0.9560433669976192
PPO_best_550901,primary,550901,best,520f129a30003fc360012af7b9c5b0cd372ed0aabe3d2cb4888b1365b126e821,me5418-scenes-v1-0260,near_link,formal-g028,True,,,,,1.0,5.7356323318107e-05,4.287332109991615e-05,5.4615692643199826e-05,0.02371862642923374,0.019594388255654564,0,0,1.1915392167975656,0.19706590365176646,0.0,0.0,0.1421130952380952,0.9947916666666666,0.0,0.0,0.09605698290175671,0,0,0,34,0,0,961,0,0,0,0,0,0,0.0003291172548263906,0.0005907017660319979,0.0007859041126266675,0.04337731401028577,0.08242893501301296,0.12671595500432886,0.9724815420049708
PPO_best_550901,primary,550901,best,520f129a30003fc360012af7b9c5b0cd372ed0aabe3d2cb4888b1365b126e821,me5418-scenes-v1-0272,far,formal-g040,True,,,,,1.0,9.744892191080016e-05,7.171667533051523e-05,4.204206147877593e-05,,0.019745063099694163,961,0,0.17577740122087412,0.29775953460727056,0.0,0.0,0.42857142857142855,1.0,0.0,0.0,0.13638498089941486,0,0,0,0,0,0,961,0,0,0,0,0,0,0.0002597077764979379,0.0005579120271704596,0.0006326335363155521,0.043220577004831284,0.07497228299325798,0.11907175899250433,0.8149507050111424
PPO_best_550901,primary,550901,best,520f129a30003fc360012af7b9c5b0cd372ed0aabe3d2cb4888b1365b126e821,me5418-scenes-v1-0276,tight_layout,formal-g044,True,,,,,1.0,6.398088149247302e-05,4.0164787070783673e-05,6.398088149247302e-05,0.024390204752604686,0.019635991464336797,0,0,0.07948886201601234,0.2426490700507407,0.0,0.0,0.566220238095238,1.0,0.0,0.0,0.1679856656770599,0,0,0,23,0,0,961,0,0,0,0,0,0,0.0003289779948166445,0.0005888344988610091,0.0007778557386548831,0.04460080100398045,0.08270162899862044,0.12817930500023067,0.9659046229935484
PPO_best_550901,primary,550901,best,520f129a30003fc360012af7b9c5b0cd372ed0aabe3d2cb4888b1365b126e821,me5418-scenes-v1-0283,near_link,formal-g051,True,,,,,1.0,4.447223682570168e-05,3.445749341059102e-05,3.203241884537429e-05,0.013366001930808696,0.019570306685424164,0,0,0.9930366168862018,0.19755519578832748,0.0,0.0,0.1227678571428571,0.859375,0.0,0.0,0.10850597785153825,0,0,0,83,0,0,961,0,0,0,0,0,0,0.0003165185411641384,0.0005864054405416634,0.0007640858914783166,0.04382427599921357,0.08194990899937693,0.1266424640052719,0.9518120050051948
PPO_best_550901,primary,550901,best,520f129a30003fc360012af7b9c5b0cd372ed0aabe3d2cb4888b1365b126e821,me5418-scenes-v1-0285,near_link,formal-g053,True,,,,,1.0,7.003114649342426e-05,5.86667880753911e-05,5.5517928714614005e-05,0.027459055596968845,0.019599477261328872,0,0,1.0112536798362286,0.20614009295112917,0.0,0.0,0.15997023809523805,1.0,0.0,0.0,0.10357735333631615,0,0,0,151,0,0,961,0,0,0,0,0,0,0.0003172871508165069,0.0005888448635838965,0.0007673018054144147,0.043411937993369065,0.08260615699691698,0.12688215699745342,0.9550318459951086
PPO_best_550901,primary,550901,best,520f129a30003fc360012af7b9c5b0cd372ed0aabe3d2cb4888b1365b126e821,me5418-scenes-v1-0289,tight_layout,formal-g057,True,,,,,1.0,4.675142778973835e-05,3.6402225664981264e-05,3.662203802681288e-05,0.003536615303070534,0.01964253437695635,0,0,0.7309933366104981,0.2591332616742506,0.0,0.0,0.4375,1.0,0.0,0.0,0.15538385283157585,0,0,0,104,0,0,961,0,0,0,0,0,0,0.00031121308810118836,0.0005816151020250497,0.0007438961706763318,0.043382071002270095,0.08182287900126539,0.1260976049961755,0.9306819630000973
PPO_best_550901,primary,550901,best,520f129a30003fc360012af7b9c5b0cd372ed0aabe3d2cb4888b1365b126e821,me5418-scenes-v1-0293,near_link,formal-g003,True,,,,,1.0,5.6562269589642715e-05,4.190464529113427e-05,5.6562269589642715e-05,0.035834384540691294,0.019445478515963635,0,0,0.4826549734750988,0.21962118048849275,0.0,0.0,0.05282738095238095,0.19270833333333334,0.0,0.0,0.10280634334998295,0,0,0,0,0,0,961,0,0,0,0,0,0,0.0003122835410067637,0.0005833238906234328,0.0007391377781156432,0.04466743700322695,0.08202871600224171,0.12785199499921873,0.9283112950070063
PPO_best_550901,primary,550901,best,520f129a30003fc360012af7b9c5b0cd372ed0aabe3d2cb4888b1365b126e821,me5418-scenes-v1-0300,far,formal-g010,True,,,,,1.0,6.960020422384771e-05,5.745231349468729e-05,3.6161818159410793e-05,,0.019550390325153245,961,0,0.1679670332700956,0.26266648227527206,0.0,0.0,0.42857142857142855,1.0,0.0,0.0,0.13645849977176458,0,0,0,0,0,0,961,0,0,0,0,0,0,0.00026167596358088,0.0005609886103381238,0.0006361557645959692,0.04327250400092453,0.0752467090060236,0.11933787800080609,0.8184642620035447
PPO_best_550901,primary,550901,best,520f129a30003fc360012af7b9c5b0cd372ed0aabe3d2cb4888b1365b126e821,me5418-scenes-v1-0303,near_link,formal-g013,True,,,,,1.0,5.6852546414495875e-05,4.271752397321146e-05,5.6852546414495875e-05,0.016915773199234152,0.019449321782485367,0,0,0.2816242555300277,0.25448361927465835,0.0,0.0,0.3452380952380952,1.0,0.0,0.0,0.13390338275265612,0,0,0,185,0,0,961,0,0,0,0,0,0,0.00031863807748777617,0.0005881995012108139,0.0007443567998204041,0.043432115999166854,0.07982112000172492,0.12408822200086433,0.9300003850075882
PPO_best_550901,primary,550901,best,520f129a30003fc360012af7b9c5b0cd372ed0aabe3d2cb4888b1365b126e821,me5418-scenes-v1-0305,far,formal-g015,True,,,,,1.0,6.375911689409458e-05,5.214250777593409e-05,3.79926996848708e-05,,0.01959713949643825,961,0,0.17306556302181877,0.25294449270559055,0.0,0.0,0.42857142857142855,1.0,0.0,0.0,0.13766546136522223,0,0,0,0,0,0,961,0,0,0,0,0,0,0.0002608614325557331,0.000559987870671345,0.0006351392875785678,0.04437274100200739,0.07524445399758406,0.12051626099855639,0.8207939309941139
PPO_best_550901,primary,550901,best,520f129a30003fc360012af7b9c5b0cd372ed0aabe3d2cb4888b1365b126e821,me5418-scenes-v1-0311,near_link,formal-g021,True,,,,,1.0,7.955777363678224e-05,5.6553398560780014e-05,4.169779713658449e-05,0.0474224588032051,0.019579262768015714,0,0,0.38988235279231725,0.27308982093783596,0.0,0.0,0.5334821428571427,1.0,0.0,0.0,0.14670384604749934,0,0,0,0,0,0,961,0,0,0,0,0,0,0.00029606802589417686,0.0005748250490038724,0.000700178575971222,0.043797353995614685,0.07944778499950189,0.12410186599299777,0.8851607050019084
PPO_best_550901,primary,550901,best,520f129a30003fc360012af7b9c5b0cd372ed0aabe3d2cb4888b1365b126e821,me5418-scenes-v1-0314,tight_layout,formal-g024,True,,,,,1.0,3.28185919958222e-05,2.385978846126055e-05,3.216887603367948e-05,0.041742737205152064,0.019955349985275643,0,0,0.21894701367341507,0.20726847951812527,0.0,0.0,0.2626488095238095,1.0,0.0,0.0,0.10271092663252994,0,0,0,0,0,0,961,0,0,0,0,0,0,0.00033119983352965693,0.0005968753095506447,0.0007960264321809519,0.0435910550004337,0.08331743598682806,0.12776288400345948,0.9839428280101856
PPO_best_550901,primary,550901,best,520f129a30003fc360012af7b9c5b0cd372ed0aabe3d2cb4888b1365b126e821,me5418-scenes-v1-0316,near_link,formal-g026,True,,,,,1.0,5.298363807955262e-05,4.161117688215257e-05,3.472903307455459e-05,0.03421877065869988,0.019563678831820364,176,0,1.1262599887553415,0.2788183627998483,0.0,0.0,0.5327380952380952,1.0,0.0,0.0,0.15576648339351995,0,0,0,0,0,0,961,0,0,0,0,0,0,0.0002938600520489369,0.0005766414411937148,0.0007127964793198771,0.043316877010511234,0.0814768029958941,0.12566937299561687,0.8987187199963955
PPO_best_550901,primary,550901,best,520f129a30003fc360012af7b9c5b0cd372ed0aabe3d2cb4888b1365b126e821,me5418-scenes-v1-0323,near_link,formal-g033,True,,,,,1.0,5.827569090319687e-05,5.015204746176216e-05,4.625906307432077e-05,0.00620366814078753,0.01946396008360974,0,0,0.3624709434148489,0.18539988193516765,0.0,0.0,0.0,0.0,0.0,0.0,0.13335899003293544,0,0,0,712,0,0,961,0,0,0,0,0,0,0.0003178103863774595,0.0005842983590355289,0.0007383405959747809,0.04365506500471383,0.07993011399230454,0.1244479470042279,0.9244419739989098
PPO_best_550901,primary,550901,best,520f129a30003fc360012af7b9c5b0cd372ed0aabe3d2cb4888b1365b126e821,me5418-scenes-v1-0330,far,formal-g040,True,,,,,1.0,0.00010060613032057172,7.097099332899604e-05,4.280322553018761e-05,,0.019772173613143824,961,0,0.17394362429389598,0.2867284414841448,0.0,0.0,0.42857142857142855,1.0,0.0,0.0,0.13679831387652527,0,0,0,0,0,0,961,0,0,0,0,0,0,0.0002679298126319433,0.0005578740309980882,0.0006342375832446123,0.04360539199842606,0.07493553000676911,0.1193854739976814,0.8183759880048456
PPO_best_550901,primary,550901,best,520f129a30003fc360012af7b9c5b0cd372ed0aabe3d2cb4888b1365b126e821,me5418-scenes-v1-0341,near_link,formal-g051,True,,,,,1.0,5.5138285886988785e-05,3.964514603234712e-05,5.5138285886988785e-05,0.037786378854931496,0.019429347013956447,0,0,0.5019254904096219,0.2209870563088719,0.0,0.0,0.0587797619047619,0.21354166666666666,0.0,0.0,0.11426538787338705,0,0,0,0,0,0,961,0,0,0,0,0,0,0.00030431794236089144,0.0005845609978981278,0.0007368694311935542,0.04332904999318998,0.08034491600119509,0.12460990200634114,0.9235072730079992
PPO_best_550901,primary,550901,best,520f129a30003fc360012af7b9c5b0cd372ed0aabe3d2cb4888b1365b126e821,me5418-scenes-v1-0344,tight_layout,formal-g054,True,,,,,1.0,7.184470509396067e-05,5.1266697056285516e-05,7.184470509396067e-05,0.025737794037442502,0.019640038677501616,0,0,0.09609121473938083,0.25821077886079863,0.0,0.0,0.6339285714285714,1.0,0.0,0.0,0.1681870268246192,0,0,0,24,0,0,961,0,0,0,0,0,0,0.00032633641171742056,0.000593084271834717,0.0007920147060455444,0.04325512000650633,0.08306589101266582,0.12730141999782063,0.9749080280016642
PPO_best_550901,primary,550901,best,520f129a30003fc360012af7b9c5b0cd372ed0aabe3d2cb4888b1365b126e821,me5418-scenes-v1-0351,near_link,formal-g003,True,,,,,1.0,7.396458369934722e-05,5.7559618140953024e-05,6.751858143319231e-05,0.022277162642347623,0.019387928856465952,0,0,0.331186083463492,0.21181492236858088,0.0,0.0,0.045386904761904746,0.25,0.0,0.0,0.12516552885949966,0,0,0,32,0,0,961,0,0,0,0,0,0,0.00030300280703462096,0.0005767561105585628,0.0007274890457514023,0.0434232260013232,0.08044033500482328,0.12473592899914365,0.9148021269938909
PPO_best_550901,primary,550901,best,520f129a30003fc360012af7b9c5b0cd372ed0aabe3d2cb4888b1365b126e821,me5418-scenes-v1-0357,tight_layout,formal-g009,True,,,,,1.0,8.121942278238484e-05,6.7694165197435e-05,5.2032631947603336e-05,0.0030027841526193977,0.019546833543430363,0,0,0.25761586230774774,0.2520300655290223,0.0,0.0,0.42857142857142855,1.0,0.0,0.0,0.163322369191086,0,0,0,134,0,0,961,0,0,0,0,0,0,0.0003067464792820829,0.0005773542562868291,0.0007163980540857059,0.04412962999776937,0.08029033200000413,0.12529281900788192,0.9030044120008824
PPO_best_550901,primary,550901,best,520f129a30003fc360012af7b9c5b0cd372ed0aabe3d2cb4888b1365b126e821,me5418-scenes-v1-0358,far,formal-g010,True,,,,,1.0,7.778315581490927e-05,6.175308480411985e-05,3.603002594208755e-05,,0.019614123041499273,961,0,0.1684165729894944,0.26436890772756355,0.0,0.0,0.42857142857142855,1.0,0.0,0.0,0.13636952582746742,0,0,0,0,0,0,961,0,0,0,0,0,0,0.0003133396609579601,0.0005770269893067355,0.0006636948246978136,0.04343767400132492,0.07437029099673964,0.11865874000068288,0.8448455769976135
PPO_best_550901,primary,550901,best,520f129a30003fc360012af7b9c5b0cd372ed0aabe3d2cb4888b1365b126e821,me5418-scenes-v1-0361,near_link,formal-g013,True,,,,,1.0,5.743995358712329e-05,3.9529701279394487e-05,5.743995358712329e-05,0.03934279101316675,0.01942619379094198,0,0,0.26229754402408356,0.2513949012724745,0.0,0.0,0.30803571428571425,1.0,0.0,0.0,0.12730369177179887,0,0,0,0,0,0,961,0,0,0,0,0,0,0.0002996691925242582,0.0005815509928652318,0.0007277909719050513,0.0440729719994124,0.0795683690084843,0.12451442900055554,0.9135736879979959
PPO_best_550901,primary,550901,best,520f129a30003fc360012af7b9c5b0cd372ed0aabe3d2cb4888b1365b126e821,me5418-scenes-v1-0363,far,formal-g015,True,,,,,1.0,6.443999174736255e-05,5.2159536239178814e-05,3.3841619386518254e-05,,0.019546335636738923,961,0,0.17585748553454125,0.2516964050705922,0.0,0.0,0.42857142857142855,1.0,0.0,0.0,0.13934849390449622,0,0,0,0,0,0,961,0,0,0,0,0,0,0.0002551056619116328,0.0005530261759304267,0.0006266156947125031,0.0446675240091281,0.07450311099819373,0.12006076499528717,0.808779084996786
PPO_best_550901,primary,550901,best,520f129a30003fc360012af7b9c5b0cd372ed0aabe3d2cb4888b1365b126e821,me5418-scenes-v1-0369,near_link,formal-g021,True,,,,,1.0,7.355938683951643e-05,5.35388164105736e-05,4.354451797751536e-05,0.033079626536892615,0.019573143064580807,0,0,0.2960871101451986,0.26944210854410433,0.0,0.0,0.5669642857142856,1.0,0.0,0.0,0.15161628670147845,0,0,0,0,0,0,961,0,0,0,0,0,0,0.0002964967037163054,0.0005792751001081342,0.0007043859418142044,0.04609310399973765,0.07942766300402582,0.12639911398582626,0.8956941320066107
PPO_best_550901,primary,550901,best,520f129a30003fc360012af7b9c5b0cd372ed0aabe3d2cb4888b1365b126e821,me5418-scenes-v1-0372,tight_layout,formal-g024,True,,,,,1.0,3.370433835262346e-05,2.330640127575067e-05,3.064044633946337e-05,0.04015797018068454,0.01951688760836296,0,0,0.5024257930589853,0.22530299547027074,0.0,0.0,0.19866071428571422,0.7083333333333334,0.0,0.0,0.11540731443868328,0,0,0,0,0,0,961,0,0,0,0,0,0,0.0003128044998751041,0.0005932341677483539,0.0007648809403387228,0.044368128990754485,0.08119113999418914,0.12648083800741006,0.9530023229890503
PPO_best_550901,primary,550901,best,520f129a30003fc360012af7b9c5b0cd372ed0aabe3d2cb4888b1365b126e821,me5418-scenes-v1-0381,near_link,formal-g033,True,,,,,1.0,6.170298319559804e-05,5.17198534274825e-05,5.115528725978408e-05,0.0231912341595958,0.019437721347332196,0,0,0.3848801981373161,0.18983457629564485,0.0,0.0,0.07663690476190475,0.3489583333333333,0.0,0.0,0.13699982360094076,0,0,0,348,0,0,961,0,0,0,0,0,0,0.0002982158077884378,0.0005775744363594033,0.0007274439354053659,0.044489147010608576,0.07877887799986638,0.1241544570075348,0.9128802229970461
PPO_best_550901,primary,550901,best,520f129a30003fc360012af7b9c5b0cd372ed0aabe3d2cb4888b1365b126e821,me5418-scenes-v1-0388,far,formal-g040,True,,,,,1.0,8.650636072180372e-05,6.690468454202129e-05,3.838874003684115e-05,,0.019758555185512984,961,0,0.17574402057670568,0.2704759829964017,0.0,0.0,0.42857142857142855,1.0,0.0,0.0,0.1371723475378184,0,0,0,0,0,0,961,0,0,0,0,0,0,0.0002595873590962583,0.0005547400926388946,0.0006293650261947429,0.043480462991283275,0.07476607599528506,0.11908799599041231,0.8113861500023631
PPO_best_550901,primary,550901,best,520f129a30003fc360012af7b9c5b0cd372ed0aabe3d2cb4888b1365b126e821,me5418-scenes-v1-0399,near_link,formal-g051,True,,,,,1.0,4.740962155235571e-05,2.4722424893325952e-05,4.740962155235571e-05,0.0434670203423725,0.019425644522532468,0,0,1.1681297400373731,0.16188037495548635,0.0,0.0,0.1309523809523809,0.9166666666666666,0.0,0.0,0.09758240646305716,0,0,0,0,0,0,961,0,0,0,0,0,0,0.00031619551024656783,0.0005870298968299418,0.0007483906666038819,0.04428279599233065,0.08051752799656242,0.12570139500894584,0.9366212419990916
PPO_best_550901,primary,550901,best,520f129a30003fc360012af7b9c5b0cd372ed0aabe3d2cb4888b1365b126e821,me5418-scenes-v1-0409,near_link,formal-g003,True,,,,,1.0,2.9273297214093847e-05,1.760006340275084e-05,2.9113382732670403e-05,0.03104021043639589,0.019904554081978817,0,0,0.5672255376755775,0.20788496469157447,0.0,0.0,0.13988095238095236,0.9739583333333334,0.0,0.0,0.09906895424937831,0,0,0,0,0,0,961,0,0,0,0,0,0,0.00032332310396062286,0.0005917250252726566,0.0007789004644412974,0.043934229004662484,0.0822310310031753,0.12707622899324633,0.9667951019946486
PPO_best_550901,primary,550901,best,520f129a30003fc360012af7b9c5b0cd372ed0aabe3d2cb4888b1365b126e821,me5418-scenes-v1-0415,tight_layout,formal-g009,True,,,,,1.0,8.461449995063543e-05,6.742241527883415e-05,5.739451897494194e-05,0.019168544850035843,0.019542926842727362,0,0,0.24381878119610595,0.2518181538532908,0.0,0.0,0.5238095238095237,1.0,0.0,0.0,0.1728517077774519,0,0,0,48,0,0,961,0,0,0,0,0,0,0.0003591806717698394,0.0005923038718568326,0.0007420508283909537,0.04508699399593752,0.07914760200947057,0.1251068120036507,0.9310806790017523
PPO_best_550901,primary,550901,best,520f129a30003fc360012af7b9c5b0cd372ed0aabe3d2cb4888b1365b126e821,me5418-scenes-v1-0416,far,formal-g010,True,,,,,1.0,7.039357164202895e-05,5.82419868738234e-05,3.392649162638103e-05,,0.019702637274312124,961,0,0.1724170765808696,0.25164189826534594,0.0,0.0,0.42857142857142855,1.0,0.0,0.0,0.13598017379685884,0,0,0,0,0,0,961,0,0,0,0,0,0,0.000277140442297726,0.0005622428323931672,0.0006406677299916433,0.04552201498881914,0.07761702401330695,0.12401048300671391,0.8280947329913033
PPO_best_550901,primary,550901,best,520f129a30003fc360012af7b9c5b0cd372ed0aabe3d2cb4888b1365b126e821,me5418-scenes-v1-0419,near_link,formal-g013,True,,,,,1.0,4.9100231156901035e-05,4.134557417321075e-05,4.88997381841901e-05,0.04815674961120697,0.019711082097696127,0,0,0.5216750768175443,0.1737185264199537,0.0,0.0,0.05729166666666665,0.4010416666666667,0.0,0.0,0.06923684401831236,0,0,0,0,0,0,961,0,0,0,0,0,0,0.00030613014572130243,0.0005757657627024552,0.0007309570419086716,0.043588907006778754,0.08230660200933926,0.12678221199894324,0.9204320080025354
PPO_best_550901,primary,550901,best,520f129a30003fc360012af7b9c5b0cd372ed0aabe3d2cb4888b1365b126e821,me5418-scenes-v1-0421,far,formal-g015,True,,,,,1.0,6.332623080340191e-05,5.1216034514967225e-05,3.746287639462196e-05,,0.01961801338112902,961,0,0.1810190772634607,0.2556332904821476,0.0,0.0,0.42857142857142855,1.0,0.0,0.0,0.13889601388946177,0,0,0,0,0,0,961,0,0,0,0,0,0,0.00025683997402362974,0.0005577315883632158,0.0006318577717289979,0.04455767400213517,0.0751109440025175,0.12063184700673446,0.8163803520001238
PPO_best_550901,primary,550901,best,520f129a30003fc360012af7b9c5b0cd372ed0aabe3d2cb4888b1365b126e821,me5418-scenes-v1-0427,near_link,formal-g021,True,,,,,1.0,7.815021803588136e-05,6.0116992188651475e-05,5.5832005654993e-05,0.021048292559040893,0.019538941640086217,0,0,0.3101968515028291,0.2693169272437001,0.0,0.0,0.5714285714285713,1.0,0.0,0.0,0.15898724665915193,0,0,0,64,0,0,961,0,0,0,0,0,0,0.0002885484430710979,0.0005689259302319745,0.0006899911268040645,0.044206110993400216,0.07915171900822315,0.12429791399335954,0.8762506359926192
PPO_best_550901,primary,550901,best,520f129a30003fc360012af7b9c5b0cd372ed0aabe3d2cb4888b1365b126e821,me5418-scenes-v1-0430,tight_layout,formal-g024,True,,,,,1.0,4.8235236636712715e-05,3.724250599211999e-05,4.8235236636712715e-05,0.03384258290436748,0.019603404323110495,0,0,0.9831017719181652,0.19898847704778824,0.0,0.0,0.13169642857142852,0.921875,0.0,0.0,0.1020893826648327,0,0,0,0,0,0,961,0,0,0,0,0,0,0.000345852171600806,0.0005996602791431845,0.0008026456907828106,0.04413288299110718,0.08236670399492141,0.127384516003076,0.9916584899910958
PPO_best_550901,primary,550901,best,520f129a30003fc360012af7b9c5b0cd372ed0aabe3d2cb4888b1365b126e821,me5418-scenes-v1-0446,far,formal-g040,True,,,,,1.0,9.821407510894083e-05,7.159920282794651e-05,4.061265709644801e-05,,0.019760570462874154,961,0,0.1779004669054981,0.29547617574292173,0.0,0.0,0.42857142857142855,1.0,0.0,0.0,0.13598103465157604,0,0,0,0,0,0,961,0,0,0,0,0,0,0.00025781121864080586,0.0005541735906717804,0.000628464782539595,0.043216272999416105,0.07448435200785752,0.118533656001091,0.8093835790059529
PPO_best_550901,primary,550901,best,520f129a30003fc360012af7b9c5b0cd372ed0aabe3d2cb4888b1365b126e821,me5418-scenes-v1-0457,near_link,formal-g051,True,,,,,1.0,3.6851198890637754e-05,2.3254676334057127e-05,2.3232445180159576e-05,0.021094187272411496,0.019972298632163404,0,0,0.20642823444177927,0.21528974540089943,0.0,0.0,0.14285714285714282,1.0,0.0,0.0,0.08564804967830977,0,0,0,38,0,0,961,0,0,0,0,0,0,0.00032413363480069773,0.0005871724299746953,0.0007859637981406802,0.044477372997789644,0.08261762700567488,0.12796501199773047,0.9738417939952342
PPO_best_550901,primary,550901,best,520f129a30003fc360012af7b9c5b0cd372ed0aabe3d2cb4888b1365b126e821,me5418-scenes-v1-0460,tight_layout,formal-g054,True,,,,,1.0,7.45604500477585e-05,5.2900977635793336e-05,7.45604500477585e-05,0.03413149079229788,0.019639793942547924,0,0,0.1014398027352467,0.2596730805761577,0.0,0.0,0.6569940476190476,1.0,0.0,0.0,0.16814137353073982,0,0,0,0,0,0,961,0,0,0,0,0,0,0.0003244154841771281,0.0005920982403949893,0.0007894620997224896,0.04429402599635068,0.08360939800331835,0.1288430669956142,0.9749105850060005
PPO_best_550901,primary,550901,best,520f129a30003fc360012af7b9c5b0cd372ed0aabe3d2cb4888b1365b126e821,me5418-scenes-v1-0467,near_link,formal-g003,True,,,,,1.0,4.360329899042437e-05,2.289987157469755e-05,4.360329899042437e-05,0.04017114411398248,0.019632337466475518,0,0,1.2659070500671383,0.21980515599747275,0.0,0.0,0.13467261904761904,0.765625,0.0,0.0,0.09094582867775379,0,0,0,0,0,0,961,0,0,0,0,0,0,0.00033978617170760117,0.0005926603594919774,0.0007914267480524965,0.04432401299709454,0.08280601199658122,0.12800745001004543,0.979027118999511
PPO_best_550901,primary,550901,best,520f129a30003fc360012af7b9c5b0cd372ed0aabe3d2cb4888b1365b126e821,me5418-scenes-v1-0473,tight_layout,formal-g009,True,,,,,1.0,8.25978212366977e-05,6.623405628688688e-05,5.661203156971013e-05,0.02435468800196927,0.019555733601842852,0,0,0.21770082725816367,0.2571802624464695,0.0,0.0,0.5379464285714285,1.0,0.0,0.0,0.1712855300067791,0,0,0,24,0,0,961,0,0,0,0,0,0,0.00029267595270236296,0.0005753275532242696,0.0007077153771509378,0.04358197300462052,0.08004253701074049,0.12448504299391061,0.893766722001601
PPO_best_550901,primary,550901,best,520f129a30003fc360012af7b9c5b0cd372ed0aabe3d2cb4888b1365b126e821,me5418-scenes-v1-0474,far,formal-g010,True,,,,,1.0,8.051209835051455e-05,6.273100429887473e-05,3.614656225740319e-05,,0.01976282604253502,961,0,0.1744341634957269,0.26416156680758657,0.0,0.0,0.42857142857142855,1.0,0.0,0.0,0.1353712115725059,0,0,0,0,0,0,961,0,0,0,0,0,0,0.00025544119762344053,0.0005584255199058437,0.0006323453678608833,0.0452801960054785,0.0746927029977087,0.12080841600254644,0.815992350995657
PPO_best_550901,primary,550901,best,520f129a30003fc360012af7b9c5b0cd372ed0aabe3d2cb4888b1365b126e821,me5418-scenes-v1-0477,near_link,formal-g013,True,,,,,1.0,6.330242993951292e-05,5.453375464138777e-05,6.330242993951292e-05,0.037957890167134495,0.019345197719088443,0,0,0.3954922701911158,0.16800591038749985,0.0,0.0,0.28571428571428564,1.0,0.0,0.0,0.12991358455481183,0,0,0,0,0,0,961,0,0,0,0,0,0,0.0003040384268994482,0.0005821301219081457,0.0007355206575084594,0.04341341399413068,0.07937186099297833,0.12366533601016272,0.9196332010033075
PPO_best_550901,primary,550901,best,520f129a30003fc360012af7b9c5b0cd372ed0aabe3d2cb4888b1365b126e821,me5418-scenes-v1-0479,far,formal-g015,True,,,,,1.0,6.453836271396506e-05,4.933455983876695e-05,3.695517658751385e-05,,0.01960427697579817,961,0,0.17838744810331042,0.25169183626888725,0.0,0.0,0.42857142857142855,1.0,0.0,0.0,0.13879905365451817,0,0,0,0,0,0,961,0,0,0,0,0,0,0.00026201739092357457,0.0005606501032768089,0.0006360644591344075,0.04412832199886907,0.07642899799975567,0.12139910900441464,0.8216840539971599
PPO_best_550901,primary,550901,best,520f129a30003fc360012af7b9c5b0cd372ed0aabe3d2cb4888b1365b126e821,me5418-scenes-v1-0485,near_link,formal-g021,True,,,,,1.0,8.315412360762863e-05,6.135436784187525e-05,5.178966261966562e-05,0.025636979938305868,0.019540826573920277,0,0,0.23677507888233615,0.29032242180861917,0.0,0.0,0.5714285714285713,1.0,0.0,0.0,0.15660923744740318,0,0,0,43,0,0,961,0,0,0,0,0,0,0.0002844600202630924,0.000575692612498339,0.0006949160072357093,0.04331965600431431,0.07906372999423184,0.12326849599776324,0.8775360830040881
PPO_best_550901,primary,550901,best,520f129a30003fc360012af7b9c5b0cd372ed0aabe3d2cb4888b1365b126e821,me5418-scenes-v1-0488,tight_layout,formal-g024,True,,,,,1.0,4.2366783285794875e-05,2.6130312972518777e-05,3.7592610022505256e-05,0.043387911572244336,0.019770217475272307,0,0,0.18118407567053524,0.20504415228215717,0.0,0.0,0.14285714285714282,1.0,0.0,0.0,0.08477752369501451,0,0,0,0,0,0,961,0,0,0,0,0,0,0.00032653395858991036,0.0005975342956541378,0.0007965943684818436,0.043243963009445,0.08155939800781198,0.12566168101329822,0.9806403379916446
PPO_best_550901,primary,550901,best,520f129a30003fc360012af7b9c5b0cd372ed0aabe3d2cb4888b1365b126e821,me5418-scenes-v1-0497,near_link,formal-g033,True,,,,,1.0,8.705029804230977e-05,6.202597069389876e-05,3.9255477217890804e-05,0.021361668896883457,0.019447528137429657,0,0,0.3787711094841308,0.19212218646840518,0.0,0.0,0.02827380952380952,0.19791666666666666,0.0,0.0,0.13076408679730125,0,0,0,230,0,0,961,0,0,0,0,0,0,0.0003039612812851071,0.0005750228541880157,0.0007261930532422411,0.04493310999532696,0.08047558201360516,0.12628023700381164,0.9149500979983713
PPO_best_550901,primary,550901,best,520f129a30003fc360012af7b9c5b0cd372ed0aabe3d2cb4888b1365b126e821,me5418-scenes-v1-0504,far,formal-g040,True,,,,,1.0,8.199201069334973e-05,6.440698236446008e-05,3.8155801731122046e-05,,0.019604977721637717,961,0,0.16910178719447133,0.27127285214981045,0.0,0.0,0.42857142857142855,1.0,0.0,0.0,0.13700269974235976,0,0,0,0,0,0,961,0,0,0,0,0,0,0.0002668504891971679,0.0005609816541285302,0.0006374324604166759,0.04504394900868647,0.0749621790018864,0.1208660010015592,0.8226842460135231
PPO_best_550901,primary,550901,best,520f129a30003fc360012af7b9c5b0cd372ed0aabe3d2cb4888b1365b126e821,me5418-scenes-v1-0508,tight_layout,formal-g044,True,,,,,1.0,6.358113471960805e-05,4.002235916533285e-05,6.358113471960805e-05,0.0026624989762807083,0.019638979866732895,0,0,0.2817982077189557,0.23940367475832325,0.0,0.0,0.6875,1.0,0.0,0.0,0.1693689566992578,0,0,0,787,0,0,961,0,0,0,0,0,0,0.0003201479946710606,0.0005938801732402984,0.0007842148563668161,0.04346305600483902,0.08364812699437607,0.12799460999667645,0.967875649992493
PPO_best_550901,primary,550901,best,520f129a30003fc360012af7b9c5b0cd372ed0aabe3d2cb4888b1365b126e821,me5418-scenes-v1-0515,near_link,formal-g051,True,,,,,1.0,4.7203692224640905e-05,3.934188694272537e-05,4.353948043040079e-05,0.04941017423657798,0.019481517151903043,0,0,0.6186249514190653,0.21939624325339366,0.0,0.0,0.06919642857142856,0.2916666666666667,0.0,0.0,0.10581210843464804,0,0,0,0,0,0,961,0,0,0,0,0,0,0.00030844925466529577,0.0005842111688707519,0.0007393935290565424,0.04303434700705111,0.08086836199800018,0.12477309200039599,0.9266101859975606
PPO_best_550901,primary,550901,best,520f129a30003fc360012af7b9c5b0cd372ed0aabe3d2cb4888b1365b126e821,me5418-scenes-v1-0518,tight_layout,formal-g054,True,,,,,1.0,7.314647744383904e-05,5.247517869163585e-05,7.314647744383904e-05,0.016464446670563487,0.019640182959026517,0,0,0.08432569277025,0.26317549134643026,0.0,0.0,0.5624999999999999,1.0,0.0,0.0,0.1662748749053294,0,0,0,97,0,0,961,0,0,0,0,0,0,0.00033133343761922635,0.000598287197863101,0.0007990293127477343,0.04304196100565605,0.08277842600364238,0.12673315999563783,0.9845783560012933
PPO_best_550901,primary,550901,best,520f129a30003fc360012af7b9c5b0cd372ed0aabe3d2cb4888b1365b126e821,me5418-scenes-v1-0525,near_link,formal-g003,True,,,,,1.0,7.083230161390329e-05,4.582494082942339e-05,7.083230161390329e-05,0.04624668778392084,0.019426247871524797,0,0,0.45670446255135105,0.22075741513697014,0.0,0.0,0.04092261904761904,0.16666666666666666,0.0,0.0,0.1097964651206331,0,0,0,0,0,0,961,0,0,0,0,0,0,0.0003088983335146622,0.0005806703208994198,0.0007333773581801021,0.044601002999115735,0.08039781299885362,0.12591564700414892,0.921156388008967
PPO_best_550901,primary,550901,best,520f129a30003fc360012af7b9c5b0cd372ed0aabe3d2cb4888b1365b126e821,me5418-scenes-v1-0532,far,formal-g010,True,,,,,1.0,8.091677832195961e-05,6.253706034070003e-05,3.67436595730785e-05,,0.019700504599481944,961,0,0.17366547328449877,0.2695143863443602,0.0,0.0,0.42857142857142855,1.0,0.0,0.0,0.13547517554390998,0,0,0,0,0,0,961,0,0,0,0,0,0,0.0002578896982565008,0.0005567482906371878,0.0006310557697664384,0.04486150400771294,0.07413774200540502,0.11984581401338801,0.8164774269971531
PPO_best_550901,primary,550901,best,520f129a30003fc360012af7b9c5b0cd372ed0aabe3d2cb4888b1365b126e821,me5418-scenes-v1-0535,near_link,formal-g013,True,,,,,1.0,5.199161966517279e-05,3.7069030344237424e-05,5.1858554507339246e-05,0.03476394940960778,0.01962009796237025,0,0,0.8916258810224194,0.27288967437364964,0.0,0.0,0.3519345238095238,1.0,0.0,0.0,0.13089539264384215,0,0,0,0,0,0,961,0,0,0,0,0,0,0.00037781839576685644,0.0006283151353576007,0.0007824137867676957,0.046592459999374114,0.0885549840022577,0.13612749299500138,0.977179874011199
PPO_best_550901,primary,550901,best,520f129a30003fc360012af7b9c5b0cd372ed0aabe3d2cb4888b1365b126e821,me5418-scenes-v1-0537,far,formal-g015,True,,,,,1.0,6.306429373074611e-05,5.112974124974737e-05,3.641286979416254e-05,,0.019607106798902034,961,0,0.18298253517490018,0.2574556829717031,0.0,0.0,0.42857142857142855,1.0,0.0,0.0,0.13960364433227196,0,0,0,0,0,0,961,0,0,0,0,0,0,0.0002826681401681223,0.0005620719251510309,0.000641727141555748,0.04527367099944968,0.07562228200549725,0.12183229999209289,0.8260288519959431
PPO_best_550901,primary,550901,best,520f129a30003fc360012af7b9c5b0cd372ed0aabe3d2cb4888b1365b126e821,me5418-scenes-v1-0543,near_link,formal-g021,True,,,,,1.0,9.073396991665375e-05,6.18482722097179e-05,4.153216378108319e-05,0.0440297745597658,0.019572221950375418,0,0,0.391620595562118,0.2815489394466998,0.0,0.0,0.4598214285714284,1.0,0.0,0.0,0.14485550137081496,0,0,0,0,0,0,961,0,0,0,0,0,0,0.0003329975825181464,0.0005783325187318648,0.0007118087516725306,0.044772886991268024,0.07978568799444474,0.12543506699148566,0.8992375759989955
PPO_best_550901,primary,550901,best,520f129a30003fc360012af7b9c5b0cd372ed0aabe3d2cb4888b1365b126e821,me5418-scenes-v1-0546,tight_layout,formal-g024,True,,,,,1.0,4.5477687119419846e-05,3.681902757245862e-05,3.8864959865898325e-05,0.01706687538214359,0.019611984698511498,0,0,0.23687994493314726,0.18665466792647809,0.0,0.0,0.1421130952380952,0.9947916666666666,0.0,0.0,0.08616672240016106,0,0,0,78,0,0,961,0,0,0,0,0,0,0.0003604557604527751,0.0006004598248030864,0.0008080148773387918,0.0442006570083322,0.0834937629988417,0.12857786699896678,1.1006477370101493
PPO_best_550901,primary,550901,best,520f129a30003fc360012af7b9c5b0cd372ed0aabe3d2cb4888b1365b126e821,me5418-scenes-v1-0555,near_link,formal-g033,True,,,,,1.0,7.910931987725986e-05,5.567532327224954e-05,3.763786744644715e-05,0.002892509256165271,0.019448175706181722,0,0,0.3622817342536925,0.19963196769808791,0.0,0.0,0.052083333333333315,0.3645833333333333,0.0,0.0,0.1320389465428889,0,0,0,399,0,0,961,0,0,0,0,0,0,0.0003462145311914355,0.0005868880253425839,0.0007464004876510444,0.043788468989077955,0.0798961260006763,0.1245958840008825,0.9344226440007333
PPO_best_550901,primary,550901,best,520f129a30003fc360012af7b9c5b0cd372ed0aabe3d2cb4888b1365b126e821,me5418-scenes-v1-0562,far,formal-g040,True,,,,,1.0,8.883148007971362e-05,6.563735221515569e-05,3.925045101809896e-05,,0.01968739994745599,961,0,0.17220105242780778,0.26894207310772117,0.0,0.0,0.42857142857142855,1.0,0.0,0.0,0.13764399885909545,0,0,0,0,0,0,961,0,0,0,0,0,0,0.00025973747362210514,0.0005541451933822828,0.0006287846240411454,0.04380302599747665,0.07518979499582201,0.11983794599655084,0.8103220509947278
PPO_best_550901,primary,550901,best,520f129a30003fc360012af7b9c5b0cd372ed0aabe3d2cb4888b1365b126e821,me5418-scenes-v1-0573,near_link,formal-g051,True,,,,,1.0,3.823439989769236e-05,3.3483329710747167e-05,3.753877075170329e-05,0.02180180700403274,0.019584214828966856,0,0,0.24837592143304188,0.18952442272245373,0.0,0.0,0.12202380952380949,0.8541666666666666,0.0,0.0,0.09627675873426987,0,0,0,63,0,0,961,0,0,0,0,0,0,0.00032748694790522376,0.0005942735260759946,0.0007927595583926935,0.043205698995734565,0.08358109698747285,0.12763633900613058,0.983802654009196
PPO_best_550901,primary,550901,best,520f129a30003fc360012af7b9c5b0cd372ed0aabe3d2cb4888b1365b126e821,me5418-scenes-v1-0583,near_link,formal-g003,True,,,,,1.0,7.293629207539041e-05,5.521885979684914e-05,6.965063392634853e-05,0.03305106803002254,0.01943151081033348,0,0,0.5028014795805851,0.21910118657023187,0.0,0.0,0.06175595238095238,0.17708333333333334,0.0,0.0,0.11216905166151092,0,0,0,0,0,0,961,0,0,0,0,0,0,0.00030004558311702567,0.0005774334919806279,0.0007261821823552358,0.0460575390025042,0.08084705800865777,0.12777901699882932,0.9164414159895387
PPO_best_550901,primary,550901,best,520f129a30003fc360012af7b9c5b0cd372ed0aabe3d2cb4888b1365b126e821,me5418-scenes-v1-0589,tight_layout,formal-g009,True,,,,,1.0,8.142838646779464e-05,6.661974050377552e-05,5.879003066066471e-05,0.03365845963960369,0.019569689980689454,0,0,0.19525258680665372,0.26273105716319667,0.0,0.0,0.5334821428571428,1.0,0.0,0.0,0.1728289156974781,0,0,0,0,0,0,961,0,0,0,0,0,0,0.0002963091872061341,0.0005726244269226299,0.0007059523135618898,0.04345132199523505,0.07898386300075799,0.12331847099994775,0.888229593008873
PPO_best_550901,primary,550901,best,520f129a30003fc360012af7b9c5b0cd372ed0aabe3d2cb4888b1365b126e821,me5418-scenes-v1-0590,far,formal-g010,True,,,,,1.0,7.230558488647784e-05,5.9435358475409265e-05,3.600488969798408e-05,,0.01961089706479243,961,0,0.16840559687163958,0.2605069371278846,0.0,0.0,0.42857142857142855,1.0,0.0,0.0,0.13651284249721185,0,0,0,0,0,0,961,0,0,0,0,0,0,0.0002547192294362806,0.0005541549498351135,0.0006275529687475985,0.04285158999846317,0.07504406900261529,0.11872420200961642,0.8075843330007046
PPO_best_550901,primary,550901,best,520f129a30003fc360012af7b9c5b0cd372ed0aabe3d2cb4888b1365b126e821,me5418-scenes-v1-0593,near_link,formal-g013,True,,,,,1.0,4.2047612709161625e-05,2.714883751615408e-05,4.2047612709161625e-05,0.03490434664518037,0.01942780631157491,0,0,0.7105502423708895,0.16347472466440383,0.0,0.0,0.14360119047619044,1.0,0.0,0.0,0.09210749733943627,0,0,0,0,0,0,961,0,0,0,0,0,0,0.00030374149453867477,0.0005799097049778841,0.0007350181424650752,0.04468302500026766,0.08106352499453351,0.1265971059910953,0.9252971129899379
PPO_best_550901,primary,550901,best,520f129a30003fc360012af7b9c5b0cd372ed0aabe3d2cb4888b1365b126e821,me5418-scenes-v1-0595,far,formal-g015,True,,,,,1.0,6.575720668788869e-05,5.0049220342329555e-05,3.996082435305503e-05,,0.019546120861997092,961,0,0.17393241994702488,0.25157830326784336,0.0,0.0,0.42857142857142855,1.0,0.0,0.0,0.13916561033000194,0,0,0,0,0,0,961,0,0,0,0,0,0,0.0002597874843862276,0.0005560515885160082,0.0006308411936515768,0.06445426799473353,0.07541290399967693,0.1407569510047324,0.834297756999149
PPO_best_550901,primary,550901,best,520f129a30003fc360012af7b9c5b0cd372ed0aabe3d2cb4888b1365b126e821,me5418-scenes-v1-0601,near_link,formal-g021,True,,,,,1.0,7.870102261932624e-05,5.8217186809080746e-05,4.74613262686649e-05,0.0386635876415215,0.019572931016051807,0,0,0.2661461124619482,0.2774941183160597,0.0,0.0,0.5706845238095236,1.0,0.0,0.0,0.15165539842481457,0,0,0,0,0,0,961,0,0,0,0,0,0,0.00029750262569905317,0.0005798550981429192,0.0007030100469213115,0.0447872820077464,0.08244595301221125,0.1280420709954342,0.8919180179946125
PPO_best_550901,primary,550901,best,520f129a30003fc360012af7b9c5b0cd372ed0aabe3d2cb4888b1365b126e821,me5418-scenes-v1-0604,tight_layout,formal-g024,True,,,,,1.0,4.3865045911682985e-05,2.747722265564728e-05,4.3865045911682985e-05,0.02640460911167522,0.01977801343503361,0,0,1.055837806499414,0.20743747839572538,0.0,0.0,0.13690476190476186,0.9583333333333334,0.0,0.0,0.08081532194718465,0,0,0,16,0,0,961,0,0,0,0,0,0,0.0003261870104627936,0.0005924842356762383,0.0007904758510752193,0.043508438000571914,0.08192834700457752,0.12639217800460756,0.9774221560073784
PPO_best_550901,primary,550901,best,520f129a30003fc360012af7b9c5b0cd372ed0aabe3d2cb4888b1365b126e821,me5418-scenes-v1-0608,near_link,formal-g028,True,,,,,1.0,4.7861611650902095e-05,3.15620381963559e-05,4.565557128256336e-05,0.021310267537685196,0.020044494277275234,0,0,0.1930189667686329,0.2239581056480811,0.0,0.0,0.36011904761904745,0.8489583333333334,0.0,0.0,0.13762002825263023,0,0,0,442,0,0,961,0,0,0,0,0,0,0.00032297048483087565,0.0005874801445618989,0.0007850048069334056,0.04615450100391172,0.08317491799243726,0.13030160299967974,0.9729589820053661
PPO_best_550901,primary,550901,best,520f129a30003fc360012af7b9c5b0cd372ed0aabe3d2cb4888b1365b126e821,me5418-scenes-v1-0613,near_link,formal-g033,True,,,,,1.0,9.396914937941432e-05,6.976863735724367e-05,6.226678169717416e-05,0.028658158716403356,0.019346788979386756,0,0,0.36125050052469154,0.20466640439482622,0.0,0.0,0.08184523809523808,0.4375,0.0,0.0,0.14369042475840876,0,0,0,7,0,0,961,0,0,0,0,0,0,0.0003057618074914596,0.0005815254269994815,0.000734328446105792,0.04472817000350915,0.07907109500956722,0.12466054900141899,0.9201401630125474
PPO_best_550901,primary,550901,best,520f129a30003fc360012af7b9c5b0cd372ed0aabe3d2cb4888b1365b126e821,me5418-scenes-v1-0614,tight_layout,formal-g034,True,,,,,1.0,8.05925660929616e-05,6.924528139776687e-05,7.783114241427187e-05,0.005081010300474947,0.01963821923357891,0,0,0.09067473139032152,0.30706408447472067,0.0,0.0,0.47842261904761907,1.0,0.0,0.0,0.16659994806063227,0,0,0,129,0,0,961,0,0,0,0,0,0,0.00033735522439807636,0.0006003498300742649,0.0008026909521352839,0.04377589300565887,0.08478520601056516,0.12948397899162956,0.9898850280005718
PPO_best_550901,primary,550901,best,520f129a30003fc360012af7b9c5b0cd372ed0aabe3d2cb4888b1365b126e821,me5418-scenes-v1-0620,far,formal-g040,True,,,,,1.0,8.922168853069714e-05,6.871649155006572e-05,4.0219554685315016e-05,,0.01977792751892602,961,0,0.17756931643142504,0.27110418861421676,0.0,0.0,0.42857142857142855,1.0,0.0,0.0,0.136990675365641,0,0,0,0,0,0,961,0,0,0,0,0,0,0.00025872594793933484,0.0005558707738449205,0.0006304934552341971,0.04397798400896136,0.0749534860078711,0.11976673499157187,0.8117342049954459
PPO_best_550901,primary,550901,best,520f129a30003fc360012af7b9c5b0cd372ed0aabe3d2cb4888b1365b126e821,me5418-scenes-v1-0641,near_link,formal-g003,True,,,,,1.0,4.3588759056284e-05,2.2615607183838523e-05,4.3588759056284e-05,0.03397898676372563,0.019496050739172724,0,0,0.7936910365646411,0.21778435539810195,0.0,0.0,0.15327380952380948,0.7760416666666666,0.0,0.0,0.09754953938564064,0,0,0,0,0,0,961,0,0,0,0,0,0,0.00032434212016596575,0.0005875308668540431,0.0007812408667632553,0.04360336600802839,0.08169591600017156,0.12622034100058954,0.9684003229922382
PPO_best_550901,primary,550901,best,520f129a30003fc360012af7b9c5b0cd372ed0aabe3d2cb4888b1365b126e821,me5418-scenes-v1-0644,near_link,formal-g006,True,,,,,1.0,5.501256463795095e-05,3.136577375043542e-05,5.50064966127165e-05,0.010940147397237962,0.019580717805114424,0,0,0.257101647996144,0.23269688056247984,0.0,0.0,0.4583333333333332,1.0,0.0,0.0,0.164552277016143,0,0,0,120,0,0,961,0,0,0,0,0,0,0.0003160673385688521,0.0005809108527804104,0.0007429152822472436,0.04439708399877418,0.0823613409884274,0.12759596499381587,0.9306128559983335
PPO_best_550901,primary,550901,best,520f129a30003fc360012af7b9c5b0cd372ed0aabe3d2cb4888b1365b126e821,me5418-scenes-v1-0648,far,formal-g010,True,,,,,1.0,6.85331945792352e-05,5.681008380258978e-05,3.6181881068383173e-05,,0.019600575099718194,961,0,0.17416430242835887,0.25254590246396186,0.0,0.0,0.42857142857142855,1.0,0.0,0.0,0.13675304023948098,0,0,0,0,0,0,961,0,0,0,0,0,0,0.00026215483755246777,0.0005615152407547915,0.0006368818011196709,0.04639819900330622,0.0752166200109059,0.12246535399754066,0.8229934970004251
PPO_best_550901,primary,550901,best,520f129a30003fc360012af7b9c5b0cd372ed0aabe3d2cb4888b1365b126e821,me5418-scenes-v1-0651,near_link,formal-g013,True,,,,,1.0,3.924893466108981e-05,3.345027863662994e-05,3.638371852218719e-05,0.018153755507475347,0.019436254915723983,0,0,0.47718055321550196,0.21035706564103568,0.0,0.0,0.12053571428571426,0.84375,0.0,0.0,0.11069133168674031,0,0,0,56,0,0,961,0,0,0,0,0,0,0.0003186236253895913,0.0005928739811679407,0.0007730575987200913,0.046793485002126545,0.08238296100171283,0.13010863499948755,0.9632113420084352
PPO_best_550901,primary,550901,best,520f129a30003fc360012af7b9c5b0cd372ed0aabe3d2cb4888b1365b126e821,me5418-scenes-v1-0653,far,formal-g015,True,,,,,1.0,6.419892827898234e-05,5.2655906128348526e-05,3.4136300006772964e-05,,0.01954842491203481,961,0,0.17621165051280147,0.2517245656266958,0.0,0.0,0.42857142857142855,1.0,0.0,0.0,0.13864207161324366,0,0,0,0,0,0,961,0,0,0,0,0,0,0.00025539707326061034,0.000555520567786516,0.0006294189771172872,0.04354242100089323,0.0763949429965578,0.12078866000229027,0.8122243519901531
PPO_best_550901,primary,550901,best,520f129a30003fc360012af7b9c5b0cd372ed0aabe3d2cb4888b1365b126e821,me5418-scenes-v1-0659,near_link,formal-g021,True,,,,,1.0,8.215546192352179e-05,6.48267172690804e-05,5.7765080573759795e-05,0.03608172427874813,0.019544160714691033,0,0,0.2983711036087213,0.2974691764075725,0.0,0.0,0.5714285714285713,1.0,0.0,0.0,0.16366290623222346,0,0,0,0,0,0,961,0,0,0,0,0,0,0.0002939658234026865,0.0005760656012474404,0.0007002520532599495,0.04306709399679676,0.07879314800084103,0.12271353100368287,0.8849773709953297
PPO_best_550901,primary,550901,best,520f129a30003fc360012af7b9c5b0cd372ed0aabe3d2cb4888b1365b126e821,me5418-scenes-v1-0662,tight_layout,formal-g024,True,,,,,1.0,3.81792625285781e-05,2.5028044959618935e-05,3.4967224694846455e-05,0.011962715275970273,0.019654803575551327,0,0,0.28767935732555905,0.20765492401019736,0.0,0.0,0.1339285714285714,0.9375,0.0,0.0,0.07842666228680173,0,0,0,164,0,0,961,0,0,0,0,0,0,0.00032324526644818735,0.0005933066478519322,0.0007909637164630112,0.04433318199880887,0.08659025799715891,0.1318491870042635,0.9826765739999246
PPO_best_550901,primary,550901,best,520f129a30003fc360012af7b9c5b0cd372ed0aabe3d2cb4888b1365b126e821,me5418-scenes-v1-0671,near_link,formal-g033,True,,,,,1.0,5.8433808016198575e-05,4.793182792292926e-05,4.437839596274964e-05,0.007517653907208238,0.019557754545564104,0,0,0.3326054921641016,0.2126186166982471,0.0,0.0,0.08035714285714284,0.5625,0.0,0.0,0.11841189661063256,0,0,0,164,0,0,961,0,0,0,0,0,0,0.00029481851614339877,0.0005751682176802812,0.0007236604236823041,0.04333632100315299,0.08012155299365986,0.12436589800927322,0.9089508339966414
PPO_best_550901,primary,550901,best,520f129a30003fc360012af7b9c5b0cd372ed0aabe3d2cb4888b1365b126e821,me5418-scenes-v1-0678,far,formal-g040,True,,,,,1.0,9.8261475185179e-05,7.13374712790111e-05,4.16252642679363e-05,,0.01974090305748756,961,0,0.1800824169782672,0.27646574061012724,0.0,0.0,0.42857142857142855,1.0,0.0,0.0,0.13701814666301723,0,0,0,0,0,0,961,0,0,0,0,0,0,0.0002523161197890052,0.000549278664478455,0.0006224897509279496,0.04346996398817282,0.07445320799888577,0.11877675300638657,0.8045241320069181
PPO_best_550901,primary,550901,best,520f129a30003fc360012af7b9c5b0cd372ed0aabe3d2cb4888b1365b126e821,me5418-scenes-v1-0689,near_link,formal-g051,True,,,,,1.0,4.2355638331206635e-05,2.6567820319754404e-05,4.2355638331206635e-05,0.01347548851869293,0.019489402682806516,0,0,0.43793704895741,0.2169001647284923,0.0,0.0,0.09895833333333331,0.40625,0.0,0.0,0.11070161979046785,0,0,0,60,0,0,961,0,0,0,0,0,0,0.0003125917611062808,0.0005899094654978398,0.0007459921539672602,0.04411165499186609,0.08007138798711821,0.12505118100671098,0.9340617929992732
PPO_best_551901,primary,551901,best,7978ae761181ede0728abb489d6c7b28755901e1065a2e3fded950d0eee8c20c,me5418-scenes-v1-0003,near_link,formal-g003,True,,,,,1.0,8.873018921335997e-05,6.768938941636562e-05,3.7447512279793356e-05,0.027374368102053778,0.01971625573164503,0,0,1.6115766638777989,0.2492763356985145,0.0,0.0,0.18229166666666663,1.0,0.0,0.0,0.10380124855721425,0,0,0,25,0,0,961,0,0,0,0,0,0,0.00031298904180706205,0.0005709986122686435,0.0007372643315496437,0.04394823500479106,0.0812312460038811,0.12600647201179527,0.9241012660058914
PPO_best_551901,primary,551901,best,7978ae761181ede0728abb489d6c7b28755901e1065a2e3fded950d0eee8c20c,me5418-scenes-v1-0009,tight_layout,formal-g009,True,,,,,1.0,7.04243906477824e-05,3.975796812397688e-05,7.04243906477824e-05,0.020536793141801346,0.008316770318230724,0,0,0.14137068321286386,0.2832113588909847,0.0,0.0,0.7924107142857143,1.0,0.0,0.0,0.18963130283213797,0,0,0,32,0,0,961,0,0,0,0,0,0,0.00029480397946220666,0.000576870464813813,0.0007115707584792592,0.04521016700891778,0.0795971719926456,0.1256562899943674,0.8947081379883457
PPO_best_551901,primary,551901,best,7978ae761181ede0728abb489d6c7b28755901e1065a2e3fded950d0eee8c20c,me5418-scenes-v1-0010,far,formal-g010,True,,,,,1.0,7.060609721732112e-05,4.177447390751164e-05,7.060609721732112e-05,,0.019335877911767156,961,0,0.12702315950535387,0.2765650534146532,0.0,0.0,0.7142857142857143,1.0,0.0,0.0,0.15451025508920704,0,0,0,0,0,0,961,0,0,0,0,0,0,0.0002584064216080151,0.0005567276551876906,0.0006310973543804721,0.04325604900077451,0.07469930101069622,0.11889336101012304,0.8113357999973232
PPO_best_551901,primary,551901,best,7978ae761181ede0728abb489d6c7b28755901e1065a2e3fded950d0eee8c20c,me5418-scenes-v1-0013,near_link,formal-g013,True,,,,,1.0,3.71815806169385e-05,2.4897686729073383e-05,3.71815806169385e-05,0.01941893806587726,0.019579874809208864,0,0,0.7167338552558303,0.29552491396248903,0.0,0.0,0.4047619047619047,1.0,0.0,0.0,0.15194624137717863,0,0,0,113,0,0,961,0,0,0,0,0,0,0.000317114609060809,0.0005812127111615458,0.0007337643133875342,0.04339835699647665,0.08001754499855451,0.12434164898877498,0.9190798210038338
PPO_best_551901,primary,551901,best,7978ae761181ede0728abb489d6c7b28755901e1065a2e3fded950d0eee8c20c,me5418-scenes-v1-0015,far,formal-g015,True,,,,,1.0,6.306964415333517e-05,3.370617905363229e-05,6.306964415333517e-05,,0.018367315521318775,961,0,0.13345972455904304,0.28033315035816425,0.0,0.0,0.7142857142857143,1.0,0.0,0.0,0.15503849678262624,0,0,0,0,0,0,961,0,0,0,0,0,0,0.0002648702864765558,0.0005544632083910983,0.0006302481126567727,0.04505144600989297,0.07518209199770354,0.12112693300878163,0.811885971997981
PPO_best_551901,primary,551901,best,7978ae761181ede0728abb489d6c7b28755901e1065a2e3fded950d0eee8c20c,me5418-scenes-v1-0021,near_link,formal-g021,True,,,,,1.0,4.629251823991132e-05,2.6976436540352786e-05,4.629251823991132e-05,0.025300392513261438,0.019554905782801016,0,0,0.23718352262480735,0.2581325865561188,0.0,0.0,0.4694940476190476,1.0,0.0,0.0,0.15896909201328524,0,0,0,46,0,0,961,0,0,0,0,0,0,0.0002895258586856168,0.0005757990376878297,0.0007002650583520638,0.04388309099886101,0.07958414700988214,0.12438697399920784,0.8853985699970508
PPO_best_551901,primary,551901,best,7978ae761181ede0728abb489d6c7b28755901e1065a2e3fded950d0eee8c20c,me5418-scenes-v1-0022,tight_layout,formal-g022,True,,,,,1.0,6.841814486441424e-05,4.4458738247249736e-05,6.841814486441424e-05,0.0023255875498373463,0.015952292141807177,0,0,0.14764395826705276,0.25891817372844056,0.0,0.0,0.7098214285714285,1.0,0.0,0.0,0.19289655265886163,0,0,0,112,0,0,961,0,0,0,0,0,0,0.00029498959353683557,0.0005873776780238889,0.0007204678395737573,0.04369080900505651,0.07922832599433605,0.123761533992365,0.9027988849993562
PPO_best_551901,primary,551901,best,7978ae761181ede0728abb489d6c7b28755901e1065a2e3fded950d0eee8c20c,me5418-scenes-v1-0024,tight_layout,formal-g024,True,,,,,1.0,0.00010792498537446081,6.625210981564158e-05,0.00010792498537446081,0.01829497534237698,0.019900305636544643,0,0,0.1420224716246381,0.26830281409291956,0.0,0.0,0.3035714285714285,1.0,0.0,0.0,0.13658745514805473,0,0,0,89,0,0,961,0,0,0,0,0,0,0.00033208029617526336,0.0006011684134743215,0.0008005905991922191,0.04575203800050076,0.08301558000675868,0.1296920019958634,0.9895457109960262
PPO_best_551901,primary,551901,best,7978ae761181ede0728abb489d6c7b28755901e1065a2e3fded950d0eee8c20c,me5418-scenes-v1-0032,tight_layout,formal-g032,False,external_collision_band,related_collision:obstacle,tracking,0.9916666666666667,0.24791666666666667,5.651597943829286e-05,4.513350686311944e-05,,8.71299231304315e-05,0.019970341029964166,0,0,0.22563602936239277,0.19994133003928655,0.0,0.0,0.28571428571428564,1.0,0.0,0.0,0.10048409399931277,0,1,0,239,0,0,239,0,0,0,0,0,0,0.00035570708344797214,0.0006024661093501241,0.0008160274536588558,0.04359756199119147,0.0843031289987266,0.1287720550026279,0.35283268500643317
PPO_best_551901,primary,551901,best,7978ae761181ede0728abb489d6c7b28755901e1065a2e3fded950d0eee8c20c,me5418-scenes-v1-0033,near_link,formal-g033,True,,,,,1.0,7.682260120342585e-05,5.7424784332874295e-05,3.9316053074939464e-05,0.025075863951248875,0.019614838152743605,0,0,1.038944014647724,0.2704872123231749,0.0,0.0,0.2559523809523809,1.0,0.0,0.0,0.11356548205280671,0,0,0,51,0,0,961,0,0,0,0,0,0,0.00030879707863581035,0.0005759408801623067,0.000745570252198983,0.044986843000515364,0.07989421099773608,0.12574619600491133,0.933794543001568
PPO_best_551901,primary,551901,best,7978ae761181ede0728abb489d6c7b28755901e1065a2e3fded950d0eee8c20c,me5418-scenes-v1-0040,far,formal-g040,True,,,,,1.0,7.663771061141146e-05,4.99020248375834e-05,7.663771061141146e-05,,0.019622115033666288,961,0,0.12491527295058813,0.2600155648181168,0.0,0.0,0.7142857142857143,1.0,0.0,0.0,0.1570391316548921,0,0,0,0,0,0,961,0,0,0,0,0,0,0.00025495031134899665,0.0005642044977927677,0.0006378101771436681,0.04344152800331358,0.07502479299728293,0.11929331200371962,0.8188265380013036
PPO_best_551901,primary,551901,best,7978ae761181ede0728abb489d6c7b28755901e1065a2e3fded950d0eee8c20c,me5418-scenes-v1-0044,tight_layout,formal-g044,True,,,,,1.0,8.654068768503971e-05,7.389015694033516e-05,6.882786851037238e-05,0.00837310685292017,0.019632110434286205,0,0,0.18135364389738393,0.2308523139630031,0.0,0.0,0.3854166666666667,1.0,0.0,0.0,0.14121597916043052,0,0,0,435,0,0,961,0,0,0,0,0,0,0.00032353618795847677,0.0005822935208167715,0.0007787865239303452,0.045485834998544306,0.08456412999657914,0.13093715900322422,0.9674002770043444
PPO_best_551901,primary,551901,best,7978ae761181ede0728abb489d6c7b28755901e1065a2e3fded950d0eee8c20c,me5418-scenes-v1-0051,near_link,formal-g051,True,,,,,1.0,7.660479151170957e-05,6.544341037083226e-05,7.157788259631306e-05,0.017983315837372213,0.019687553311003914,0,0,0.23355226549428876,0.2899111027541307,0.0,0.0,0.2165178571428571,1.0,0.0,0.0,0.1188503101254658,0,0,0,57,0,0,961,0,0,0,0,0,0,0.0003333288952186801,0.0005855513957461274,0.0007735642685474886,0.04430112999398261,0.08301961599499919,0.12823331699473783,0.9633908679970773
PPO_best_551901,primary,551901,best,7978ae761181ede0728abb489d6c7b28755901e1065a2e3fded950d0eee8c20c,me5418-scenes-v1-0054,tight_layout,formal-g054,True,,,,,1.0,9.287682600009902e-05,8.106659445607041e-05,7.89325210225423e-05,0.003788763074150242,0.019592328815412466,0,0,0.18491747505357495,0.20186181445628368,0.0,0.0,0.33333333333333326,1.0,0.0,0.0,0.13656219291345525,0,0,0,961,0,0,961,0,0,0,0,0,0,0.00033181386955523823,0.0005989590728252854,0.000797604432409571,0.04807462899771053,0.08365457400213927,0.13260141799401026,0.988114408988622
PPO_best_551901,primary,551901,best,7978ae761181ede0728abb489d6c7b28755901e1065a2e3fded950d0eee8c20c,me5418-scenes-v1-0061,near_link,formal-g003,True,,,,,1.0,7.1290213586382e-05,6.0929000436544754e-05,5.3388269941803554e-05,0.016779510135819728,0.019599475540546356,0,0,0.443951679783289,0.2789334516315622,0.0,0.0,0.3467261904761904,1.0,0.0,0.0,0.139508819890519,0,0,0,49,0,0,961,0,0,0,0,0,0,0.0003284205411849446,0.0005896795019756004,0.0007874338333294873,0.04504907000227831,0.08216717699542642,0.12808665999909863,0.9742869879992213
PPO_best_551901,primary,551901,best,7978ae761181ede0728abb489d6c7b28755901e1065a2e3fded950d0eee8c20c,me5418-scenes-v1-0067,tight_layout,formal-g009,False,self_collision_band,related_collision:self,tracking,3.925,0.98125,9.457926548443003e-05,6.034603523258785e-05,,0.012094203963854092,5.654679562062991e-05,0,0,0.1250878091803662,0.33872400431620653,0.0,0.0,0.8163265306122448,1.0,0.0,0.0,0.19736212827180788,0,0,0,70,1,0,943,0,0,0,0,0,0,0.00029951587834311697,0.0005826094545600215,0.0007170163819781651,0.043476523002027534,0.07856073300354183,0.12290898099308833,0.8852105409896467
PPO_best_551901,primary,551901,best,7978ae761181ede0728abb489d6c7b28755901e1065a2e3fded950d0eee8c20c,me5418-scenes-v1-0068,far,formal-g010,True,,,,,1.0,7.30402517533119e-05,4.848611319844238e-05,7.30402517533119e-05,,0.019374584208444158,961,0,0.13261953729362852,0.2797828067671304,0.0,0.0,0.7142857142857143,1.0,0.0,0.0,0.15451271961376603,0,0,0,0,0,0,961,0,0,0,0,0,0,0.0002620919844957825,0.0005626602708465119,0.0006376970355934948,0.04491153999697417,0.07476972100266721,0.12051630599307828,0.8188219389994629
PPO_best_551901,primary,551901,best,7978ae761181ede0728abb489d6c7b28755901e1065a2e3fded950d0eee8c20c,me5418-scenes-v1-0071,near_link,formal-g013,True,,,,,1.0,4.058520285850798e-05,2.575949490569948e-05,4.058520285850798e-05,0.03166965680758933,0.0196906341910403,0,0,0.6757080927339415,0.2949925820338949,0.0,0.0,0.4069940476190476,1.0,0.0,0.0,0.1519763187145318,0,0,0,0,0,0,961,0,0,0,0,0,0,0.00029662795350304805,0.0005742820247026732,0.000721928031225616,0.04333403399505187,0.07959048500924837,0.12379053300537635,0.905112371998257
PPO_best_551901,primary,551901,best,7978ae761181ede0728abb489d6c7b28755901e1065a2e3fded950d0eee8c20c,me5418-scenes-v1-0073,far,formal-g015,True,,,,,1.0,6.353036091789259e-05,3.5841812926717476e-05,6.261652100685319e-05,,0.01789776851665629,961,0,0.13513738634928515,0.2676125137258418,0.0,0.0,0.7142857142857143,1.0,0.0,0.0,0.15610904059749806,0,0,0,0,0,0,961,0,0,0,0,0,0,0.0002616011615828029,0.0005549081448255796,0.0006299936818777496,0.04351862099429127,0.07404239800234791,0.11839477300236467,0.8103022299910663
PPO_best_551901,primary,551901,best,7978ae761181ede0728abb489d6c7b28755901e1065a2e3fded950d0eee8c20c,me5418-scenes-v1-0079,near_link,formal-g021,True,,,,,1.0,3.7533721115220794e-05,2.4705464861208566e-05,3.7533721115220794e-05,0.03297733773377219,0.01900035333328115,0,0,0.25282459038554395,0.25777548696379765,0.0,0.0,0.3876488095238095,1.0,0.0,0.0,0.15833457011543767,0,0,0,0,0,0,961,0,0,0,0,0,0,0.0002910233182168061,0.0005768069238911266,0.0006989053562241073,0.04344426200259477,0.07980046099692117,0.12408528800006025,0.8844411059981212
PPO_best_551901,primary,551901,best,7978ae761181ede0728abb489d6c7b28755901e1065a2e3fded950d0eee8c20c,me5418-scenes-v1-0080,tight_layout,formal-g022,True,,,,,1.0,5.9267502786768545e-05,4.109430179573595e-05,5.9267502786768545e-05,0.009660998395539425,0.01662811685967998,0,0,0.28802412441390723,0.2874644182320938,0.0,0.0,0.665922619047619,1.0,0.0,0.0,0.18208101203753835,0,0,0,96,0,0,961,0,0,0,0,0,0,0.00029989948385870474,0.0005932720803684787,0.0007258618302178851,0.045212778000859544,0.08393605200399179,0.13001984400034416,0.9342466259986395
PPO_best_551901,primary,551901,best,7978ae761181ede0728abb489d6c7b28755901e1065a2e3fded950d0eee8c20c,me5418-scenes-v1-0082,tight_layout,formal-g024,True,,,,,1.0,9.530727232561239e-05,6.960202290111554e-05,9.526308521721702e-05,0.010539393832081453,0.01957370594650166,0,0,0.1649948276700902,0.27344527438598454,0.0,0.0,0.28124999999999994,1.0,0.0,0.0,0.12611617627165592,0,0,0,102,0,0,961,0,0,0,0,0,0,0.0003300103962828871,0.000597737827107873,0.0007970268279829421,0.04532276600366458,0.08188407101260964,0.1281337149994215,0.9847011380043114
PPO_best_551901,primary,551901,best,7978ae761181ede0728abb489d6c7b28755901e1065a2e3fded950d0eee8c20c,me5418-scenes-v1-0098,far,formal-g040,True,,,,,1.0,7.32498279021914e-05,4.190955388986509e-05,7.32498279021914e-05,,0.019295263676237927,961,0,0.12144060985178738,0.2617577295757406,0.0,0.0,0.7142857142857143,1.0,0.0,0.0,0.15688821790141186,0,0,0,0,0,0,961,0,0,0,0,0,0,0.0002559676937986903,0.0005569819516949792,0.0006306361865275297,0.043868250999366865,0.07456806799746118,0.1193430199928116,0.8119307500019204
PPO_best_551901,primary,551901,best,7978ae761181ede0728abb489d6c7b28755901e1065a2e3fded950d0eee8c20c,me5418-scenes-v1-0109,near_link,formal-g051,True,,,,,1.0,6.302702070350185e-05,4.807389916313306e-05,4.435187583497959e-05,0.017202738319176847,0.01959538967738289,0,0,0.20813884275203068,0.283394585651714,0.0,0.0,0.38020833333333326,1.0,0.0,0.0,0.13497329362324395,0,0,0,44,0,0,961,0,0,0,0,0,0,0.0003303490986278727,0.0005900816658747014,0.0007890402979834713,0.04401456699997652,0.08252017099584918,0.12746204700670205,0.9754024480062071
PPO_best_551901,primary,551901,best,7978ae761181ede0728abb489d6c7b28755901e1065a2e3fded950d0eee8c20c,me5418-scenes-v1-0119,near_link,formal-g003,True,,,,,1.0,6.845297872302411e-05,4.98625313534281e-05,2.8015640962008935e-05,0.019150390123645264,0.01955754876227587,0,0,0.4957547854261215,0.27303644417419354,0.0,0.0,0.259672619047619,1.0,0.0,0.0,0.1325412182741621,0,0,0,36,0,0,961,0,0,0,0,0,0,0.00033816232295672916,0.0005891403727825188,0.0007873011874986939,0.045783794004819356,0.08293219700863119,0.12960478800232522,0.9781459499936318
PPO_best_551901,primary,551901,best,7978ae761181ede0728abb489d6c7b28755901e1065a2e3fded950d0eee8c20c,me5418-scenes-v1-0122,near_link,formal-g006,True,,,,,1.0,5.725643026374712e-05,4.059487114485665e-05,2.067974786130568e-05,0.013644399431133547,0.019579023580598674,0,0,0.2617753014170957,0.31636574912266496,0.0,0.0,0.4084821428571428,1.0,0.0,0.0,0.17016182060109541,0,0,0,132,0,0,961,0,0,0,0,0,0,0.0003236124843321401,0.0005783856712241686,0.0007624856509664824,0.043708287994377315,0.08188870800950099,0.12651631099288352,0.948805894004181
PPO_best_551901,primary,551901,best,7978ae761181ede0728abb489d6c7b28755901e1065a2e3fded950d0eee8c20c,me5418-scenes-v1-0126,far,formal-g010,True,,,,,1.0,7.121892149561275e-05,4.211129693450836e-05,7.121892149561275e-05,,0.019361375931567587,961,0,0.12171462278627002,0.2721514519754002,0.0,0.0,0.7142857142857143,1.0,0.0,0.0,0.15570323119893492,0,0,0,0,0,0,961,0,0,0,0,0,0,0.0002544429538223388,0.00055539209890109,0.0006288864488093774,0.043558264995226637,0.07430914900032803,0.11871358100324869,0.8069371559977299
PPO_best_551901,primary,551901,best,7978ae761181ede0728abb489d6c7b28755901e1065a2e3fded950d0eee8c20c,me5418-scenes-v1-0129,near_link,formal-g013,True,,,,,1.0,8.88275123750893e-05,6.616442519780123e-05,7.797088785496662e-05,0.01588850603375505,0.01943376978285126,0,0,0.847635873954607,0.23118408323714268,0.0,0.0,0.18452380952380945,1.0,0.0,0.0,0.11517682592107338,0,0,0,961,0,0,961,0,0,0,0,0,0,0.0003131217446631733,0.0005899323067145209,0.0007493537679238216,0.043268288995022886,0.08133623599132989,0.1254710189969046,0.936287821008591
PPO_best_551901,primary,551901,best,7978ae761181ede0728abb489d6c7b28755901e1065a2e3fded950d0eee8c20c,me5418-scenes-v1-0131,far,formal-g015,True,,,,,1.0,6.450050542515839e-05,3.2887509177441427e-05,6.450050542515839e-05,,0.018562615492999597,961,0,0.1320633889002498,0.2781367156208583,0.0,0.0,0.7142857142857143,1.0,0.0,0.0,0.1550308816450914,0,0,0,0,0,0,961,0,0,0,0,0,0,0.0003108201713833599,0.0005955892376126333,0.0006823165158493794,0.04421864100731909,0.07529863499803469,0.1204284550040029,0.8802041519957129
PPO_best_551901,primary,551901,best,7978ae761181ede0728abb489d6c7b28755901e1065a2e3fded950d0eee8c20c,me5418-scenes-v1-0137,near_link,formal-g021,True,,,,,1.0,5.0879918194063396e-05,2.6486441815963975e-05,5.0879918194063396e-05,0.005389593533349557,0.017968440617036875,0,0,0.2258465797409612,0.2585821115395557,0.0,0.0,0.616815476190476,1.0,0.0,0.0,0.17644310914246097,0,0,0,125,0,0,961,0,0,0,0,0,0,0.0002954786148923934,0.0005811384251046547,0.0007130145126514738,0.04295864400046412,0.08026557498669717,0.12409873800061177,0.8976813999906881
PPO_best_551901,primary,551901,best,7978ae761181ede0728abb489d6c7b28755901e1065a2e3fded950d0eee8c20c,me5418-scenes-v1-0140,tight_layout,formal-g024,True,,,,,1.0,6.378607208646301e-05,5.574469461052589e-05,6.377222774835301e-05,0.01999122281494116,0.019584286819665175,0,0,0.21751270476512286,0.2738033977701404,0.0,0.0,0.28571428571428564,1.0,0.0,0.0,0.13301264653370404,0,0,0,39,0,0,961,0,0,0,0,0,0,0.000328977214318608,0.0006023943822280368,0.00080125743767591,0.043525041997781955,0.08480957700521685,0.12918703800824005,0.9893258579977555
PPO_best_551901,primary,551901,best,7978ae761181ede0728abb489d6c7b28755901e1065a2e3fded950d0eee8c20c,me5418-scenes-v1-0144,near_link,formal-g028,True,,,,,1.0,9.33613383980156e-05,5.128213488413901e-05,9.33613383980156e-05,0.005772268745735512,0.019427193568946295,0,0,1.201705730600811,0.2674991005678689,0.0,0.0,0.18601190476190468,1.0,0.0,0.0,0.11108179393687308,0,0,0,282,0,0,961,0,0,0,0,0,0,0.00032463027082485496,0.0005944279321586994,0.0007741780072137771,0.044353364006383345,0.08352438200381584,0.12875793800048996,0.9650479630072368
PPO_best_551901,primary,551901,best,7978ae761181ede0728abb489d6c7b28755901e1065a2e3fded950d0eee8c20c,me5418-scenes-v1-0156,far,formal-g040,True,,,,,1.0,7.423190884289751e-05,4.0414697072285646e-05,7.423190884289751e-05,,0.01927604286506606,961,0,0.12620912427991232,0.26011237306345447,0.0,0.0,0.7142857142857143,1.0,0.0,0.0,0.15751816798555884,0,0,0,0,0,0,961,0,0,0,0,0,0,0.00027130321359436493,0.0005697326137275619,0.0006472279522313328,0.04338774200004991,0.07933261401194613,0.12356735499633942,0.831468064992805
PPO_best_551901,primary,551901,best,7978ae761181ede0728abb489d6c7b28755901e1065a2e3fded950d0eee8c20c,me5418-scenes-v1-0160,tight_layout,formal-g044,True,,,,,1.0,4.103628073677544e-05,3.2265888803775143e-05,2.4273155611005546e-05,0.0050362588279241755,0.019596604965882156,0,0,0.1519529210315283,0.2798248854671093,0.0,0.0,0.5215773809523808,1.0,0.0,0.0,0.1545194809058947,0,0,0,179,0,0,961,0,0,0,0,0,0,0.00032320848883197567,0.0005817423384087306,0.000778485553973951,0.043158971006050706,0.08358059800229967,0.12761763599701226,0.9626829130138503
PPO_best_551901,primary,551901,best,7978ae761181ede0728abb489d6c7b28755901e1065a2e3fded950d0eee8c20c,me5418-scenes-v1-0167,near_link,formal-g051,True,,,,,1.0,5.67029004633052e-05,4.656437307533912e-05,2.7885157505068502e-05,0.038192481069667675,0.01963988587612063,0,0,1.1673457888157965,0.2514327257059705,0.0,0.0,0.2522321428571428,1.0,0.0,0.0,0.11212637508184085,0,0,0,0,0,0,961,0,0,0,0,0,0,0.00031442724972900277,0.0005806867895140991,0.0007498326721512664,0.043789800998638384,0.07957447900844272,0.12428750300023239,0.9350913180096541
PPO_best_551901,primary,551901,best,7978ae761181ede0728abb489d6c7b28755901e1065a2e3fded950d0eee8c20c,me5418-scenes-v1-0173,tight_layout,formal-g057,True,,,,,1.0,1.914750495896854e-05,1.3094536283188227e-05,1.2221779433977683e-05,0.003026663375586755,0.019577748040411173,0,0,0.1939047802523633,0.2879436047283534,0.0,0.0,0.4293154761904761,1.0,0.0,0.0,0.152141316181847,0,0,0,206,0,0,961,0,0,0,0,0,0,0.0003015919533027045,0.0005700419801542012,0.0007095270968723829,0.04350201699708123,0.07971264999650884,0.12409427700913511,0.8947352010000031
PPO_best_551901,primary,551901,best,7978ae761181ede0728abb489d6c7b28755901e1065a2e3fded950d0eee8c20c,me5418-scenes-v1-0177,near_link,formal-g003,True,,,,,1.0,6.957236457585486e-05,5.750632535707769e-05,5.440817655344639e-05,0.049725540706937355,0.019622582799916355,0,0,1.1149267691981823,0.2761322858813283,0.0,0.0,0.17113095238095233,1.0,0.0,0.0,0.1302369871259933,0,0,0,0,0,0,961,0,0,0,0,0,0,0.0003344547706092271,0.0005873623821874692,0.0007790671562209658,0.043804357992485166,0.08194041300157551,0.12661781800852623,0.9658610180049436
PPO_best_551901,primary,551901,best,7978ae761181ede0728abb489d6c7b28755901e1065a2e3fded950d0eee8c20c,me5418-scenes-v1-0184,far,formal-g010,True,,,,,1.0,7.22283606996865e-05,4.264213343227373e-05,7.22283606996865e-05,,0.0193209732907081,961,0,0.12207278683105974,0.2668738642169911,0.0,0.0,0.7142857142857143,1.0,0.0,0.0,0.15595219080292044,0,0,0,0,0,0,961,0,0,0,0,0,0,0.00025523051567688526,0.0005565062482370801,0.0006301826981598424,0.04432929799077101,0.07444098401174415,0.11967518999881577,0.8106015439989278
PPO_best_551901,primary,551901,best,7978ae761181ede0728abb489d6c7b28755901e1065a2e3fded950d0eee8c20c,me5418-scenes-v1-0187,near_link,formal-g013,True,,,,,1.0,5.072479057478396e-05,4.05724259830631e-05,3.8313632384297574e-05,0.019622347829503256,0.019487028035848723,0,0,0.9164881269153395,0.2653339148762065,0.0,0.0,0.24553571428571422,1.0,0.0,0.0,0.1199925967614122,0,0,0,306,0,0,961,0,0,0,0,0,0,0.0003038456460823606,0.0005869713653434398,0.0007385654894126977,0.04443033899588045,0.0795890360022895,0.12491557499743067,0.924079468997661
PPO_best_551901,primary,551901,best,7978ae761181ede0728abb489d6c7b28755901e1065a2e3fded950d0eee8c20c,me5418-scenes-v1-0189,far,formal-g015,True,,,,,1.0,7.399574724192174e-05,3.773046532301548e-05,7.399574724192174e-05,,0.01818744743826839,961,0,0.1309341312379565,0.27599558036058547,0.0,0.0,0.7142857142857143,1.0,0.0,0.0,0.15581053353602153,0,0,0,0,0,0,961,0,0,0,0,0,0,0.00026759735449862393,0.0005618541978795595,0.0006382550529906439,0.04357034599524923,0.07467652799095958,0.11909976400784217,0.8188994819938671
PPO_best_551901,primary,551901,best,7978ae761181ede0728abb489d6c7b28755901e1065a2e3fded950d0eee8c20c,me5418-scenes-v1-0195,near_link,formal-g021,True,,,,,1.0,3.850732494309917e-05,2.4483178492276294e-05,3.850732494309917e-05,0.02314283294118527,0.01923858434996851,0,0,0.23542261143286988,0.25777678751685273,0.0,0.0,0.39508928571428575,1.0,0.0,0.0,0.15975420128753676,0,0,0,69,0,0,961,0,0,0,0,0,0,0.00029723768761868996,0.0005817232351394826,0.0007033446854620706,0.045282226012204774,0.07896866599912755,0.12513269399642013,0.8897743960114894
PPO_best_551901,primary,551901,best,7978ae761181ede0728abb489d6c7b28755901e1065a2e3fded950d0eee8c20c,me5418-scenes-v1-0198,tight_layout,formal-g024,True,,,,,1.0,9.975120982451903e-05,6.144888062259877e-05,9.975120982451903e-05,0.012159638334687986,0.01975587076975681,0,0,0.1522992822914899,0.26384908682222646,0.0,0.0,0.31249999999999994,1.0,0.0,0.0,0.1391438848582939,0,0,0,118,0,0,961,0,0,0,0,0,0,0.00033154193693007983,0.0006035597767853081,0.0008040935333913997,0.04332227799750399,0.08281755600182805,0.12705376799567603,0.9902183699887246
PPO_best_551901,primary,551901,best,7978ae761181ede0728abb489d6c7b28755901e1065a2e3fded950d0eee8c20c,me5418-scenes-v1-0207,near_link,formal-g033,True,,,,,1.0,7.91559907266691e-05,5.747902946779597e-05,3.658770873989842e-05,0.021294482433320508,0.0197305128301321,0,0,1.0961806370065812,0.27801562260160917,0.0,0.0,0.27083333333333326,1.0,0.0,0.0,0.12016197369954346,0,0,0,70,0,0,961,0,0,0,0,0,0,0.0003137529111730449,0.000575043145863674,0.0007532647805116237,0.042967768997186795,0.0811891940102214,0.12510541200754233,0.9385593210026855
PPO_best_551901,primary,551901,best,7978ae761181ede0728abb489d6c7b28755901e1065a2e3fded950d0eee8c20c,me5418-scenes-v1-0214,far,formal-g040,True,,,,,1.0,7.27217607995302e-05,4.290328877540436e-05,7.27217607995302e-05,,0.01967380515510085,961,0,0.12424651898950681,0.2604464165826067,0.0,0.0,0.7142857142857143,1.0,0.0,0.0,0.15770848075903596,0,0,0,0,0,0,961,0,0,0,0,0,0,0.00027172092222826905,0.0005638323023352616,0.0006411346833677575,0.04409577698970679,0.07490047000464983,0.11984645000484306,0.8224046620016452
PPO_best_551901,primary,551901,best,7978ae761181ede0728abb489d6c7b28755901e1065a2e3fded950d0eee8c20c,me5418-scenes-v1-0218,tight_layout,formal-g044,True,,,,,1.0,6.499068150413534e-05,5.23595529920073e-05,3.273411978751723e-05,0.023692561522580577,0.019589752559075385,0,0,0.17309465055951556,0.28483740308065414,0.0,0.0,0.5357142857142857,1.0,0.0,0.0,0.15794706305134154,0,0,0,44,0,0,961,0,0,0,0,0,0,0.00035262372951668414,0.0005891232614279337,0.0007942517622571662,0.043732129997806624,0.08349827899655793,0.12810244399588555,0.9796897560008802
PPO_best_551901,primary,551901,best,7978ae761181ede0728abb489d6c7b28755901e1065a2e3fded950d0eee8c20c,me5418-scenes-v1-0225,near_link,formal-g051,True,,,,,1.0,7.3406509954249e-05,6.123159754400037e-05,5.676219444950741e-05,0.012881021317325936,0.019539512729668106,0,0,0.21228048617201822,0.2933788711053062,0.0,0.0,0.27455357142857134,1.0,0.0,0.0,0.12906725145460637,0,0,0,69,0,0,961,0,0,0,0,0,0,0.0003264009067152074,0.0005866414953743515,0.0007842119424518993,0.04344720199878793,0.08278209800482728,0.1271685819956474,0.9706485759961652
PPO_best_551901,primary,551901,best,7978ae761181ede0728abb489d6c7b28755901e1065a2e3fded950d0eee8c20c,me5418-scenes-v1-0235,near_link,formal-g003,True,,,,,1.0,6.8504494735609e-05,6.0149534737779314e-05,4.481835530922013e-05,0.04572011190902536,0.019721345068426883,0,0,0.8202957003818305,0.26309746560144565,0.0,0.0,0.1979166666666666,1.0,0.0,0.0,0.10526925854303824,0,0,0,0,0,0,961,0,0,0,0,0,0,0.0003231044480192698,0.0005847650519475186,0.0007592488531524092,0.043448995988001116,0.08110627600399312,0.12543255600030534,0.9476804529986111
PPO_best_551901,primary,551901,best,7978ae761181ede0728abb489d6c7b28755901e1065a2e3fded950d0eee8c20c,me5418-scenes-v1-0242,far,formal-g010,True,,,,,1.0,6.969801260041897e-05,4.3703979185217885e-05,6.969801260041897e-05,,0.019549006741328895,961,0,0.12709386409631793,0.2754044938476668,0.0,0.0,0.7142857142857143,1.0,0.0,0.0,0.15428754213443469,0,0,0,0,0,0,961,0,0,0,0,0,0,0.00026795088494206237,0.0005637120897669471,0.0006402891185492384,0.04452799100545235,0.0761681900039548,0.12151965399971232,0.8214138799958164
PPO_best_551901,primary,551901,best,7978ae761181ede0728abb489d6c7b28755901e1065a2e3fded950d0eee8c20c,me5418-scenes-v1-0245,near_link,formal-g013,True,,,,,1.0,7.923868132613947e-05,6.063819403748812e-05,7.797488200010493e-05,0.01970791833917042,0.01955618778126899,0,0,0.20551779779216203,0.2667358983540397,0.0,0.0,0.15029761904761899,1.0,0.0,0.0,0.10826688952256519,0,0,0,69,0,0,961,0,0,0,0,0,0,0.000313724645820912,0.0005845346831089652,0.0007580974731051052,0.044988068999373354,0.08093725600338075,0.12687534700671677,0.9456949610030279
PPO_best_551901,primary,551901,best,7978ae761181ede0728abb489d6c7b28755901e1065a2e3fded950d0eee8c20c,me5418-scenes-v1-0247,far,formal-g015,True,,,,,1.0,8.018429766215702e-05,3.94463555226828e-05,8.018429766215702e-05,,0.016799513960960945,961,0,0.14610915654529008,0.2777942735072104,0.0,0.0,0.7142857142857143,1.0,0.0,0.0,0.15565089950493224,0,0,0,0,0,0,961,0,0,0,0,0,0,0.0002693698386337928,0.000559228789794967,0.0006360412019754828,0.04467412599478848,0.07585316500626504,0.12141319298825692,0.8197117030067602
PPO_best_551901,primary,551901,best,7978ae761181ede0728abb489d6c7b28755901e1065a2e3fded950d0eee8c20c,me5418-scenes-v1-0253,near_link,formal-g021,True,,,,,1.0,3.654169875377385e-05,2.250452529871252e-05,3.6510283736432015e-05,0.012443191842040624,0.019606110682370385,0,0,0.2215529722759707,0.25778603387884547,0.0,0.0,0.337797619047619,1.0,0.0,0.0,0.14982098257875934,0,0,0,196,0,0,961,0,0,0,0,0,0,0.0002998987505028102,0.0005788158013425951,0.0007040018818012565,0.043460166998556815,0.07962489000055939,0.12396103900391608,0.8908773919974919
PPO_best_551901,primary,551901,best,7978ae761181ede0728abb489d6c7b28755901e1065a2e3fded950d0eee8c20c,me5418-scenes-v1-0256,tight_layout,formal-g024,True,,,,,1.0,8.530077479514613e-05,7.047679895263156e-05,8.530077479514613e-05,0.0458358542639226,0.019674206275565445,0,0,0.17655945830044764,0.2821189621965761,0.0,0.0,0.24107142857142852,1.0,0.0,0.0,0.11996676376383263,0,0,0,0,0,0,961,0,0,0,0,0,0,0.0003201492556096734,0.0005934290208794361,0.0007790080113409204,0.04384371999185532,0.08438120198843535,0.12927927100099623,0.9681001469871262
PPO_best_551901,primary,551901,best,7978ae761181ede0728abb489d6c7b28755901e1065a2e3fded950d0eee8c20c,me5418-scenes-v1-0260,near_link,formal-g028,True,,,,,1.0,0.00010427389212947103,7.230148585588547e-05,0.00010427389212947103,0.02371862642923374,0.019938506041236516,0,0,0.13336538119894498,0.27801260755248,0.0,0.0,0.2819940476190475,1.0,0.0,0.0,0.1375208971112789,0,0,0,55,0,0,961,0,0,0,0,0,0,0.0003230458747414862,0.0005956429093506207,0.0007921355948686445,0.0435645929974271,0.08307927600981202,0.12753032200271264,0.9787331420084229
PPO_best_551901,primary,551901,best,7978ae761181ede0728abb489d6c7b28755901e1065a2e3fded950d0eee8c20c,me5418-scenes-v1-0272,far,formal-g040,True,,,,,1.0,7.783450138515936e-05,4.794157107291886e-05,7.783450138515936e-05,,0.019584675046091037,961,0,0.12421330977952573,0.2593691549627117,0.0,0.0,0.7142857142857143,1.0,0.0,0.0,0.15862294048946793,0,0,0,0,0,0,961,0,0,0,0,0,0,0.0002566648284603919,0.0005620182957651802,0.0006358837968946318,0.043716237996704876,0.0746584900043672,0.1192003059986746,0.8167776960035553
PPO_best_551901,primary,551901,best,7978ae761181ede0728abb489d6c7b28755901e1065a2e3fded950d0eee8c20c,me5418-scenes-v1-0276,tight_layout,formal-g044,True,,,,,1.0,6.458925200526186e-05,4.907884750854682e-05,1.0143347394604114e-05,0.024390204752604686,0.01958912888529113,0,0,0.1408211511170377,0.2945915471029914,0.0,0.0,0.5014880952380951,1.0,0.0,0.0,0.1607483053668624,0,0,0,31,0,0,961,0,0,0,0,0,0,0.00033906835975964594,0.0005847007004679956,0.0007754065366801418,0.04390564600180369,0.08349134300078731,0.12832586099102627,0.9624730109935626
PPO_best_551901,primary,551901,best,7978ae761181ede0728abb489d6c7b28755901e1065a2e3fded950d0eee8c20c,me5418-scenes-v1-0283,near_link,formal-g051,True,,,,,1.0,9.898411352480867e-05,7.84772959310371e-05,9.885787477782856e-05,0.013366001930808696,0.019612514078653873,0,0,0.9754313718227655,0.2690174071243178,0.0,0.0,0.14285714285714282,1.0,0.0,0.0,0.10656062976999064,0,0,0,122,0,0,961,0,0,0,0,0,0,0.00030986042179392825,0.0005839898342856031,0.000759618847754003,0.045256113007781096,0.08234401799563784,0.12854259999585338,0.9497607259982033
PPO_best_551901,primary,551901,best,7978ae761181ede0728abb489d6c7b28755901e1065a2e3fded950d0eee8c20c,me5418-scenes-v1-0285,near_link,formal-g053,True,,,,,1.0,7.887894512993722e-05,6.807104753699126e-05,7.6752894516084e-05,0.02516257356337573,0.01997325073936116,0,0,0.1471302730294636,0.28733757385440906,0.0,0.0,0.32142857142857134,1.0,0.0,0.0,0.11910572553862861,0,0,0,679,0,0,961,0,0,0,0,0,0,0.00031808453597174474,0.0005921880332304378,0.0007775296739055193,0.04327274199749809,0.08314089100167621,0.1272918699978618,0.9651434510014951
PPO_best_551901,primary,551901,best,7978ae761181ede0728abb489d6c7b28755901e1065a2e3fded950d0eee8c20c,me5418-scenes-v1-0289,tight_layout,formal-g057,True,,,,,1.0,3.5992837181265085e-05,2.2207026021490683e-05,1.538565048282443e-05,0.003536615303070534,0.019563783000708226,0,0,0.5330249943202022,0.2754212628996616,0.0,0.0,0.45684523809523814,1.0,0.0,0.0,0.15867616720497607,0,0,0,181,0,0,961,0,0,0,0,0,0,0.000301783927852739,0.0005747734183538948,0.000729916187553196,0.04387656999460887,0.08476372199947946,0.12956093899265397,0.9187768300034804
PPO_best_551901,primary,551901,best,7978ae761181ede0728abb489d6c7b28755901e1065a2e3fded950d0eee8c20c,me5418-scenes-v1-0293,near_link,formal-g003,True,,,,,1.0,7.240609096449441e-05,5.4292851430275894e-05,2.840549249463296e-05,0.035834384540691294,0.019731580765267175,0,0,1.3484036444491745,0.2594320495851405,0.0,0.0,0.27083333333333326,1.0,0.0,0.0,0.11669575118465303,0,0,0,0,0,0,961,0,0,0,0,0,0,0.0003226471565843288,0.0005822980175556343,0.0007597460132122553,0.04421803500736132,0.08117675500398036,0.12630114899366163,0.9480264239973621
PPO_best_551901,primary,551901,best,7978ae761181ede0728abb489d6c7b28755901e1065a2e3fded950d0eee8c20c,me5418-scenes-v1-0300,far,formal-g010,True,,,,,1.0,7.262740926290664e-05,4.3710672676560965e-05,7.262740926290664e-05,,0.019322975760992886,961,0,0.12252592557374938,0.2690894996677904,0.0,0.0,0.7142857142857143,1.0,0.0,0.0,0.1559434235683598,0,0,0,0,0,0,961,0,0,0,0,0,0,0.0002542691879625636,0.0005607910592213254,0.0006343674958770862,0.04436533199623227,0.07535111499601044,0.12061695600277744,0.8159611180017237
PPO_best_551901,primary,551901,best,7978ae761181ede0728abb489d6c7b28755901e1065a2e3fded950d0eee8c20c,me5418-scenes-v1-0303,near_link,formal-g013,True,,,,,1.0,6.283399884799902e-05,5.4149745271973224e-05,5.065924187225086e-05,0.016915773199234152,0.019481530325137025,0,0,0.7187528749118902,0.2263976411874728,0.0,0.0,0.17485119047619044,1.0,0.0,0.0,0.11039681721498103,0,0,0,752,0,0,961,0,0,0,0,0,0,0.00030506780224944424,0.0005853076658392334,0.0007417570237673014,0.04519692099711392,0.07985806700889952,0.12595214000612032,0.9293112930026837
PPO_best_551901,primary,551901,best,7978ae761181ede0728abb489d6c7b28755901e1065a2e3fded950d0eee8c20c,me5418-scenes-v1-0305,far,formal-g015,True,,,,,1.0,7.52852177361593e-05,3.831285969299408e-05,7.52852177361593e-05,,0.018010177520852676,961,0,0.13102600498454428,0.2707857034336535,0.0,0.0,0.7142857142857143,1.0,0.0,0.0,0.1563343878297712,0,0,0,0,0,0,961,0,0,0,0,0,0,0.00025696133858825004,0.0005589667603241347,0.000632946539387073,0.04368001899274532,0.07524079699942376,0.11978119899868034,0.8145946450094925
PPO_best_551901,primary,551901,best,7978ae761181ede0728abb489d6c7b28755901e1065a2e3fded950d0eee8c20c,me5418-scenes-v1-0311,near_link,formal-g021,True,,,,,1.0,4.0492671225937474e-05,2.243630177482459e-05,4.0445259118458884e-05,0.0474224588032051,0.019134892804792775,0,0,0.23305326039555735,0.2581787961836984,0.0,0.0,0.39955357142857134,1.0,0.0,0.0,0.15502888042215743,0,0,0,0,0,0,961,0,0,0,0,0,0,0.0003034741719905772,0.0005834774770998289,0.0007107354834715807,0.04274927399819717,0.07946106699819211,0.12306394099141471,0.8964316409983439
PPO_best_551901,primary,551901,best,7978ae761181ede0728abb489d6c7b28755901e1065a2e3fded950d0eee8c20c,me5418-scenes-v1-0314,tight_layout,formal-g024,True,,,,,1.0,6.314179186868705e-05,5.2892373389927966e-05,5.590823627007325e-05,0.041742737205152064,0.019543866344124076,0,0,0.23147254535838743,0.2876380259024108,0.0,0.0,0.3430059523809523,1.0,0.0,0.0,0.142019871855709,0,0,0,0,0,0,961,0,0,0,0,0,0,0.00033541807276075514,0.0005980777845100723,0.0007984847117010456,0.044360642990795895,0.08291173599718604,0.12815688800765201,0.9855635580024682
PPO_best_551901,primary,551901,best,7978ae761181ede0728abb489d6c7b28755901e1065a2e3fded950d0eee8c20c,me5418-scenes-v1-0316,near_link,formal-g026,True,,,,,1.0,4.636388072517122e-05,2.94846250020089e-05,2.2185582213860505e-05,0.03421877065869988,0.019573880815094757,0,0,0.35884519677054955,0.300616811507822,0.0,0.0,0.5267857142857142,1.0,0.0,0.0,0.16482507127026716,0,0,0,0,0,0,961,0,0,0,0,0,0,0.0003558814531364381,0.0005903285939287647,0.0007627604814691343,0.04279993899399415,0.08156110798881855,0.12521984698832966,0.9467971740086796
PPO_best_551901,primary,551901,best,7978ae761181ede0728abb489d6c7b28755901e1065a2e3fded950d0eee8c20c,me5418-scenes-v1-0323,near_link,formal-g033,False,external_collision_band,related_collision:obstacle,tracking,0.46249999999999997,0.11562499999999999,6.279733527752775e-05,4.360944519053345e-05,,6.320398500417324e-05,0.02014398811405902,0,0,0.4000747829427532,0.17936386538100876,0.0,0.0,0.14285714285714282,1.0,0.0,0.0,0.09418922356844689,0,1,0,112,0,0,112,0,0,0,0,0,0,0.0003059336956104507,0.0005647600631057578,0.0007201473689837348,0.043412824990809895,0.07942501800425816,0.12371227299445309,0.2227359630051069
PPO_best_551901,primary,551901,best,7978ae761181ede0728abb489d6c7b28755901e1065a2e3fded950d0eee8c20c,me5418-scenes-v1-0330,far,formal-g040,True,,,,,1.0,7.516914067718789e-05,4.372823965788223e-05,7.516914067718789e-05,,0.01964252410886745,961,0,0.12305175912357108,0.25968484724242696,0.0,0.0,0.7142857142857143,1.0,0.0,0.0,0.15861557863564008,0,0,0,0,0,0,961,0,0,0,0,0,0,0.00026687457837700396,0.0005588089124254717,0.0006349525824286199,0.044263518997468054,0.07458431700069923,0.11970083499909379,0.8162504459905904
PPO_best_551901,primary,551901,best,7978ae761181ede0728abb489d6c7b28755901e1065a2e3fded950d0eee8c20c,me5418-scenes-v1-0341,near_link,formal-g051,True,,,,,1.0,5.581085340479232e-05,4.771173565746969e-05,3.673157088399726e-05,0.037786378854931496,0.01969672681819651,0,0,1.2451698552610047,0.25190052933828183,0.0,0.0,0.23214285714285707,1.0,0.0,0.0,0.11083870072782573,0,0,0,0,0,0,961,0,0,0,0,0,0,0.0003209229322843991,0.000582236171809806,0.0007543542542104357,0.04412306399899535,0.08023776100890245,0.12522380299924407,0.9406204039987642
PPO_best_551901,primary,551901,best,7978ae761181ede0728abb489d6c7b28755901e1065a2e3fded950d0eee8c20c,me5418-scenes-v1-0344,tight_layout,formal-g054,True,,,,,1.0,8.019403939163443e-05,6.398657139758797e-05,2.85092653199579e-05,0.025737794037442502,0.019629242674273163,0,0,0.17426336192696457,0.2628820847634179,0.0,0.0,0.42485119047619047,1.0,0.0,0.0,0.15375157637920764,0,0,0,38,0,0,961,0,0,0,0,0,0,0.00032199296939931327,0.0005819174093176116,0.0007789753822938413,0.04441473400220275,0.0824586399976397,0.12777439499041066,0.9643463779939339
PPO_best_551901,primary,551901,best,7978ae761181ede0728abb489d6c7b28755901e1065a2e3fded950d0eee8c20c,me5418-scenes-v1-0351,near_link,formal-g003,True,,,,,1.0,8.94893649640235e-05,6.945293484885719e-05,3.7367111667887444e-05,0.022277162642347623,0.019696990020496907,0,0,1.468628895943506,0.25145619646944917,0.0,0.0,0.21130952380952372,1.0,0.0,0.0,0.10920669102590527,0,0,0,163,0,0,961,0,0,0,0,0,0,0.000337988292206622,0.0005768979083313752,0.000748809932262399,0.0445156140049221,0.08028538100188598,0.12571271500200965,0.9354923439968843
PPO_best_551901,primary,551901,best,7978ae761181ede0728abb489d6c7b28755901e1065a2e3fded950d0eee8c20c,me5418-scenes-v1-0357,tight_layout,formal-g009,True,,,,,1.0,7.642403579582533e-05,3.7472033591507095e-05,7.642403579582533e-05,0.0030027841526193977,0.011727389022904738,0,0,0.08068244906285203,0.2676366918977091,0.0,0.0,0.8437499999999999,1.0,0.0,0.0,0.1874227617379455,0,0,0,115,0,0,961,0,0,0,0,0,0,0.0003068950832888125,0.000581900689773344,0.0007226449626462757,0.043069195991847664,0.07971358200302348,0.12364383200474549,0.9056318020011531
PPO_best_551901,primary,551901,best,7978ae761181ede0728abb489d6c7b28755901e1065a2e3fded950d0eee8c20c,me5418-scenes-v1-0358,far,formal-g010,True,,,,,1.0,7.172902132618517e-05,4.2273968971182764e-05,7.172902132618517e-05,,0.019407029140315418,961,0,0.1196736798345375,0.26491741595663376,0.0,0.0,0.7142857142857143,1.0,0.0,0.0,0.15649330469646625,0,0,0,0,0,0,961,0,0,0,0,0,0,0.00026719312412145274,0.0005609847852914147,0.0006372738074636193,0.0435195659956662,0.07500532999983989,0.11936225400131661,0.8180544829956489
PPO_best_551901,primary,551901,best,7978ae761181ede0728abb489d6c7b28755901e1065a2e3fded950d0eee8c20c,me5418-scenes-v1-0361,near_link,formal-g013,True,,,,,1.0,5.330735935262664e-05,4.47425325558991e-05,3.9703476745523344e-05,0.03926599325251269,0.019489259539018013,0,0,0.5756225286943548,0.26256991734194846,0.0,0.0,0.14434523809523805,1.0,0.0,0.0,0.11428859191551706,0,0,0,0,0,0,961,0,0,0,0,0,0,0.0003032412960237707,0.0005839671928849081,0.0007341146335268907,0.04384537000441924,0.08102450400474481,0.12571648100856692,0.9219776499958243
PPO_best_551901,primary,551901,best,7978ae761181ede0728abb489d6c7b28755901e1065a2e3fded950d0eee8c20c,me5418-scenes-v1-0363,far,formal-g015,True,,,,,1.0,6.514831319396404e-05,3.479700696675214e-05,6.277294661948396e-05,,0.018042040814892267,961,0,0.13368023326817385,0.27647630364123815,0.0,0.0,0.7142857142857143,1.0,0.0,0.0,0.1559836520979713,0,0,0,0,0,0,961,0,0,0,0,0,0,0.00025777409420394787,0.0005561568927078042,0.0006304046105318169,0.04401722300099209,0.07567580399336293,0.12060141099209432,0.8117875559983077
PPO_best_551901,primary,551901,best,7978ae761181ede0728abb489d6c7b28755901e1065a2e3fded950d0eee8c20c,me5418-scenes-v1-0369,near_link,formal-g021,True,,,,,1.0,4.2633828367801284e-05,2.4501235187191863e-05,4.2633828367801284e-05,0.033079626536892615,0.018727459657284208,0,0,0.2500251505346192,0.25831153952446867,0.0,0.0,0.4449404761904761,1.0,0.0,0.0,0.16258752199632692,0,0,0,0,0,0,961,0,0,0,0,0,0,0.00029594243225498457,0.0005823765406603343,0.0007069736472203658,0.043139858011272736,0.07953688698762562,0.12354439200134948,0.8931138059997465
PPO_best_551901,primary,551901,best,7978ae761181ede0728abb489d6c7b28755901e1065a2e3fded950d0eee8c20c,me5418-scenes-v1-0372,tight_layout,formal-g024,True,,,,,1.0,6.185651611150607e-05,4.8196288034932234e-05,5.171761872560783e-05,0.04015797018068454,0.019626376604638764,0,0,0.5364667394448588,0.2621513453404121,0.0,0.0,0.2938988095238095,1.0,0.0,0.0,0.12388561648071378,0,0,0,0,0,0,961,0,0,0,0,0,0,0.00033418115064402326,0.0006004014958458962,0.0007884032063429913,0.04481725298683159,0.08212383699719794,0.12782458600122482,0.9758327309973538
PPO_best_551901,primary,551901,best,7978ae761181ede0728abb489d6c7b28755901e1065a2e3fded950d0eee8c20c,me5418-scenes-v1-0381,near_link,formal-g033,True,,,,,1.0,8.13330581163482e-05,5.895913405027765e-05,4.0291730360668636e-05,0.015364058790783952,0.019747986071995113,0,0,0.9117585890979808,0.2561718415841108,0.0,0.0,0.24107142857142852,1.0,0.0,0.0,0.09668010670949505,0,0,0,488,0,0,961,0,0,0,0,0,0,0.00030748941609696584,0.0005745351341526354,0.000733699829015677,0.04324427500250749,0.07911057300225366,0.12321893799526151,0.9182776679954259
PPO_best_551901,primary,551901,best,7978ae761181ede0728abb489d6c7b28755901e1065a2e3fded950d0eee8c20c,me5418-scenes-v1-0388,far,formal-g040,True,,,,,1.0,7.202619660655935e-05,4.353273467744223e-05,7.202619660655935e-05,,0.019532432090361714,961,0,0.12342102885735724,0.26205720071780797,0.0,0.0,0.7142857142857143,1.0,0.0,0.0,0.15633927542172993,0,0,0,0,0,0,961,0,0,0,0,0,0,0.000259782718179243,0.0005584774792623648,0.0006334426959407817,0.0441505339986179,0.07473255399963818,0.11974501400254667,0.8142089230095735
PPO_best_551901,primary,551901,best,7978ae761181ede0728abb489d6c7b28755901e1065a2e3fded950d0eee8c20c,me5418-scenes-v1-0399,near_link,formal-g051,True,,,,,1.0,8.687172945362544e-05,7.037103427972955e-05,8.687172945362544e-05,0.0434670203423725,0.01945787375624116,0,0,0.891331592983792,0.23051013466418874,0.0,0.0,0.14285714285714282,1.0,0.0,0.0,0.10793328613459988,0,0,0,0,0,0,961,0,0,0,0,0,0,0.000324201676676239,0.0005887870781407401,0.0007504275613882782,0.044585734998690896,0.0807966129941633,0.12634393200278282,0.9389875380002195
PPO_best_551901,primary,551901,best,7978ae761181ede0728abb489d6c7b28755901e1065a2e3fded950d0eee8c20c,me5418-scenes-v1-0409,near_link,formal-g003,True,,,,,1.0,5.8774304814906236e-05,4.31683380956235e-05,3.822973105832078e-05,0.03104021043639589,0.019554518965333605,0,0,0.23441371908914066,0.27211011403149377,0.0,0.0,0.3117559523809523,1.0,0.0,0.0,0.14329145450998718,0,0,0,0,0,0,961,0,0,0,0,0,0,0.0003378143488437975,0.0005906863739558806,0.0007906384417007454,0.044428588997107,0.08173522299330216,0.12705954200646374,0.9769846810086165
PPO_best_551901,primary,551901,best,7978ae761181ede0728abb489d6c7b28755901e1065a2e3fded950d0eee8c20c,me5418-scenes-v1-0415,tight_layout,formal-g009,True,,,,,1.0,7.167133987088794e-05,4.2578634627318475e-05,7.167133987088794e-05,0.019168544850035843,0.0061487321462942186,0,0,0.19166067178135798,0.28952984390397013,0.0,0.0,0.8125,1.0,0.0,0.0,0.18821957111358642,0,0,0,38,0,0,961,0,0,0,0,0,0,0.0002964821037494403,0.0005788868988323277,0.0007161887100513316,0.04327128500153776,0.07966011900862213,0.12377264100359753,0.8978925809933571
PPO_best_551901,primary,551901,best,7978ae761181ede0728abb489d6c7b28755901e1065a2e3fded950d0eee8c20c,me5418-scenes-v1-0416,far,formal-g010,True,,,,,1.0,6.923898144700308e-05,4.4246761006947586e-05,6.923898144700308e-05,,0.019533199736522358,961,0,0.12527953781757573,0.28067982593434704,0.0,0.0,0.7142857142857143,1.0,0.0,0.0,0.15438643047375425,0,0,0,0,0,0,961,0,0,0,0,0,0,0.00026432951077974093,0.0006664165685227393,0.0007422690894145489,0.044023794995155185,0.07512221799697727,0.1200719389889855,0.9193120830022963
PPO_best_551901,primary,551901,best,7978ae761181ede0728abb489d6c7b28755901e1065a2e3fded950d0eee8c20c,me5418-scenes-v1-0419,near_link,formal-g013,True,,,,,1.0,0.00010776822941467,7.367556792974056e-05,0.00010776822941467,0.04815674961120697,0.01944396345387113,0,0,1.0049282865898843,0.2500036172075982,0.0,0.0,0.15848214285714282,1.0,0.0,0.0,0.11581492242957687,0,0,0,0,0,0,961,0,0,0,0,0,0,0.0003126695253286016,0.0005880578021333349,0.0007427835570979369,0.04428619900136255,0.08135269999911543,0.12659283899120055,0.931848006992368
PPO_best_551901,primary,551901,best,7978ae761181ede0728abb489d6c7b28755901e1065a2e3fded950d0eee8c20c,me5418-scenes-v1-0421,far,formal-g015,True,,,,,1.0,7.115424710440596e-05,3.902845208153453e-05,7.115424710440596e-05,,0.017382312447611632,961,0,0.1374946074151966,0.2695307793426737,0.0,0.0,0.7142857142857143,1.0,0.0,0.0,0.15631432601727457,0,0,0,0,0,0,961,0,0,0,0,0,0,0.0002680411926121451,0.000563906912445115,0.0006404863844030236,0.044258145993808284,0.07675277299131267,0.1219098449946614,0.8234945510048419
PPO_best_551901,primary,551901,best,7978ae761181ede0728abb489d6c7b28755901e1065a2e3fded950d0eee8c20c,me5418-scenes-v1-0427,near_link,formal-g021,True,,,,,1.0,6.63369800685297e-05,3.381905086368916e-05,6.63369800685297e-05,0.021048292559040893,0.017510907974808823,0,0,0.39537872998478396,0.2587484307101219,0.0,0.0,0.6994047619047619,1.0,0.0,0.0,0.1900782879530674,0,0,0,58,0,0,961,0,0,0,0,0,0,0.0002902382598980087,0.0005805906583039662,0.0007057664312166404,0.042865750001510605,0.07958393399894703,0.12332163799146656,0.8907396769936895
PPO_best_551901,primary,551901,best,7978ae761181ede0728abb489d6c7b28755901e1065a2e3fded950d0eee8c20c,me5418-scenes-v1-0430,tight_layout,formal-g024,True,,,,,1.0,9.020791654801916e-05,6.816609981464084e-05,9.020791654801916e-05,0.03384258290436748,0.019607250354506466,0,0,0.15619688727781944,0.288077561526596,0.0,0.0,0.3184523809523809,1.0,0.0,0.0,0.12928993899896296,0,0,0,0,0,0,961,0,0,0,0,0,0,0.00033031721924695984,0.0006011436437347584,0.0008008211154901801,0.04396835999796167,0.08277351899596397,0.1276621450087987,0.9878891510015819
PPO_best_551901,primary,551901,best,7978ae761181ede0728abb489d6c7b28755901e1065a2e3fded950d0eee8c20c,me5418-scenes-v1-0446,far,formal-g040,True,,,,,1.0,7.759202161227436e-05,4.958179470820344e-05,7.759202161227436e-05,,0.01963768055109097,961,0,0.12520382589593285,0.2595896297605027,0.0,0.0,0.7142857142857143,1.0,0.0,0.0,0.1578091593331746,0,0,0,0,0,0,961,0,0,0,0,0,0,0.00026426389596660255,0.0005649791009242714,0.0006408641580492258,0.04387228800624143,0.07468055399658624,0.11942449500202201,0.8215151190088363
PPO_best_551901,primary,551901,best,7978ae761181ede0728abb489d6c7b28755901e1065a2e3fded950d0eee8c20c,me5418-scenes-v1-0457,near_link,formal-g051,True,,,,,1.0,7.826932229249311e-05,6.499439158724488e-05,7.331011691622251e-05,0.021094187272411496,0.0197292561919584,0,0,0.19273134043273324,0.28959698516215704,0.0,0.0,0.26562499999999994,1.0,0.0,0.0,0.12400139152693253,0,0,0,47,0,0,961,0,0,0,0,0,0,0.0003383085210468077,0.0005911142082974645,0.0007928063685691693,0.04492125700926408,0.08508948699454777,0.1308991209953092,0.9826135119947139
PPO_best_551901,primary,551901,best,7978ae761181ede0728abb489d6c7b28755901e1065a2e3fded950d0eee8c20c,me5418-scenes-v1-0460,tight_layout,formal-g054,True,,,,,1.0,7.271252672195341e-05,6.447117045844142e-05,5.82675384157246e-05,0.03413149079229788,0.019600607116266495,0,0,0.16803921125058252,0.2512197664036517,0.0,0.0,0.3757440476190475,1.0,0.0,0.0,0.15146796769196436,0,0,0,0,0,0,961,0,0,0,0,0,0,0.0003301016612719347,0.0005903135071851769,0.0007887560231817285,0.04527971299830824,0.08320538300904445,0.12936805200297385,0.9758898250001948
PPO_best_551901,primary,551901,best,7978ae761181ede0728abb489d6c7b28755901e1065a2e3fded950d0eee8c20c,me5418-scenes-v1-0467,near_link,formal-g003,True,,,,,1.0,6.977712649985503e-05,5.3696045275460006e-05,3.425379077675514e-05,0.04017114411398248,0.019538763638043077,0,0,0.601260034320137,0.27889669174198506,0.0,0.0,0.22321428571428567,1.0,0.0,0.0,0.13334144158732325,0,0,0,0,0,0,961,0,0,0,0,0,0,0.00032164273973952123,0.0005853689761503726,0.0007767981236459794,0.04402766999555752,0.08249827899271622,0.12745308899320662,0.9631642960011959
PPO_best_551901,primary,551901,best,7978ae761181ede0728abb489d6c7b28755901e1065a2e3fded950d0eee8c20c,me5418-scenes-v1-0473,tight_layout,formal-g009,True,,,,,1.0,8.19009354695343e-05,4.924836601874416e-05,8.19009354695343e-05,0.02435468800196927,0.0019971773689642005,0,0,0.1093180071776946,0.3127107608567735,0.0,0.0,0.8028273809523809,1.0,0.0,0.0,0.19603261394160126,0,0,0,18,0,0,961,0,0,0,0,0,0,0.00030368076014989737,0.0005846491493533297,0.0007188227277310944,0.04347191199485678,0.0796626999945147,0.1240537070116261,0.9017293369979598
PPO_best_551901,primary,551901,best,7978ae761181ede0728abb489d6c7b28755901e1065a2e3fded950d0eee8c20c,me5418-scenes-v1-0474,far,formal-g010,True,,,,,1.0,7.139159072771792e-05,4.838466955021869e-05,7.139159072771792e-05,,0.019631654713529477,961,0,0.1242974550975266,0.27022712117486924,0.0,0.0,0.7142857142857143,1.0,0.0,0.0,0.1549006375972004,0,0,0,0,0,0,961,0,0,0,0,0,0,0.00026825674945030187,0.0005660319665366842,0.000642791285660375,0.044949889997951686,0.07514309500402305,0.12101195899595041,0.8252415539900539
PPO_best_551901,primary,551901,best,7978ae761181ede0728abb489d6c7b28755901e1065a2e3fded950d0eee8c20c,me5418-scenes-v1-0477,near_link,formal-g013,True,,,,,1.0,7.391068227554321e-05,6.117965015805142e-05,5.0090221326814606e-05,0.036997739398072216,0.019738714050136955,0,0,6.621537526632518,0.24459527321898802,0.0,0.0,0.14285714285714282,1.0,0.0,0.0,0.1155722710492444,0,0,0,0,0,0,961,0,0,0,0,0,0,0.0003088267545384345,0.0005803890653775549,0.0007420232743091522,0.04487550001067575,0.07927349499368574,0.12501270399661735,0.928776670989464
PPO_best_551901,primary,551901,best,7978ae761181ede0728abb489d6c7b28755901e1065a2e3fded950d0eee8c20c,me5418-scenes-v1-0479,far,formal-g015,True,,,,,1.0,6.594411233356812e-05,3.812545973048417e-05,6.594411233356812e-05,,0.01745977962096055,961,0,0.137723851736539,0.27806256893292114,0.0,0.0,0.7142857142857143,1.0,0.0,0.0,0.15579888889222362,0,0,0,0,0,0,961,0,0,0,0,0,0,0.0002556770724974437,0.0005572696375717594,0.0006313186823263095,0.04349339198961388,0.07514551900385413,0.1194721420033602,0.8120083560061175
PPO_best_551901,primary,551901,best,7978ae761181ede0728abb489d6c7b28755901e1065a2e3fded950d0eee8c20c,me5418-scenes-v1-0485,near_link,formal-g021,True,,,,,1.0,6.479622072422653e-05,3.218761181966922e-05,6.479622072422653e-05,0.025636979938305868,0.018932589933436286,0,0,0.29346928838701974,0.2583189228742655,0.0,0.0,0.581845238095238,1.0,0.0,0.0,0.17623613665235183,0,0,0,39,0,0,961,0,0,0,0,0,0,0.00029901027566362853,0.0005845175813192327,0.0007065990770115605,0.04472501498821657,0.07758750500215683,0.12324622100277338,0.8911620620056055
PPO_best_551901,primary,551901,best,7978ae761181ede0728abb489d6c7b28755901e1065a2e3fded950d0eee8c20c,me5418-scenes-v1-0488,tight_layout,formal-g024,True,,,,,1.0,7.40656310420527e-05,5.8534622397337965e-05,7.130292941168606e-05,0.043387911572244336,0.019781701404099586,0,0,0.1958751052874539,0.28260310174743813,0.0,0.0,0.2864583333333332,1.0,0.0,0.0,0.1312756084925717,0,0,0,0,0,0,961,0,0,0,0,0,0,0.00033355318176594057,0.0005997109831848017,0.0008008630281437946,0.043719879002310336,0.08244200100307353,0.1270218629942974,0.9869824950001203
PPO_best_551901,primary,551901,best,7978ae761181ede0728abb489d6c7b28755901e1065a2e3fded950d0eee8c20c,me5418-scenes-v1-0497,near_link,formal-g033,True,,,,,1.0,7.53827947459634e-05,5.468367913749594e-05,2.880038980340314e-05,0.01609763249108216,0.019538522036761825,0,0,0.9186850146085763,0.26702858185931067,0.0,0.0,0.27901785714285704,1.0,0.0,0.0,0.10783188325596192,0,0,0,366,0,0,961,0,0,0,0,0,0,0.00030630856288856495,0.0005675606292243173,0.0007301498935248674,0.04405533200770151,0.07954111899016425,0.12445197498891503,0.9158261690026848
PPO_best_551901,primary,551901,best,7978ae761181ede0728abb489d6c7b28755901e1065a2e3fded950d0eee8c20c,me5418-scenes-v1-0504,far,formal-g040,True,,,,,1.0,7.279103213340819e-05,4.0753774860024886e-05,7.279103213340819e-05,,0.019266962317235348,961,0,0.11995853821857745,0.26134015827853585,0.0,0.0,0.7142857142857143,1.0,0.0,0.0,0.15759666797239333,0,0,0,0,0,0,961,0,0,0,0,0,0,0.00025640505737101194,0.0005591614591291242,0.0006333734084667716,0.04398887600109447,0.07551285000226926,0.12039832799928263,0.8148986460000742
PPO_best_551901,primary,551901,best,7978ae761181ede0728abb489d6c7b28755901e1065a2e3fded950d0eee8c20c,me5418-scenes-v1-0508,tight_layout,formal-g044,True,,,,,1.0,8.069588744140949e-05,7.026368963539096e-05,5.901078426003879e-05,0.0026624989762807083,0.019616253793647946,0,0,0.18151472742347016,0.2710993936884181,0.0,0.0,0.40476190476190466,1.0,0.0,0.0,0.15512061952613293,0,0,0,605,0,0,961,0,0,0,0,0,0,0.00034156869310209004,0.00059506290428241,0.0007973102376884829,0.043394295003963634,0.08504541100410279,0.1293988049874315,0.9853465689957375
PPO_best_551901,primary,551901,best,7978ae761181ede0728abb489d6c7b28755901e1065a2e3fded950d0eee8c20c,me5418-scenes-v1-0515,near_link,formal-g051,True,,,,,1.0,6.029716484906126e-05,4.720882559069164e-05,4.00160413682645e-05,0.04941017423657798,0.01954540433753544,0,0,1.2725736220523356,0.26955559531754486,0.0,0.0,0.26413690476190466,1.0,0.0,0.0,0.11808742907319573,0,0,0,0,0,0,961,0,0,0,0,0,0,0.00031752859422340407,0.000585082055431485,0.0007607505886577808,0.04362278600456193,0.08038172400847543,0.1249335619941121,0.9459887650009478
PPO_best_551901,primary,551901,best,7978ae761181ede0728abb489d6c7b28755901e1065a2e3fded950d0eee8c20c,me5418-scenes-v1-0518,tight_layout,formal-g054,True,,,,,1.0,6.40030858140903e-05,4.962974345172233e-05,3.529282693010274e-05,0.016464446670563487,0.019600147191048627,0,0,0.16337429489060462,0.24985539396292128,0.0,0.0,0.3236607142857142,1.0,0.0,0.0,0.14624982179098187,0,0,0,144,0,0,961,0,0,0,0,0,0,0.00032686944746274094,0.0005889576356973218,0.0007870219636212521,0.043263968007522635,0.08233464800287038,0.12646102299913764,0.9714343990053749
PPO_best_551901,primary,551901,best,7978ae761181ede0728abb489d6c7b28755901e1065a2e3fded950d0eee8c20c,me5418-scenes-v1-0525,near_link,formal-g003,True,,,,,1.0,6.3750985545546e-05,5.119821548648306e-05,2.4435288696041945e-05,0.04624668778392084,0.019568082111871915,0,0,1.2718797620120028,0.23748823292666357,0.0,0.0,0.2291666666666666,1.0,0.0,0.0,0.10722273435510164,0,0,0,0,0,0,961,0,0,0,0,0,0,0.00031150005816016346,0.0005790271074602061,0.0007451085051343398,0.04285502700076904,0.0793668480037013,0.12311767500068527,0.9286917499994161
PPO_best_551901,primary,551901,best,7978ae761181ede0728abb489d6c7b28755901e1065a2e3fded950d0eee8c20c,me5418-scenes-v1-0532,far,formal-g010,True,,,,,1.0,7.252868721368634e-05,4.85981572825909e-05,7.252868721368634e-05,,0.01960223364297995,961,0,0.12466022102007542,0.26660577951758824,0.0,0.0,0.7142857142857143,1.0,0.0,0.0,0.15527324609103654,0,0,0,0,0,0,961,0,0,0,0,0,0,0.00026142217696663767,0.0005630971760941368,0.0006383056729343177,0.04500387000734918,0.07502392600872554,0.12085747199307662,0.8201402270060498
PPO_best_551901,primary,551901,best,7978ae761181ede0728abb489d6c7b28755901e1065a2e3fded950d0eee8c20c,me5418-scenes-v1-0535,near_link,formal-g013,True,,,,,1.0,4.1363800773165086e-05,3.373269007798607e-05,4.0950756899252075e-05,0.03476394940960778,0.019498004837092728,0,0,0.6230873465131674,0.2726214474969686,0.0,0.0,0.27901785714285715,0.9375,0.0,0.0,0.1348612346284513,0,0,0,0,0,0,961,0,0,0,0,0,0,0.00029469665120511007,0.000577297336515888,0.0007135109179216669,0.04318199299450498,0.07870753499446437,0.12273237800400238,0.8988647310034139
PPO_best_551901,primary,551901,best,7978ae761181ede0728abb489d6c7b28755901e1065a2e3fded950d0eee8c20c,me5418-scenes-v1-0537,far,formal-g015,True,,,,,1.0,6.835876990560856e-05,3.9392462000936367e-05,6.835876990560856e-05,,0.017213530765846488,961,0,0.13866243044086085,0.2729466992796364,0.0,0.0,0.7142857142857143,1.0,0.0,0.0,0.1565120837945003,0,0,0,0,0,0,961,0,0,0,0,0,0,0.0002573739685279482,0.0005579047321589315,0.0006324150404604249,0.0448658789973706,0.07451992599817459,0.1202323119941866,0.81281588600541
PPO_best_551901,primary,551901,best,7978ae761181ede0728abb489d6c7b28755901e1065a2e3fded950d0eee8c20c,me5418-scenes-v1-0543,near_link,formal-g021,True,,,,,1.0,3.471285027995454e-05,2.4545975127410476e-05,3.314551144233907e-05,0.044043375043416086,0.01974416301555587,0,0,0.24696517466880855,0.2576518834316796,0.0,0.0,0.3095238095238095,1.0,0.0,0.0,0.1411701356669385,0,0,0,0,0,0,961,0,0,0,0,0,0,0.00029582246823641373,0.0005727096074830721,0.0006985792383905694,0.043767417009803466,0.07803514499391895,0.12269640900194645,0.8846496420010226
PPO_best_551901,primary,551901,best,7978ae761181ede0728abb489d6c7b28755901e1065a2e3fded950d0eee8c20c,me5418-scenes-v1-0546,tight_layout,formal-g024,True,,,,,1.0,0.00011308154594442374,8.404969193140086e-05,0.00011308154594442374,0.01706687538214359,0.019931877218036118,0,0,0.15004841759978757,0.28338379775023437,0.0,0.0,0.2879464285714285,1.0,0.0,0.0,0.1373739764870455,0,0,0,92,0,0,961,0,0,0,0,0,0,0.0003341734438132941,0.0005962537095607937,0.0007962908239126894,0.04531098899315111,0.08251357299741358,0.128700123008457,0.9838241190009285
PPO_best_551901,primary,551901,best,7978ae761181ede0728abb489d6c7b28755901e1065a2e3fded950d0eee8c20c,me5418-scenes-v1-0555,near_link,formal-g033,False,external_collision_band,related_collision:obstacle,tracking,0.3,0.075,5.381017955718021e-05,3.4947484436328647e-05,,6.224793796023864e-05,0.020154933643945418,0,0,0.4457276067696304,0.18147041299062566,0.0,0.0,0.14285714285714282,1.0,0.0,0.0,0.09298218059752668,0,1,0,73,0,0,73,0,0,0,0,0,0,0.00033493720014424373,0.0005802403609575575,0.0007464112770523772,0.043994706007651985,0.07937853901239578,0.12430175600457005,0.19499835900205653
PPO_best_551901,primary,551901,best,7978ae761181ede0728abb489d6c7b28755901e1065a2e3fded950d0eee8c20c,me5418-scenes-v1-0562,far,formal-g040,True,,,,,1.0,7.15326831604646e-05,3.85498359148261e-05,7.15326831604646e-05,,0.01942266006599326,961,0,0.12235568950189048,0.2613573320729812,0.0,0.0,0.7142857142857143,1.0,0.0,0.0,0.15744004647546847,0,0,0,0,0,0,961,0,0,0,0,0,0,0.000258705891307424,0.0005564544427670626,0.0006310843625669804,0.043731758996727876,0.07477967400336638,0.1194093780068215,0.8126818949967856
PPO_best_551901,primary,551901,best,7978ae761181ede0728abb489d6c7b28755901e1065a2e3fded950d0eee8c20c,me5418-scenes-v1-0573,near_link,formal-g051,True,,,,,1.0,0.00010786034414054678,6.516865901396648e-05,0.00010786034414054678,0.02180180700403274,0.019962539399105098,0,0,0.15082025822087528,0.27282023766241703,0.0,0.0,0.2574404761904761,1.0,0.0,0.0,0.13991825582925232,0,0,0,103,0,0,961,0,0,0,0,0,0,0.0003418515674790494,0.0006017316084125923,0.0008037081894447814,0.04293800199229736,0.08311344399407972,0.1269472560088616,0.9910702280030819
PPO_best_551901,primary,551901,best,7978ae761181ede0728abb489d6c7b28755901e1065a2e3fded950d0eee8c20c,me5418-scenes-v1-0583,near_link,formal-g003,True,,,,,1.0,9.034379762591001e-05,6.631599194681575e-05,2.3637213302376993e-05,0.03305106803002254,0.01958672009925358,0,0,1.6095846772988598,0.24433547069430184,0.0,0.0,0.19866071428571422,1.0,0.0,0.0,0.10397269587642986,0,0,0,0,0,0,961,0,0,0,0,0,0,0.00033451977121027693,0.0005791262373804785,0.0007461116332099967,0.044306242998573,0.07975616099429317,0.12490190799871925,0.9330841969931498
PPO_best_551901,primary,551901,best,7978ae761181ede0728abb489d6c7b28755901e1065a2e3fded950d0eee8c20c,me5418-scenes-v1-0589,tight_layout,formal-g009,True,,,,,1.0,7.074684167617879e-05,4.502994597994407e-05,7.074684167617879e-05,0.03365845963960369,0.0037660932996584724,0,0,0.16162436283474652,0.3143858316005401,0.0,0.0,0.7559523809523808,1.0,0.0,0.0,0.18852507546544073,0,0,0,0,0,0,961,0,0,0,0,0,0,0.00033397559339694755,0.0005917585007864546,0.0007343512686475151,0.044505159006803297,0.08052325800235849,0.12591928600159008,0.916607765990193
PPO_best_551901,primary,551901,best,7978ae761181ede0728abb489d6c7b28755901e1065a2e3fded950d0eee8c20c,me5418-scenes-v1-0590,far,formal-g010,True,,,,,1.0,7.16562859100555e-05,4.117211851090642e-05,7.16562859100555e-05,,0.019285852137650848,961,0,0.11996983570669448,0.2673605059504357,0.0,0.0,0.7142857142857143,1.0,0.0,0.0,0.15626673850541314,0,0,0,0,0,0,961,0,0,0,0,0,0,0.0002578013749522749,0.000557850985190574,0.0006321409147252173,0.043895608992897905,0.07508282500202768,0.1198270339955343,0.8131674589967588
PPO_best_551901,primary,551901,best,7978ae761181ede0728abb489d6c7b28755901e1065a2e3fded950d0eee8c20c,me5418-scenes-v1-0593,near_link,formal-g013,True,,,,,1.0,0.00011176130919264031,7.84483769477141e-05,0.00011170751347133216,0.03490434664518037,0.019433002463699778,0,0,2.112169404492677,0.2506414787625112,0.0,0.0,0.15624999999999994,0.8697916666666666,0.0,0.0,0.12135542005028886,0,0,0,0,0,0,961,0,0,0,0,0,0,0.00030512616134122556,0.0005888375961148995,0.0007430554666219299,0.04424172099970747,0.08075582499441225,0.12586160699720494,0.9305251430050703
PPO_best_551901,primary,551901,best,7978ae761181ede0728abb489d6c7b28755901e1065a2e3fded950d0eee8c20c,me5418-scenes-v1-0595,far,formal-g015,True,,,,,1.0,6.672745924002639e-05,3.4855874916980205e-05,6.545431365134153e-05,,0.01803755401614937,961,0,0.13479861633268442,0.2894377329656554,0.0,0.0,0.7142857142857143,1.0,0.0,0.0,0.1554888116849941,0,0,0,0,0,0,961,0,0,0,0,0,0,0.0002615207488361193,0.0005546630176316588,0.0006297368499720809,0.04669306499999948,0.07539237900346052,0.1229276719968766,0.8155176869913703
PPO_best_551901,primary,551901,best,7978ae761181ede0728abb489d6c7b28755901e1065a2e3fded950d0eee8c20c,me5418-scenes-v1-0601,near_link,formal-g021,True,,,,,1.0,5.4415902691242894e-05,3.1783708674226876e-05,5.4415902691242894e-05,0.0386635876415215,0.017998955789899747,0,0,0.3123370103183202,0.2587246768885154,0.0,0.0,0.5647321428571429,1.0,0.0,0.0,0.17714383817233498,0,0,0,0,0,0,961,0,0,0,0,0,0,0.00029594294733215065,0.0005793117948087456,0.0007019221895310086,0.04421700398961548,0.0793587700027274,0.1245130620081909,0.8881605960050365
PPO_best_551901,primary,551901,best,7978ae761181ede0728abb489d6c7b28755901e1065a2e3fded950d0eee8c20c,me5418-scenes-v1-0604,tight_layout,formal-g024,True,,,,,1.0,9.323835060828136e-05,6.688086825382605e-05,9.323835060828136e-05,0.02640460911167522,0.019589168884858135,0,0,0.16024808403334923,0.2777355580417329,0.0,0.0,0.2723214285714285,1.0,0.0,0.0,0.12243739224948166,0,0,0,24,0,0,961,0,0,0,0,0,0,0.00032754712022627547,0.0005934552394440592,0.0007913378570719942,0.04312280999147333,0.08187887299573049,0.1258791489963187,0.9767770659964299
PPO_best_551901,primary,551901,best,7978ae761181ede0728abb489d6c7b28755901e1065a2e3fded950d0eee8c20c,me5418-scenes-v1-0608,near_link,formal-g028,True,,,,,1.0,7.76416367125348e-05,5.2411556781883114e-05,7.76416367125348e-05,0.022644529161551893,0.0196630913453998,0,0,0.1546691606277732,0.19997307557242774,0.0,0.0,0.22172619047619038,1.0,0.0,0.0,0.11415914188505019,0,0,0,841,0,0,961,0,0,0,0,0,0,0.0003302075152381197,0.0006010020082006425,0.000801983239822827,0.0462166859942954,0.08358218599460088,0.13079099300375674,0.9912615639914293
PPO_best_551901,primary,551901,best,7978ae761181ede0728abb489d6c7b28755901e1065a2e3fded950d0eee8c20c,me5418-scenes-v1-0613,near_link,formal-g033,True,,,,,1.0,9.869113762273544e-05,7.844251240374001e-05,4.8737537200915205e-05,0.027431086204137964,0.019643450724859138,0,0,1.0461988531983466,0.2623072408778839,0.0,0.0,0.19866071428571422,1.0,0.0,0.0,0.10104929605516927,0,0,0,261,0,0,961,0,0,0,0,0,0,0.00030924827562254603,0.000563285341786468,0.0007226940043286353,0.04382904199883342,0.07877945600193925,0.12348114499764051,0.909269203999429
PPO_best_551901,primary,551901,best,7978ae761181ede0728abb489d6c7b28755901e1065a2e3fded950d0eee8c20c,me5418-scenes-v1-0614,tight_layout,formal-g034,True,,,,,1.0,5.4157979861751366e-05,4.2182540363274014e-05,1.9057788358509432e-05,0.005081010300474947,0.019603666045580913,0,0,0.16808672228289295,0.26202311063927913,0.0,0.0,0.3392857142857142,1.0,0.0,0.0,0.151840713886278,0,0,0,190,0,0,961,0,0,0,0,0,0,0.0003393988595992899,0.0005987348935377667,0.0008005481861194615,0.044686909997835755,0.08411957799398806,0.1297325159976026,0.9889570099912817
PPO_best_551901,primary,551901,best,7978ae761181ede0728abb489d6c7b28755901e1065a2e3fded950d0eee8c20c,me5418-scenes-v1-0620,far,formal-g040,True,,,,,1.0,7.193309592848632e-05,3.996659358157258e-05,7.193309592848632e-05,,0.019535587206997176,961,0,0.12485493170558969,0.26133644269269796,0.0,0.0,0.7142857142857143,1.0,0.0,0.0,0.15663611781838838,0,0,0,0,0,0,961,0,0,0,0,0,0,0.0002576874380035103,0.0005562433159108575,0.0006307828820354189,0.04398734000278637,0.07462291599949822,0.11945136199938133,0.8111304949998157
PPO_best_551901,primary,551901,best,7978ae761181ede0728abb489d6c7b28755901e1065a2e3fded950d0eee8c20c,me5418-scenes-v1-0641,near_link,formal-g003,True,,,,,1.0,7.196261944971328e-05,5.5868574713997164e-05,3.2589774343985955e-05,0.03397898676372563,0.019594910568846997,0,0,0.5645483740785642,0.2799942394469431,0.0,0.0,0.27008928571428564,1.0,0.0,0.0,0.1375883265381812,0,0,0,0,0,0,961,0,0,0,0,0,0,0.00032925481771902315,0.0005894502000198069,0.0007854281311513963,0.04456622198631521,0.08224182699632365,0.12777079500665423,0.9739993600087473
PPO_best_551901,primary,551901,best,7978ae761181ede0728abb489d6c7b28755901e1065a2e3fded950d0eee8c20c,me5418-scenes-v1-0644,near_link,formal-g006,True,,,,,1.0,7.396269052299094e-05,5.3548565886249714e-05,1.94832981026983e-05,0.010594181080977122,0.019753678443990043,0,0,0.4195043086334846,0.3122117701471714,0.0,0.0,0.353422619047619,1.0,0.0,0.0,0.15721154376037053,0,0,0,848,0,0,961,0,0,0,0,0,0,0.00032104995868091163,0.0005767109530552261,0.000744712820899925,0.04323617300542537,0.08280927700980101,0.12691664299927652,0.9330097199999727
PPO_best_551901,primary,551901,best,7978ae761181ede0728abb489d6c7b28755901e1065a2e3fded950d0eee8c20c,me5418-scenes-v1-0648,far,formal-g010,True,,,,,1.0,7.026870075707971e-05,4.467575838115802e-05,7.026870075707971e-05,,0.019500466806500374,961,0,0.1291207871850911,0.2802389026274612,0.0,0.0,0.7142857142857143,1.0,0.0,0.0,0.1540757091150486,0,0,0,0,0,0,961,0,0,0,0,0,0,0.00025501838513264374,0.0005568413344766062,0.0006304597137538319,0.04314362800505478,0.07420727099815849,0.11822287399263587,0.8095619670057204
PPO_best_551901,primary,551901,best,7978ae761181ede0728abb489d6c7b28755901e1065a2e3fded950d0eee8c20c,me5418-scenes-v1-0651,near_link,formal-g013,True,,,,,1.0,0.00011328084906692916,8.221841081461422e-05,0.00011328084906692916,0.018153755507475347,0.0199492687889437,0,0,0.512373106967066,0.28612506140882704,0.0,0.0,0.2053571428571428,1.0,0.0,0.0,0.11319376777128562,0,0,0,78,0,0,961,0,0,0,0,0,0,0.00031661529677270056,0.0005825162165820075,0.0007609694852211154,0.04286099500313867,0.08138472899736371,0.12510484500671737,0.9475833909964422
PPO_best_551901,primary,551901,best,7978ae761181ede0728abb489d6c7b28755901e1065a2e3fded950d0eee8c20c,me5418-scenes-v1-0653,far,formal-g015,True,,,,,1.0,6.823617646929815e-05,3.469553339206682e-05,6.823617646929815e-05,,0.01835145782403929,961,0,0.13275250543434858,0.2766810201738033,0.0,0.0,0.7142857142857143,1.0,0.0,0.0,0.15533836289098307,0,0,0,0,0,0,961,0,0,0,0,0,0,0.0002661617553864441,0.0005575470010323139,0.0006337168403964218,0.04296939900086727,0.07458409100945573,0.11838712300232146,0.8142051390022971
PPO_best_551901,primary,551901,best,7978ae761181ede0728abb489d6c7b28755901e1065a2e3fded950d0eee8c20c,me5418-scenes-v1-0659,near_link,formal-g021,True,,,,,1.0,6.672138170230645e-05,3.928285973505624e-05,6.672138170230645e-05,0.03608172427874813,0.01708121238349214,0,0,0.36810333225096675,0.2660129132348407,0.0,0.0,0.7061011904761904,1.0,0.0,0.0,0.18775292908151944,0,0,0,0,0,0,961,0,0,0,0,0,0,0.0002951144581402332,0.0005829339824079701,0.0007086081490948952,0.043795536999823526,0.07869679700525012,0.12336328699893784,0.8910174689954147
PPO_best_551901,primary,551901,best,7978ae761181ede0728abb489d6c7b28755901e1065a2e3fded950d0eee8c20c,me5418-scenes-v1-0662,tight_layout,formal-g024,True,,,,,1.0,0.0001222214733789014,7.087613046321837e-05,0.0001222214733789014,0.011962715275970273,0.019921511129995365,0,0,0.15198954139332843,0.2650096980620337,0.0,0.0,0.23065476190476186,1.0,0.0,0.0,0.14049603420620163,0,0,0,268,0,0,961,0,0,0,0,0,0,0.00035501420863207994,0.0006042883992449788,0.0008090647782410087,0.0434075759985717,0.08478418999584392,0.12905858100566547,0.9980394810118014
PPO_best_551901,primary,551901,best,7978ae761181ede0728abb489d6c7b28755901e1065a2e3fded950d0eee8c20c,me5418-scenes-v1-0671,near_link,formal-g033,True,,,,,1.0,6.350819446857257e-05,4.71708396286475e-05,3.518111216344505e-05,0.007517653907208238,0.019648787517117967,0,0,0.9461948074940496,0.27713409679599327,0.0,0.0,0.34374999999999994,1.0,0.0,0.0,0.11989175580983143,0,0,0,212,0,0,961,0,0,0,0,0,0,0.0003137548856102512,0.0005815193175749301,0.0007537786426534391,0.043575411997153424,0.08028976200148463,0.12472922400047537,0.9387445770116756
PPO_best_551901,primary,551901,best,7978ae761181ede0728abb489d6c7b28755901e1065a2e3fded950d0eee8c20c,me5418-scenes-v1-0678,far,formal-g040,True,,,,,1.0,7.29488170621427e-05,4.388842534701463e-05,7.29488170621427e-05,,0.019662559941746455,961,0,0.12646907368071242,0.2605407974395653,0.0,0.0,0.7142857142857143,1.0,0.0,0.0,0.15714378471741275,0,0,0,0,0,0,961,0,0,0,0,0,0,0.0002764161773332792,0.0005630601029376219,0.0006414893970486446,0.04450542699487414,0.07547550099843647,0.12082797499897424,0.8240160540008219
PPO_best_551901,primary,551901,best,7978ae761181ede0728abb489d6c7b28755901e1065a2e3fded950d0eee8c20c,me5418-scenes-v1-0689,near_link,formal-g051,True,,,,,1.0,5.633363359936297e-05,4.7476358222605785e-05,5.213648135865996e-05,0.01347548851869293,0.019566104613106657,0,0,1.1495918979050246,0.2629520600819471,0.0,0.0,0.25520833333333326,1.0,0.0,0.0,0.1201118223055216,0,0,0,87,0,0,961,0,0,0,0,0,0,0.0003252225834936932,0.0005896955177225512,0.0007711676706245878,0.044150957008241676,0.08103416599624325,0.1260918629996013,0.9578639039973496
PPO_best_552901,primary,552901,best,559e8bdcf13b3db82b2d6bd8055c35b3a0c4c3d288bc569a32c6234a90b0e098,me5418-scenes-v1-0003,near_link,formal-g003,True,,,,,1.0,4.249531449872282e-05,3.2960240393849896e-05,2.3403345418244473e-05,0.027374368102053778,0.019969845921698502,0,0,0.3342426956275725,0.16500539064007652,0.0,0.0,0.0,0.0,0.0,0.0,0.0585513112886734,0,0,0,19,0,0,961,0,0,0,0,0,0,0.00031157659933948406,0.0005695793541993529,0.0007377529810582928,0.044798989008995704,0.08007302299665753,0.12567965500056744,0.9257673599931877
PPO_best_552901,primary,552901,best,559e8bdcf13b3db82b2d6bd8055c35b3a0c4c3d288bc569a32c6234a90b0e098,me5418-scenes-v1-0009,tight_layout,formal-g009,True,,,,,1.0,6.015331703701145e-05,5.098616038408716e-05,4.509834187243205e-05,0.020536793141801346,0.019623464896952637,0,0,0.24056408377046304,0.20441832735308474,0.0,0.0,0.22321428571428567,1.0,0.0,0.0,0.08910954097515232,0,0,0,52,0,0,961,0,0,0,0,0,0,0.00029149512458085763,0.0005703634905936876,0.000705870006307426,0.046032815997023135,0.08027758898970205,0.12722528100130148,0.8941087329876609
PPO_best_552901,primary,552901,best,559e8bdcf13b3db82b2d6bd8055c35b3a0c4c3d288bc569a32c6234a90b0e098,me5418-scenes-v1-0010,far,formal-g010,True,,,,,1.0,4.368800866079328e-05,3.68996800609411e-05,4.300008870073234e-05,,0.019690833842725408,961,0,0.034462928501918184,0.1480141518468442,0.0,0.0,0.14285714285714282,1.0,0.0,0.0,0.060353372214428554,0,0,0,0,0,0,961,0,0,0,0,0,0,0.00026598984860963054,0.0005517570945812623,0.0006279509467428094,0.04473759299435187,0.07468112200149335,0.12028218399791513,0.8125279729865724
PPO_best_552901,primary,552901,best,559e8bdcf13b3db82b2d6bd8055c35b3a0c4c3d288bc569a32c6234a90b0e098,me5418-scenes-v1-0013,near_link,formal-g013,True,,,,,1.0,6.423994114394752e-05,5.388080813665606e-05,5.056541322348989e-05,0.01941893806587726,0.01992513336353917,0,0,0.3224297196925723,0.18540225410900596,0.0,0.0,0.04910714285714285,0.34375,0.0,0.0,0.07811766375615704,0,0,0,133,0,0,961,0,0,0,0,0,0,0.00030163041143775143,0.000568836655308284,0.0007188906720784871,0.04341121199831832,0.08020702499197796,0.1244874650001293,0.9052908070007106
PPO_best_552901,primary,552901,best,559e8bdcf13b3db82b2d6bd8055c35b3a0c4c3d288bc569a32c6234a90b0e098,me5418-scenes-v1-0015,far,formal-g015,True,,,,,1.0,4.495322567877645e-05,4.020424828488652e-05,4.069801753434803e-05,,0.019610097639625283,961,0,0.043937155222585796,0.15482926246397186,0.0,0.0,0.14285714285714282,1.0,0.0,0.0,0.06090608693692568,0,0,0,0,0,0,961,0,0,0,0,0,0,0.0002609275153038955,0.0005429450857263873,0.0006177994992867753,0.04351118000340648,0.07448019299772568,0.11888055899180472,0.7996384959988063
PPO_best_552901,primary,552901,best,559e8bdcf13b3db82b2d6bd8055c35b3a0c4c3d288bc569a32c6234a90b0e098,me5418-scenes-v1-0021,near_link,formal-g021,True,,,,,1.0,6.182395911362821e-05,4.828904096327015e-05,5.257576274894537e-05,0.025300392513261438,0.019866032326895468,0,0,0.06857225840245881,0.1985716765796913,0.0,0.0,0.14285714285714282,1.0,0.0,0.0,0.06832710511104476,0,0,0,52,0,0,961,0,0,0,0,0,0,0.0002933899120307615,0.000559823176217833,0.0006850353980098589,0.04264768100983929,0.07883408400812186,0.12232733999553602,0.8711162529943977
PPO_best_552901,primary,552901,best,559e8bdcf13b3db82b2d6bd8055c35b3a0c4c3d288bc569a32c6234a90b0e098,me5418-scenes-v1-0022,tight_layout,formal-g022,True,,,,,1.0,5.590798791684329e-05,4.718707502785394e-05,5.11972360548742e-05,0.0023255875498373463,0.01965608922395446,0,0,0.2177731013589572,0.21587155495621377,0.0,0.0,0.17633928571428567,1.0,0.0,0.0,0.08561967699341559,0,0,0,149,0,0,961,0,0,0,0,0,0,0.0003033660364811415,0.0005732242310538519,0.0007120011321148922,0.043452508994960226,0.07886985200457275,0.1231819519889541,0.8976273949956521
PPO_best_552901,primary,552901,best,559e8bdcf13b3db82b2d6bd8055c35b3a0c4c3d288bc569a32c6234a90b0e098,me5418-scenes-v1-0024,tight_layout,formal-g024,True,,,,,1.0,4.482769287892599e-05,3.678413710195789e-05,4.4281768968491745e-05,0.01829497534237698,0.01978711198492812,0,0,0.05575978267293755,0.11233632426101604,0.0,0.0,0.0,0.0,0.0,0.0,0.05145464875393026,0,0,0,139,0,0,961,0,0,0,0,0,0,0.0003278928123412091,0.0005854573097318886,0.0007829131218841212,0.04378574699512683,0.08241438699769787,0.12713601998984814,0.97085636400152
PPO_best_552901,primary,552901,best,559e8bdcf13b3db82b2d6bd8055c35b3a0c4c3d288bc569a32c6234a90b0e098,me5418-scenes-v1-0032,tight_layout,formal-g032,True,,,,,1.0,5.367643323261972e-05,4.6641753018356786e-05,5.0563795617288506e-05,0.0033440804203699326,0.019748880112501657,0,0,0.05381979629646794,0.09335759643115507,0.0,0.0,0.0,0.0,0.0,0.0,0.03722744616631341,0,0,0,961,0,0,961,0,0,0,0,0,0,0.0003293624013167573,0.0005917802862920022,0.0007909955823227695,0.044143692997749895,0.08498098798736464,0.1299823879962787,0.9830447189888218
PPO_best_552901,primary,552901,best,559e8bdcf13b3db82b2d6bd8055c35b3a0c4c3d288bc569a32c6234a90b0e098,me5418-scenes-v1-0033,near_link,formal-g033,True,,,,,1.0,4.42635521006565e-05,3.3757375354697806e-05,1.7659205071357205e-05,0.025075863951248875,0.01993752270171085,0,0,0.2721428981158766,0.17128354699480397,0.0,0.0,0.0,0.0,0.0,0.0,0.06861413084750113,0,0,0,35,0,0,961,0,0,0,0,0,0,0.00031842062033623125,0.0005675449058950714,0.0007322133666548325,0.04402423599094618,0.08132038199983072,0.12626148900017142,0.922338062999188
PPO_best_552901,primary,552901,best,559e8bdcf13b3db82b2d6bd8055c35b3a0c4c3d288bc569a32c6234a90b0e098,me5418-scenes-v1-0040,far,formal-g040,True,,,,,1.0,5.18799672682121e-05,4.5233124833724445e-05,4.714077893350307e-05,,0.019956571799927394,961,0,0.05442040962639817,0.14733207021235895,0.0,0.0,0.14285714285714282,1.0,0.0,0.0,0.060128120237190864,0,0,0,0,0,0,961,0,0,0,0,0,0,0.00026030483832073514,0.00054915700602578,0.000624204590970597,0.04369365300226491,0.07432253399747424,0.11886412599415053,0.8058906429941999
PPO_best_552901,primary,552901,best,559e8bdcf13b3db82b2d6bd8055c35b3a0c4c3d288bc569a32c6234a90b0e098,me5418-scenes-v1-0044,tight_layout,formal-g044,True,,,,,1.0,4.854789961984341e-05,3.8739195663242955e-05,4.683636017826432e-05,0.00837310685292017,0.01953102470364984,0,0,0.06500000999033517,0.10945017062407048,0.0,0.0,0.0,0.0,0.0,0.0,0.07028238451374429,0,0,0,961,0,0,961,0,0,0,0,0,0,0.00032898849447822914,0.0005901363710866766,0.0007879714990849607,0.04424597500474192,0.08421529299812391,0.12931538799603004,0.9782640429912135
PPO_best_552901,primary,552901,best,559e8bdcf13b3db82b2d6bd8055c35b3a0c4c3d288bc569a32c6234a90b0e098,me5418-scenes-v1-0051,near_link,formal-g051,True,,,,,1.0,5.2475453711355414e-05,3.613831402619966e-05,2.347594770464955e-05,0.017983315837372213,0.019583242486629883,0,0,0.07962884242062922,0.1455266333792413,0.0,0.0,0.0,0.0,0.0,0.0,0.05602441983133932,0,0,0,92,0,0,961,0,0,0,0,0,0,0.0003176205311774538,0.0005723059999733475,0.0007579970428802578,0.043530013994313776,0.08188209100626409,0.12645461200736463,0.9459308039949974
PPO_best_552901,primary,552901,best,559e8bdcf13b3db82b2d6bd8055c35b3a0c4c3d288bc569a32c6234a90b0e098,me5418-scenes-v1-0054,tight_layout,formal-g054,True,,,,,1.0,5.8483371188274517e-05,3.5609362889308125e-05,5.679643108699586e-05,0.0005326599730053963,0.019624361552559116,0,0,0.04714233683877425,0.10722261111158461,0.0,0.0,0.0,0.0,0.0,0.0,0.06545336031731927,0,0,0,961,0,0,961,0,0,0,0,0,0,0.0003321320108019184,0.0005990367753687072,0.0007995512997695187,0.04522949899546802,0.0854319670033874,0.13154614499944728,0.9919697869918309
PPO_best_552901,primary,552901,best,559e8bdcf13b3db82b2d6bd8055c35b3a0c4c3d288bc569a32c6234a90b0e098,me5418-scenes-v1-0061,near_link,formal-g003,True,,,,,1.0,4.473152929967761e-05,3.459293140173425e-05,3.3532859196494994e-05,0.016779510135819728,0.01960348478298552,0,0,0.058826663851827804,0.10597375351505511,0.0,0.0,0.0,0.0,0.0,0.0,0.04880748658213721,0,0,0,106,0,0,961,0,0,0,0,0,0,0.000325598651367424,0.0005774439792124515,0.0007753096517565913,0.043281343998387456,0.0836348869925132,0.12780033001035918,0.9643512409966206
PPO_best_552901,primary,552901,best,559e8bdcf13b3db82b2d6bd8055c35b3a0c4c3d288bc569a32c6234a90b0e098,me5418-scenes-v1-0067,tight_layout,formal-g009,True,,,,,1.0,6.555725328177412e-05,5.286236252005839e-05,4.9919956902770144e-05,0.012094203963854092,0.019579024906377133,0,0,0.23239816371887972,0.20087386781129243,0.0,0.0,0.14285714285714282,1.0,0.0,0.0,0.08362660595573418,0,0,0,112,0,0,961,0,0,0,0,0,0,0.0002889416880407225,0.0005692970519400357,0.0007044062170280085,0.04376562799734529,0.08007702599570621,0.1247501259931596,0.890513580001425
PPO_best_552901,primary,552901,best,559e8bdcf13b3db82b2d6bd8055c35b3a0c4c3d288bc569a32c6234a90b0e098,me5418-scenes-v1-0068,far,formal-g010,True,,,,,1.0,4.5698109093761526e-05,3.898644082561364e-05,4.418040750820325e-05,,0.019583441241969902,961,0,0.050750735364820575,0.14643882698888466,0.0,0.0,0.14285714285714282,1.0,0.0,0.0,0.0595025749680298,0,0,0,0,0,0,961,0,0,0,0,0,0,0.00025357760485652153,0.0005531566633180773,0.0006265695135880378,0.05594201400526799,0.07693679300427902,0.13388416299130768,0.8250236049934756
PPO_best_552901,primary,552901,best,559e8bdcf13b3db82b2d6bd8055c35b3a0c4c3d288bc569a32c6234a90b0e098,me5418-scenes-v1-0071,near_link,formal-g013,True,,,,,1.0,6.822255575508418e-05,5.636486083774726e-05,4.8267874750644116e-05,0.03166965680758933,0.019914635710976694,0,0,0.4375622085183347,0.18778289500248688,0.0,0.0,0.005952380952380952,0.041666666666666664,0.0,0.0,0.07564053563220938,0,0,0,0,0,0,961,0,0,0,0,0,0,0.00030850591141036904,0.0005736051936764853,0.0007250326146428658,0.044480276003014296,0.08080096100457013,0.12612711200199556,0.9136167609976837
PPO_best_552901,primary,552901,best,559e8bdcf13b3db82b2d6bd8055c35b3a0c4c3d288bc569a32c6234a90b0e098,me5418-scenes-v1-0073,far,formal-g015,True,,,,,1.0,5.1965800451152634e-05,4.3538420147796303e-05,3.887786202109643e-05,,0.019576068243613604,961,0,0.048958056833441455,0.14769238963067274,0.0,0.0,0.14285714285714282,1.0,0.0,0.0,0.060582459116509814,0,0,0,0,0,0,961,0,0,0,0,0,0,0.00026115481750821345,0.0005533251709493925,0.0006287631699706253,0.04464020699379034,0.07598010900255758,0.12148086899833288,0.8159430130035616
PPO_best_552901,primary,552901,best,559e8bdcf13b3db82b2d6bd8055c35b3a0c4c3d288bc569a32c6234a90b0e098,me5418-scenes-v1-0079,near_link,formal-g021,True,,,,,1.0,6.122566428553364e-05,4.9392376028787166e-05,5.254410316783363e-05,0.03297733773377219,0.019701909444826304,0,0,0.062316548486649706,0.1747125016968264,0.0,0.0,0.14285714285714282,1.0,0.0,0.0,0.06698831811220207,0,0,0,0,0,0,961,0,0,0,0,0,0,0.00028703151110676117,0.0005636090135794803,0.000688333160314869,0.04407090299355332,0.07930153200868517,0.12423474300885573,0.8779799500043737
PPO_best_552901,primary,552901,best,559e8bdcf13b3db82b2d6bd8055c35b3a0c4c3d288bc569a32c6234a90b0e098,me5418-scenes-v1-0080,tight_layout,formal-g022,True,,,,,1.0,5.198516156736716e-05,4.528427522714269e-05,4.4412589635071035e-05,0.009660998395539425,0.019704326308088146,0,0,0.07928902547157338,0.1798218893602377,0.0,0.0,0.14285714285714282,1.0,0.0,0.0,0.07420338471506728,0,0,0,213,0,0,961,0,0,0,0,0,0,0.0002933892963786396,0.0005721965625374044,0.0007106881010713551,0.04461057099979371,0.07965242399950512,0.12514425699191634,0.8981550699973013
PPO_best_552901,primary,552901,best,559e8bdcf13b3db82b2d6bd8055c35b3a0c4c3d288bc569a32c6234a90b0e098,me5418-scenes-v1-0082,tight_layout,formal-g024,True,,,,,1.0,4.007997188549288e-05,3.435333018475213e-05,3.8653970341280014e-05,0.010539393832081453,0.019765998669989203,0,0,0.05041424442191595,0.11905167172321332,0.0,0.0,0.0,0.0,0.0,0.0,0.0558509561804212,0,0,0,165,0,0,961,0,0,0,0,0,0,0.00033696340134762676,0.0005904689284458678,0.0007912996939163956,0.044328749005217105,0.08351351700548548,0.12876359300571494,0.9810880389995873
PPO_best_552901,primary,552901,best,559e8bdcf13b3db82b2d6bd8055c35b3a0c4c3d288bc569a32c6234a90b0e098,me5418-scenes-v1-0098,far,formal-g040,True,,,,,1.0,4.596538720862487e-05,4.1970609862647714e-05,4.437436584895441e-05,,0.019771460331237604,961,0,0.03527744463491117,0.1469115956746929,0.0,0.0,0.14285714285714282,1.0,0.0,0.0,0.0603168431974371,0,0,0,0,0,0,961,0,0,0,0,0,0,0.00025434333307809237,0.000545838474802925,0.0006194411603094826,0.043622957993648015,0.07500440700096078,0.11946595700283069,0.8044934280042071
PPO_best_552901,primary,552901,best,559e8bdcf13b3db82b2d6bd8055c35b3a0c4c3d288bc569a32c6234a90b0e098,me5418-scenes-v1-0109,near_link,formal-g051,True,,,,,1.0,4.7406649006929605e-05,3.412871023606119e-05,2.0878686768839645e-05,0.017202738319176847,0.01966850934577702,0,0,0.06841741726230693,0.13957031389636687,0.0,0.0,0.0,0.0,0.0,0.0,0.06363627694746746,0,0,0,80,0,0,961,0,0,0,0,0,0,0.0003253640778287566,0.0005829260481580908,0.0007795709978078472,0.04355612100334838,0.0828262199938763,0.1273572000063723,0.9674034530034987
PPO_best_552901,primary,552901,best,559e8bdcf13b3db82b2d6bd8055c35b3a0c4c3d288bc569a32c6234a90b0e098,me5418-scenes-v1-0119,near_link,formal-g003,True,,,,,1.0,4.5229109786667947e-05,3.356472563499252e-05,2.64116979976859e-05,0.019150390123645264,0.019608384667232387,0,0,0.0679668655727102,0.12247658697579067,0.0,0.0,0.0,0.0,0.0,0.0,0.06183528808860935,0,0,0,65,0,0,961,0,0,0,0,0,0,0.00032404353146375797,0.0005763851715831455,0.0007740812155740665,0.04384333299822174,0.08281767400330864,0.12757623300421983,0.9636316149990307
PPO_best_552901,primary,552901,best,559e8bdcf13b3db82b2d6bd8055c35b3a0c4c3d288bc569a32c6234a90b0e098,me5418-scenes-v1-0122,near_link,formal-g006,True,,,,,1.0,6.28752756537773e-05,4.839266457197564e-05,4.9207377446194855e-05,0.013644399431133547,0.019628431641340552,0,0,0.24105581635373186,0.15759107930151833,0.0,0.0,0.0,0.0,0.0,0.0,0.08078540715255908,0,0,0,103,0,0,961,0,0,0,0,0,0,0.00032363048944716866,0.0005877549364868174,0.0007684806936443541,0.04764983299537562,0.08406379299412947,0.13268737200996839,0.9624744299944723
PPO_best_552901,primary,552901,best,559e8bdcf13b3db82b2d6bd8055c35b3a0c4c3d288bc569a32c6234a90b0e098,me5418-scenes-v1-0126,far,formal-g010,True,,,,,1.0,4.384160918213105e-05,3.8082926072955746e-05,4.336097861946089e-05,,0.0197321108454614,961,0,0.033014810990914426,0.14578557160243433,0.0,0.0,0.14285714285714282,1.0,0.0,0.0,0.06031700441297808,0,0,0,0,0,0,961,0,0,0,0,0,0,0.00025984504130368197,0.0005546160707732876,0.0006295328972555581,0.043313583999406546,0.07523005199618638,0.11939900899596978,0.8135276679968229
PPO_best_552901,primary,552901,best,559e8bdcf13b3db82b2d6bd8055c35b3a0c4c3d288bc569a32c6234a90b0e098,me5418-scenes-v1-0129,near_link,formal-g013,True,,,,,1.0,6.3790921494027e-05,4.7387319777025394e-05,4.3692476821808506e-05,0.00013492040430967966,0.0199217064657631,0,0,0.37722001174405995,0.06700382206485796,0.0,0.0,0.0,0.0,0.0,0.0,0.020251874881450065,0,0,0,961,0,0,961,0,0,0,0,0,0,0.0003085280833753738,0.0005719024020891083,0.0007341014875540471,0.04353469099442009,0.08313758599979337,0.12754694699833635,0.9253813030081801
PPO_best_552901,primary,552901,best,559e8bdcf13b3db82b2d6bd8055c35b3a0c4c3d288bc569a32c6234a90b0e098,me5418-scenes-v1-0131,far,formal-g015,True,,,,,1.0,4.3631745947389005e-05,3.9985269589342574e-05,4.184476474150934e-05,,0.01964200168684127,961,0,0.03882159450164948,0.15237448031917633,0.0,0.0,0.14285714285714282,1.0,0.0,0.0,0.061017692380119115,0,0,0,0,0,0,961,0,0,0,0,0,0,0.0002585291564779861,0.0005504421479751424,0.0006252090958544916,0.043550500995479524,0.07559880700137,0.12001072200655472,0.8112297290062997
PPO_best_552901,primary,552901,best,559e8bdcf13b3db82b2d6bd8055c35b3a0c4c3d288bc569a32c6234a90b0e098,me5418-scenes-v1-0137,near_link,formal-g021,True,,,,,1.0,6.158869134920401e-05,5.2032422981381494e-05,5.463996815095551e-05,0.005389593533349557,0.01976248351286499,0,0,0.08736604622301833,0.17034981250732084,0.0,0.0,0.1421130952380952,0.9947916666666666,0.0,0.0,0.07230050301863925,0,0,0,315,0,0,961,0,0,0,0,0,0,0.00030207014560801326,0.0005706572569882458,0.0007106226539841979,0.04386514300131239,0.0818037890130654,0.12658465999993496,0.8999142840038985
PPO_best_552901,primary,552901,best,559e8bdcf13b3db82b2d6bd8055c35b3a0c4c3d288bc569a32c6234a90b0e098,me5418-scenes-v1-0140,tight_layout,formal-g024,True,,,,,1.0,3.821998160283081e-05,3.069393629896344e-05,3.137939874352583e-05,0.01999122281494116,0.019742735058613722,0,0,0.05983089281154639,0.11567635561313952,0.0,0.0,0.0,0.0,0.0,0.0,0.05663474659169359,0,0,0,74,0,0,961,0,0,0,0,0,0,0.0003292848648470681,0.0005873130593802973,0.0007863436470112599,0.04344639400369488,0.08299215100123547,0.12735290899581742,0.9741507779981475
PPO_best_552901,primary,552901,best,559e8bdcf13b3db82b2d6bd8055c35b3a0c4c3d288bc569a32c6234a90b0e098,me5418-scenes-v1-0144,near_link,formal-g028,True,,,,,1.0,3.6933203967586006e-05,2.854731832174092e-05,3.1162699696986166e-05,0.005772268745735512,0.019732027788278372,0,0,0.1300784604247511,0.11705306329445003,0.0,0.0,0.0,0.0,0.0,0.0,0.05660400453932762,0,0,0,232,0,0,961,0,0,0,0,0,0,0.00031141178108858486,0.0005800742956580506,0.0007571654934205677,0.04346303599595558,0.0846031390101416,0.12896591098979115,0.9479537559964228
PPO_best_552901,primary,552901,best,559e8bdcf13b3db82b2d6bd8055c35b3a0c4c3d288bc569a32c6234a90b0e098,me5418-scenes-v1-0156,far,formal-g040,True,,,,,1.0,5.265099969987038e-05,4.6123412694090136e-05,4.688813081897545e-05,,0.019845428960343137,961,0,0.03987081279272264,0.1479840794242591,0.0,0.0,0.14285714285714282,1.0,0.0,0.0,0.060710955577503355,0,0,0,0,0,0,961,0,0,0,0,0,0,0.0002533751509569508,0.0005442680970645597,0.0006178424271183758,0.04317714599892497,0.07541477800987195,0.1194399749947479,0.8023291519930353
PPO_best_552901,primary,552901,best,559e8bdcf13b3db82b2d6bd8055c35b3a0c4c3d288bc569a32c6234a90b0e098,me5418-scenes-v1-0160,tight_layout,formal-g044,True,,,,,1.0,5.920169232112078e-05,4.592566561522108e-05,4.00895708548956e-05,0.0050362588279241755,0.01961286183568367,0,0,0.06908606868099477,0.1592299668253046,0.0,0.0,0.0,0.0,0.0,0.0,0.07221101387878576,0,0,0,226,0,0,961,0,0,0,0,0,0,0.00034081967244977324,0.0005880306294329784,0.0007900937253149702,0.043812593998154625,0.08446443699358497,0.12919973200769164,0.981150842999341
PPO_best_552901,primary,552901,best,559e8bdcf13b3db82b2d6bd8055c35b3a0c4c3d288bc569a32c6234a90b0e098,me5418-scenes-v1-0167,near_link,formal-g051,True,,,,,1.0,3.755130941378896e-05,2.9878222428385515e-05,2.06285028150417e-05,0.038192481069667675,0.019641574759975612,0,0,0.1637898889525588,0.17368453198658743,0.0,0.0,0.0,0.0,0.0,0.0,0.07207404387362268,0,0,0,0,0,0,961,0,0,0,0,0,0,0.00030552639054803876,0.000574566166490816,0.0007329327239707103,0.04294357499748003,0.0819783580082003,0.12578426899563055,0.920050008004182
PPO_best_552901,primary,552901,best,559e8bdcf13b3db82b2d6bd8055c35b3a0c4c3d288bc569a32c6234a90b0e098,me5418-scenes-v1-0173,tight_layout,formal-g057,True,,,,,1.0,6.869121778051762e-05,5.2496850861920844e-05,4.4542214943720966e-05,0.003026663375586755,0.01996786303818536,0,0,0.1851241887952693,0.21062960943510237,0.0,0.0,0.1495535714285714,1.0,0.0,0.0,0.08546149192178357,0,0,0,162,0,0,961,0,0,0,0,0,0,0.00032641606799188594,0.0005737494574229155,0.000716431182308952,0.0440435390046332,0.08053799999470357,0.12541422099457122,0.9050573290005559
PPO_best_552901,primary,552901,best,559e8bdcf13b3db82b2d6bd8055c35b3a0c4c3d288bc569a32c6234a90b0e098,me5418-scenes-v1-0177,near_link,formal-g003,True,,,,,1.0,4.847824455650776e-05,3.861559268383685e-05,3.4451397409634056e-05,0.049725540706937355,0.019731902204147493,0,0,0.060101163164981306,0.1103261531389487,0.0,0.0,0.0,0.0,0.0,0.0,0.05426767129961047,0,0,0,0,0,0,961,0,0,0,0,0,0,0.0003790589992149762,0.0005907211615370519,0.0008015856154846309,0.04473749799944926,0.08310992100450676,0.12869177300308365,0.99210083700018
PPO_best_552901,primary,552901,best,559e8bdcf13b3db82b2d6bd8055c35b3a0c4c3d288bc569a32c6234a90b0e098,me5418-scenes-v1-0184,far,formal-g010,True,,,,,1.0,4.341534104068668e-05,3.897545064883174e-05,4.319971297628519e-05,,0.01970685091458168,961,0,0.03463178830768203,0.1466721124571806,0.0,0.0,0.14285714285714282,1.0,0.0,0.0,0.06011974053690211,0,0,0,0,0,0,961,0,0,0,0,0,0,0.00036207553678953747,0.000586345612631097,0.0006831155488422762,0.04664113798935432,0.08266983200155664,0.13036831399949733,0.8793443169997772
PPO_best_552901,primary,552901,best,559e8bdcf13b3db82b2d6bd8055c35b3a0c4c3d288bc569a32c6234a90b0e098,me5418-scenes-v1-0187,near_link,formal-g013,True,,,,,1.0,5.3129642139888543e-05,4.375923373020654e-05,3.971751607863106e-05,0.014271691045961418,0.0199575752209169,0,0,0.3640192330670503,0.0644017921245568,0.0,0.0,0.0,0.0,0.0,0.0,0.027030501652292777,0,0,0,961,0,0,961,0,0,0,0,0,0,0.00035710497445506917,0.0005842223414523081,0.0007536816814384413,0.044649000992649235,0.08183233099407516,0.12737292399106082,0.9482860619900748
PPO_best_552901,primary,552901,best,559e8bdcf13b3db82b2d6bd8055c35b3a0c4c3d288bc569a32c6234a90b0e098,me5418-scenes-v1-0189,far,formal-g015,True,,,,,1.0,4.9956458436034096e-05,4.3280461087364544e-05,4.327253526770838e-05,,0.01957366986088914,961,0,0.052201083052160015,0.14726660920297263,0.0,0.0,0.14285714285714282,1.0,0.0,0.0,0.06034843530893946,0,0,0,0,0,0,961,0,0,0,0,0,0,0.00026969642719147185,0.0005565334063400466,0.0006333295321231465,0.04510467099316884,0.07541533799667377,0.12138410800253041,0.8209870860009687
PPO_best_552901,primary,552901,best,559e8bdcf13b3db82b2d6bd8055c35b3a0c4c3d288bc569a32c6234a90b0e098,me5418-scenes-v1-0195,near_link,formal-g021,True,,,,,1.0,6.200093416311838e-05,5.125644630037935e-05,5.6923942292644835e-05,0.02314283294118527,0.019754255237576936,0,0,0.06021181178655762,0.17416169308833104,0.0,0.0,0.14285714285714282,1.0,0.0,0.0,0.06712714167759778,0,0,0,210,0,0,961,0,0,0,0,0,0,0.00031077175026439363,0.0005731589593021151,0.0007041333667226961,0.0441756279906258,0.0801766590011539,0.1252293900033692,0.8956363270117436
PPO_best_552901,primary,552901,best,559e8bdcf13b3db82b2d6bd8055c35b3a0c4c3d288bc569a32c6234a90b0e098,me5418-scenes-v1-0198,tight_layout,formal-g024,True,,,,,1.0,3.6409599816645784e-05,2.7987648520297243e-05,3.385953895917735e-05,0.012159638334687986,0.019786691788960975,0,0,0.06664950347496909,0.11906403456308967,0.0,0.0,0.0,0.0,0.0,0.0,0.04964071329616543,0,0,0,231,0,0,961,0,0,0,0,0,0,0.00033013388451763603,0.0005920096446667837,0.0007917170581701309,0.044942603999515995,0.08398036200378556,0.12986166701011825,0.9834568790101912
PPO_best_552901,primary,552901,best,559e8bdcf13b3db82b2d6bd8055c35b3a0c4c3d288bc569a32c6234a90b0e098,me5418-scenes-v1-0207,near_link,formal-g033,True,,,,,1.0,4.802259493129664e-05,3.5804580976778125e-05,3.0717968015657254e-05,0.021294482433320508,0.01990599526777708,0,0,0.3536505795690028,0.1671367964018472,0.0,0.0,0.0,0.0,0.0,0.0,0.06648137341156446,0,0,0,60,0,0,961,0,0,0,0,0,0,0.0003107356820540493,0.0005660585052889171,0.0007331296987558745,0.04524020598910283,0.08078745000238996,0.12691184299183078,0.9224624670023331
PPO_best_552901,primary,552901,best,559e8bdcf13b3db82b2d6bd8055c35b3a0c4c3d288bc569a32c6234a90b0e098,me5418-scenes-v1-0214,far,formal-g040,True,,,,,1.0,5.3084504642532245e-05,4.350220459237909e-05,4.7596547840765e-05,,0.019917921577239393,961,0,0.05218635272632725,0.14611058463087975,0.0,0.0,0.14285714285714282,1.0,0.0,0.0,0.060713257882300586,0,0,0,0,0,0,961,0,0,0,0,0,0,0.000252019536901571,0.0005369300039546942,0.0006098040737924748,0.04421886900672689,0.07491453300463036,0.11999761199695058,0.793592489004368
PPO_best_552901,primary,552901,best,559e8bdcf13b3db82b2d6bd8055c35b3a0c4c3d288bc569a32c6234a90b0e098,me5418-scenes-v1-0218,tight_layout,formal-g044,True,,,,,1.0,5.778026405903023e-05,4.644418691861098e-05,5.69982596615215e-05,0.023692561522580577,0.019625055834410925,0,0,0.07185214367259714,0.16411031082656502,0.0,0.0,0.0,0.0,0.0,0.0,0.08103968085211126,0,0,0,52,0,0,961,0,0,0,0,0,0,0.00034323124009461026,0.000590791099997053,0.0007941484864962453,0.04354143100499641,0.08302298600028735,0.12742005000473,0.9836886169941863
PPO_best_552901,primary,552901,best,559e8bdcf13b3db82b2d6bd8055c35b3a0c4c3d288bc569a32c6234a90b0e098,me5418-scenes-v1-0225,near_link,formal-g051,True,,,,,1.0,5.489352372985288e-05,3.9616633179907426e-05,2.730439375738697e-05,0.012881021317325936,0.019599587628316206,0,0,0.06206932783101777,0.120000681340862,0.0,0.0,0.0,0.0,0.0,0.0,0.056225276546042764,0,0,0,121,0,0,961,0,0,0,0,0,0,0.00032427929628890223,0.0005777060800937761,0.000774620269658044,0.044959366001421586,0.08320986799662933,0.12904251999862026,0.9645442370092496
PPO_best_552901,primary,552901,best,559e8bdcf13b3db82b2d6bd8055c35b3a0c4c3d288bc569a32c6234a90b0e098,me5418-scenes-v1-0235,near_link,formal-g003,True,,,,,1.0,3.817165429756495e-05,2.8335291322198873e-05,1.815229192789234e-05,0.04572011190902536,0.01963963953068757,0,0,0.06700759449051095,0.14118733705297393,0.0,0.0,0.0,0.0,0.0,0.0,0.05874665045724084,0,0,0,0,0,0,961,0,0,0,0,0,0,0.00031104580186062475,0.0005765457372187181,0.0007505257460252324,0.04411288900882937,0.08105417199840304,0.12612187198828906,0.9408056420070352
PPO_best_552901,primary,552901,best,559e8bdcf13b3db82b2d6bd8055c35b3a0c4c3d288bc569a32c6234a90b0e098,me5418-scenes-v1-0242,far,formal-g010,True,,,,,1.0,4.599778364801177e-05,3.7526363575792255e-05,4.513946860636095e-05,,0.019862840183611348,961,0,0.03383353373298464,0.1474365676443471,0.0,0.0,0.14285714285714282,1.0,0.0,0.0,0.0603515565506227,0,0,0,0,0,0,961,0,0,0,0,0,0,0.0002540570258891724,0.0005488418864085057,0.0006222419793327087,0.04319804400438443,0.07526603499718476,0.11935592100780923,0.8059357099991757
PPO_best_552901,primary,552901,best,559e8bdcf13b3db82b2d6bd8055c35b3a0c4c3d288bc569a32c6234a90b0e098,me5418-scenes-v1-0245,near_link,formal-g013,True,,,,,1.0,4.9252750911879595e-05,3.5006478615005535e-05,1.621075715035142e-05,0.01970791833917042,0.019615781272883485,0,0,0.08506395140382224,0.1620117607203301,0.0,0.0,0.0,0.0,0.0,0.0,0.059666201186579816,0,0,0,92,0,0,961,0,0,0,0,0,0,0.0003275774636980107,0.0005833164926722626,0.0007615013901916731,0.045957877999171615,0.08148004399845377,0.12835874999291264,0.9542017529893201
PPO_best_552901,primary,552901,best,559e8bdcf13b3db82b2d6bd8055c35b3a0c4c3d288bc569a32c6234a90b0e098,me5418-scenes-v1-0247,far,formal-g015,True,,,,,1.0,5.983060084226967e-05,4.656108472636014e-05,3.914395369508762e-05,,0.019577532173292923,961,0,0.07161471979294223,0.15650073311283066,0.0,0.0,0.14285714285714282,1.0,0.0,0.0,0.060266981134191155,0,0,0,0,0,0,961,0,0,0,0,0,0,0.0002624965735170311,0.0005527725188888629,0.0006282312876313274,0.04419938199862372,0.0743943900015438,0.11942706401168834,0.8136230230011279
PPO_best_552901,primary,552901,best,559e8bdcf13b3db82b2d6bd8055c35b3a0c4c3d288bc569a32c6234a90b0e098,me5418-scenes-v1-0253,near_link,formal-g021,True,,,,,1.0,6.699398604753538e-05,5.573239337657709e-05,5.4822557260046116e-05,0.012443191842040624,0.019846290218445202,0,0,0.08342809929343398,0.18683970722962992,0.0,0.0,0.14285714285714282,1.0,0.0,0.0,0.06642075821541117,0,0,0,301,0,0,961,0,0,0,0,0,0,0.0002849784630901316,0.0005575712344276933,0.0006821362491336913,0.04442215200106148,0.07862166299310047,0.12390226400748361,0.8686156789917732
PPO_best_552901,primary,552901,best,559e8bdcf13b3db82b2d6bd8055c35b3a0c4c3d288bc569a32c6234a90b0e098,me5418-scenes-v1-0256,tight_layout,formal-g024,True,,,,,1.0,4.379925784170491e-05,3.603913883389718e-05,2.776223235419533e-05,0.0458358542639226,0.01970266789314634,0,0,0.07175316255054456,0.13178571468295466,0.0,0.0,0.0,0.0,0.0,0.0,0.053895872275877214,0,0,0,0,0,0,961,0,0,0,0,0,0,0.0003130545778731175,0.000584128008343517,0.0007676778530670466,0.0439247640024405,0.08161697200557683,0.12642092400346883,0.9578419110039249
PPO_best_552901,primary,552901,best,559e8bdcf13b3db82b2d6bd8055c35b3a0c4c3d288bc569a32c6234a90b0e098,me5418-scenes-v1-0260,near_link,formal-g028,True,,,,,1.0,4.805250903002443e-05,4.1831742392315706e-05,4.3408277075738155e-05,0.02371862642923374,0.019782546694167645,0,0,0.04439950165010262,0.10520022892776537,0.0,0.0,0.0,0.0,0.0,0.0,0.05081722488033674,0,0,0,70,0,0,961,0,0,0,0,0,0,0.00033547601515238057,0.000597036637373094,0.0007989189801416312,0.045173528997111134,0.08372846400015987,0.12978644100076053,0.9893249050073791
PPO_best_552901,primary,552901,best,559e8bdcf13b3db82b2d6bd8055c35b3a0c4c3d288bc569a32c6234a90b0e098,me5418-scenes-v1-0272,far,formal-g040,True,,,,,1.0,5.6908096848241664e-05,4.8113332545547995e-05,4.763946303810326e-05,,0.01993487771867533,961,0,0.05671553684186166,0.146552928384397,0.0,0.0,0.11904761904761901,0.8333333333333334,0.0,0.0,0.06016804436706782,0,0,0,0,0,0,961,0,0,0,0,0,0,0.000255119572481514,0.0005493493530138949,0.0006228803563772089,0.04367852900759317,0.07494114100700244,0.11951566000061575,0.8091980180033715
PPO_best_552901,primary,552901,best,559e8bdcf13b3db82b2d6bd8055c35b3a0c4c3d288bc569a32c6234a90b0e098,me5418-scenes-v1-0276,tight_layout,formal-g044,True,,,,,1.0,5.8185406932819384e-05,4.8959868813108334e-05,5.3828118359160594e-05,0.024390204752604686,0.01962971824457821,0,0,0.07858769375358121,0.1965358169398488,0.0,0.0,0.0,0.0,0.0,0.0,0.09164942041610458,0,0,0,30,0,0,961,0,0,0,0,0,0,0.0003230754846299533,0.0005783391772941589,0.0007648002925937665,0.04376124599366449,0.0823085950105451,0.12702419099514373,0.9532980219955789
PPO_best_552901,primary,552901,best,559e8bdcf13b3db82b2d6bd8055c35b3a0c4c3d288bc569a32c6234a90b0e098,me5418-scenes-v1-0283,near_link,formal-g051,True,,,,,1.0,4.812095176149095e-05,3.817312038431742e-05,3.2731044821175704e-05,0.013366001930808696,0.019672409806364144,0,0,0.05625424764441215,0.10545505583523185,0.0,0.0,0.0,0.0,0.0,0.0,0.04522152188617924,0,0,0,166,0,0,961,0,0,0,0,0,0,0.0003184273590856416,0.0005760736522006482,0.0007546535176364463,0.04391500500787515,0.08097300700319465,0.12575764101347886,0.9441238659928786
PPO_best_552901,primary,552901,best,559e8bdcf13b3db82b2d6bd8055c35b3a0c4c3d288bc569a32c6234a90b0e098,me5418-scenes-v1-0285,near_link,formal-g053,True,,,,,1.0,5.539375923233278e-05,4.736374094540416e-05,3.5068258810339815e-05,0.027501150167020802,0.019739581229560016,0,0,0.17867945579395678,0.1385076774735705,0.0,0.0,0.0,0.0,0.0,0.0,0.06261120989954742,0,0,0,125,0,0,961,0,0,0,0,0,0,0.0003364627970465032,0.0005854556457355405,0.0007725288561687193,0.043084819000796415,0.08262538199778646,0.12657876999583095,0.9607113870006287
PPO_best_552901,primary,552901,best,559e8bdcf13b3db82b2d6bd8055c35b3a0c4c3d288bc569a32c6234a90b0e098,me5418-scenes-v1-0289,tight_layout,formal-g057,True,,,,,1.0,6.715430275104883e-05,5.330664639755108e-05,5.0997299137666345e-05,0.003536615303070534,0.019812147354226005,0,0,0.26250432531528123,0.21811293085481936,0.0,0.0,0.17633928571428567,0.8177083333333334,0.0,0.0,0.09553637231722298,0,0,0,133,0,0,961,0,0,0,0,0,0,0.0003124852183494416,0.0006778475156806963,0.0008386488780161017,0.04371707201062236,0.08167081199644599,0.1262581649934873,1.022582705001696
PPO_best_552901,primary,552901,best,559e8bdcf13b3db82b2d6bd8055c35b3a0c4c3d288bc569a32c6234a90b0e098,me5418-scenes-v1-0293,near_link,formal-g003,True,,,,,1.0,4.052269367508202e-05,3.029273053958032e-05,1.882670524198014e-05,0.035834384540691294,0.01986814722349419,0,0,0.3520913899279518,0.16754691615044676,0.0,0.0,0.0,0.0,0.0,0.0,0.06444237091484303,0,0,0,0,0,0,961,0,0,0,0,0,0,0.00031173735434701183,0.000573752318056601,0.0007458513572297913,0.043228128997725435,0.08076674699259456,0.12492976999783423,0.9319041499984451
PPO_best_552901,primary,552901,best,559e8bdcf13b3db82b2d6bd8055c35b3a0c4c3d288bc569a32c6234a90b0e098,me5418-scenes-v1-0300,far,formal-g010,True,,,,,1.0,4.912732824283478e-05,3.980285101032218e-05,4.860851691675764e-05,,0.01966084233002635,961,0,0.03759626763301991,0.14547808039924018,0.0,0.0,0.14285714285714282,1.0,0.0,0.0,0.059843699627700045,0,0,0,0,0,0,961,0,0,0,0,0,0,0.0002712518231267798,0.0005570868825543584,0.0006346766676263844,0.0436869840050349,0.07544647299801,0.11998289900657255,0.821233131995541
PPO_best_552901,primary,552901,best,559e8bdcf13b3db82b2d6bd8055c35b3a0c4c3d288bc569a32c6234a90b0e098,me5418-scenes-v1-0303,near_link,formal-g013,True,,,,,1.0,5.210130586436496e-05,4.009174907969432e-05,3.0176167450786215e-05,0.011845399510628601,0.01944603838825877,0,0,0.14431597211489977,0.0712102678529085,0.0,0.0,0.0,0.0,0.0,0.0,0.03656483082089662,0,0,0,961,0,0,961,0,0,0,0,0,0,0.00031994728078643675,0.0005791705376092675,0.0007404864772676471,0.04514978299266659,0.08142085000872612,0.12745175500458572,0.9325183439941611
PPO_best_552901,primary,552901,best,559e8bdcf13b3db82b2d6bd8055c35b3a0c4c3d288bc569a32c6234a90b0e098,me5418-scenes-v1-0305,far,formal-g015,True,,,,,1.0,5.1939026623602755e-05,4.428013637155345e-05,4.258320893159803e-05,,0.019572011179351485,961,0,0.054010379408374165,0.14653215347977241,0.0,0.0,0.14285714285714282,1.0,0.0,0.0,0.0597686110136454,0,0,0,0,0,0,961,0,0,0,0,0,0,0.00026200954668335424,0.0005546924843505015,0.0006302537908140949,0.044355334001011215,0.07728957899962552,0.12249114899896085,0.8190387789945817
PPO_best_552901,primary,552901,best,559e8bdcf13b3db82b2d6bd8055c35b3a0c4c3d288bc569a32c6234a90b0e098,me5418-scenes-v1-0311,near_link,formal-g021,True,,,,,1.0,5.843755795290311e-05,4.58525404570146e-05,4.656433562835541e-05,0.0474224588032051,0.019587248458727592,0,0,0.060191625797061866,0.17870450207731958,0.0,0.0,0.14285714285714282,1.0,0.0,0.0,0.06539602321593391,0,0,0,0,0,0,961,0,0,0,0,0,0,0.00028616601063428487,0.0005589084524975381,0.0006836608247188754,0.04447110299952328,0.07867297799384687,0.12408688799769152,0.8707829059858341
PPO_best_552901,primary,552901,best,559e8bdcf13b3db82b2d6bd8055c35b3a0c4c3d288bc569a32c6234a90b0e098,me5418-scenes-v1-0314,tight_layout,formal-g024,True,,,,,1.0,4.485901504031835e-05,3.611326349510152e-05,2.160236450098312e-05,0.041742737205152064,0.019690630493072743,0,0,0.06826625356234309,0.12436781667635635,0.0,0.0,0.0,0.0,0.0,0.0,0.05750291183053161,0,0,0,0,0,0,961,0,0,0,0,0,0,0.00033772319261515804,0.000587978519661192,0.0007889849331453054,0.04368441899714526,0.08418534400698263,0.12871991499559954,0.9780946230021073
PPO_best_552901,primary,552901,best,559e8bdcf13b3db82b2d6bd8055c35b3a0c4c3d288bc569a32c6234a90b0e098,me5418-scenes-v1-0316,near_link,formal-g026,True,,,,,1.0,6.926822794879042e-05,5.386281145299903e-05,5.086352127790264e-05,0.03421877065869988,0.01958773155777979,0,0,0.24531875688626223,0.19991159747264153,0.0,0.0,0.07812499999999999,0.546875,0.0,0.0,0.0879378090604275,0,0,0,0,0,0,961,0,0,0,0,0,0,0.0003136935414052762,0.000575320587298241,0.00073466560623577,0.044647263988736086,0.08137981200707145,0.12689442301052622,0.9251135189988418
PPO_best_552901,primary,552901,best,559e8bdcf13b3db82b2d6bd8055c35b3a0c4c3d288bc569a32c6234a90b0e098,me5418-scenes-v1-0323,near_link,formal-g033,True,,,,,1.0,4.1676900739935125e-05,2.885816786236345e-05,1.5581189413928246e-05,0.0015061091006536437,0.019893591437861576,0,0,0.06679824762058112,0.1830476039804735,0.0,0.0,0.0,0.0,0.0,0.0,0.07366458867898992,0,0,0,875,0,0,961,0,0,0,0,0,0,0.00030585084277845453,0.0005713292406805218,0.0007238358219789613,0.04329425199830439,0.0797502179921139,0.12391228700289503,0.9108035269891843
PPO_best_552901,primary,552901,best,559e8bdcf13b3db82b2d6bd8055c35b3a0c4c3d288bc569a32c6234a90b0e098,me5418-scenes-v1-0330,far,formal-g040,True,,,,,1.0,5.73106205716775e-05,4.422619693457317e-05,4.529754050678245e-05,,0.01995651208346532,961,0,0.05363616010981182,0.14569178765518181,0.0,0.0,0.14285714285714282,1.0,0.0,0.0,0.06053591210906493,0,0,0,0,0,0,961,0,0,0,0,0,0,0.0003119580576367298,0.0005589781595062959,0.0006450950726502924,0.04361150099430233,0.074591608994524,0.11905869300244376,0.8291317529947264
PPO_best_552901,primary,552901,best,559e8bdcf13b3db82b2d6bd8055c35b3a0c4c3d288bc569a32c6234a90b0e098,me5418-scenes-v1-0341,near_link,formal-g051,True,,,,,1.0,4.0919878424290276e-05,2.940204132528492e-05,1.3404435133312058e-05,0.037786378854931496,0.01957093225979492,0,0,0.07839317464418366,0.17293195633448946,0.0,0.0,0.0,0.0,0.0,0.0,0.0695919485812954,0,0,0,0,0,0,961,0,0,0,0,0,0,0.00031311458345347393,0.0005762138278138688,0.0007393253468914433,0.044230768995475955,0.07962065300671384,0.12470837900764309,0.9271644789987477
PPO_best_552901,primary,552901,best,559e8bdcf13b3db82b2d6bd8055c35b3a0c4c3d288bc569a32c6234a90b0e098,me5418-scenes-v1-0344,tight_layout,formal-g054,True,,,,,1.0,6.631122665256917e-05,4.979656329462029e-05,5.491610946474618e-05,0.025737794037442502,0.019592319502011173,0,0,0.07393201727762445,0.14796576488568464,0.0,0.0,0.0,0.0,0.0,0.0,0.0772743855822011,0,0,0,46,0,0,961,0,0,0,0,0,0,0.00033497528102088836,0.0005911404031091176,0.0007923572142469008,0.0440045419964008,0.08471932899556123,0.12962474999949336,0.9815610980003839
PPO_best_552901,primary,552901,best,559e8bdcf13b3db82b2d6bd8055c35b3a0c4c3d288bc569a32c6234a90b0e098,me5418-scenes-v1-0351,near_link,formal-g003,True,,,,,1.0,3.971150679945884e-05,3.027641309113909e-05,1.740995362393805e-05,0.022277162642347623,0.019966716897065813,0,0,0.16957828445163206,0.18233830469021164,0.0,0.0,0.0,0.0,0.0,0.0,0.06956684895173697,0,0,0,77,0,0,961,0,0,0,0,0,0,0.0003030673694865982,0.0005652872721687648,0.0007206433479344317,0.04286550299730152,0.08054960500157904,0.12427562099765055,0.9435613179957727
PPO_best_552901,primary,552901,best,559e8bdcf13b3db82b2d6bd8055c35b3a0c4c3d288bc569a32c6234a90b0e098,me5418-scenes-v1-0357,tight_layout,formal-g009,True,,,,,1.0,5.502882724581313e-05,4.8874527426087315e-05,4.840612841236873e-05,0.0030027841526193977,0.019731870261087234,0,0,0.06475064035073072,0.20583882448568164,0.0,0.0,0.23958333333333326,1.0,0.0,0.0,0.0920569867508242,0,0,0,132,0,0,961,0,0,0,0,0,0,0.0003053465726831443,0.0005750602539440782,0.0007158851322249878,0.04348824800399598,0.07997926899406593,0.1243276599998353,0.9026027490035631
PPO_best_552901,primary,552901,best,559e8bdcf13b3db82b2d6bd8055c35b3a0c4c3d288bc569a32c6234a90b0e098,me5418-scenes-v1-0358,far,formal-g010,True,,,,,1.0,4.525859368561489e-05,4.0522297014525146e-05,4.509137062577347e-05,,0.019859899861718974,961,0,0.03277540248237694,0.1457019658834508,0.0,0.0,0.14285714285714282,1.0,0.0,0.0,0.06017877454315091,0,0,0,0,0,0,961,0,0,0,0,0,0,0.00026204930266734056,0.00054841581219686,0.0006236656308222639,0.04317983699729666,0.07491337400279008,0.11895869299769402,0.8088529960077722
PPO_best_552901,primary,552901,best,559e8bdcf13b3db82b2d6bd8055c35b3a0c4c3d288bc569a32c6234a90b0e098,me5418-scenes-v1-0361,near_link,formal-g013,True,,,,,1.0,4.675357432821056e-05,4.165177497000389e-05,4.240224002534287e-05,0.0342743421207755,0.019691067415199284,0,0,0.03306431221756593,0.06321057237477366,0.0,0.0,0.0,0.0,0.0,0.0,0.03433526126845252,0,0,0,0,0,0,961,0,0,0,0,0,0,0.00031086818269917177,0.0005684020547960245,0.0007206915954914924,0.04411065099702682,0.0802437469974393,0.1252128580090357,0.9084331799967913
PPO_best_552901,primary,552901,best,559e8bdcf13b3db82b2d6bd8055c35b3a0c4c3d288bc569a32c6234a90b0e098,me5418-scenes-v1-0363,far,formal-g015,True,,,,,1.0,4.8773148034476864e-05,4.199953751983214e-05,4.04344390351359e-05,,0.01960307288933455,961,0,0.04701702884260985,0.15118608370576683,0.0,0.0,0.14285714285714282,1.0,0.0,0.0,0.060783457318099136,0,0,0,0,0,0,961,0,0,0,0,0,0,0.00025939797842511325,0.0005442028884165968,0.0006192638718403032,0.04406102800567169,0.07481277499755379,0.11971883599471767,0.8052243389975047
PPO_best_552901,primary,552901,best,559e8bdcf13b3db82b2d6bd8055c35b3a0c4c3d288bc569a32c6234a90b0e098,me5418-scenes-v1-0369,near_link,formal-g021,True,,,,,1.0,5.585114362981323e-05,4.4477838249705665e-05,5.3920947927625614e-05,0.033079626536892615,0.019572309704069868,0,0,0.06053653242448171,0.1819775020810136,0.0,0.0,0.14285714285714282,1.0,0.0,0.0,0.06799377116798755,0,0,0,0,0,0,961,0,0,0,0,0,0,0.00029327950490672566,0.0005627806604479701,0.0006888388373984829,0.043169997006771155,0.0787360629910836,0.12277073100267444,0.8749123759916984
PPO_best_552901,primary,552901,best,559e8bdcf13b3db82b2d6bd8055c35b3a0c4c3d288bc569a32c6234a90b0e098,me5418-scenes-v1-0372,tight_layout,formal-g024,True,,,,,1.0,3.830548470037065e-05,2.8474881787100367e-05,1.8632713161994554e-05,0.04015797018068454,0.019739335067240085,0,0,0.08612105806292727,0.14688454249836144,0.0,0.0,0.0,0.0,0.0,0.0,0.0632015545896831,0,0,0,0,0,0,961,0,0,0,0,0,0,0.00031880277045578015,0.000587016608127063,0.0007704337897242416,0.044243000011192635,0.08028576600190718,0.12541193199285772,0.9587756380060455
PPO_best_552901,primary,552901,best,559e8bdcf13b3db82b2d6bd8055c35b3a0c4c3d288bc569a32c6234a90b0e098,me5418-scenes-v1-0381,near_link,formal-g033,True,,,,,1.0,4.264608239687255e-05,2.948870634926303e-05,2.250149849199787e-05,0.01878999207458018,0.019923815343855684,0,0,0.07658120394885486,0.18290489572834018,0.0,0.0,0.0,0.0,0.0,0.0,0.07337409550226377,0,0,0,510,0,0,961,0,0,0,0,0,0,0.00030671576034061826,0.0005671333157048745,0.0007185851916043855,0.04373005300294608,0.07989577999978792,0.12448444300389383,0.9068505759933032
PPO_best_552901,primary,552901,best,559e8bdcf13b3db82b2d6bd8055c35b3a0c4c3d288bc569a32c6234a90b0e098,me5418-scenes-v1-0388,far,formal-g040,True,,,,,1.0,4.876538121733059e-05,4.410128515019278e-05,4.876538121733059e-05,,0.01997471910972616,961,0,0.036375932308712396,0.1474967420842643,0.0,0.0,0.14285714285714282,1.0,0.0,0.0,0.060754337552602275,0,0,0,0,0,0,961,0,0,0,0,0,0,0.00025774343741128786,0.0005452512271707141,0.0006197205855338931,0.04397582700767089,0.07416250699316151,0.11906329900375567,0.8052151540032355
PPO_best_552901,primary,552901,best,559e8bdcf13b3db82b2d6bd8055c35b3a0c4c3d288bc569a32c6234a90b0e098,me5418-scenes-v1-0399,near_link,formal-g051,True,,,,,1.0,4.5079316195337755e-05,3.5765439680670237e-05,2.7260160812528285e-05,0.0434670203423725,0.01988348444199036,0,0,0.05806423797919777,0.09502582260108865,0.0,0.0,0.0,0.0,0.0,0.0,0.034871731405118706,0,0,0,0,0,0,961,0,0,0,0,0,0,0.00030264827031108627,0.0005689875530151767,0.0007307723715863783,0.04295666399411857,0.08012650599994231,0.12401009698805865,0.9164999300119234
PPO_best_552901,primary,552901,best,559e8bdcf13b3db82b2d6bd8055c35b3a0c4c3d288bc569a32c6234a90b0e098,me5418-scenes-v1-0409,near_link,formal-g003,True,,,,,1.0,4.3364599209563505e-05,3.174036365739148e-05,2.4689512793150265e-05,0.03104021043639589,0.019581512892925534,0,0,0.06480111284536277,0.10542853378807257,0.0,0.0,0.0,0.0,0.0,0.0,0.057133645392882286,0,0,0,0,0,0,961,0,0,0,0,0,0,0.0003248243856432964,0.0005781901154932711,0.0007755203823156383,0.044410005008103326,0.08198294599424116,0.12725183099973947,0.9656099459971301
PPO_best_552901,primary,552901,best,559e8bdcf13b3db82b2d6bd8055c35b3a0c4c3d288bc569a32c6234a90b0e098,me5418-scenes-v1-0415,tight_layout,formal-g009,True,,,,,1.0,6.084622662616965e-05,5.01889443918622e-05,4.140829767384423e-05,0.019168544850035843,0.019580764185636028,0,0,0.24611174620983578,0.20439180769847617,0.0,0.0,0.23288690476190468,1.0,0.0,0.0,0.08933209105951911,0,0,0,62,0,0,961,0,0,0,0,0,0,0.000299859588039908,0.0005742976268569085,0.0007126966983984555,0.043888641986995935,0.07924746698699892,0.12405370900523849,0.8984158289968036
PPO_best_552901,primary,552901,best,559e8bdcf13b3db82b2d6bd8055c35b3a0c4c3d288bc569a32c6234a90b0e098,me5418-scenes-v1-0416,far,formal-g010,True,,,,,1.0,4.59797910642289e-05,3.60280726133535e-05,4.4856731341599983e-05,,0.01985463898534027,961,0,0.035748085589131125,0.14742876669681476,0.0,0.0,0.14285714285714282,1.0,0.0,0.0,0.0605457550796148,0,0,0,0,0,0,961,0,0,0,0,0,0,0.0002550175413489342,0.0005519179008236581,0.0006256809701577974,0.04389227900537662,0.0748254070058465,0.11960051000642125,0.8089405710052233
PPO_best_552901,primary,552901,best,559e8bdcf13b3db82b2d6bd8055c35b3a0c4c3d288bc569a32c6234a90b0e098,me5418-scenes-v1-0419,near_link,formal-g013,True,,,,,1.0,5.2321037504399545e-05,4.020092264937983e-05,3.4462014631677986e-05,0.04815674961120697,0.019717356326620195,0,0,0.6402362721197791,0.10683897414640045,0.0,0.0,0.0,0.0,0.0,0.0,0.04872897621604525,0,0,0,0,0,0,961,0,0,0,0,0,0,0.00029290379097801633,0.0005694233801780986,0.0007131667541822632,0.0447975759889232,0.0811308080010349,0.12681916399742477,0.9016857210081071
PPO_best_552901,primary,552901,best,559e8bdcf13b3db82b2d6bd8055c35b3a0c4c3d288bc569a32c6234a90b0e098,me5418-scenes-v1-0421,far,formal-g015,True,,,,,1.0,5.724573690079543e-05,4.671411087831829e-05,4.1251612272419703e-05,,0.019575889336783496,961,0,0.061453683447269696,0.14796124228120966,0.0,0.0,0.14285714285714282,1.0,0.0,0.0,0.05993211876900334,0,0,0,0,0,0,961,0,0,0,0,0,0,0.0002564447765962541,0.0005499920522803828,0.0006242245333699732,0.04464367601030972,0.07468093400530051,0.12019150400010403,0.8092213569907472
PPO_best_552901,primary,552901,best,559e8bdcf13b3db82b2d6bd8055c35b3a0c4c3d288bc569a32c6234a90b0e098,me5418-scenes-v1-0427,near_link,formal-g021,True,,,,,1.0,5.614328256056067e-05,4.846837539288649e-05,5.381423141513099e-05,0.021048292559040893,0.019646943303989826,0,0,0.22386006296652114,0.1904440315318632,0.0,0.0,0.14285714285714282,1.0,0.0,0.0,0.07371974015765037,0,0,0,137,0,0,961,0,0,0,0,0,0,0.0003015940413509573,0.0005667581991929182,0.0006964000773829563,0.043871237998246215,0.07908784500614274,0.12381967699911911,0.8854388360050507
PPO_best_552901,primary,552901,best,559e8bdcf13b3db82b2d6bd8055c35b3a0c4c3d288bc569a32c6234a90b0e098,me5418-scenes-v1-0430,tight_layout,formal-g024,True,,,,,1.0,4.694112979514859e-05,4.044347770409927e-05,4.149085420235642e-05,0.03384258290436748,0.019780588738443766,0,0,0.0619348969539649,0.13618429224442807,0.0,0.0,0.0,0.0,0.0,0.0,0.057807341147868306,0,0,0,0,0,0,961,0,0,0,0,0,0,0.00032793451494702214,0.0005857509978947443,0.0007832231657630473,0.04429264301143121,0.08269444700272288,0.12790146400220692,0.9718980799952988
PPO_best_552901,primary,552901,best,559e8bdcf13b3db82b2d6bd8055c35b3a0c4c3d288bc569a32c6234a90b0e098,me5418-scenes-v1-0446,far,formal-g040,True,,,,,1.0,5.538068224790136e-05,4.731787298858952e-05,4.790371208309246e-05,,0.01996766178160904,961,0,0.05769024630336747,0.14675747491687555,0.0,0.0,0.11681547619047615,0.8177083333333334,0.0,0.0,0.060008904200887114,0,0,0,0,0,0,961,0,0,0,0,0,0,0.0002552173486189228,0.0005463077302162371,0.0006203944219881426,0.04355406000104267,0.07553371200629044,0.1198941519978689,0.8058208470029058
PPO_best_552901,primary,552901,best,559e8bdcf13b3db82b2d6bd8055c35b3a0c4c3d288bc569a32c6234a90b0e098,me5418-scenes-v1-0457,near_link,formal-g051,True,,,,,1.0,5.266237470204046e-05,4.059987676770692e-05,3.61691945237889e-05,0.021094187272411496,0.01972290519671968,0,0,0.05671390511711304,0.10475330440932465,0.0,0.0,0.0,0.0,0.0,0.0,0.054741161965232876,0,0,0,74,0,0,961,0,0,0,0,0,0,0.0003277789640681779,0.0005821035646780122,0.0007801029063860672,0.044933140990906395,0.08255560400721151,0.12838409301184583,0.970398737990763
PPO_best_552901,primary,552901,best,559e8bdcf13b3db82b2d6bd8055c35b3a0c4c3d288bc569a32c6234a90b0e098,me5418-scenes-v1-0460,tight_layout,formal-g054,True,,,,,1.0,5.545990301100997e-05,3.735104926873548e-05,5.1484800844882526e-05,0.03413149079229788,0.019432711980917707,0,0,0.04757315202285477,0.1375271816921072,0.0,0.0,0.0,0.0,0.0,0.0,0.0789376389545699,0,0,0,0,0,0,961,0,0,0,0,0,0,0.00034758170310548547,0.0005939307283673163,0.0007977528050560068,0.04387238000344951,0.08452468700124882,0.1293207499984419,0.9882927819999168
PPO_best_552901,primary,552901,best,559e8bdcf13b3db82b2d6bd8055c35b3a0c4c3d288bc569a32c6234a90b0e098,me5418-scenes-v1-0467,near_link,formal-g003,True,,,,,1.0,4.590279684189023e-05,3.4977715932933774e-05,2.6060097119969044e-05,0.04017114411398248,0.019624782499059842,0,0,0.05545622039255252,0.10286822181770679,0.0,0.0,0.0,0.0,0.0,0.0,0.05858484962289887,0,0,0,0,0,0,961,0,0,0,0,0,0,0.0003236050877148955,0.0005762481042590177,0.000772679905927968,0.04446936599561013,0.08242840399907436,0.12778273900039494,0.9616671550029423
PPO_best_552901,primary,552901,best,559e8bdcf13b3db82b2d6bd8055c35b3a0c4c3d288bc569a32c6234a90b0e098,me5418-scenes-v1-0473,tight_layout,formal-g009,True,,,,,1.0,6.168446404467561e-05,5.0946597054569884e-05,4.4229140934959645e-05,0.02435468800196927,0.019572067374100797,0,0,0.21101207556082252,0.19832760075363384,0.0,0.0,0.14285714285714282,1.0,0.0,0.0,0.0836658559795372,0,0,0,34,0,0,961,0,0,0,0,0,0,0.00029185803608318867,0.0005687459063210554,0.0007037925330375098,0.04368871299084276,0.07991202799894381,0.12444661700283177,0.8914476740028476
PPO_best_552901,primary,552901,best,559e8bdcf13b3db82b2d6bd8055c35b3a0c4c3d288bc569a32c6234a90b0e098,me5418-scenes-v1-0474,far,formal-g010,True,,,,,1.0,4.674654638481062e-05,3.815668084423425e-05,4.596631506988713e-05,,0.019936099080717175,961,0,0.0415075166352523,0.14739944331380467,0.0,0.0,0.14285714285714282,1.0,0.0,0.0,0.060243821579829916,0,0,0,0,0,0,961,0,0,0,0,0,0,0.0002591034475850999,0.0005523938061742228,0.0006273305584727495,0.04344744900299702,0.07496895499934908,0.119265485991491,0.8128203770029359
PPO_best_552901,primary,552901,best,559e8bdcf13b3db82b2d6bd8055c35b3a0c4c3d288bc569a32c6234a90b0e098,me5418-scenes-v1-0477,near_link,formal-g013,True,,,,,1.0,4.681616818668442e-05,3.6917063993253824e-05,2.504037019408662e-05,0.037957890167134495,0.01997885675273025,0,0,0.16167138180787138,0.16690435136787912,0.0,0.0,0.0,0.0,0.0,0.0,0.05885463021903498,0,0,0,0,0,0,961,0,0,0,0,0,0,0.0003138948177365819,0.0005745313686929876,0.0007343219698365526,0.04321728499780875,0.0795171530044172,0.1235852419922594,0.9212968630017713
PPO_best_552901,primary,552901,best,559e8bdcf13b3db82b2d6bd8055c35b3a0c4c3d288bc569a32c6234a90b0e098,me5418-scenes-v1-0479,far,formal-g015,True,,,,,1.0,5.4769338973914595e-05,4.518811494190831e-05,4.248953839694653e-05,,0.019572435954412368,961,0,0.06206828759609932,0.1521516451186293,0.0,0.0,0.14285714285714282,1.0,0.0,0.0,0.060306025779850427,0,0,0,0,0,0,961,0,0,0,0,0,0,0.00025700721926114056,0.0005477197872096439,0.000621798640668203,0.04472649999661371,0.07508945200243033,0.12069623300340027,0.8066468399920268
PPO_best_552901,primary,552901,best,559e8bdcf13b3db82b2d6bd8055c35b3a0c4c3d288bc569a32c6234a90b0e098,me5418-scenes-v1-0485,near_link,formal-g021,True,,,,,1.0,5.99174370621052e-05,4.875711877975512e-05,5.1978713370855595e-05,0.025636979938305868,0.01957214398738425,0,0,0.13609006803479456,0.19621484379344367,0.0,0.0,0.14285714285714282,1.0,0.0,0.0,0.07118465757147144,0,0,0,150,0,0,961,0,0,0,0,0,0,0.0002882167187484204,0.0005612364238307539,0.0006864862246705646,0.04429919499671087,0.07855374600330833,0.12370631999510806,0.8718729690008331
PPO_best_552901,primary,552901,best,559e8bdcf13b3db82b2d6bd8055c35b3a0c4c3d288bc569a32c6234a90b0e098,me5418-scenes-v1-0488,tight_layout,formal-g024,True,,,,,1.0,4.207649545519755e-05,3.430379263685858e-05,3.435059080707236e-05,0.043387911572244336,0.01972793203049615,0,0,0.06482830774254415,0.11868912103627001,0.0,0.0,0.0,0.0,0.0,0.0,0.060803103014560676,0,0,0,0,0,0,961,0,0,0,0,0,0,0.0003261560670277201,0.0005847508208110715,0.0007823965780668611,0.04438194099930115,0.08207933499943465,0.127368296001805,0.9703477820003172
PPO_best_552901,primary,552901,best,559e8bdcf13b3db82b2d6bd8055c35b3a0c4c3d288bc569a32c6234a90b0e098,me5418-scenes-v1-0497,near_link,formal-g033,True,,,,,1.0,5.369576142439016e-05,3.696092538805379e-05,1.2886241640748746e-05,0.02002260396429198,0.019892366379463754,0,0,0.0826200111994463,0.18524313926034777,0.0,0.0,0.0,0.0,0.0,0.0,0.0737781296744721,0,0,0,351,0,0,961,0,0,0,0,0,0,0.0003067794167084988,0.0005589366115600569,0.0007101769939102572,0.04295280500082299,0.08001713499834295,0.12379524701100308,0.8970033980003791
PPO_best_552901,primary,552901,best,559e8bdcf13b3db82b2d6bd8055c35b3a0c4c3d288bc569a32c6234a90b0e098,me5418-scenes-v1-0504,far,formal-g040,True,,,,,1.0,4.837331755254127e-05,4.385056675444509e-05,4.625373063774982e-05,,0.019878613462411987,961,0,0.03388068703160443,0.1457950466043032,0.0,0.0,0.14285714285714282,1.0,0.0,0.0,0.06033484835865065,0,0,0,0,0,0,961,0,0,0,0,0,0,0.0002630493647757248,0.0005499195059655903,0.0006255415808785377,0.044308963013463654,0.074821296002483,0.11995524499798194,0.8104773860104615
PPO_best_552901,primary,552901,best,559e8bdcf13b3db82b2d6bd8055c35b3a0c4c3d288bc569a32c6234a90b0e098,me5418-scenes-v1-0508,tight_layout,formal-g044,True,,,,,1.0,6.0625007234182535e-05,4.39925792796285e-05,5.9329029110862254e-05,0.0026624989762807083,0.019609017044275402,0,0,0.18969962844284702,0.13736023875115927,0.0,0.0,0.0,0.0,0.0,0.0,0.08294314565802259,0,0,0,703,0,0,961,0,0,0,0,0,0,0.0003290843744707672,0.0005891533093896821,0.0007861342999907114,0.04404671800148208,0.08765978801238816,0.13258789799874648,0.9783620789967244
PPO_best_552901,primary,552901,best,559e8bdcf13b3db82b2d6bd8055c35b3a0c4c3d288bc569a32c6234a90b0e098,me5418-scenes-v1-0515,near_link,formal-g051,True,,,,,1.0,5.104140702605456e-05,3.51309898596067e-05,1.545436268772904e-05,0.04941017423657798,0.019579126392527908,0,0,0.47979723615143005,0.18350041637960005,0.0,0.0,0.0,0.0,0.0,0.0,0.06735949751930008,0,0,0,0,0,0,961,0,0,0,0,0,0,0.00030783618240093347,0.0005749608565262557,0.0007400209615146499,0.043367235994082876,0.08071833700523712,0.12497088300005998,0.9271346559980884
PPO_best_552901,primary,552901,best,559e8bdcf13b3db82b2d6bd8055c35b3a0c4c3d288bc569a32c6234a90b0e098,me5418-scenes-v1-0518,tight_layout,formal-g054,True,,,,,1.0,4.581545459376427e-05,3.860982313318959e-05,4.4708581091541895e-05,0.016464446670563487,0.019594373936433346,0,0,0.05328579732826028,0.13914306349092653,0.0,0.0,0.0,0.0,0.0,0.0,0.06550340618012429,0,0,0,240,0,0,961,0,0,0,0,0,0,0.00033843993242044235,0.000593035059076404,0.0007949059575821593,0.043197066013817675,0.08342130400706083,0.12752978800563142,0.9823164910048945
PPO_best_552901,primary,552901,best,559e8bdcf13b3db82b2d6bd8055c35b3a0c4c3d288bc569a32c6234a90b0e098,me5418-scenes-v1-0525,near_link,formal-g003,True,,,,,1.0,3.01744547987865e-05,2.6854158201232002e-05,2.3817656474638738e-05,0.04624668778392084,0.01967128613144655,0,0,0.07389667413648783,0.17179773755140648,0.0,0.0,0.0,0.0,0.0,0.0,0.06862952178846518,0,0,0,0,0,0,961,0,0,0,0,0,0,0.00031131254756170773,0.0005748682134102031,0.0007364796986924679,0.04425728500063997,0.08080979900842067,0.12596377500449307,0.9233012619952206
PPO_best_552901,primary,552901,best,559e8bdcf13b3db82b2d6bd8055c35b3a0c4c3d288bc569a32c6234a90b0e098,me5418-scenes-v1-0532,far,formal-g010,True,,,,,1.0,4.516284018372525e-05,3.84821331075989e-05,4.4677603355865736e-05,,0.01984861933340358,961,0,0.04254916476991056,0.1462739612980932,0.0,0.0,0.14285714285714282,1.0,0.0,0.0,0.05969669543057015,0,0,0,0,0,0,961,0,0,0,0,0,0,0.0002591723487815519,0.0005521587269716595,0.0006270447145652724,0.04321840599004645,0.07516948200645857,0.11919804499484599,0.8101340779976454
PPO_best_552901,primary,552901,best,559e8bdcf13b3db82b2d6bd8055c35b3a0c4c3d288bc569a32c6234a90b0e098,me5418-scenes-v1-0535,near_link,formal-g013,True,,,,,1.0,6.186325737548132e-05,4.694436164576942e-05,4.2299560572116574e-05,0.03212901919597916,0.01997638002324277,0,0,0.08709805715312308,0.1421374137496781,0.0,0.0,0.052083333333333315,0.3645833333333333,0.0,0.0,0.05110287547126756,0,0,0,0,0,0,961,0,0,0,0,0,0,0.0003044952716966994,0.0005656738027028041,0.0007065294540704296,0.04406247800216079,0.0793549259979045,0.1242522469983669,0.8986281669931486
PPO_best_552901,primary,552901,best,559e8bdcf13b3db82b2d6bd8055c35b3a0c4c3d288bc569a32c6234a90b0e098,me5418-scenes-v1-0537,far,formal-g015,True,,,,,1.0,5.849968733692934e-05,4.730165960711649e-05,4.1644540589199066e-05,,0.019575439884888322,961,0,0.061844121042045584,0.1484493865247984,0.0,0.0,0.14285714285714282,1.0,0.0,0.0,0.06024387178587772,0,0,0,0,0,0,961,0,0,0,0,0,0,0.00031847879722590733,0.0005668295966340035,0.0006540909273250388,0.04968624300090596,0.07665791900944896,0.12727027799701318,0.845056994992774
PPO_best_552901,primary,552901,best,559e8bdcf13b3db82b2d6bd8055c35b3a0c4c3d288bc569a32c6234a90b0e098,me5418-scenes-v1-0543,near_link,formal-g021,True,,,,,1.0,6.80287544323418e-05,5.583453462581431e-05,5.471617062922144e-05,0.04380333636964136,0.019849689599644144,0,0,0.07436537764596238,0.1655678045184986,0.0,0.0,0.14285714285714282,1.0,0.0,0.0,0.061072905862515445,0,0,0,0,0,0,961,0,0,0,0,0,0,0.0002903014737967169,0.0005585166518964495,0.0006844232968736227,0.043280161000438966,0.07853787401109003,0.12267700499796774,0.8705807079968508
PPO_best_552901,primary,552901,best,559e8bdcf13b3db82b2d6bd8055c35b3a0c4c3d288bc569a32c6234a90b0e098,me5418-scenes-v1-0546,tight_layout,formal-g024,True,,,,,1.0,4.962772925342207e-05,4.574271716679924e-05,4.310684178326672e-05,0.01706687538214359,0.019777389472008473,0,0,0.052025362506313025,0.11686455590823629,0.0,0.0,0.0,0.0,0.0,0.0,0.04633829305793847,0,0,0,186,0,0,961,0,0,0,0,0,0,0.00032387035472917586,0.0005858387627085904,0.000784152240006127,0.04395325100631453,0.08258591798949055,0.1274393269995926,0.9719951620063512
PPO_best_552901,primary,552901,best,559e8bdcf13b3db82b2d6bd8055c35b3a0c4c3d288bc569a32c6234a90b0e098,me5418-scenes-v1-0555,near_link,formal-g033,True,,,,,1.0,5.108872602281341e-05,3.620486351069921e-05,1.8741565772274346e-05,0.0007579657693875669,0.0198895274989474,0,0,0.14645755348147207,0.17836815316229132,0.0,0.0,0.0,0.0,0.0,0.0,0.0723730010178683,0,0,0,507,0,0,961,0,0,0,0,0,0,0.0003002251355610497,0.0005610496032810867,0.0007133247923169013,0.04287432599812746,0.07936816901201382,0.12308765899797436,0.8992401319992496
PPO_best_552901,primary,552901,best,559e8bdcf13b3db82b2d6bd8055c35b3a0c4c3d288bc569a32c6234a90b0e098,me5418-scenes-v1-0562,far,formal-g040,True,,,,,1.0,5.054423360314874e-05,4.080827910192877e-05,4.278650947747761e-05,,0.019975955487756478,961,0,0.03522532209057057,0.14617673020656463,0.0,0.0,0.14285714285714282,1.0,0.0,0.0,0.06083931274867306,0,0,0,0,0,0,961,0,0,0,0,0,0,0.00025659725467145716,0.0005422377887953189,0.0006163543231195945,0.04352607499458827,0.07458639099786524,0.11895382301008794,0.7995628299977398
PPO_best_552901,primary,552901,best,559e8bdcf13b3db82b2d6bd8055c35b3a0c4c3d288bc569a32c6234a90b0e098,me5418-scenes-v1-0573,near_link,formal-g051,True,,,,,1.0,4.542500869160317e-05,3.51981505807165e-05,3.402659959718833e-05,0.02180180700403274,0.019787610820258608,0,0,0.057609093505510724,0.10678999861534459,0.0,0.0,0.0,0.0,0.0,0.0,0.04636965013071729,0,0,0,125,0,0,961,0,0,0,0,0,0,0.0003833215363708102,0.0006124944416114886,0.0008258027509934133,0.0437832400057232,0.08404325498850085,0.1287269229942467,1.017674670991255
PPO_best_552901,primary,552901,best,559e8bdcf13b3db82b2d6bd8055c35b3a0c4c3d288bc569a32c6234a90b0e098,me5418-scenes-v1-0583,near_link,formal-g003,True,,,,,1.0,3.8946152601648836e-05,3.165894716232367e-05,2.4576614689950192e-05,0.03305106803002254,0.019964799212731817,0,0,0.33787967310077593,0.1698046194183654,0.0,0.0,0.0,0.0,0.0,0.0,0.06155713807619621,0,0,0,0,0,0,961,0,0,0,0,0,0,0.00031706041136203567,0.0005729971324550813,0.0007391217195769665,0.043376984001952223,0.08000396800343879,0.12425954799982719,0.9255204270011745
PPO_best_552901,primary,552901,best,559e8bdcf13b3db82b2d6bd8055c35b3a0c4c3d288bc569a32c6234a90b0e098,me5418-scenes-v1-0589,tight_layout,formal-g009,True,,,,,1.0,6.851955650367348e-05,5.456808098283924e-05,4.203474343489125e-05,0.03365845963960369,0.01957347502781645,0,0,0.2429528349263599,0.20106950365037626,0.0,0.0,0.14285714285714282,1.0,0.0,0.0,0.08667230079382925,0,0,0,0,0,0,961,0,0,0,0,0,0,0.0003010119372296079,0.0005733085873847206,0.0007117981531640301,0.04338977800216526,0.0793876050011022,0.12361945999145973,0.8975436330074444
PPO_best_552901,primary,552901,best,559e8bdcf13b3db82b2d6bd8055c35b3a0c4c3d288bc569a32c6234a90b0e098,me5418-scenes-v1-0590,far,formal-g010,True,,,,,1.0,4.428978441984006e-05,3.941843339172184e-05,4.4054873808332984e-05,,0.01977440308255446,961,0,0.03163800437222553,0.14674165921483578,0.0,0.0,0.14285714285714282,1.0,0.0,0.0,0.06049669755766879,0,0,0,0,0,0,961,0,0,0,0,0,0,0.0002568955774222559,0.0005469541386901256,0.0006210641112829763,0.04394910199334845,0.07463875900430139,0.11946242100384552,0.8065170870104339
PPO_best_552901,primary,552901,best,559e8bdcf13b3db82b2d6bd8055c35b3a0c4c3d288bc569a32c6234a90b0e098,me5418-scenes-v1-0593,near_link,formal-g013,True,,,,,1.0,5.314583868378402e-05,4.4864021755072586e-05,4.1864188308882835e-05,0.03490434664518037,0.019980411301969946,0,0,0.32408315692403894,0.09270188705041042,0.0,0.0,0.0,0.0,0.0,0.0,0.0309894131190612,0,0,0,0,0,0,961,0,0,0,0,0,0,0.0003026801924382501,0.0005707990469242456,0.000728712908524661,0.043191322998609394,0.07986915300716646,0.12392164999619126,0.9163275129976682
PPO_best_552901,primary,552901,best,559e8bdcf13b3db82b2d6bd8055c35b3a0c4c3d288bc569a32c6234a90b0e098,me5418-scenes-v1-0595,far,formal-g015,True,,,,,1.0,4.770525591172013e-05,4.1009202395684725e-05,4.054388339372797e-05,,0.01961206468523536,961,0,0.05482354022015521,0.16680713192804472,0.0,0.0,0.14285714285714282,1.0,0.0,0.0,0.061154111080049055,0,0,0,0,0,0,961,0,0,0,0,0,0,0.0002627630318935796,0.0005457087710965425,0.0006210244740335232,0.043284077997668646,0.07487805999699049,0.11902992500108667,0.8063492060027784
PPO_best_552901,primary,552901,best,559e8bdcf13b3db82b2d6bd8055c35b3a0c4c3d288bc569a32c6234a90b0e098,me5418-scenes-v1-0601,near_link,formal-g021,True,,,,,1.0,5.7533481047281605e-05,4.643845179137164e-05,5.730084009806966e-05,0.0386635876415215,0.01963095276995775,0,0,0.06328793521167626,0.19159092893438492,0.0,0.0,0.14285714285714282,1.0,0.0,0.0,0.07098977892396978,0,0,0,0,0,0,961,0,0,0,0,0,0,0.0002985683177788208,0.0005686123751729611,0.0006966375085236602,0.04395642600138672,0.08001710100506898,0.12482933099090587,0.8875914969976293
PPO_best_552901,primary,552901,best,559e8bdcf13b3db82b2d6bd8055c35b3a0c4c3d288bc569a32c6234a90b0e098,me5418-scenes-v1-0604,tight_layout,formal-g024,True,,,,,1.0,4.390994460037486e-05,3.747644433171809e-05,4.05780293459796e-05,0.02640460911167522,0.019773143402104468,0,0,0.05328288493924609,0.11358696494531605,0.0,0.0,0.0,0.0,0.0,0.0,0.05856536074231069,0,0,0,31,0,0,961,0,0,0,0,0,0,0.00032724326585290936,0.0005829376271170379,0.0007811568291648048,0.04385079701023642,0.0808695390005596,0.12560320999182295,0.9672593569994206
PPO_best_552901,primary,552901,best,559e8bdcf13b3db82b2d6bd8055c35b3a0c4c3d288bc569a32c6234a90b0e098,me5418-scenes-v1-0608,near_link,formal-g028,True,,,,,1.0,4.9664044237898356e-05,3.910460760522263e-05,4.894475150236179e-05,0.025009509005639974,0.019717183208315947,0,0,0.06679941735389665,0.07345809860612426,0.0,0.0,0.0,0.0,0.0,0.0,0.026944228370779286,0,0,0,392,0,0,961,0,0,0,0,0,0,0.0003303269472780812,0.0005876148714075195,0.0007881594759055587,0.04458077400340699,0.08296136300486978,0.12840628599224146,0.9786931859998731
PPO_best_552901,primary,552901,best,559e8bdcf13b3db82b2d6bd8055c35b3a0c4c3d288bc569a32c6234a90b0e098,me5418-scenes-v1-0613,near_link,formal-g033,True,,,,,1.0,5.235935628875293e-05,3.66291390383991e-05,1.9030126813475996e-05,0.028658158716403356,0.01978074989586704,0,0,0.09411695996876272,0.18239108604487753,0.0,0.0,0.0,0.0,0.0,0.0,0.07159271532277454,0,0,0,9,0,0,961,0,0,0,0,0,0,0.00030790227591144986,0.0005572627136947024,0.0007098905382160107,0.043274488998577,0.07850772500387393,0.1226393210090464,0.8966480289964238
PPO_best_552901,primary,552901,best,559e8bdcf13b3db82b2d6bd8055c35b3a0c4c3d288bc569a32c6234a90b0e098,me5418-scenes-v1-0614,tight_layout,formal-g034,True,,,,,1.0,5.5535821220007594e-05,4.6089041098568564e-05,4.816358599424247e-05,0.005081010300474947,0.019924232083685656,0,0,0.06599832005605133,0.1706446951394007,0.0,0.0,0.0,0.0,0.0,0.0,0.06741354227720184,0,0,0,244,0,0,961,0,0,0,0,0,0,0.000336761609939155,0.0005918515207516369,0.0007917668258869525,0.04412151701399125,0.08359120100794826,0.12858834899088833,0.9811080759973265
PPO_best_552901,primary,552901,best,559e8bdcf13b3db82b2d6bd8055c35b3a0c4c3d288bc569a32c6234a90b0e098,me5418-scenes-v1-0620,far,formal-g040,True,,,,,1.0,5.060219246073856e-05,4.101649700251713e-05,4.738393551250537e-05,,0.01997625596425412,961,0,0.03804842896300252,0.14810468378793193,0.0,0.0,0.14285714285714282,1.0,0.0,0.0,0.06080862373679078,0,0,0,0,0,0,961,0,0,0,0,0,0,0.0002581526979762809,0.0005403566865576674,0.0006147647018224234,0.043284999002935365,0.07429158299055416,0.11841931100934744,0.7982872810098343
PPO_best_552901,primary,552901,best,559e8bdcf13b3db82b2d6bd8055c35b3a0c4c3d288bc569a32c6234a90b0e098,me5418-scenes-v1-0641,near_link,formal-g003,True,,,,,1.0,4.695978839337231e-05,3.543889813635797e-05,2.7322416783885115e-05,0.03397898676372563,0.019572123461388063,0,0,0.05894374826451152,0.10540976044919165,0.0,0.0,0.0,0.0,0.0,0.0,0.05664193508259598,0,0,0,0,0,0,961,0,0,0,0,0,0,0.00032069110360074166,0.0005725126188281138,0.0007681767907646038,0.0445230939949397,0.08065155700023752,0.12608805300260428,0.95547156399698
PPO_best_552901,primary,552901,best,559e8bdcf13b3db82b2d6bd8055c35b3a0c4c3d288bc569a32c6234a90b0e098,me5418-scenes-v1-0644,near_link,formal-g006,True,,,,,1.0,6.141030130615412e-05,4.702344146495592e-05,4.494554049296592e-05,0.010940147397237962,0.019506480465132606,0,0,0.3966482513621782,0.15562444048376234,0.0,0.0,0.0,0.0,0.0,0.0,0.07721818307902487,0,0,0,516,0,0,961,0,0,0,0,0,0,0.0003196493124354068,0.0005720447729648489,0.0007384371123862366,0.04388964000099804,0.08229546700022183,0.1270658270077547,0.9287944429961499
PPO_best_552901,primary,552901,best,559e8bdcf13b3db82b2d6bd8055c35b3a0c4c3d288bc569a32c6234a90b0e098,me5418-scenes-v1-0648,far,formal-g010,True,,,,,1.0,5.0628162966656185e-05,3.7132738413525607e-05,4.9766198466926755e-05,,0.01969476789737156,961,0,0.03739965365254493,0.14669492569824025,0.0,0.0,0.14285714285714282,1.0,0.0,0.0,0.06012361404441653,0,0,0,0,0,0,961,0,0,0,0,0,0,0.0002623267810880255,0.0005519598031393495,0.000627208938461384,0.04312457599735353,0.07500139100011438,0.11903471100958996,0.8115923059958732
PPO_best_552901,primary,552901,best,559e8bdcf13b3db82b2d6bd8055c35b3a0c4c3d288bc569a32c6234a90b0e098,me5418-scenes-v1-0651,near_link,formal-g013,True,,,,,1.0,5.292995903580738e-05,4.181424176866589e-05,3.607870231874411e-05,0.018153755507475347,0.01967415506676798,0,0,0.15294160431817838,0.11028745235317557,0.0,0.0,0.0,0.0,0.0,0.0,0.046786085887634686,0,0,0,110,0,0,961,0,0,0,0,0,0,0.0003231423749336197,0.0005764819018319637,0.0007591558395536898,0.0435688739962643,0.08172102300159167,0.12613797601079568,0.9464391930087004
PPO_best_552901,primary,552901,best,559e8bdcf13b3db82b2d6bd8055c35b3a0c4c3d288bc569a32c6234a90b0e098,me5418-scenes-v1-0653,far,formal-g015,True,,,,,1.0,4.661284530696276e-05,4.088288289468979e-05,3.969192473783754e-05,,0.01958348249131281,961,0,0.045654375523886216,0.1477152974616895,0.0,0.0,0.14285714285714282,1.0,0.0,0.0,0.06033414415654814,0,0,0,0,0,0,961,0,0,0,0,0,0,0.0002567331566751818,0.0005481160438951823,0.0006220131770078297,0.043002555990824476,0.07475396399968304,0.11866975300654303,0.8065215900132898
PPO_best_552901,primary,552901,best,559e8bdcf13b3db82b2d6bd8055c35b3a0c4c3d288bc569a32c6234a90b0e098,me5418-scenes-v1-0659,near_link,formal-g021,True,,,,,1.0,6.176358349683199e-05,4.810401652929652e-05,5.306044150996116e-05,0.03608172427874813,0.019634921869782038,0,0,0.20849007646524456,0.19776164256915307,0.0,0.0,0.14285714285714282,1.0,0.0,0.0,0.07436345891397823,0,0,0,0,0,0,961,0,0,0,0,0,0,0.0002997868852313938,0.0005668496968913435,0.0006981216018327056,0.04331412298779469,0.07835105799313169,0.12251754800672643,0.8849495890026446
PPO_best_552901,primary,552901,best,559e8bdcf13b3db82b2d6bd8055c35b3a0c4c3d288bc569a32c6234a90b0e098,me5418-scenes-v1-0662,tight_layout,formal-g024,True,,,,,1.0,4.1097232639288364e-05,3.512412126756785e-05,3.9219180542049435e-05,0.011962715275970273,0.019785145604866994,0,0,0.054131534437022545,0.10584249149032851,0.0,0.0,0.0,0.0,0.0,0.0,0.0436642397782721,0,0,0,365,0,0,961,0,0,0,0,0,0,0.0003365984374947099,0.0005909722470581377,0.0007918086406486206,0.04381989700777922,0.0838894420012366,0.12858588199014775,0.9814874729927396
PPO_best_552901,primary,552901,best,559e8bdcf13b3db82b2d6bd8055c35b3a0c4c3d288bc569a32c6234a90b0e098,me5418-scenes-v1-0671,near_link,formal-g033,True,,,,,1.0,4.467354885221271e-05,3.193849309778279e-05,1.4263852619991496e-05,0.007517653907208238,0.01997530409516539,0,0,0.14534973235237922,0.17991773485695328,0.0,0.0,0.0,0.0,0.0,0.0,0.0718725155744843,0,0,0,222,0,0,961,0,0,0,0,0,0,0.00030673953589636466,0.0005705513272005192,0.0007266525885370357,0.04326963900530245,0.07957460399484262,0.1237579669978004,0.9145677810010966
PPO_best_552901,primary,552901,best,559e8bdcf13b3db82b2d6bd8055c35b3a0c4c3d288bc569a32c6234a90b0e098,me5418-scenes-v1-0678,far,formal-g040,True,,,,,1.0,5.296963136376714e-05,4.3571890708421286e-05,4.815242310137958e-05,,0.019910208195677376,961,0,0.053915150647595105,0.14727985976157595,0.0,0.0,0.14285714285714282,1.0,0.0,0.0,0.06117144260677465,0,0,0,0,0,0,961,0,0,0,0,0,0,0.0002607636353483637,0.0005410009409085129,0.0006159596108773257,0.043450911005493253,0.07443070301087573,0.11872937399311922,0.7994115030014655
PPO_best_552901,primary,552901,best,559e8bdcf13b3db82b2d6bd8055c35b3a0c4c3d288bc569a32c6234a90b0e098,me5418-scenes-v1-0689,near_link,formal-g051,True,,,,,1.0,4.195616559255308e-05,3.0285974867398235e-05,1.64392513571828e-05,0.01347548851869293,0.019585956094645467,0,0,0.30563998662007924,0.16964680819840428,0.0,0.0,0.0,0.0,0.0,0.0,0.0698561913739901,0,0,0,97,0,0,961,0,0,0,0,0,0,0.00031772061432396487,0.0005817775480409182,0.000746988585312162,0.044739171004039235,0.08230779798759613,0.12795060301141348,0.937515372002963
PPO_last_550901,precommitted_secondary,550901,last,6fe32a8dfb0ffbd5c1576651da3834283b98c2d2387e08770abef0933c56afd3,me5418-scenes-v1-0003,near_link,formal-g003,True,,,,,1.0,6.88652328665415e-05,5.1128572603405076e-05,6.288819438154905e-05,0.027374368102053778,0.019414611162207843,0,0,0.8613161068636133,0.21528250176641558,0.0,0.0,0.39508928571428564,1.0,0.0,0.0,0.1449202444261616,0,0,0,11,0,0,961,0,0,0,0,0,0,0.0003090496717656303,0.000577534071150391,0.0007271057979475397,0.04370497999479994,0.0809876490093302,0.1255248980014585,0.9126547959895106
PPO_last_550901,precommitted_secondary,550901,last,6fe32a8dfb0ffbd5c1576651da3834283b98c2d2387e08770abef0933c56afd3,me5418-scenes-v1-0009,tight_layout,formal-g009,True,,,,,1.0,9.276128972543792e-05,7.406638728204009e-05,6.521046759708961e-05,0.020536793141801346,0.019584988930881814,0,0,0.27436628025253,0.248810539348165,0.0,0.0,0.5937499999999999,1.0,0.0,0.0,0.178656132625682,0,0,0,40,0,0,961,0,0,0,0,0,0,0.00029172127627437777,0.0005723868887798744,0.0007058542112948393,0.04365839199454058,0.07988377699803095,0.1243874119973043,0.889081529006944
PPO_last_550901,precommitted_secondary,550901,last,6fe32a8dfb0ffbd5c1576651da3834283b98c2d2387e08770abef0933c56afd3,me5418-scenes-v1-0010,far,formal-g010,True,,,,,1.0,6.904204447096097e-05,5.456837955612975e-05,4.975887642269869e-05,,0.019644781021264386,961,0,0.14963772057226105,0.24697247064977165,0.0,0.0,0.5714285714285713,1.0,0.0,0.0,0.164652811521886,0,0,0,0,0,0,961,0,0,0,0,0,0,0.000253426093422604,0.0005578015552449263,0.0006310944282176933,0.043985227996017784,0.07497020000300836,0.11980200500693172,0.8103499940043548
PPO_last_550901,precommitted_secondary,550901,last,6fe32a8dfb0ffbd5c1576651da3834283b98c2d2387e08770abef0933c56afd3,me5418-scenes-v1-0013,near_link,formal-g013,True,,,,,1.0,5.66663579119418e-05,4.423571101355781e-05,1.736171649562588e-05,0.01941893806587726,0.019597854600786474,0,0,1.5114910002230404,0.24513827138214112,0.0,0.0,0.5944940476190474,1.0,0.0,0.0,0.1462631782060877,0,0,0,65,0,0,961,0,0,0,0,0,0,0.00029964080658828607,0.0005794380615498085,0.0007196303979526419,0.043310205001034774,0.07971030900080223,0.12390730599872768,0.9028079910058295
PPO_last_550901,precommitted_secondary,550901,last,6fe32a8dfb0ffbd5c1576651da3834283b98c2d2387e08770abef0933c56afd3,me5418-scenes-v1-0015,far,formal-g015,True,,,,,1.0,6.205465595064375e-05,4.898761143551405e-05,5.062653276112168e-05,,0.019633933278410197,961,0,0.15404162385857392,0.24695029877667124,0.0,0.0,0.5714285714285713,1.0,0.0,0.0,0.16647334747193826,0,0,0,0,0,0,961,0,0,0,0,0,0,0.00025745415602311067,0.000552806475889156,0.0006265495494214217,0.043705741001758724,0.07463294400076848,0.11923647799994797,0.804941851994954
PPO_last_550901,precommitted_secondary,550901,last,6fe32a8dfb0ffbd5c1576651da3834283b98c2d2387e08770abef0933c56afd3,me5418-scenes-v1-0021,near_link,formal-g021,True,,,,,1.0,6.260453978592463e-05,4.526814159206073e-05,6.260453978592463e-05,0.025300392513261438,0.01854280845494008,0,0,0.3702765596186957,0.27184621019577937,0.0,0.0,0.5937499999999999,1.0,0.0,0.0,0.16883658021134101,0,0,0,39,0,0,961,0,0,0,0,0,0,0.0002829708645701127,0.0005732866041701831,0.0006936757603701456,0.042655420998926274,0.07850536699697841,0.12201161199482158,0.875966678999248
PPO_last_550901,precommitted_secondary,550901,last,6fe32a8dfb0ffbd5c1576651da3834283b98c2d2387e08770abef0933c56afd3,me5418-scenes-v1-0022,tight_layout,formal-g022,True,,,,,1.0,8.545916736999026e-05,6.842188863482627e-05,6.219300197159234e-05,0.0023255875498373463,0.01965009294879211,0,0,0.3820885116413055,0.27481668327225406,0.0,0.0,0.5915178571428571,1.0,0.0,0.0,0.16690896019794135,0,0,0,131,0,0,961,0,0,0,0,0,0,0.0002867046873689105,0.0005735114604249247,0.0007044596709723312,0.04410472299787216,0.07901969700469635,0.12399825800093822,0.886959917988861
PPO_last_550901,precommitted_secondary,550901,last,6fe32a8dfb0ffbd5c1576651da3834283b98c2d2387e08770abef0933c56afd3,me5418-scenes-v1-0024,tight_layout,formal-g024,True,,,,,1.0,8.311789444686828e-05,6.294638035546383e-05,8.311789444686828e-05,0.01809562954048928,0.019432467968170122,0,0,0.3923784729447738,0.21191826761962537,0.0,0.0,0.42857142857142855,1.0,0.0,0.0,0.13432679037740897,0,0,0,312,0,0,961,0,0,0,0,0,0,0.000320570895913382,0.0005957187397446736,0.0007922409970281782,0.044749319000402465,0.08444905500800814,0.130110212994623,0.9794973239913816
PPO_last_550901,precommitted_secondary,550901,last,6fe32a8dfb0ffbd5c1576651da3834283b98c2d2387e08770abef0933c56afd3,me5418-scenes-v1-0032,tight_layout,formal-g032,False,external_collision_band,related_collision:obstacle,tracking,0.19166666666666665,0.04791666666666666,1.8023357038559582e-05,1.1650972206856487e-05,,2.873582055425844e-05,0.020094264822063133,0,0,0.3667726624659594,0.16893112243207284,0.0,0.0,0.42857142857142855,1.0,0.0,0.0,0.11735659484352384,0,1,0,47,0,0,47,0,0,0,0,0,0,0.00034857519931392745,0.0005889367612721601,0.0008029161304559397,0.04450711200479418,0.08379401899583172,0.12919885400333442,0.1805302550055785
PPO_last_550901,precommitted_secondary,550901,last,6fe32a8dfb0ffbd5c1576651da3834283b98c2d2387e08770abef0933c56afd3,me5418-scenes-v1-0033,near_link,formal-g033,True,,,,,1.0,5.545814985611453e-05,4.199426015635468e-05,2.079023168983139e-05,0.025075863951248875,0.019401469314976202,0,0,0.47505907120881,0.22763613792571144,0.0,0.0,0.4069940476190476,1.0,0.0,0.0,0.14256505611729584,0,0,0,17,0,0,961,0,0,0,0,0,0,0.0003104582649484655,0.0005767694551650493,0.0007283122154603916,0.04379190299368929,0.07982894200540613,0.12455497600603849,0.9115325329912594
PPO_last_550901,precommitted_secondary,550901,last,6fe32a8dfb0ffbd5c1576651da3834283b98c2d2387e08770abef0933c56afd3,me5418-scenes-v1-0040,far,formal-g040,True,,,,,1.0,8.48416965349327e-05,6.243665284790517e-05,5.0356834774308926e-05,,0.01958955317752356,961,0,0.15156916574896145,0.2766796273591957,0.0,0.0,0.5714285714285713,1.0,0.0,0.0,0.16394782908526914,0,0,0,0,0,0,961,0,0,0,0,0,0,0.00025289136957932595,0.0005576547300279345,0.0006308043239945013,0.04320268100127578,0.07469653300358914,0.11873760499292985,0.8095395120035391
PPO_last_550901,precommitted_secondary,550901,last,6fe32a8dfb0ffbd5c1576651da3834283b98c2d2387e08770abef0933c56afd3,me5418-scenes-v1-0044,tight_layout,formal-g044,False,external_collision_band,related_collision:obstacle,tracking,0.5666666666666667,0.14166666666666666,7.75951009167824e-06,4.096486864253623e-06,,7.616625533449911e-05,0.01996025496850621,0,0,0.2027980046645036,0.22008990647823193,0.0,0.0,0.37244897959183676,1.0,0.0,0.0,0.13026174618577469,0,1,0,137,0,0,137,0,0,0,0,0,0,0.00032209396262520125,0.0005882421614574816,0.0007885397058356937,0.04300429699651431,0.08430589399358723,0.12822570800199173,0.2566771720012184
PPO_last_550901,precommitted_secondary,550901,last,6fe32a8dfb0ffbd5c1576651da3834283b98c2d2387e08770abef0933c56afd3,me5418-scenes-v1-0051,near_link,formal-g051,True,,,,,1.0,2.9884066523127e-05,2.247742368307913e-05,5.672221380296432e-06,0.017983315837372213,0.019433469186021277,0,0,1.107836485282746,0.2228131180110703,0.0,0.0,0.31919642857142844,1.0,0.0,0.0,0.13669208247281078,0,0,0,61,0,0,961,0,0,0,0,0,0,0.0003015474793149527,0.0005790071886319008,0.000736943198762674,0.04443047699169256,0.08071689600183163,0.1261105489975307,0.9217564480059082
PPO_last_550901,precommitted_secondary,550901,last,6fe32a8dfb0ffbd5c1576651da3834283b98c2d2387e08770abef0933c56afd3,me5418-scenes-v1-0054,tight_layout,formal-g054,False,external_collision_band,related_collision:obstacle,tracking,0.20416666666666666,0.051041666666666666,5.018756211861268e-06,3.245401226573754e-06,,6.671953209582554e-05,0.020136924705656076,0,0,0.22214749456265862,0.19924162968730422,0.0,0.0,0.2857142857142857,1.0,0.0,0.0,0.12560749607426777,0,1,0,50,0,0,50,0,0,0,0,0,0,0.00035108400334138423,0.000588522511249294,0.0007996947340648241,0.043769220006652176,0.08310732399695553,0.12774924001132604,0.1813854569918476
PPO_last_550901,precommitted_secondary,550901,last,6fe32a8dfb0ffbd5c1576651da3834283b98c2d2387e08770abef0933c56afd3,me5418-scenes-v1-0061,near_link,formal-g003,True,,,,,1.0,4.531132073520662e-05,3.468233215362856e-05,2.2789490052249575e-05,0.016779510135819728,0.019481392163998704,0,0,0.8647874812439106,0.2266495082699804,0.0,0.0,0.369047619047619,1.0,0.0,0.0,0.12976545190571673,0,0,0,89,0,0,961,0,0,0,0,0,0,0.00033328387515515107,0.0005959118564078381,0.0007869264666017747,0.04392015500343405,0.08257390798826236,0.1274869050103007,0.973595192990615
PPO_last_550901,precommitted_secondary,550901,last,6fe32a8dfb0ffbd5c1576651da3834283b98c2d2387e08770abef0933c56afd3,me5418-scenes-v1-0067,tight_layout,formal-g009,True,,,,,1.0,7.873867794290044e-05,5.617405928183834e-05,6.593043070375062e-05,0.012094203963854092,0.01933885721927691,0,0,0.4149267265353788,0.2474763374301424,0.0,0.0,0.5967261904761904,1.0,0.0,0.0,0.17065797927900261,0,0,0,79,0,0,961,0,0,0,0,0,0,0.00029264062512387073,0.0005762065447167212,0.0007084222831963416,0.04473530099494383,0.0791138630011119,0.12476574300671928,0.8927023129945155
PPO_last_550901,precommitted_secondary,550901,last,6fe32a8dfb0ffbd5c1576651da3834283b98c2d2387e08770abef0933c56afd3,me5418-scenes-v1-0068,far,formal-g010,True,,,,,1.0,7.434260903807227e-05,5.519432416511913e-05,5.0391531816927585e-05,,0.019697171030979142,961,0,0.1538564517490428,0.24703544810765152,0.0,0.0,0.5714285714285713,1.0,0.0,0.0,0.16396343513125822,0,0,0,0,0,0,961,0,0,0,0,0,0,0.00025657823493929754,0.000565038167496823,0.0006391318629387873,0.043669823004165664,0.07466903000022285,0.1192046149953967,0.8199278940010117
PPO_last_550901,precommitted_secondary,550901,last,6fe32a8dfb0ffbd5c1576651da3834283b98c2d2387e08770abef0933c56afd3,me5418-scenes-v1-0071,near_link,formal-g013,True,,,,,1.0,6.458021248851689e-05,4.6924265371592614e-05,2.4366252989992698e-05,0.03166965680758933,0.019567567736960015,9,0,1.662978313197366,0.25190411261565526,0.0,0.0,0.5870535714285713,1.0,0.0,0.0,0.14879298897437926,0,0,0,0,0,0,961,0,0,0,0,0,0,0.00029834885405459016,0.0005828593781188829,0.0007206340436823666,0.043966202007140964,0.07980650800163858,0.12469434799277224,0.9042638719984097
PPO_last_550901,precommitted_secondary,550901,last,6fe32a8dfb0ffbd5c1576651da3834283b98c2d2387e08770abef0933c56afd3,me5418-scenes-v1-0073,far,formal-g015,True,,,,,1.0,6.184276023644837e-05,4.8993301124598824e-05,5.075209808607928e-05,,0.019459731629555034,961,0,0.15688731237139455,0.24680326252273566,0.0,0.0,0.5714285714285713,1.0,0.0,0.0,0.1668219275805833,0,0,0,0,0,0,961,0,0,0,0,0,0,0.00026772814089781605,0.0005620380221898813,0.0006384169782601627,0.04356397299852688,0.0752139180112863,0.11963828300940804,0.8196178660000442
PPO_last_550901,precommitted_secondary,550901,last,6fe32a8dfb0ffbd5c1576651da3834283b98c2d2387e08770abef0933c56afd3,me5418-scenes-v1-0079,near_link,formal-g021,True,,,,,1.0,6.247404758202778e-05,4.539213390974278e-05,6.247404758202778e-05,0.03297733773377219,0.0179070129678792,0,0,0.3604844683962557,0.26451021365112615,0.0,0.0,0.5617559523809522,1.0,0.0,0.0,0.17360136160360914,0,0,0,0,0,0,961,0,0,0,0,0,0,0.00029072905704197183,0.0005760627749017052,0.0006970582960245035,0.04742747900309041,0.08005191100528464,0.12838014800217934,0.8842829180066474
PPO_last_550901,precommitted_secondary,550901,last,6fe32a8dfb0ffbd5c1576651da3834283b98c2d2387e08770abef0933c56afd3,me5418-scenes-v1-0080,tight_layout,formal-g022,True,,,,,1.0,7.428819929938645e-05,5.615358242653483e-05,7.133822981878198e-05,0.009660998395539425,0.01882868027419158,0,0,0.29832809454857695,0.2810005511535448,0.0,0.0,0.6249999999999999,1.0,0.0,0.0,0.18083179663046306,0,0,0,113,0,0,961,0,0,0,0,0,0,0.00028914171328627464,0.0005852928177925303,0.0007150587350224669,0.043848108005477116,0.08310961601091549,0.12782449000224005,0.9009437049971893
PPO_last_550901,precommitted_secondary,550901,last,6fe32a8dfb0ffbd5c1576651da3834283b98c2d2387e08770abef0933c56afd3,me5418-scenes-v1-0082,tight_layout,formal-g024,True,,,,,1.0,6.830611448628919e-05,4.588287559519545e-05,2.7186520850650038e-05,0.010539393832081453,0.019435547725513473,0,0,1.0908337241299975,0.2222093338967188,0.0,0.0,0.40178571428571425,1.0,0.0,0.0,0.13609627881697156,0,0,0,138,0,0,961,0,0,0,0,0,0,0.0003266063700569551,0.0005958024497582907,0.0007898106967180259,0.043097182002384216,0.08188460700330324,0.12590616100351326,0.9739962739986368
PPO_last_550901,precommitted_secondary,550901,last,6fe32a8dfb0ffbd5c1576651da3834283b98c2d2387e08770abef0933c56afd3,me5418-scenes-v1-0098,far,formal-g040,True,,,,,1.0,7.343616425618367e-05,5.6275822174483984e-05,4.956195435082143e-05,,0.01963039287858241,961,0,0.14607999644028888,0.2605330853716311,0.0,0.0,0.5714285714285713,1.0,0.0,0.0,0.16527257558800987,0,0,0,0,0,0,961,0,0,0,0,0,0,0.00026532098938029475,0.0005622765830442707,0.0006380845281910297,0.043010748995584436,0.0750621009938186,0.1189037870062748,0.8180808400065871
PPO_last_550901,precommitted_secondary,550901,last,6fe32a8dfb0ffbd5c1576651da3834283b98c2d2387e08770abef0933c56afd3,me5418-scenes-v1-0109,near_link,formal-g051,True,,,,,1.0,3.485719403590005e-05,2.7469830200658186e-05,3.427701381197573e-05,0.017202738319176847,0.0194756577871295,0,0,0.6905870031142111,0.2106521994590747,0.0,0.0,0.3251488095238095,1.0,0.0,0.0,0.1356347618502609,0,0,0,63,0,0,961,0,0,0,0,0,0,0.000332626703235898,0.0005908632860003612,0.0007767145904836071,0.04297705499629956,0.08334164400002919,0.1272228939924389,0.9622572219959693
PPO_last_550901,precommitted_secondary,550901,last,6fe32a8dfb0ffbd5c1576651da3834283b98c2d2387e08770abef0933c56afd3,me5418-scenes-v1-0119,near_link,formal-g003,True,,,,,1.0,2.8296940401647583e-05,1.7448175164195777e-05,2.4436450829325973e-05,0.019150390123645264,0.01944626436496181,0,0,0.7017614067135239,0.22425704098297172,0.0,0.0,0.30059523809523797,1.0,0.0,0.0,0.12818969840327987,0,0,0,47,0,0,961,0,0,0,0,0,0,0.00036396573485338496,0.0006024878321416812,0.0007929728093586163,0.04336798199801706,0.0826223969925195,0.12690423299500253,0.9798458079894772
PPO_last_550901,precommitted_secondary,550901,last,6fe32a8dfb0ffbd5c1576651da3834283b98c2d2387e08770abef0933c56afd3,me5418-scenes-v1-0122,near_link,formal-g006,True,,,,,1.0,5.197217411486015e-05,2.7703107681291884e-05,5.197217411486015e-05,0.013644399431133547,0.01961861550987954,0,0,0.5232872027230918,0.21381177400710835,0.0,0.0,0.5714285714285713,1.0,0.0,0.0,0.1449779640858261,0,0,0,67,0,0,961,0,0,0,0,0,0,0.00031335645864298084,0.000581440368659969,0.0007494892204097899,0.04373147799924482,0.08201702599762939,0.12666972099395934,0.93541311599256
PPO_last_550901,precommitted_secondary,550901,last,6fe32a8dfb0ffbd5c1576651da3834283b98c2d2387e08770abef0933c56afd3,me5418-scenes-v1-0126,far,formal-g010,True,,,,,1.0,6.790799947164386e-05,5.358116340368854e-05,4.79829836881003e-05,,0.019650264319616507,961,0,0.14797267810574619,0.24704291580913687,0.0,0.0,0.5714285714285713,1.0,0.0,0.0,0.16499873672478962,0,0,0,0,0,0,961,0,0,0,0,0,0,0.00026519877042119333,0.0005641097623689954,0.0006404111862896874,0.045073297995259054,0.07641667500138283,0.12238932799664326,0.8263629410066642
PPO_last_550901,precommitted_secondary,550901,last,6fe32a8dfb0ffbd5c1576651da3834283b98c2d2387e08770abef0933c56afd3,me5418-scenes-v1-0129,near_link,formal-g013,True,,,,,1.0,5.423531170733447e-05,3.882124801132254e-05,5.153172686213256e-05,0.016612750731674925,0.01951199453750957,0,0,0.7604064166752282,0.22933163369332604,0.0,0.0,0.45089285714285704,1.0,0.0,0.0,0.13786902877091917,0,0,0,411,0,0,961,0,0,0,0,0,0,0.0003114152250418556,0.000586502726036997,0.0007420543187587706,0.04467956500593573,0.08144063799409196,0.12705033698875923,0.9276600709999911
PPO_last_550901,precommitted_secondary,550901,last,6fe32a8dfb0ffbd5c1576651da3834283b98c2d2387e08770abef0933c56afd3,me5418-scenes-v1-0131,far,formal-g015,True,,,,,1.0,6.209264822323857e-05,5.005347506081176e-05,5.022325207598191e-05,,0.019712296363568922,961,0,0.15326569397706538,0.24691704812360224,0.0,0.0,0.5714285714285713,1.0,0.0,0.0,0.16632927304710307,0,0,0,0,0,0,961,0,0,0,0,0,0,0.00025384274461733486,0.00055507328299124,0.00062852501753999,0.04360368600464426,0.07490155700361356,0.11938167599146254,0.8085096400027396
PPO_last_550901,precommitted_secondary,550901,last,6fe32a8dfb0ffbd5c1576651da3834283b98c2d2387e08770abef0933c56afd3,me5418-scenes-v1-0137,near_link,formal-g021,True,,,,,1.0,6.297859304883197e-05,4.430083768642513e-05,6.297859304883197e-05,0.005389593533349557,0.01888014887306346,0,0,0.40642450292919496,0.2593385649128211,0.0,0.0,0.6168154761904762,1.0,0.0,0.0,0.18217307304786073,0,0,0,135,0,0,961,0,0,0,0,0,0,0.00029037651074759196,0.0005805628511097894,0.0007115316512378438,0.04290966800181195,0.07998005300760269,0.12379681199672632,0.8962029059912311
PPO_last_550901,precommitted_secondary,550901,last,6fe32a8dfb0ffbd5c1576651da3834283b98c2d2387e08770abef0933c56afd3,me5418-scenes-v1-0140,tight_layout,formal-g024,True,,,,,1.0,5.361834592305164e-05,3.821538455585105e-05,3.2893961982728134e-05,0.01999122281494116,0.019491817409584243,0,0,0.7596706332135916,0.20288111408546783,0.0,0.0,0.36383928571428564,1.0,0.0,0.0,0.13417827693545925,0,0,0,60,0,0,961,0,0,0,0,0,0,0.0003271998126971691,0.0005985299342076663,0.0007886225313389635,0.044098919999669306,0.08308726300310809,0.12805104299332015,0.9766484049905557
PPO_last_550901,precommitted_secondary,550901,last,6fe32a8dfb0ffbd5c1576651da3834283b98c2d2387e08770abef0933c56afd3,me5418-scenes-v1-0144,near_link,formal-g028,True,,,,,1.0,5.595734442321529e-05,4.167372792392147e-05,2.5426518687781152e-05,0.005722764091932286,0.019377682423836043,0,0,1.4056115063923393,0.2657052137727948,0.0,0.0,0.45535714285714285,1.0,0.0,0.0,0.1466587809928959,0,0,0,234,0,0,961,0,0,0,0,0,0,0.00032359004194404406,0.0005911333573142959,0.0007701785084312481,0.04411014101060573,0.08213513699593022,0.12713516599615104,0.9552090229990426
PPO_last_550901,precommitted_secondary,550901,last,6fe32a8dfb0ffbd5c1576651da3834283b98c2d2387e08770abef0933c56afd3,me5418-scenes-v1-0156,far,formal-g040,True,,,,,1.0,7.69425865695706e-05,5.757303219427811e-05,4.9968379194358517e-05,,0.019625000695121658,961,0,0.15025056088243713,0.2687445637746561,0.0,0.0,0.5714285714285713,1.0,0.0,0.0,0.16548334079949806,0,0,0,0,0,0,961,0,0,0,0,0,0,0.000255759911245453,0.0005538161509169489,0.0006276260124044105,0.043444726994493976,0.07486748199153226,0.11918869000510313,0.8097128710069228
PPO_last_550901,precommitted_secondary,550901,last,6fe32a8dfb0ffbd5c1576651da3834283b98c2d2387e08770abef0933c56afd3,me5418-scenes-v1-0160,tight_layout,formal-g044,True,,,,,1.0,5.1882090975550846e-05,2.647030640028844e-05,5.1882090975550846e-05,0.0050362588279241755,0.01955996834276348,0,0,0.10818402850502828,0.23266440198341,0.0,0.0,0.5714285714285713,1.0,0.0,0.0,0.1314548436568917,0,0,0,160,0,0,961,0,0,0,0,0,0,0.00032540555260614684,0.0005905702861430958,0.0007890261770019909,0.04504086599627044,0.08437034201051574,0.13031856900488492,0.9776905940088909
PPO_last_550901,precommitted_secondary,550901,last,6fe32a8dfb0ffbd5c1576651da3834283b98c2d2387e08770abef0933c56afd3,me5418-scenes-v1-0167,near_link,formal-g051,True,,,,,1.0,3.099889043920457e-05,2.7753582128686784e-05,2.733586658631906e-05,0.038192481069667675,0.019631920730960345,0,0,0.5440139626603836,0.2288630555051115,0.0,0.0,0.328125,0.8177083333333334,0.0,0.0,0.14071434022348728,0,0,0,0,0,0,961,0,0,0,0,0,0,0.00031128654692717345,0.000582671408301394,0.0007355237104093249,0.0443171710066963,0.07976450599380769,0.12495450300048105,0.9230366379924817
PPO_last_550901,precommitted_secondary,550901,last,6fe32a8dfb0ffbd5c1576651da3834283b98c2d2387e08770abef0933c56afd3,me5418-scenes-v1-0173,tight_layout,formal-g057,True,,,,,1.0,4.0882258021350047e-05,3.334950055154705e-05,3.2721755631433666e-05,0.003026663375586755,0.019496241921930876,0,0,1.9139735656098458,0.2515996475999526,0.0,0.0,0.5729166666666665,1.0,0.0,0.0,0.15024164274190774,0,0,0,123,0,0,961,0,0,0,0,0,0,0.00029435230726448935,0.0005765487771138093,0.0007047675052945124,0.044368217000737786,0.08051680499920622,0.1257371390092885,0.8892306460038526
PPO_last_550901,precommitted_secondary,550901,last,6fe32a8dfb0ffbd5c1576651da3834283b98c2d2387e08770abef0933c56afd3,me5418-scenes-v1-0177,near_link,formal-g003,True,,,,,1.0,5.715083608710183e-05,4.2156369209074366e-05,4.297079480867743e-06,0.049725540706937355,0.019426263292402608,0,0,1.2298242893644558,0.2218223334776606,0.0,0.0,0.36458333333333326,1.0,0.0,0.0,0.12853375895591895,0,0,0,0,0,0,961,0,0,0,0,0,0,0.0003254169841208447,0.0006937475029341537,0.0008863667906098271,0.044880322995595634,0.08118217899755109,0.12711325401323847,1.0681303830060642
PPO_last_550901,precommitted_secondary,550901,last,6fe32a8dfb0ffbd5c1576651da3834283b98c2d2387e08770abef0933c56afd3,me5418-scenes-v1-0184,far,formal-g010,True,,,,,1.0,7.044119959615987e-05,5.544280570983694e-05,4.942368764582766e-05,,0.01963963204172963,961,0,0.14624715528145998,0.25192933171889964,0.0,0.0,0.5714285714285713,1.0,0.0,0.0,0.16496542956059176,0,0,0,0,0,0,961,0,0,0,0,0,0,0.00025757925436664664,0.0005618158280261317,0.0006360347934787569,0.044137251999927685,0.07509487999777775,0.1200907299935352,0.817286123012309
PPO_last_550901,precommitted_secondary,550901,last,6fe32a8dfb0ffbd5c1576651da3834283b98c2d2387e08770abef0933c56afd3,me5418-scenes-v1-0187,near_link,formal-g013,True,,,,,1.0,6.697298523315605e-05,5.0017861885848463e-05,6.697298523315605e-05,0.019622347829503256,0.019614139670631255,0,0,0.7271478558384423,0.24650680316324977,0.0,0.0,0.5104166666666666,1.0,0.0,0.0,0.14387250570677376,0,0,0,177,0,0,961,0,0,0,0,0,0,0.00031296493163305666,0.0005865202103753594,0.0007359976666217942,0.043591281995759346,0.07997554300527554,0.12443379999604076,0.9209900499990908
PPO_last_550901,precommitted_secondary,550901,last,6fe32a8dfb0ffbd5c1576651da3834283b98c2d2387e08770abef0933c56afd3,me5418-scenes-v1-0189,far,formal-g015,True,,,,,1.0,6.401550584806012e-05,5.00230043970009e-05,5.155981161406163e-05,,0.019562331887077025,961,0,0.15177560140844737,0.24725350847353855,0.0,0.0,0.5714285714285713,1.0,0.0,0.0,0.16567919169042616,0,0,0,0,0,0,961,0,0,0,0,0,0,0.0002619453074809523,0.0005612960445584273,0.000636604869881315,0.04537780999089591,0.07474331700359471,0.12093584399553947,0.8174867380002979
PPO_last_550901,precommitted_secondary,550901,last,6fe32a8dfb0ffbd5c1576651da3834283b98c2d2387e08770abef0933c56afd3,me5418-scenes-v1-0195,near_link,formal-g021,True,,,,,1.0,6.955864888457811e-05,4.474670939135794e-05,6.955864888457811e-05,0.02314283294118527,0.018485864176819626,0,0,0.3794169035765747,0.26911866978707927,0.0,0.0,0.5543154761904762,1.0,0.0,0.0,0.17774996608052224,0,0,0,64,0,0,961,0,0,0,0,0,0,0.0002817571052370719,0.0005760535727101038,0.0006943844385205011,0.043996034990414046,0.07882915101072285,0.1237828629964497,0.8798682110063965
PPO_last_550901,precommitted_secondary,550901,last,6fe32a8dfb0ffbd5c1576651da3834283b98c2d2387e08770abef0933c56afd3,me5418-scenes-v1-0198,tight_layout,formal-g024,True,,,,,1.0,9.027242596303067e-05,7.214126916458014e-05,9.027242596303067e-05,0.012082160278873502,0.019427411890737517,0,0,0.42863042517332367,0.23220078062340246,0.0,0.0,0.42857142857142855,1.0,0.0,0.0,0.1364341816044457,0,0,0,316,0,0,961,0,0,0,0,0,0,0.0003283153541815409,0.0006020064907716005,0.0008015697211400645,0.04370022700459231,0.08235925799817778,0.12691336500574835,0.9849117429985199
PPO_last_550901,precommitted_secondary,550901,last,6fe32a8dfb0ffbd5c1576651da3834283b98c2d2387e08770abef0933c56afd3,me5418-scenes-v1-0207,near_link,formal-g033,True,,,,,1.0,4.501210476715857e-05,3.1854509406167825e-05,1.5024543480232805e-05,0.021294482433320508,0.0195013103765016,0,0,0.5221264263348647,0.22053589820738945,0.0,0.0,0.3474702380952381,0.96875,0.0,0.0,0.13834017144926336,0,0,0,32,0,0,961,0,0,0,0,0,0,0.0003117192022727977,0.0005781585957720381,0.0007314077518761527,0.043122496994328685,0.08015433000400662,0.12420028900669422,0.916416867999942
PPO_last_550901,precommitted_secondary,550901,last,6fe32a8dfb0ffbd5c1576651da3834283b98c2d2387e08770abef0933c56afd3,me5418-scenes-v1-0214,far,formal-g040,True,,,,,1.0,8.410966910101906e-05,6.141920127501735e-05,4.899993892665007e-05,,0.01955792430145098,961,0,0.14910048838535853,0.26537347794308475,0.0,0.0,0.5714285714285713,1.0,0.0,0.0,0.1659802060779406,0,0,0,0,0,0,961,0,0,0,0,0,0,0.0002833255099782643,0.0005608192554215444,0.0006406504271732653,0.04360677099612076,0.07495249100611545,0.11941837100312114,0.8209974099881947
PPO_last_550901,precommitted_secondary,550901,last,6fe32a8dfb0ffbd5c1576651da3834283b98c2d2387e08770abef0933c56afd3,me5418-scenes-v1-0218,tight_layout,formal-g044,True,,,,,1.0,5.7990649966788804e-05,3.35316153700315e-05,5.7990649966788804e-05,0.023692561522580577,0.019429975114434193,0,0,0.10672136802199932,0.23719620171923222,0.0,0.0,0.5714285714285713,1.0,0.0,0.0,0.1322708544953327,0,0,0,39,0,0,961,0,0,0,0,0,0,0.0003383498806973269,0.0005935161605975736,0.0007944774468190492,0.0443183629977284,0.08243467898864765,0.12768111200421117,0.9785382880072575
PPO_last_550901,precommitted_secondary,550901,last,6fe32a8dfb0ffbd5c1576651da3834283b98c2d2387e08770abef0933c56afd3,me5418-scenes-v1-0225,near_link,formal-g051,True,,,,,1.0,3.222274775479524e-05,2.1426943247556483e-05,2.3771212353724306e-05,0.012881021317325936,0.019428967219120123,0,0,0.7886847593461872,0.20388077890920395,0.0,0.0,0.35267857142857134,1.0,0.0,0.0,0.13384334699228584,0,0,0,88,0,0,961,0,0,0,0,0,0,0.0003193509273084298,0.0005862784221638624,0.0007728728478468838,0.0449375099997269,0.08300661799148656,0.12883625000540633,0.9586578760063276
PPO_last_550901,precommitted_secondary,550901,last,6fe32a8dfb0ffbd5c1576651da3834283b98c2d2387e08770abef0933c56afd3,me5418-scenes-v1-0235,near_link,formal-g003,True,,,,,1.0,3.9570178938870634e-05,2.7795068041517394e-05,3.9090955225989575e-05,0.04572011190902536,0.01962895115611927,0,0,1.0909163729504538,0.22359967620696475,0.0,0.0,0.25669642857142855,0.9635416666666666,0.0,0.0,0.13627819038090475,0,0,0,0,0,0,961,0,0,0,0,0,0,0.0003066549214357413,0.0005797553302727465,0.0007357097936619538,0.043304480001097545,0.08086021000053734,0.12503767700400203,0.9207217679941095
PPO_last_550901,precommitted_secondary,550901,last,6fe32a8dfb0ffbd5c1576651da3834283b98c2d2387e08770abef0933c56afd3,me5418-scenes-v1-0242,far,formal-g010,True,,,,,1.0,7.092789240290582e-05,5.56056536585652e-05,4.8479792889482e-05,,0.01962366485228447,961,0,0.1520296527861548,0.24668975730275516,0.0,0.0,0.5714285714285713,1.0,0.0,0.0,0.16475682929712568,0,0,0,0,0,0,961,0,0,0,0,0,0,0.00025249854146143963,0.0005582800842300154,0.0006315519533776144,0.04516673200123478,0.0743385619862238,0.12034164099895861,0.812532280004234
PPO_last_550901,precommitted_secondary,550901,last,6fe32a8dfb0ffbd5c1576651da3834283b98c2d2387e08770abef0933c56afd3,me5418-scenes-v1-0245,near_link,formal-g013,True,,,,,1.0,3.1826592438607635e-05,2.4759289314481333e-05,2.8156743127597675e-05,0.01970791833917042,0.01958290209510495,0,0,1.1092769440120953,0.22455019169453047,0.0,0.0,0.353422619047619,1.0,0.0,0.0,0.13971787353525758,0,0,0,46,0,0,961,0,0,0,0,0,0,0.00031956867140555306,0.0005846944601671566,0.000744765088635783,0.043640795003739186,0.08234910799365025,0.1268786069995258,0.9331742159993155
PPO_last_550901,precommitted_secondary,550901,last,6fe32a8dfb0ffbd5c1576651da3834283b98c2d2387e08770abef0933c56afd3,me5418-scenes-v1-0247,far,formal-g015,True,,,,,1.0,6.885082449487868e-05,4.977911718555012e-05,5.555820226253143e-05,,0.018958185900427242,961,0,0.16143870147008335,0.24708045168669981,0.0,0.0,0.5714285714285713,1.0,0.0,0.0,0.1677677397006413,0,0,0,0,0,0,961,0,0,0,0,0,0,0.00025610353168303845,0.0005554181841489481,0.000629381751089871,0.043233136006165296,0.07464673300273716,0.11877431499306113,0.8090648280049209
PPO_last_550901,precommitted_secondary,550901,last,6fe32a8dfb0ffbd5c1576651da3834283b98c2d2387e08770abef0933c56afd3,me5418-scenes-v1-0253,near_link,formal-g021,True,,,,,1.0,8.21174124574843e-05,4.465914249772301e-05,8.21174124574843e-05,0.012443191842040624,0.0192340654811258,0,0,0.3426986981299162,0.26878896426448246,0.0,0.0,0.5528273809523809,1.0,0.0,0.0,0.16949562425946907,0,0,0,151,0,0,961,0,0,0,0,0,0,0.000284542578356195,0.0005732552960125758,0.0006936963904536242,0.04390048400091473,0.07978416999685578,0.12461513899324927,0.8786611249961425
PPO_last_550901,precommitted_secondary,550901,last,6fe32a8dfb0ffbd5c1576651da3834283b98c2d2387e08770abef0933c56afd3,me5418-scenes-v1-0256,tight_layout,formal-g024,True,,,,,1.0,5.127640848363986e-05,3.5143419933600465e-05,2.8210939074388918e-05,0.0458358542639226,0.019462878943962224,0,0,1.0374119132220176,0.1774336786517581,0.0,0.0,0.36607142857142855,1.0,0.0,0.0,0.12551853975303295,0,0,0,0,0,0,961,0,0,0,0,0,0,0.00031854685433548485,0.0005967430595167874,0.0007756759094111961,0.04572705799364485,0.08068407699465752,0.12731748500664253,0.9616177459975006
PPO_last_550901,precommitted_secondary,550901,last,6fe32a8dfb0ffbd5c1576651da3834283b98c2d2387e08770abef0933c56afd3,me5418-scenes-v1-0260,near_link,formal-g028,True,,,,,1.0,6.33282573776958e-05,5.7300508560750075e-05,6.252678092552867e-05,0.02304903753525328,0.019501701188399896,0,0,0.37444605228918065,0.20279530411509575,0.0,0.0,0.4270833333333333,1.0,0.0,0.0,0.13236828681436322,0,0,0,302,0,0,961,0,0,0,0,0,0,0.0003346681403399998,0.0005958761249379071,0.000796503568699336,0.04402811398904305,0.08230490300047677,0.1272176659986144,0.9834064210008364
PPO_last_550901,precommitted_secondary,550901,last,6fe32a8dfb0ffbd5c1576651da3834283b98c2d2387e08770abef0933c56afd3,me5418-scenes-v1-0272,far,formal-g040,True,,,,,1.0,8.445481508444817e-05,6.178295188104884e-05,5.1061557425950624e-05,,0.019625481765287736,961,0,0.14862189685501143,0.2832780507317221,0.0,0.0,0.5714285714285713,1.0,0.0,0.0,0.16500554904896056,0,0,0,0,0,0,961,0,0,0,0,0,0,0.0002597280733122413,0.0005583855103698927,0.0006329850283085156,0.043141492002177984,0.0745720910053933,0.11856351599271875,0.8117144470015774
PPO_last_550901,precommitted_secondary,550901,last,6fe32a8dfb0ffbd5c1576651da3834283b98c2d2387e08770abef0933c56afd3,me5418-scenes-v1-0276,tight_layout,formal-g044,True,,,,,1.0,5.408132223171145e-05,2.7723652366246678e-05,5.408132223171145e-05,0.024390204752604686,0.019381277705420488,0,0,0.33377407069613735,0.25006071706048816,0.0,0.0,0.5729166666666665,1.0,0.0,0.0,0.14288532094298198,0,0,0,28,0,0,961,0,0,0,0,0,0,0.00031748117210857646,0.0005822437450357635,0.0007668756264441375,0.04611481000029016,0.08207220400799997,0.12908606899145525,0.9542242669995176
PPO_last_550901,precommitted_secondary,550901,last,6fe32a8dfb0ffbd5c1576651da3834283b98c2d2387e08770abef0933c56afd3,me5418-scenes-v1-0283,near_link,formal-g051,True,,,,,1.0,5.9637798175270187e-05,4.1237239086019874e-05,5.9637798175270187e-05,0.013366001930808696,0.019481621932859065,0,0,1.571012666597426,0.21521971219422653,0.0,0.0,0.40550595238095233,1.0,0.0,0.0,0.14506771656340875,0,0,0,102,0,0,961,0,0,0,0,0,0,0.0003126142023575085,0.0005862170915709916,0.0007563929490364292,0.04347944899927825,0.08180246500705834,0.12613142700865865,0.942430155002512
PPO_last_550901,precommitted_secondary,550901,last,6fe32a8dfb0ffbd5c1576651da3834283b98c2d2387e08770abef0933c56afd3,me5418-scenes-v1-0285,near_link,formal-g053,True,,,,,1.0,6.112102445127595e-05,4.3649941200909265e-05,6.112102445127595e-05,0.027501150167020802,0.01934583695704816,0,0,0.48165760456616286,0.21783501715965392,0.0,0.0,0.36458333333333326,1.0,0.0,0.0,0.13512212932310788,0,0,0,19,0,0,961,0,0,0,0,0,0,0.00032728444216445496,0.0005936633699244946,0.000780851014618141,0.04439604798972141,0.08299627600354142,0.12830849099555053,0.9674800199863967
PPO_last_550901,precommitted_secondary,550901,last,6fe32a8dfb0ffbd5c1576651da3834283b98c2d2387e08770abef0933c56afd3,me5418-scenes-v1-0289,tight_layout,formal-g057,True,,,,,1.0,4.7973399383950644e-05,2.9005674003854814e-05,2.1858062142906455e-05,0.003536615303070534,0.019427498834154004,0,0,1.4295085625147494,0.24030936454259538,0.0,0.0,0.5788690476190474,1.0,0.0,0.0,0.1507579286549506,0,0,0,97,0,0,961,0,0,0,0,0,0,0.0003156589114041708,0.000583963318407162,0.0007521166010216499,0.04373459100315813,0.08177335000073072,0.12643077099346556,0.9375899040023796
PPO_last_550901,precommitted_secondary,550901,last,6fe32a8dfb0ffbd5c1576651da3834283b98c2d2387e08770abef0933c56afd3,me5418-scenes-v1-0293,near_link,formal-g003,True,,,,,1.0,3.3787393731841124e-05,2.567994138149306e-05,2.684078436759632e-05,0.035834384540691294,0.01959004837310986,0,0,0.6536069986750904,0.21468144387214488,0.0,0.0,0.22916666666666666,0.6979166666666666,0.0,0.0,0.12797266978692884,0,0,0,0,0,0,961,0,0,0,0,0,0,0.0003005408433030728,0.0005771975741936331,0.0007287614498333521,0.043579357996350154,0.0805391729954863,0.12503811399801634,0.9165164029982407
PPO_last_550901,precommitted_secondary,550901,last,6fe32a8dfb0ffbd5c1576651da3834283b98c2d2387e08770abef0933c56afd3,me5418-scenes-v1-0300,far,formal-g010,True,,,,,1.0,6.967002877352236e-05,5.400270447410129e-05,4.8740458682098214e-05,,0.019669415146383866,961,0,0.14817310558758431,0.25062487156408936,0.0,0.0,0.5714285714285713,1.0,0.0,0.0,0.16503026606515048,0,0,0,0,0,0,961,0,0,0,0,0,0,0.000254522271385819,0.0005600198322402624,0.0006336053845340454,0.04313808500592131,0.07657454599393532,0.12055318600323517,0.8146210580016486
PPO_last_550901,precommitted_secondary,550901,last,6fe32a8dfb0ffbd5c1576651da3834283b98c2d2387e08770abef0933c56afd3,me5418-scenes-v1-0303,near_link,formal-g013,True,,,,,1.0,6.38484357085905e-05,4.577530582134814e-05,6.38484357085905e-05,0.016915773199234152,0.019485526513428955,0,0,0.6470751235076231,0.24318111353629818,0.0,0.0,0.4717261904761904,1.0,0.0,0.0,0.14353279446118647,0,0,0,189,0,0,961,0,0,0,0,0,0,0.0003135940252529205,0.0005855950175221854,0.0007376189040466367,0.04403672899934463,0.08013879699865356,0.1250217229971895,0.9224616510036867
PPO_last_550901,precommitted_secondary,550901,last,6fe32a8dfb0ffbd5c1576651da3834283b98c2d2387e08770abef0933c56afd3,me5418-scenes-v1-0305,far,formal-g015,True,,,,,1.0,6.402612286095852e-05,5.035247929523487e-05,5.241222658603419e-05,,0.019490522429296983,961,0,0.1512412369763741,0.24719152146586493,0.0,0.0,0.5714285714285713,1.0,0.0,0.0,0.16638348028451824,0,0,0,0,0,0,961,0,0,0,0,0,0,0.0002579756821887713,0.0005584843570583568,0.0006327777956509332,0.044671726995147765,0.07498299499275163,0.12053455199929886,0.8143475690012565
PPO_last_550901,precommitted_secondary,550901,last,6fe32a8dfb0ffbd5c1576651da3834283b98c2d2387e08770abef0933c56afd3,me5418-scenes-v1-0311,near_link,formal-g021,True,,,,,1.0,6.182761659557652e-05,4.556308603494952e-05,6.157314018864654e-05,0.0474224588032051,0.01780994683283694,0,0,0.331204976427399,0.259318958016835,0.0,0.0,0.5959821428571428,1.0,0.0,0.0,0.17160388669331691,0,0,0,0,0,0,961,0,0,0,0,0,0,0.00028519218168791366,0.0005720674878223993,0.0006924707624572572,0.04354892000264954,0.07833696900343057,0.12273837601242121,0.8743178019940387
PPO_last_550901,precommitted_secondary,550901,last,6fe32a8dfb0ffbd5c1576651da3834283b98c2d2387e08770abef0933c56afd3,me5418-scenes-v1-0314,tight_layout,formal-g024,True,,,,,1.0,5.0073381754963504e-05,3.402589017509904e-05,4.502483841393827e-05,0.041742737205152064,0.01953422983650635,0,0,0.6447587691139405,0.19144086709380587,0.0,0.0,0.353422619047619,1.0,0.0,0.0,0.13239363621715233,0,0,0,0,0,0,961,0,0,0,0,0,0,0.0003320285945089078,0.000598244436408398,0.0007892804344616403,0.04404525501013268,0.08208458599983715,0.12699006299953908,0.9752835409890395
PPO_last_550901,precommitted_secondary,550901,last,6fe32a8dfb0ffbd5c1576651da3834283b98c2d2387e08770abef0933c56afd3,me5418-scenes-v1-0316,near_link,formal-g026,True,,,,,1.0,4.825016876824295e-05,3.423582818560226e-05,2.2806765317577264e-05,0.03421877065869988,0.019540138401471625,133,0,1.5352944837287323,0.26175642787082354,0.0,0.0,0.5937499999999999,1.0,0.0,0.0,0.15002436839831285,0,0,0,0,0,0,961,0,0,0,0,0,0,0.0003017832037433739,0.0005791352908242213,0.000717116565510878,0.043910881999181584,0.08222292600839864,0.12700230699556414,0.90376073900552
PPO_last_550901,precommitted_secondary,550901,last,6fe32a8dfb0ffbd5c1576651da3834283b98c2d2387e08770abef0933c56afd3,me5418-scenes-v1-0323,near_link,formal-g033,True,,,,,1.0,4.5709565375754e-05,3.618695356739696e-05,1.4751394190936948e-05,0.009497593992321515,0.01962204131072188,0,0,0.26332395275114123,0.2573427253356646,0.0,0.0,0.4479166666666666,1.0,0.0,0.0,0.15171965181916242,0,0,0,570,0,0,961,0,0,0,0,0,0,0.0003101901669045522,0.0005760261420012587,0.000727751822554031,0.04414861000259407,0.08035076600208413,0.12537695199716836,0.9128307500068331
PPO_last_550901,precommitted_secondary,550901,last,6fe32a8dfb0ffbd5c1576651da3834283b98c2d2387e08770abef0933c56afd3,me5418-scenes-v1-0330,far,formal-g040,True,,,,,1.0,8.468369558062126e-05,6.148668498843904e-05,4.9216380526025354e-05,,0.019573976528708327,961,0,0.14871912692364656,0.27465192030909774,0.0,0.0,0.5714285714285713,1.0,0.0,0.0,0.16566564167982764,0,0,0,0,0,0,961,0,0,0,0,0,0,0.00025609771311489266,0.0005532207470878347,0.0006270893924617363,0.044825295990449376,0.07475265000539366,0.1204358940012753,0.8070231179881375
PPO_last_550901,precommitted_secondary,550901,last,6fe32a8dfb0ffbd5c1576651da3834283b98c2d2387e08770abef0933c56afd3,me5418-scenes-v1-0341,near_link,formal-g051,True,,,,,1.0,3.235460133216428e-05,2.862961456820057e-05,3.0028523182054443e-05,0.037786378854931496,0.019635542678926705,0,0,0.6569386520999239,0.22752067286956432,0.0,0.0,0.33779761904761907,0.890625,0.0,0.0,0.1404337248965887,0,0,0,0,0,0,961,0,0,0,0,0,0,0.00030563481269988796,0.0005781527917103328,0.00073050797795986,0.04410292400280014,0.07970641100837383,0.1247390579956118,0.9167342580039985
PPO_last_550901,precommitted_secondary,550901,last,6fe32a8dfb0ffbd5c1576651da3834283b98c2d2387e08770abef0933c56afd3,me5418-scenes-v1-0344,tight_layout,formal-g054,True,,,,,1.0,6.609506425388692e-05,4.19828502146109e-05,6.609506425388692e-05,0.025737794037442502,0.019326680530511654,0,0,0.12349398762967498,0.24136331355950227,0.0,0.0,0.5714285714285713,1.0,0.0,0.0,0.13062565857101055,0,0,0,33,0,0,961,0,0,0,0,0,0,0.0003737704796549224,0.0006086668518795099,0.0008194194323702201,0.04337180500442628,0.083761276997393,0.12809382399427705,1.003576092000003
PPO_last_550901,precommitted_secondary,550901,last,6fe32a8dfb0ffbd5c1576651da3834283b98c2d2387e08770abef0933c56afd3,me5418-scenes-v1-0351,near_link,formal-g003,True,,,,,1.0,6.643110130223281e-05,4.877597586146584e-05,3.887129262372716e-05,0.022277162642347623,0.01950279101547195,0,0,0.2653008366369632,0.2420954648430117,0.0,0.0,0.39955357142857134,1.0,0.0,0.0,0.14741175430508088,0,0,0,31,0,0,961,0,0,0,0,0,0,0.0003130320628012366,0.0005781881510150318,0.0007305485988126747,0.04403976500907447,0.08056988900352735,0.12545358500210568,0.9160891969950171
PPO_last_550901,precommitted_secondary,550901,last,6fe32a8dfb0ffbd5c1576651da3834283b98c2d2387e08770abef0933c56afd3,me5418-scenes-v1-0357,tight_layout,formal-g009,True,,,,,1.0,8.949992254479581e-05,7.80893820860091e-05,7.582758311947094e-05,0.0030027841526193977,0.019634649529876605,0,0,0.35813707370257236,0.24857176616237392,0.0,0.0,0.5744047619047618,1.0,0.0,0.0,0.17789776468915597,0,0,0,129,0,0,961,0,0,0,0,0,0,0.0002963424995717408,0.0005727241354331151,0.0007092794896076763,0.043766630013124086,0.07954081799834967,0.12415593799960334,0.892887713998789
PPO_last_550901,precommitted_secondary,550901,last,6fe32a8dfb0ffbd5c1576651da3834283b98c2d2387e08770abef0933c56afd3,me5418-scenes-v1-0358,far,formal-g010,True,,,,,1.0,7.185922238325095e-05,5.514465753678594e-05,4.844551585505164e-05,,0.019627326004289423,961,0,0.1456279357735451,0.25346589276137693,0.0,0.0,0.5714285714285713,1.0,0.0,0.0,0.16551697746673155,0,0,0,0,0,0,961,0,0,0,0,0,0,0.0002540608597125053,0.0005602462864165622,0.0006338318196564311,0.04336136599886231,0.07513180299429223,0.11934880301123485,0.8130563769955188
PPO_last_550901,precommitted_secondary,550901,last,6fe32a8dfb0ffbd5c1576651da3834283b98c2d2387e08770abef0933c56afd3,me5418-scenes-v1-0361,near_link,formal-g013,True,,,,,1.0,6.296489982172917e-05,4.4438057814573086e-05,6.296489982172917e-05,0.039352089629431805,0.01947682094702822,0,0,0.6131186720550283,0.23710034806511845,0.0,0.0,0.4553571428571428,1.0,0.0,0.0,0.14370249738650664,0,0,0,0,0,0,961,0,0,0,0,0,0,0.0003039555368407794,0.0005802698950295356,0.0007261749717902906,0.04404404299566522,0.080126241009566,0.12509829500049818,0.9103522740042536
PPO_last_550901,precommitted_secondary,550901,last,6fe32a8dfb0ffbd5c1576651da3834283b98c2d2387e08770abef0933c56afd3,me5418-scenes-v1-0363,far,formal-g015,True,,,,,1.0,6.201252081379097e-05,4.785407898636803e-05,5.017184554450052e-05,,0.01950118710546208,961,0,0.15453761083814177,0.2469553840771914,0.0,0.0,0.5714285714285713,1.0,0.0,0.0,0.16726847013924273,0,0,0,0,0,0,961,0,0,0,0,0,0,0.00026133052566971554,0.0005567386791578125,0.0006317849416367002,0.044032139994669706,0.07523421599762514,0.12014078599167988,0.8127291659911862
PPO_last_550901,precommitted_secondary,550901,last,6fe32a8dfb0ffbd5c1576651da3834283b98c2d2387e08770abef0933c56afd3,me5418-scenes-v1-0369,near_link,formal-g021,True,,,,,1.0,6.564794074190155e-05,4.576193635067317e-05,6.564794074190155e-05,0.033079626536892615,0.017542602258224946,0,0,0.34734970544008514,0.2579063157509276,0.0,0.0,0.5967261904761904,1.0,0.0,0.0,0.17335397391580043,0,0,0,0,0,0,961,0,0,0,0,0,0,0.00028277025027515873,0.0005749823949069348,0.0006944954868534599,0.043423462004284374,0.07819003000622615,0.12247442601073999,0.876241869002115
PPO_last_550901,precommitted_secondary,550901,last,6fe32a8dfb0ffbd5c1576651da3834283b98c2d2387e08770abef0933c56afd3,me5418-scenes-v1-0372,tight_layout,formal-g024,True,,,,,1.0,6.209496816129447e-05,4.4407811317000056e-05,3.5381569273145454e-05,0.04015797018068454,0.019496055685307753,0,0,0.7889840978317433,0.21246313284775814,0.0,0.0,0.31026785714285704,1.0,0.0,0.0,0.12769342787796634,0,0,0,0,0,0,961,0,0,0,0,0,0,0.0003078443642152706,0.0005909789859742887,0.0007587055219270648,0.04382773498946335,0.08049287300673313,0.12519767100457102,0.9420588659995701
PPO_last_550901,precommitted_secondary,550901,last,6fe32a8dfb0ffbd5c1576651da3834283b98c2d2387e08770abef0933c56afd3,me5418-scenes-v1-0381,near_link,formal-g033,True,,,,,1.0,4.684019530658003e-05,3.83460996382973e-05,2.4101249983898665e-05,0.024402056772336367,0.01945305945460929,0,0,0.2609965148385149,0.25415785815268893,0.0,0.0,0.4702380952380951,1.0,0.0,0.0,0.15071366438863887,0,0,0,223,0,0,961,0,0,0,0,0,0,0.00029613755714308354,0.0005711611053508628,0.0007190737988215308,0.04301210599078331,0.07943577900005039,0.1233325239882106,0.9026102869975148
PPO_last_550901,precommitted_secondary,550901,last,6fe32a8dfb0ffbd5c1576651da3834283b98c2d2387e08770abef0933c56afd3,me5418-scenes-v1-0388,far,formal-g040,True,,,,,1.0,7.709136226442261e-05,5.7496715379674904e-05,4.884365598731905e-05,,0.019635792569331782,961,0,0.14942888574323895,0.25929276888381375,0.0,0.0,0.5714285714285713,1.0,0.0,0.0,0.1650011119676665,0,0,0,0,0,0,961,0,0,0,0,0,0,0.00026385058883230766,0.000559808342662412,0.00063517793447924,0.04364330699900165,0.07485074299620464,0.11931344500044361,0.815872348000994
PPO_last_550901,precommitted_secondary,550901,last,6fe32a8dfb0ffbd5c1576651da3834283b98c2d2387e08770abef0933c56afd3,me5418-scenes-v1-0399,near_link,formal-g051,True,,,,,1.0,6.22033504475786e-05,4.3087324999233223e-05,6.22033504475786e-05,0.0434670203423725,0.0194855682847569,0,0,1.6317133055837243,0.21616491872496565,0.0,0.0,0.4248511904761904,1.0,0.0,0.0,0.1266358980924928,0,0,0,0,0,0,961,0,0,0,0,0,0,0.0003050885420634586,0.0005835716216400518,0.000738062889771148,0.044295226005488075,0.08295772000565194,0.12812706400291063,0.9252110210072715
PPO_last_550901,precommitted_secondary,550901,last,6fe32a8dfb0ffbd5c1576651da3834283b98c2d2387e08770abef0933c56afd3,me5418-scenes-v1-0409,near_link,formal-g003,True,,,,,1.0,4.445222791549284e-05,3.6961160484668205e-05,3.765000097124508e-05,0.03104021043639589,0.019571616662521295,0,0,0.711186306657877,0.20317866346989846,0.0,0.0,0.33333333333333326,1.0,0.0,0.0,0.12815523404528253,0,0,0,0,0,0,961,0,0,0,0,0,0,0.0003163810836971,0.0005896196865705861,0.0007715898066332253,0.04335477200220339,0.0819078799977433,0.12615375299355946,0.9570190679951338
PPO_last_550901,precommitted_secondary,550901,last,6fe32a8dfb0ffbd5c1576651da3834283b98c2d2387e08770abef0933c56afd3,me5418-scenes-v1-0415,tight_layout,formal-g009,True,,,,,1.0,9.395365248950383e-05,6.8596279112322e-05,8.337723489191074e-05,0.019168544850035843,0.019674928103983184,0,0,0.2695069112707495,0.25094819902076076,0.0,0.0,0.5758928571428571,1.0,0.0,0.0,0.17939469337552075,0,0,0,48,0,0,961,0,0,0,0,0,0,0.000290085141311162,0.0005720960093185568,0.0007059941147417703,0.04436531801184174,0.07881286399788223,0.1240390339953592,0.8878477630059933
PPO_last_550901,precommitted_secondary,550901,last,6fe32a8dfb0ffbd5c1576651da3834283b98c2d2387e08770abef0933c56afd3,me5418-scenes-v1-0416,far,formal-g010,True,,,,,1.0,7.078833855846275e-05,5.558038791337708e-05,4.8531680554235755e-05,,0.019623893625420066,961,0,0.14842948479665632,0.24709968090200174,0.0,0.0,0.5714285714285713,1.0,0.0,0.0,0.16424026717487278,0,0,0,0,0,0,961,0,0,0,0,0,0,0.0002608521934538051,0.0005624262791267635,0.0006373315234668552,0.044486305996542796,0.07688445699750446,0.12219316299888305,0.819712853000965
PPO_last_550901,precommitted_secondary,550901,last,6fe32a8dfb0ffbd5c1576651da3834283b98c2d2387e08770abef0933c56afd3,me5418-scenes-v1-0419,near_link,formal-g013,True,,,,,1.0,5.5183147105413825e-05,4.181767988988133e-05,5.244166951940359e-05,0.04797100283982039,0.019420873771561493,0,0,0.4806627616217179,0.19633849772154044,0.0,0.0,0.400297619047619,1.0,0.0,0.0,0.13047992186579255,0,0,0,0,0,0,961,0,0,0,0,0,0,0.0003134313021746493,0.0005863298241517138,0.0007493482044689397,0.044019936001859605,0.08120473400049377,0.1261104799923487,0.9355395489983493
PPO_last_550901,precommitted_secondary,550901,last,6fe32a8dfb0ffbd5c1576651da3834283b98c2d2387e08770abef0933c56afd3,me5418-scenes-v1-0421,far,formal-g015,True,,,,,1.0,6.463993021642898e-05,5.0646449643724085e-05,5.387767476571032e-05,,0.019275133554721033,961,0,0.15632328913724522,0.24757550373298998,0.0,0.0,0.5714285714285713,1.0,0.0,0.0,0.1667853640603079,0,0,0,0,0,0,961,0,0,0,0,0,0,0.0002584129899029601,0.0005596800284668764,0.0006341734801935672,0.04403019598976243,0.07497991601121612,0.11986812899704091,0.8167530990031082
PPO_last_550901,precommitted_secondary,550901,last,6fe32a8dfb0ffbd5c1576651da3834283b98c2d2387e08770abef0933c56afd3,me5418-scenes-v1-0427,near_link,formal-g021,True,,,,,1.0,6.756971904657115e-05,4.449607796043754e-05,6.756971904657115e-05,0.021048292559040893,0.018761562077627296,0,0,0.6866669829357257,0.2589811251234348,0.0,0.0,0.6108630952380952,1.0,0.0,0.0,0.17994572297625597,0,0,0,52,0,0,961,0,0,0,0,0,0,0.0002847810567345732,0.0005747123972620708,0.0006934086980436404,0.04368252999847755,0.07911522399808746,0.1236550700123189,0.876812829010305
PPO_last_550901,precommitted_secondary,550901,last,6fe32a8dfb0ffbd5c1576651da3834283b98c2d2387e08770abef0933c56afd3,me5418-scenes-v1-0430,tight_layout,formal-g024,True,,,,,1.0,8.593453974534325e-05,5.394320926943554e-05,8.593453974534325e-05,0.03384258290436748,0.01942906216091006,0,0,0.4105030514657598,0.19140485794825712,0.0,0.0,0.42782738095238093,1.0,0.0,0.0,0.13181407452738356,0,0,0,0,0,0,961,0,0,0,0,0,0,0.00033155061980020645,0.0005997685740567249,0.0007994023657526365,0.044478159994469024,0.0822155489877332,0.1276027330022771,0.985941344013554
PPO_last_550901,precommitted_secondary,550901,last,6fe32a8dfb0ffbd5c1576651da3834283b98c2d2387e08770abef0933c56afd3,me5418-scenes-v1-0446,far,formal-g040,True,,,,,1.0,8.533366741709333e-05,6.25661483039934e-05,5.0985192965202947e-05,,0.019593437944733574,961,0,0.1504504166085424,0.28088162701765235,0.0,0.0,0.5714285714285713,1.0,0.0,0.0,0.1646612501592331,0,0,0,0,0,0,961,0,0,0,0,0,0,0.00025701464043474215,0.0005588944317423738,0.0006331898446054159,0.04533070800243877,0.07495855499291793,0.12116097600664943,0.8149876740062609
PPO_last_550901,precommitted_secondary,550901,last,6fe32a8dfb0ffbd5c1576651da3834283b98c2d2387e08770abef0933c56afd3,me5418-scenes-v1-0457,near_link,formal-g051,True,,,,,1.0,4.149757946557269e-05,3.238335731821514e-05,1.5197793977036316e-05,0.021094187272411496,0.019429350374680986,0,0,1.0080518952154767,0.1862894330546389,0.0,0.0,0.38169642857142855,1.0,0.0,0.0,0.13236850890929677,0,0,0,57,0,0,961,0,0,0,0,0,0,0.0003222383487203236,0.0005916652090945717,0.0007830427994576894,0.043927321006776765,0.0824156460002996,0.1272415510029532,0.9694632980099414
PPO_last_550901,precommitted_secondary,550901,last,6fe32a8dfb0ffbd5c1576651da3834283b98c2d2387e08770abef0933c56afd3,me5418-scenes-v1-0460,tight_layout,formal-g054,True,,,,,1.0,6.731222205197895e-05,3.5409577999828954e-05,6.731222205197895e-05,0.031942993497178815,0.019631691395836363,0,0,0.37562393206208644,0.23829647172867774,0.0,0.0,0.5714285714285713,1.0,0.0,0.0,0.1336302995451704,0,0,0,0,0,0,961,0,0,0,0,0,0,0.00033125458329171426,0.0005971130262272102,0.0007923449311116808,0.04355131200281903,0.08518793400435243,0.12965088500641286,0.9810665060067549
PPO_last_550901,precommitted_secondary,550901,last,6fe32a8dfb0ffbd5c1576651da3834283b98c2d2387e08770abef0933c56afd3,me5418-scenes-v1-0467,near_link,formal-g003,True,,,,,1.0,4.11623035055107e-05,2.54507521611231e-05,1.3693890996186788e-05,0.04017114411398248,0.019439366219614118,0,0,0.9420349003957669,0.2290162408595397,0.0,0.0,0.34895833333333326,1.0,0.0,0.0,0.127812714217275,0,0,0,0,0,0,961,0,0,0,0,0,0,0.0003310716924715962,0.0005932497279900417,0.0007817002175670495,0.044044932001270354,0.0822998869989533,0.12722463899990544,0.96855800699268
PPO_last_550901,precommitted_secondary,550901,last,6fe32a8dfb0ffbd5c1576651da3834283b98c2d2387e08770abef0933c56afd3,me5418-scenes-v1-0473,tight_layout,formal-g009,True,,,,,1.0,7.961921871372626e-05,5.732525615051817e-05,6.3631500825069e-05,0.02435468800196927,0.019666762466528605,0,0,0.3107263121615851,0.24983053609159908,0.0,0.0,0.6436011904761904,1.0,0.0,0.0,0.17384429997598222,0,0,0,22,0,0,961,0,0,0,0,0,0,0.0002916200107089632,0.0005742924634887459,0.000704760672139552,0.043888578002224676,0.07957514899317175,0.12435208199894987,0.8876209369918797
PPO_last_550901,precommitted_secondary,550901,last,6fe32a8dfb0ffbd5c1576651da3834283b98c2d2387e08770abef0933c56afd3,me5418-scenes-v1-0474,far,formal-g010,True,,,,,1.0,7.837342150321076e-05,5.945561048410992e-05,4.896352903906603e-05,,0.019617166847882755,961,0,0.14873803281445852,0.2519180374580748,0.0,0.0,0.5714285714285713,1.0,0.0,0.0,0.1637342225593914,0,0,0,0,0,0,961,0,0,0,0,0,0,0.0002564020161723117,0.0005619279312516786,0.0006359012374711408,0.04345988899876829,0.07659347700246144,0.1208538659993792,0.8184133260074304
PPO_last_550901,precommitted_secondary,550901,last,6fe32a8dfb0ffbd5c1576651da3834283b98c2d2387e08770abef0933c56afd3,me5418-scenes-v1-0477,near_link,formal-g013,True,,,,,1.0,6.776071106241311e-05,5.4478844135282435e-05,6.776071106241311e-05,0.037957890167134495,0.01952277212676895,0,0,0.7200613144023623,0.24279798127821367,0.0,0.0,0.4761904761904761,1.0,0.0,0.0,0.14403937991841562,0,0,0,0,0,0,961,0,0,0,0,0,0,0.0002956186973885148,0.0005784280304093651,0.0007215686843968191,0.04316793900215998,0.07958321399928536,0.12361636500281747,0.9047687780112028
PPO_last_550901,precommitted_secondary,550901,last,6fe32a8dfb0ffbd5c1576651da3834283b98c2d2387e08770abef0933c56afd3,me5418-scenes-v1-0479,far,formal-g015,True,,,,,1.0,6.509953214697492e-05,4.903212890679499e-05,5.35171239882554e-05,,0.019268273342674024,961,0,0.15556420499644882,0.24720264933077282,0.0,0.0,0.5714285714285713,1.0,0.0,0.0,0.16678654795701037,0,0,0,0,0,0,961,0,0,0,0,0,0,0.0002684164320119938,0.0005641325999325394,0.0006406607105115351,0.043616295006358996,0.0782460229966091,0.1227038039942272,0.8254143630038016
PPO_last_550901,precommitted_secondary,550901,last,6fe32a8dfb0ffbd5c1576651da3834283b98c2d2387e08770abef0933c56afd3,me5418-scenes-v1-0485,near_link,formal-g021,True,,,,,1.0,6.825776774137282e-05,4.6421280541103526e-05,6.825776774137282e-05,0.025636979938305868,0.019002267888414602,0,0,0.40180289171742506,0.27651524687657775,0.0,0.0,0.6093749999999999,1.0,0.0,0.0,0.1798697305954106,0,0,0,34,0,0,961,0,0,0,0,0,0,0.00029321857823561004,0.0005823205021291263,0.0007022423460057326,0.045539811995695345,0.07934749001287855,0.12580876900756266,0.8878087540069828
PPO_last_550901,precommitted_secondary,550901,last,6fe32a8dfb0ffbd5c1576651da3834283b98c2d2387e08770abef0933c56afd3,me5418-scenes-v1-0488,tight_layout,formal-g024,True,,,,,1.0,7.831964347217762e-05,5.2751591537786165e-05,5.289331274954041e-05,0.043387911572244336,0.019450551101874346,0,0,1.0340276468694851,0.20230688442065484,0.0,0.0,0.41071428571428564,1.0,0.0,0.0,0.13275012274250567,0,0,0,0,0,0,961,0,0,0,0,0,0,0.0003265152399004971,0.0005965940107519903,0.0007924981259293418,0.04284412799461279,0.08178689000487793,0.1255323070072336,0.9780869029927999
PPO_last_550901,precommitted_secondary,550901,last,6fe32a8dfb0ffbd5c1576651da3834283b98c2d2387e08770abef0933c56afd3,me5418-scenes-v1-0497,near_link,formal-g033,True,,,,,1.0,6.9082209319436e-05,4.9686020972837885e-05,8.916765671159136e-06,0.021653495007511722,0.019444475254273404,0,0,0.24955588935825157,0.250678281924141,0.0,0.0,0.45535714285714285,1.0,0.0,0.0,0.1482674523389765,0,0,0,151,0,0,961,0,0,0,0,0,0,0.0002987003801990795,0.0005728564541944554,0.0007217078247322206,0.04336021099879872,0.07908452399715316,0.12332569499267265,0.9058278379961848
PPO_last_550901,precommitted_secondary,550901,last,6fe32a8dfb0ffbd5c1576651da3834283b98c2d2387e08770abef0933c56afd3,me5418-scenes-v1-0504,far,formal-g040,True,,,,,1.0,7.32493452155092e-05,5.523982263299867e-05,4.888073050941397e-05,,0.019632832439870768,961,0,0.14505367929312557,0.2602682010644149,0.0,0.0,0.5714285714285713,1.0,0.0,0.0,0.16609417283075992,0,0,0,0,0,0,961,0,0,0,0,0,0,0.00026887968291096814,0.0005646698096067363,0.000641465340747042,0.04347165100625716,0.07619243000226561,0.12050233199261129,0.8251698459935142
PPO_last_550901,precommitted_secondary,550901,last,6fe32a8dfb0ffbd5c1576651da3834283b98c2d2387e08770abef0933c56afd3,me5418-scenes-v1-0508,tight_layout,formal-g044,False,external_collision_band,related_collision:obstacle,tracking,1.375,0.34375,2.325225048676178e-05,1.7004499576598746e-05,,9.504347887344389e-05,0.019630907960213967,0,0,0.470247785230862,0.23134843618136672,0.0,0.0,0.5714285714285712,1.0,0.0,0.0,0.1315217987412498,0,1,0,331,0,0,331,0,0,0,0,0,0,0.0003312170601654516,0.000591563599873828,0.0007917405242827072,0.044327495008474216,0.08376972799305804,0.12902106399997137,0.4265450899983989
PPO_last_550901,precommitted_secondary,550901,last,6fe32a8dfb0ffbd5c1576651da3834283b98c2d2387e08770abef0933c56afd3,me5418-scenes-v1-0515,near_link,formal-g051,True,,,,,1.0,3.9832291299027476e-05,2.907959468701832e-05,1.2296306898024858e-05,0.04941017423657798,0.019524838688620226,0,0,0.7774511588215188,0.22691425972244145,0.0,0.0,0.359375,0.96875,0.0,0.0,0.13412206702965443,0,0,0,0,0,0,961,0,0,0,0,0,0,0.00029962308303765894,0.0005807205781517647,0.0007325176398201923,0.04313964399625547,0.08070118199975695,0.12477100000251085,0.9164175920013804
PPO_last_550901,precommitted_secondary,550901,last,6fe32a8dfb0ffbd5c1576651da3834283b98c2d2387e08770abef0933c56afd3,me5418-scenes-v1-0518,tight_layout,formal-g054,True,,,,,1.0,6.860383136252732e-05,3.510386319961558e-05,6.860383136252732e-05,0.016464446670563487,0.01960674047810479,0,0,0.11142971957008445,0.23516424995131108,0.0,0.0,0.5714285714285713,1.0,0.0,0.0,0.12872424190753096,0,0,0,138,0,0,961,0,0,0,0,0,0,0.0003231247965231887,0.000593852702119572,0.0007911815490388108,0.043142870999872684,0.08304300699091982,0.12706008600071073,0.9748254040023312
PPO_last_550901,precommitted_secondary,550901,last,6fe32a8dfb0ffbd5c1576651da3834283b98c2d2387e08770abef0933c56afd3,me5418-scenes-v1-0525,near_link,formal-g003,True,,,,,1.0,4.3399526854820095e-05,3.217921854079945e-05,4.2894527367226636e-05,0.04624668778392084,0.01964282595174518,0,0,0.6014553598263572,0.23192041653674902,0.0,0.0,0.33035714285714274,0.9895833333333334,0.0,0.0,0.13928474300524352,0,0,0,0,0,0,961,0,0,0,0,0,0,0.00030790123961802845,0.0005827254613601933,0.000735168302950721,0.0440093950019218,0.08017509899218567,0.12507319000724237,0.9229819449974457
PPO_last_550901,precommitted_secondary,550901,last,6fe32a8dfb0ffbd5c1576651da3834283b98c2d2387e08770abef0933c56afd3,me5418-scenes-v1-0532,far,formal-g010,True,,,,,1.0,7.721531592799316e-05,5.8471701166610216e-05,4.892445282838801e-05,,0.019641131716303502,961,0,0.150077564574236,0.25659283086616375,0.0,0.0,0.5714285714285713,1.0,0.0,0.0,0.16436095578884263,0,0,0,0,0,0,961,0,0,0,0,0,0,0.0002658033287540699,0.0005649147059557435,0.0006409388698860615,0.04365760200016666,0.07513931399444118,0.11964766899473034,0.820862616004888
PPO_last_550901,precommitted_secondary,550901,last,6fe32a8dfb0ffbd5c1576651da3834283b98c2d2387e08770abef0933c56afd3,me5418-scenes-v1-0535,near_link,formal-g013,True,,,,,1.0,4.866206046452064e-05,3.7845822306089284e-05,3.5162371673444164e-05,0.03476394940960778,0.0196149262208146,0,0,1.3821822035792453,0.27240914180102727,0.0,0.0,0.5052083333333333,1.0,0.0,0.0,0.13965877892887443,0,0,0,0,0,0,961,0,0,0,0,0,0,0.0002900223487358744,0.0005789343613741948,0.0007047461787199912,0.04336815599526744,0.07942370200180449,0.12364780200005043,0.889594747000956
PPO_last_550901,precommitted_secondary,550901,last,6fe32a8dfb0ffbd5c1576651da3834283b98c2d2387e08770abef0933c56afd3,me5418-scenes-v1-0537,far,formal-g015,True,,,,,1.0,6.417627781301194e-05,5.0553774593426986e-05,5.347809119274817e-05,,0.019241452909588924,961,0,0.1577708071180611,0.24875333663684251,0.0,0.0,0.5714285714285713,1.0,0.0,0.0,0.16677862379943864,0,0,0,0,0,0,961,0,0,0,0,0,0,0.00025618704717089713,0.0005609356889332654,0.000635087972053346,0.04332066599454265,0.07497702700493392,0.1191512520017568,0.8139822189987171
PPO_last_550901,precommitted_secondary,550901,last,6fe32a8dfb0ffbd5c1576651da3834283b98c2d2387e08770abef0933c56afd3,me5418-scenes-v1-0543,near_link,formal-g021,True,,,,,1.0,6.6911497299557e-05,4.3834437866206984e-05,6.6911497299557e-05,0.04404437640179121,0.019235702015837214,0,0,0.34860885062378305,0.2673009299858152,0.0,0.0,0.5520833333333334,1.0,0.0,0.0,0.16691285786662427,0,0,0,0,0,0,961,0,0,0,0,0,0,0.0002848725318168969,0.000571266630398289,0.00069237033931131,0.04300551099004224,0.07909930999448989,0.12297502299770713,0.8787171219883021
PPO_last_550901,precommitted_secondary,550901,last,6fe32a8dfb0ffbd5c1576651da3834283b98c2d2387e08770abef0933c56afd3,me5418-scenes-v1-0546,tight_layout,formal-g024,True,,,,,1.0,7.213712495087604e-05,4.843135190987526e-05,7.213712495087604e-05,0.016905544717950555,0.01936266808228418,0,0,0.4555679842863345,0.20098106010842315,0.0,0.0,0.42782738095238093,1.0,0.0,0.0,0.13362526228163568,0,0,0,369,0,0,961,0,0,0,0,0,0,0.0003395741302180492,0.0006052085646691315,0.0008074300427172906,0.044616640007006936,0.08457384200301021,0.13008761400124058,0.9939612049929565
PPO_last_550901,precommitted_secondary,550901,last,6fe32a8dfb0ffbd5c1576651da3834283b98c2d2387e08770abef0933c56afd3,me5418-scenes-v1-0555,near_link,formal-g033,True,,,,,1.0,6.371452290440259e-05,4.475376667447624e-05,8.024001550903924e-06,0.004376146542021675,0.01947291751589575,0,0,0.2565728172129309,0.24628699917213487,0.0,0.0,0.4724702380952381,1.0,0.0,0.0,0.14649252579325717,0,0,0,354,0,0,961,0,0,0,0,0,0,0.0002965276516230612,0.0005716975897181935,0.0007201729279889454,0.043267264001769945,0.07976576600049157,0.12393283800338395,0.9036095960036619
PPO_last_550901,precommitted_secondary,550901,last,6fe32a8dfb0ffbd5c1576651da3834283b98c2d2387e08770abef0933c56afd3,me5418-scenes-v1-0562,far,formal-g040,True,,,,,1.0,7.563659530742727e-05,5.6236983978687696e-05,4.818602035349399e-05,,0.019624562903970612,961,0,0.14796508265412153,0.2587771605894369,0.0,0.0,0.5714285714285713,1.0,0.0,0.0,0.1661672934790009,0,0,0,0,0,0,961,0,0,0,0,0,0,0.0002554149743142868,0.0005574158440291891,0.0006313539348714888,0.04433971698745154,0.07467460600310005,0.11987414400209673,0.8107045729993843
PPO_last_550901,precommitted_secondary,550901,last,6fe32a8dfb0ffbd5c1576651da3834283b98c2d2387e08770abef0933c56afd3,me5418-scenes-v1-0573,near_link,formal-g051,True,,,,,1.0,7.494391732706971e-05,6.489403791959266e-05,6.518816314982617e-05,0.013196781411558695,0.019519303193881392,0,0,0.28976872880848387,0.19427345051218148,0.0,0.0,0.4069940476190476,1.0,0.0,0.0,0.13289570823267458,0,0,0,593,0,0,961,0,0,0,0,0,0,0.0003245810723152924,0.0005983830435070559,0.0007963236507748661,0.043396508001023903,0.08369145799952094,0.127962785991258,0.9847521140036406
PPO_last_550901,precommitted_secondary,550901,last,6fe32a8dfb0ffbd5c1576651da3834283b98c2d2387e08770abef0933c56afd3,me5418-scenes-v1-0583,near_link,formal-g003,True,,,,,1.0,7.022887173075456e-05,5.449287923962396e-05,6.58718242031161e-05,0.03305106803002254,0.019328354227424238,0,0,0.7234941677637241,0.22270387992586055,0.0,0.0,0.4248511904761904,1.0,0.0,0.0,0.14661877672368148,0,0,0,0,0,0,961,0,0,0,0,0,0,0.00030663005797274917,0.0005813189804333281,0.0007293418117872837,0.04349054601334501,0.08016080099332612,0.1245368459931342,0.9127776980021736
PPO_last_550901,precommitted_secondary,550901,last,6fe32a8dfb0ffbd5c1576651da3834283b98c2d2387e08770abef0933c56afd3,me5418-scenes-v1-0589,tight_layout,formal-g009,True,,,,,1.0,8.979038410853365e-05,6.541049196931305e-05,6.89587415906768e-05,0.03365845963960369,0.01966618824660442,0,0,0.2469437659222341,0.25512262149757886,0.0,0.0,0.5691964285714284,1.0,0.0,0.0,0.17660038025961033,0,0,0,0,0,0,961,0,0,0,0,0,0,0.0002949310572451698,0.0005753962843755289,0.0007081796760758152,0.04410589599865489,0.07896606800204609,0.12390046499785967,0.8930477929970948
PPO_last_550901,precommitted_secondary,550901,last,6fe32a8dfb0ffbd5c1576651da3834283b98c2d2387e08770abef0933c56afd3,me5418-scenes-v1-0590,far,formal-g010,True,,,,,1.0,7.015065876046569e-05,5.5300122203359705e-05,4.901686580957757e-05,,0.019635953557756144,961,0,0.1442247057898924,0.24992653177636978,0.0,0.0,0.5714285714285713,1.0,0.0,0.0,0.1650015187749107,0,0,0,0,0,0,961,0,0,0,0,0,0,0.0002578382023633215,0.0005580087073667528,0.0006323093978759668,0.043419231005827896,0.0748233870108379,0.11907278299622703,0.8125909630034585
PPO_last_550901,precommitted_secondary,550901,last,6fe32a8dfb0ffbd5c1576651da3834283b98c2d2387e08770abef0933c56afd3,me5418-scenes-v1-0593,near_link,formal-g013,True,,,,,1.0,5.2851572862957096e-05,4.18692579101093e-05,4.369171591640328e-05,0.03481523695226886,0.01951708260858665,0,0,0.8841640583473249,0.23137842357208868,0.0,0.0,0.353422619047619,1.0,0.0,0.0,0.12489814897333937,0,0,0,0,0,0,961,0,0,0,0,0,0,0.00030404573415883834,0.0005848175323687125,0.0007390325530498861,0.043087184996693395,0.08072258898755535,0.12466923499596305,0.9271679060038878
PPO_last_550901,precommitted_secondary,550901,last,6fe32a8dfb0ffbd5c1576651da3834283b98c2d2387e08770abef0933c56afd3,me5418-scenes-v1-0595,far,formal-g015,True,,,,,1.0,6.362492600498604e-05,4.6291870134561214e-05,5.0083792670132455e-05,,0.01947432314350564,961,0,0.154579922282022,0.2472309626494718,0.0,0.0,0.5714285714285713,1.0,0.0,0.0,0.16687989315472632,0,0,0,0,0,0,961,0,0,0,0,0,0,0.0003161980779774846,0.0005890916497113115,0.0006768272592883781,0.04421594299492426,0.07505412099999376,0.12017742499301676,0.8564263059961377
PPO_last_550901,precommitted_secondary,550901,last,6fe32a8dfb0ffbd5c1576651da3834283b98c2d2387e08770abef0933c56afd3,me5418-scenes-v1-0601,near_link,formal-g021,True,,,,,1.0,6.566762484781973e-05,4.6881915045041624e-05,6.566762484781973e-05,0.0386635876415215,0.017939041255781947,0,0,0.38766021579541776,0.26500596423605105,0.0,0.0,0.5900297619047618,1.0,0.0,0.0,0.1767439966511336,0,0,0,0,0,0,961,0,0,0,0,0,0,0.00028221623347235436,0.0005719168964939551,0.0006900021958244906,0.04355967600713484,0.07832601999689359,0.12281938700471073,0.8722368159942562
PPO_last_550901,precommitted_secondary,550901,last,6fe32a8dfb0ffbd5c1576651da3834283b98c2d2387e08770abef0933c56afd3,me5418-scenes-v1-0604,tight_layout,formal-g024,True,,,,,1.0,6.822114732452767e-05,4.605559862857602e-05,3.4107583381681014e-05,0.02640460911167522,0.01942632374652207,0,0,1.2657575782225552,0.2049686837656272,0.0,0.0,0.4032738095238095,1.0,0.0,0.0,0.13449604154919229,0,0,0,31,0,0,961,0,0,0,0,0,0,0.0003213933336307188,0.0005955327186408492,0.0007903441439642241,0.04390959501324687,0.08113456600403879,0.12592524199862964,0.9748954859969672
PPO_last_550901,precommitted_secondary,550901,last,6fe32a8dfb0ffbd5c1576651da3834283b98c2d2387e08770abef0933c56afd3,me5418-scenes-v1-0608,near_link,formal-g028,False,external_collision_band,related_collision:obstacle,tracking,1.4958333333333333,0.37395833333333334,5.9491427431226125e-05,4.09709125847289e-05,,5.12264784069405e-05,0.01964245658433514,0,0,0.161725311398203,0.2138082973686648,0.0,0.0,0.3888888888888888,1.0,0.0,0.0,0.11554120597503487,0,1,0,360,0,0,360,0,0,0,0,0,0,0.0003294036384128655,0.0005895390811594836,0.0007893663953388536,0.045986520999576896,0.0862301940069301,0.13313416500750463,0.457425943997805
PPO_last_550901,precommitted_secondary,550901,last,6fe32a8dfb0ffbd5c1576651da3834283b98c2d2387e08770abef0933c56afd3,me5418-scenes-v1-0613,near_link,formal-g033,True,,,,,1.0,8.032560598245894e-05,5.995267863753866e-05,3.3422544237615606e-05,0.028658158716403356,0.019490480464929967,0,0,0.2723965019063791,0.26298487908564167,0.0,0.0,0.540922619047619,1.0,0.0,0.0,0.15111991435045463,0,0,0,5,0,0,961,0,0,0,0,0,0,0.00031914169274690113,0.0005765521649815734,0.0007318771781683608,0.04339631700713653,0.07881972100585699,0.12305658299010247,0.9162464460096089
PPO_last_550901,precommitted_secondary,550901,last,6fe32a8dfb0ffbd5c1576651da3834283b98c2d2387e08770abef0933c56afd3,me5418-scenes-v1-0614,tight_layout,formal-g034,True,,,,,1.0,7.557889990850755e-05,5.3650632897679966e-05,7.557889990850755e-05,0.005081010300474947,0.019583221966734427,0,0,0.14156994721287172,0.26548277715259894,0.0,0.0,0.5714285714285713,1.0,0.0,0.0,0.134275730653289,0,0,0,157,0,0,961,0,0,0,0,0,0,0.00032627721960428363,0.0005938353240405073,0.0007928936678429939,0.04499407000548672,0.08260358599363826,0.128555511997547,0.9802065250114538
PPO_last_550901,precommitted_secondary,550901,last,6fe32a8dfb0ffbd5c1576651da3834283b98c2d2387e08770abef0933c56afd3,me5418-scenes-v1-0620,far,formal-g040,True,,,,,1.0,7.84562568743001e-05,5.84739906001476e-05,4.981534768600008e-05,,0.019625961596556496,961,0,0.14874482890269472,0.2603272303714223,0.0,0.0,0.5714285714285713,1.0,0.0,0.0,0.1654003527935683,0,0,0,0,0,0,961,0,0,0,0,0,0,0.000254501062424121,0.000553988817591744,0.0006277138802943227,0.04314007400535047,0.07452648600155953,0.11855565599398687,0.8069603750045644
PPO_last_550901,precommitted_secondary,550901,last,6fe32a8dfb0ffbd5c1576651da3834283b98c2d2387e08770abef0933c56afd3,me5418-scenes-v1-0641,near_link,formal-g003,True,,,,,1.0,3.8020857420346195e-05,2.410817156794406e-05,2.0652255540071154e-05,0.03397898676372563,0.019454452781239702,0,0,0.8693300506208642,0.23026263520097473,0.0,0.0,0.3444940476190475,1.0,0.0,0.0,0.12661419146017924,0,0,0,0,0,0,961,0,0,0,0,0,0,0.00031279138571941684,0.0005875305665843674,0.0007721051977720587,0.043117339999298565,0.08097195799928159,0.12500952401023824,0.9563009650009917
PPO_last_550901,precommitted_secondary,550901,last,6fe32a8dfb0ffbd5c1576651da3834283b98c2d2387e08770abef0933c56afd3,me5418-scenes-v1-0644,near_link,formal-g006,True,,,,,1.0,4.758247029063403e-05,2.343091898214324e-05,4.758247029063403e-05,0.010940147397237962,0.019428926203131636,0,0,0.4354239300520411,0.23144359720860755,0.0,0.0,0.5714285714285713,1.0,0.0,0.0,0.15337432626679184,0,0,0,170,0,0,961,0,0,0,0,0,0,0.00031835488031598896,0.0005793757990886661,0.0007391860116513271,0.043345742000383325,0.08125337900128216,0.12545944299199618,0.9250026490044547
PPO_last_550901,precommitted_secondary,550901,last,6fe32a8dfb0ffbd5c1576651da3834283b98c2d2387e08770abef0933c56afd3,me5418-scenes-v1-0648,far,formal-g010,True,,,,,1.0,6.992405303244964e-05,5.382431245514715e-05,4.819668003343538e-05,,0.01964016251546253,961,0,0.1539168999619592,0.2466735182813368,0.0,0.0,0.5714285714285713,1.0,0.0,0.0,0.16449331824800797,0,0,0,0,0,0,961,0,0,0,0,0,0,0.0002609958178254601,0.0005647697729424787,0.0006400714406633294,0.04427947200019844,0.0766259339870885,0.12173628300661221,0.8230349899968132
PPO_last_550901,precommitted_secondary,550901,last,6fe32a8dfb0ffbd5c1576651da3834283b98c2d2387e08770abef0933c56afd3,me5418-scenes-v1-0651,near_link,formal-g013,True,,,,,1.0,5.4954259887119084e-05,3.974148865611845e-05,4.03037211842303e-05,0.018153755507475347,0.01946043306047264,0,0,1.5445213316594255,0.20962886583907595,0.0,0.0,0.3876488095238095,1.0,0.0,0.0,0.13293309795138028,0,0,0,67,0,0,961,0,0,0,0,0,0,0.0003121703179355488,0.0005899439030145004,0.0007665046884994808,0.044970856004511006,0.0814855560020078,0.12734063899551984,0.9531912460079184
PPO_last_550901,precommitted_secondary,550901,last,6fe32a8dfb0ffbd5c1576651da3834283b98c2d2387e08770abef0933c56afd3,me5418-scenes-v1-0653,far,formal-g015,True,,,,,1.0,6.143780429811169e-05,4.877408274828804e-05,5.072285367521306e-05,,0.019578365334637145,961,0,0.15487329688831108,0.2467949694203379,0.0,0.0,0.5714285714285713,1.0,0.0,0.0,0.16654634654710426,0,0,0,0,0,0,961,0,0,0,0,0,0,0.00026152093763206113,0.0005652949205644593,0.000640782333888031,0.04397840400633868,0.07642454399319831,0.12123648999840952,0.8224691299983533
PPO_last_550901,precommitted_secondary,550901,last,6fe32a8dfb0ffbd5c1576651da3834283b98c2d2387e08770abef0933c56afd3,me5418-scenes-v1-0659,near_link,formal-g021,True,,,,,1.0,7.047401943903299e-05,5.271007460150524e-05,7.047401943903299e-05,0.03608172427874813,0.01928229985943649,0,0,0.6640441813438313,0.28299457887309465,0.0,0.0,0.6331845238095237,1.0,0.0,0.0,0.1768014512074712,0,0,0,0,0,0,961,0,0,0,0,0,0,0.0002927184583162064,0.000580615609214874,0.0007038100440392251,0.04352674300025683,0.07849783299025148,0.12287231400841847,0.8871730020036921
PPO_last_550901,precommitted_secondary,550901,last,6fe32a8dfb0ffbd5c1576651da3834283b98c2d2387e08770abef0933c56afd3,me5418-scenes-v1-0662,tight_layout,formal-g024,False,external_collision_band,related_collision:obstacle,tracking,1.1916666666666667,0.29791666666666666,5.8466518638172975e-05,4.637198514800046e-05,,9.653790780781574e-05,0.019491111404633076,0,0,0.3880100679323305,0.14258872782214072,0.0,0.0,0.3251231527093595,1.0,0.0,0.0,0.13993565340347477,0,1,0,287,0,0,287,0,0,0,0,0,0,0.0003463091197772883,0.0005917164540427926,0.0007985574133768255,0.043706782002118416,0.08310865599196404,0.1276895670016529,0.38973135300329886
PPO_last_550901,precommitted_secondary,550901,last,6fe32a8dfb0ffbd5c1576651da3834283b98c2d2387e08770abef0933c56afd3,me5418-scenes-v1-0671,near_link,formal-g033,True,,,,,1.0,4.0235230540745596e-05,3.000074517904991e-05,1.4586371695305137e-05,0.007517653907208238,0.01950119127293236,0,0,0.331582432999485,0.23364728084415728,0.0,0.0,0.42782738095238093,1.0,0.0,0.0,0.140031422042687,0,0,0,159,0,0,961,0,0,0,0,0,0,0.000299318479392241,0.0005782096710239178,0.0007271775833032734,0.04440158100624103,0.08012679401144851,0.1254576079954859,0.9136351360066328
PPO_last_550901,precommitted_secondary,550901,last,6fe32a8dfb0ffbd5c1576651da3834283b98c2d2387e08770abef0933c56afd3,me5418-scenes-v1-0678,far,formal-g040,True,,,,,1.0,8.595958947039384e-05,6.266175494805324e-05,4.876900315824388e-05,,0.019551565356931602,961,0,0.15268301790672797,0.26577402360268665,0.0,0.0,0.5714285714285713,1.0,0.0,0.0,0.16498909291389974,0,0,0,0,0,0,961,0,0,0,0,0,0,0.00025700458362128603,0.0005539281081079632,0.0006280522426550305,0.04295219900086522,0.0742672360065626,0.11811484300415032,0.8095522090006853
PPO_last_550901,precommitted_secondary,550901,last,6fe32a8dfb0ffbd5c1576651da3834283b98c2d2387e08770abef0933c56afd3,me5418-scenes-v1-0689,near_link,formal-g051,True,,,,,1.0,3.868061377364185e-05,2.780395849527349e-05,1.5225761893292162e-05,0.01347548851869293,0.019446357925316474,0,0,0.6981948351668987,0.2112584636679637,0.0,0.0,0.3578869047619047,0.9375,0.0,0.0,0.1370365653098339,0,0,0,60,0,0,961,0,0,0,0,0,0,0.00029791015595037607,0.0005804599219269827,0.0007318810472649299,0.043690710997907445,0.08043100699433126,0.1250331869960064,0.9183289720094763
PPO_last_551901,precommitted_secondary,551901,last,1b5140915157179ad892b229272c9d62646dba99deee408e36d2f0b7905a6c4a,me5418-scenes-v1-0003,near_link,formal-g003,True,,,,,1.0,7.27124002561939e-05,5.423515833435749e-05,2.8954328219936453e-05,0.027374368102053778,0.019646476139899054,0,0,1.4439070039676403,0.2617349682494453,0.0,0.0,0.4694940476190475,1.0,0.0,0.0,0.13163308467316842,0,0,0,21,0,0,961,0,0,0,0,0,0,0.00032028301567758416,0.0005722626458312637,0.0007399775251845616,0.04294158901029732,0.08027102600317448,0.12402066800859757,0.9239333779987646
PPO_last_551901,precommitted_secondary,551901,last,1b5140915157179ad892b229272c9d62646dba99deee408e36d2f0b7905a6c4a,me5418-scenes-v1-0009,tight_layout,formal-g009,True,,,,,1.0,4.22957890903172e-05,2.594452322882604e-05,3.7349904707646477e-05,0.020536793141801346,0.015365601200043802,0,0,0.48574377304932564,0.26264693018620294,0.0,0.0,0.7805059523809522,1.0,0.0,0.0,0.17643771575142939,0,0,0,33,0,0,961,0,0,0,0,0,0,0.0002918679109977044,0.0005717342332294113,0.0007069916063301207,0.04328335299214814,0.07942873700812925,0.1235694369970588,0.8887438539968571
PPO_last_551901,precommitted_secondary,551901,last,1b5140915157179ad892b229272c9d62646dba99deee408e36d2f0b7905a6c4a,me5418-scenes-v1-0010,far,formal-g010,True,,,,,1.0,5.318719537277807e-05,4.875105652851436e-05,4.998443828061197e-05,,0.019597668730662605,961,0,0.16454792230419638,0.28842599751711706,0.0,0.0,0.644345238095238,1.0,0.0,0.0,0.17275072820484638,0,0,0,0,0,0,961,0,0,0,0,0,0,0.0002562095098710415,0.000553995161074757,0.0006279369070701554,0.04309909600124229,0.07497954799328,0.11889393099409062,0.8085034459945746
PPO_last_551901,precommitted_secondary,551901,last,1b5140915157179ad892b229272c9d62646dba99deee408e36d2f0b7905a6c4a,me5418-scenes-v1-0013,near_link,formal-g013,True,,,,,1.0,4.11348067522968e-05,2.895803919295765e-05,3.530428810920866e-05,0.01941893806587726,0.01970164514463746,0,0,0.5643404963953028,0.2788874519620763,0.0,0.0,0.4099702380952381,1.0,0.0,0.0,0.14724061946575862,0,0,0,114,0,0,961,0,0,0,0,0,0,0.00029824760417795915,0.0005731985618240287,0.0007218624726798832,0.0436027749965433,0.07945891399867833,0.12398285599192604,0.9057371739909286
PPO_last_551901,precommitted_secondary,551901,last,1b5140915157179ad892b229272c9d62646dba99deee408e36d2f0b7905a6c4a,me5418-scenes-v1-0015,far,formal-g015,True,,,,,1.0,5.494926238493479e-05,3.8387084948902645e-05,5.494926238493479e-05,,0.019540599330304026,961,0,0.1690341775899491,0.294534045160258,0.0,0.0,0.6636904761904762,1.0,0.0,0.0,0.1721635173584911,0,0,0,0,0,0,961,0,0,0,0,0,0,0.0002646905625927805,0.0005541668520587943,0.0006299116252800256,0.043951081999694,0.07567829499021173,0.12043791099858936,0.8116741410049144
PPO_last_551901,precommitted_secondary,551901,last,1b5140915157179ad892b229272c9d62646dba99deee408e36d2f0b7905a6c4a,me5418-scenes-v1-0021,near_link,formal-g021,True,,,,,1.0,5.489460248596611e-05,4.096308254528713e-05,3.7474388931893575e-05,0.025300392513261438,0.019553603059831073,0,0,0.10736425528151952,0.27424545940185424,0.0,0.0,0.6168154761904762,1.0,0.0,0.0,0.1645135344449608,0,0,0,47,0,0,961,0,0,0,0,0,0,0.0002942236720476406,0.0005686222353081878,0.0006945908229984828,0.04392989199550357,0.07958329799294006,0.1244192779995501,0.8783940330031328
PPO_last_551901,precommitted_secondary,551901,last,1b5140915157179ad892b229272c9d62646dba99deee408e36d2f0b7905a6c4a,me5418-scenes-v1-0022,tight_layout,formal-g022,True,,,,,1.0,5.6231218065821427e-05,4.0323599555504934e-05,5.5612813738133736e-05,0.0023255875498373463,0.01958833424947337,0,0,0.5091233171422902,0.26026855334364235,0.0,0.0,0.7566964285714285,1.0,0.0,0.0,0.17330065722843363,0,0,0,116,0,0,961,0,0,0,0,0,0,0.00029042804696170305,0.0005810654644695508,0.0007154897761514196,0.0437246150104329,0.0801116040092893,0.12478231400018558,0.8971984600066207
PPO_last_551901,precommitted_secondary,551901,last,1b5140915157179ad892b229272c9d62646dba99deee408e36d2f0b7905a6c4a,me5418-scenes-v1-0024,tight_layout,formal-g024,True,,,,,1.0,7.169293611402158e-05,5.2945475474236015e-05,6.699537973204647e-05,0.01829497534237698,0.019756991683469505,0,0,0.2545186489285694,0.2585312066811074,0.0,0.0,0.39955357142857134,1.0,0.0,0.0,0.12459217224414239,0,0,0,66,0,0,961,0,0,0,0,0,0,0.000323293129895319,0.0005998756603882309,0.000796032458326105,0.04323499099700712,0.08313937298953533,0.12731284399342258,0.9790004679962294
PPO_last_551901,precommitted_secondary,551901,last,1b5140915157179ad892b229272c9d62646dba99deee408e36d2f0b7905a6c4a,me5418-scenes-v1-0032,tight_layout,formal-g032,False,external_collision_band,related_collision:obstacle,tracking,1.0541666666666667,0.2635416666666667,3.5575375888973014e-05,3.0350236465159224e-05,,9.059844705628511e-05,0.019974524049318716,0,0,0.45160802453699445,0.21201149942212708,0.0,0.0,0.2857142857142857,1.0,0.0,0.0,0.10013115072742898,0,1,0,254,0,0,254,0,0,0,0,0,0,0.00032423019686522074,0.0005956229759774101,0.0008011188499791467,0.04450772200652864,0.08360491000348702,0.12899772101081908,0.36321533800219186
PPO_last_551901,precommitted_secondary,551901,last,1b5140915157179ad892b229272c9d62646dba99deee408e36d2f0b7905a6c4a,me5418-scenes-v1-0033,near_link,formal-g033,True,,,,,1.0,6.844873241028484e-05,4.489537715952322e-05,3.0415972493929352e-05,0.025075863951248875,0.019551718140101017,0,0,1.0771777151319302,0.25503757940384464,0.0,0.0,0.4345238095238095,1.0,0.0,0.0,0.14441689256318135,0,0,0,40,0,0,961,0,0,0,0,0,0,0.0003262776309232625,0.000578117190783208,0.000753043840738125,0.04317634100152645,0.08044913999037817,0.12455367199436296,0.9374915980006335
PPO_last_551901,precommitted_secondary,551901,last,1b5140915157179ad892b229272c9d62646dba99deee408e36d2f0b7905a6c4a,me5418-scenes-v1-0040,far,formal-g040,True,,,,,1.0,7.309999658353843e-05,5.958701562056281e-05,7.309999658353843e-05,,0.019699835011675944,961,0,0.16896848089482475,0.2704139809358102,0.0,0.0,0.7046130952380952,1.0,0.0,0.0,0.1725809040678931,0,0,0,0,0,0,961,0,0,0,0,0,0,0.00025681321873586665,0.0005550775199632577,0.0006293728948245796,0.04322536299878266,0.07465050599421374,0.11871291798888706,0.8072848759911722
PPO_last_551901,precommitted_secondary,551901,last,1b5140915157179ad892b229272c9d62646dba99deee408e36d2f0b7905a6c4a,me5418-scenes-v1-0044,tight_layout,formal-g044,True,,,,,1.0,5.4970485686595716e-05,3.449101543783043e-05,4.80032727373905e-05,0.00837310685292017,0.01963361348349002,0,0,0.2674493851070974,0.27598798710494865,0.0,0.0,0.4017857142857142,1.0,0.0,0.0,0.14943780401400067,0,0,0,725,0,0,961,0,0,0,0,0,0,0.00032034921863062965,0.0005787663084295976,0.0007746444470891826,0.04476968500239309,0.08361715299542993,0.12925510499917436,0.9597186250030063
PPO_last_551901,precommitted_secondary,551901,last,1b5140915157179ad892b229272c9d62646dba99deee408e36d2f0b7905a6c4a,me5418-scenes-v1-0051,near_link,formal-g051,True,,,,,1.0,5.663379129071472e-05,4.107682184667785e-05,3.607417231713718e-05,0.017983315837372213,0.019595520768531466,0,0,0.6673118564341215,0.2494414583519126,0.0,0.0,0.5186011904761904,1.0,0.0,0.0,0.1384886993034299,0,0,0,45,0,0,961,0,0,0,0,0,0,0.0003207959375686187,0.0005833679554295183,0.0007683792168336368,0.04362955500255339,0.08123565299320035,0.1257090889994288,0.9535837650037138
PPO_last_551901,precommitted_secondary,551901,last,1b5140915157179ad892b229272c9d62646dba99deee408e36d2f0b7905a6c4a,me5418-scenes-v1-0054,tight_layout,formal-g054,False,external_collision_band,related_collision:obstacle,tracking,3.095833333333333,0.7739583333333333,4.068900199824553e-05,3.273226666439768e-05,,3.0840855605174244e-06,0.019707233043028405,0,0,0.26469686933586306,0.25043686528657977,0.0,0.0,0.31639501438159146,1.0,0.0,0.0,0.14603187279384638,0,1,0,744,0,0,744,0,0,0,0,0,0,0.0003391505366905386,0.0005961202850335304,0.0007981433068215032,0.04363527600071393,0.0839127009967342,0.12842742400243878,0.7938557710003806
PPO_last_551901,precommitted_secondary,551901,last,1b5140915157179ad892b229272c9d62646dba99deee408e36d2f0b7905a6c4a,me5418-scenes-v1-0061,near_link,formal-g003,True,,,,,1.0,5.618789801035871e-05,3.675322935769371e-05,5.618789801035871e-05,0.016779510135819728,0.019636220333658465,0,0,0.8084191443741949,0.2470421205516029,0.0,0.0,0.5275297619047619,1.0,0.0,0.0,0.1446174942949299,0,0,0,43,0,0,961,0,0,0,0,0,0,0.0003296013281518147,0.0005868359146006697,0.0007826552810759798,0.04457752300368156,0.08227761699527036,0.12773421600286383,0.9670149669982493
PPO_last_551901,precommitted_secondary,551901,last,1b5140915157179ad892b229272c9d62646dba99deee408e36d2f0b7905a6c4a,me5418-scenes-v1-0067,tight_layout,formal-g009,True,,,,,1.0,6.433621315689622e-05,3.802579658662897e-05,3.864299905371158e-05,0.012094203963854092,0.009878448835027823,0,0,0.4861467463253731,0.29106771507236,0.0,0.0,0.816220238095238,1.0,0.0,0.0,0.17857960768576178,0,0,0,74,0,0,961,0,0,0,0,0,0,0.0002918819685267711,0.0005759525616364651,0.0007111464634514656,0.043844960993737914,0.07894896999641787,0.12364440600504167,0.9936769970081514
PPO_last_551901,precommitted_secondary,551901,last,1b5140915157179ad892b229272c9d62646dba99deee408e36d2f0b7905a6c4a,me5418-scenes-v1-0068,far,formal-g010,True,,,,,1.0,5.877253668655766e-05,5.0764853914459525e-05,5.220014418544113e-05,,0.019545161923835472,961,0,0.16971588468902235,0.2924467343333885,0.0,0.0,0.6309523809523808,1.0,0.0,0.0,0.17281956495717166,0,0,0,0,0,0,961,0,0,0,0,0,0,0.0002585334110184097,0.0005602025688403956,0.0006347569370063865,0.04337281099287793,0.07453884500137065,0.11871827699360438,0.8176497109961929
PPO_last_551901,precommitted_secondary,551901,last,1b5140915157179ad892b229272c9d62646dba99deee408e36d2f0b7905a6c4a,me5418-scenes-v1-0071,near_link,formal-g013,True,,,,,1.0,4.0377031325632636e-05,2.8365688005376385e-05,3.8903996322583785e-05,0.03166965680758933,0.019612360053648463,0,0,0.6697333360616572,0.27577811011442577,0.0,0.0,0.47991071428571425,1.0,0.0,0.0,0.15030736177425189,0,0,0,0,0,0,961,0,0,0,0,0,0,0.0003148645940503532,0.000580307329300922,0.0007317049771396948,0.04319987501366995,0.08057707999250852,0.1247197420016164,0.9164071690029232
PPO_last_551901,precommitted_secondary,551901,last,1b5140915157179ad892b229272c9d62646dba99deee408e36d2f0b7905a6c4a,me5418-scenes-v1-0073,far,formal-g015,True,,,,,1.0,5.232106356674653e-05,3.543760184794883e-05,5.232106356674653e-05,,0.01954091699877849,961,0,0.17117652046585005,0.2842409297035569,0.0,0.0,0.6964285714285715,1.0,0.0,0.0,0.1719159189611673,0,0,0,0,0,0,961,0,0,0,0,0,0,0.0002538712179405896,0.0005527361739344391,0.0006260790684943156,0.04387275299814064,0.07426051999209449,0.1189560250059003,0.8044436170021072
PPO_last_551901,precommitted_secondary,551901,last,1b5140915157179ad892b229272c9d62646dba99deee408e36d2f0b7905a6c4a,me5418-scenes-v1-0079,near_link,formal-g021,True,,,,,1.0,4.542585865867732e-05,3.2891465499824106e-05,2.8541081459583077e-05,0.03297733773377219,0.019649281763998924,0,0,0.42066945455705046,0.26384302409402177,0.0,0.0,0.6473214285714286,1.0,0.0,0.0,0.16433226828396852,0,0,0,0,0,0,961,0,0,0,0,0,0,0.0002844622188149515,0.0005692759836468515,0.0006935547384424959,0.04272076100460254,0.07965495200187434,0.12321534499642439,0.8748341290047392
PPO_last_551901,precommitted_secondary,551901,last,1b5140915157179ad892b229272c9d62646dba99deee408e36d2f0b7905a6c4a,me5418-scenes-v1-0080,tight_layout,formal-g022,True,,,,,1.0,5.182851399616538e-05,3.223802487666008e-05,5.182851399616538e-05,0.009660998395539425,0.018894147989074163,0,0,0.5022776623174648,0.2586042345614186,0.0,0.0,0.7150297619047619,1.0,0.0,0.0,0.17440801720977536,0,0,0,100,0,0,961,0,0,0,0,0,0,0.00029164035428645246,0.0005826040886707536,0.000713531969010243,0.043206025002291426,0.07959136199497152,0.12365345099533442,0.8960644870094256
PPO_last_551901,precommitted_secondary,551901,last,1b5140915157179ad892b229272c9d62646dba99deee408e36d2f0b7905a6c4a,me5418-scenes-v1-0082,tight_layout,formal-g024,True,,,,,1.0,6.168069676930177e-05,5.2721330036057395e-05,4.6956788245599396e-05,0.010539393832081453,0.019583386486630626,0,0,0.6705393264347216,0.256185538733032,0.0,0.0,0.4858630952380952,1.0,0.0,0.0,0.13054130426497154,0,0,0,81,0,0,961,0,0,0,0,0,0,0.00034470715051308315,0.0006011214354960733,0.0008022294853011166,0.042966063003405,0.0827775789948646,0.1265990849933587,0.9860983770049643
PPO_last_551901,precommitted_secondary,551901,last,1b5140915157179ad892b229272c9d62646dba99deee408e36d2f0b7905a6c4a,me5418-scenes-v1-0098,far,formal-g040,True,,,,,1.0,5.30247426652366e-05,4.8836852192770545e-05,4.976490024469268e-05,,0.019637898198026395,961,0,0.1590398875400093,0.27412209187304143,0.0,0.0,0.7135416666666666,1.0,0.0,0.0,0.1723018947057426,0,0,0,0,0,0,961,0,0,0,0,0,0,0.0002590565414569331,0.0005549052043534175,0.0006295774278745133,0.0433768479997525,0.07516926300013438,0.11939031298970804,0.8113628680002876
PPO_last_551901,precommitted_secondary,551901,last,1b5140915157179ad892b229272c9d62646dba99deee408e36d2f0b7905a6c4a,me5418-scenes-v1-0109,near_link,formal-g051,True,,,,,1.0,4.0238086860672514e-05,2.5311143735877755e-05,3.5917477156361645e-05,0.017202738319176847,0.01930312070265041,0,0,0.48881668541063866,0.232997953390232,0.0,0.0,0.5550595238095236,1.0,0.0,0.0,0.14775259670734936,0,0,0,40,0,0,961,0,0,0,0,0,0,0.00032510407224132604,0.0005939450291558994,0.0007919984020948807,0.04473320500983391,0.0840783010062296,0.12968879999243654,0.9781065639981534
PPO_last_551901,precommitted_secondary,551901,last,1b5140915157179ad892b229272c9d62646dba99deee408e36d2f0b7905a6c4a,me5418-scenes-v1-0119,near_link,formal-g003,True,,,,,1.0,4.601344293875455e-05,3.1954552243358965e-05,3.9747444745589034e-05,0.019150390123645264,0.01972766172697344,0,0,0.8759439267705579,0.24379835170270817,0.0,0.0,0.47842261904761907,1.0,0.0,0.0,0.15313633099043122,0,0,0,33,0,0,961,0,0,0,0,0,0,0.0003303861929756143,0.0005849159030731244,0.0007811486347994408,0.043721877998905256,0.08203097101068124,0.12664289699750952,0.9665832449973095
PPO_last_551901,precommitted_secondary,551901,last,1b5140915157179ad892b229272c9d62646dba99deee408e36d2f0b7905a6c4a,me5418-scenes-v1-0122,near_link,formal-g006,True,,,,,1.0,3.928912531916405e-05,2.40609766991125e-05,2.156857279959291e-05,0.013644399431133547,0.019572521914131905,0,0,0.2624460197534178,0.2895924154193139,0.0,0.0,0.5319940476190474,1.0,0.0,0.0,0.15723623120949404,0,0,0,127,0,0,961,0,0,0,0,0,0,0.00034089245264112833,0.0005794707936577955,0.0007657980311705614,0.04286492199753411,0.08191113399516325,0.12563798199698795,0.9509500270069111
PPO_last_551901,precommitted_secondary,551901,last,1b5140915157179ad892b229272c9d62646dba99deee408e36d2f0b7905a6c4a,me5418-scenes-v1-0126,far,formal-g010,True,,,,,1.0,5.324539287287722e-05,4.893353156997157e-05,4.931991705370454e-05,,0.01958943061416059,961,0,0.15892904428298385,0.28394568631909867,0.0,0.0,0.7142857142857143,1.0,0.0,0.0,0.17240369823938678,0,0,0,0,0,0,961,0,0,0,0,0,0,0.00025728071841513156,0.0005550162385588919,0.0006291215167342064,0.04296342798625119,0.07429987299838103,0.11814630600565579,0.8072170759987785
PPO_last_551901,precommitted_secondary,551901,last,1b5140915157179ad892b229272c9d62646dba99deee408e36d2f0b7905a6c4a,me5418-scenes-v1-0129,near_link,formal-g013,True,,,,,1.0,6.750749015367126e-05,5.360639440062682e-05,3.417002473781094e-05,0.0030350967682252067,0.019641997999314646,0,0,0.7740004195371373,0.21268449348417306,0.0,0.0,0.16294642857142852,1.0,0.0,0.0,0.07960145729760242,0,0,0,961,0,0,961,0,0,0,0,0,0,0.0003082952761512085,0.0005811485102791873,0.000741337634553929,0.04299406599602662,0.08102540399704594,0.12487888098985422,0.9275180929980706
PPO_last_551901,precommitted_secondary,551901,last,1b5140915157179ad892b229272c9d62646dba99deee408e36d2f0b7905a6c4a,me5418-scenes-v1-0131,far,formal-g015,True,,,,,1.0,5.391661391067608e-05,3.8961942935951165e-05,5.391661391067608e-05,,0.019548694219457853,961,0,0.16812016843690375,0.29199075648328926,0.0,0.0,0.6696428571428571,1.0,0.0,0.0,0.17218476946997854,0,0,0,0,0,0,961,0,0,0,0,0,0,0.00025743781740554067,0.000555809160626571,0.0006300066543493206,0.043088272999739274,0.07565951600554399,0.11958743300056085,0.8111040020012297
PPO_last_551901,precommitted_secondary,551901,last,1b5140915157179ad892b229272c9d62646dba99deee408e36d2f0b7905a6c4a,me5418-scenes-v1-0137,near_link,formal-g021,True,,,,,1.0,4.486783054771855e-05,2.6511948888010173e-05,4.486783054771855e-05,0.005389593533349557,0.019414867235259883,0,0,0.516615073624067,0.2590480725592183,0.0,0.0,0.697172619047619,1.0,0.0,0.0,0.17661126016506126,0,0,0,135,0,0,961,0,0,0,0,0,0,0.00035458346860650636,0.0006199787156068244,0.0007682153511571717,0.04486831999383867,0.08182114400551654,0.12750747599056922,0.951646283006994
PPO_last_551901,precommitted_secondary,551901,last,1b5140915157179ad892b229272c9d62646dba99deee408e36d2f0b7905a6c4a,me5418-scenes-v1-0140,tight_layout,formal-g024,True,,,,,1.0,6.31461421638079e-05,3.682644454480566e-05,6.31461421638079e-05,0.01999122281494116,0.019677709215941253,0,0,0.6937219637892255,0.2362063055938319,0.0,0.0,0.5461309523809522,1.0,0.0,0.0,0.13975572302948594,0,0,0,34,0,0,961,0,0,0,0,0,0,0.0003296736711035919,0.0006005832009274551,0.0007992466789649673,0.04429258400341496,0.0841046989953611,0.12929405400063843,0.9846252230054233
PPO_last_551901,precommitted_secondary,551901,last,1b5140915157179ad892b229272c9d62646dba99deee408e36d2f0b7905a6c4a,me5418-scenes-v1-0144,near_link,formal-g028,True,,,,,1.0,8.508193004187933e-05,5.4213931269484634e-05,8.508193004187933e-05,0.005772268745735512,0.01958776724223353,0,0,1.1961223894617319,0.26798626415499416,0.0,0.0,0.29092261904761896,1.0,0.0,0.0,0.12089899350844678,0,0,0,202,0,0,961,0,0,0,0,0,0,0.00032349706771128695,0.0005959109972385098,0.0007767743905181608,0.04356491198996082,0.08279044200025965,0.12729845099966042,0.9634427620039787
PPO_last_551901,precommitted_secondary,551901,last,1b5140915157179ad892b229272c9d62646dba99deee408e36d2f0b7905a6c4a,me5418-scenes-v1-0156,far,formal-g040,True,,,,,1.0,5.870485184591405e-05,4.618167824305403e-05,5.870485184591405e-05,,0.019663840595697278,961,0,0.16739646046150367,0.27476087726379594,0.0,0.0,0.7038690476190478,1.0,0.0,0.0,0.17201301314025408,0,0,0,0,0,0,961,0,0,0,0,0,0,0.0002563380054046623,0.0005522744604604668,0.0006263345918947986,0.04406147800909821,0.07505299200420268,0.1199764359917026,0.8068508160067722
PPO_last_551901,precommitted_secondary,551901,last,1b5140915157179ad892b229272c9d62646dba99deee408e36d2f0b7905a6c4a,me5418-scenes-v1-0160,tight_layout,formal-g044,True,,,,,1.0,2.4250369985156126e-05,1.6286922844033416e-05,1.4291775006801877e-05,0.0050362588279241755,0.01959421771804929,0,0,0.2221858881349985,0.2905633212271066,0.0,0.0,0.5416666666666665,1.0,0.0,0.0,0.15316808698865186,0,0,0,187,0,0,961,0,0,0,0,0,0,0.00033882915575607814,0.0005866081456436708,0.0007877991335438612,0.04482062900206074,0.08393987799354363,0.12973786999646109,0.9743763430014951
PPO_last_551901,precommitted_secondary,551901,last,1b5140915157179ad892b229272c9d62646dba99deee408e36d2f0b7905a6c4a,me5418-scenes-v1-0167,near_link,formal-g051,True,,,,,1.0,5.021274708945642e-05,3.676199837322157e-05,3.161202430624165e-05,0.038192481069667675,0.019697495298146968,0,0,1.0950878539084021,0.23345994577026138,0.0,0.0,0.4241071428571428,1.0,0.0,0.0,0.14176989521032995,0,0,0,0,0,0,961,0,0,0,0,0,0,0.000314476718434283,0.0005876138554261463,0.0007569867732248289,0.04346605499449652,0.0806432529934682,0.12495393000426702,0.9412040159950266
PPO_last_551901,precommitted_secondary,551901,last,1b5140915157179ad892b229272c9d62646dba99deee408e36d2f0b7905a6c4a,me5418-scenes-v1-0173,tight_layout,formal-g057,True,,,,,1.0,4.5877096786124716e-05,2.8812811531604152e-05,3.2306670740057536e-05,0.003026663375586755,0.019551479362965307,0,0,0.16089515621071468,0.2777128890744618,0.0,0.0,0.42857142857142855,1.0,0.0,0.0,0.16085672288290448,0,0,0,177,0,0,961,0,0,0,0,0,0,0.00029480388025149296,0.0005683990249356915,0.0007061650542103356,0.04321583300770726,0.08021077699959278,0.12428793399885762,0.8922001370083308
PPO_last_551901,precommitted_secondary,551901,last,1b5140915157179ad892b229272c9d62646dba99deee408e36d2f0b7905a6c4a,me5418-scenes-v1-0177,near_link,formal-g003,True,,,,,1.0,6.082186374887298e-05,4.617714025843398e-05,3.442839424571976e-05,0.049725540706937355,0.019576166247020604,0,0,1.1984253251331753,0.24249042435225499,0.0,0.0,0.4181547619047619,1.0,0.0,0.0,0.12998710968642538,0,0,0,0,0,0,961,0,0,0,0,0,0,0.00031451050980043266,0.0005826444644753792,0.0007604955114099236,0.043933666005614214,0.08148565998999402,0.1263050569978077,0.944365953997476
PPO_last_551901,precommitted_secondary,551901,last,1b5140915157179ad892b229272c9d62646dba99deee408e36d2f0b7905a6c4a,me5418-scenes-v1-0184,far,formal-g010,True,,,,,1.0,5.31357011799194e-05,4.883406710747144e-05,4.864364083175281e-05,,0.01960825822148582,961,0,0.15844155779622326,0.2785199801282729,0.0,0.0,0.7142857142857143,1.0,0.0,0.0,0.17255178385281136,0,0,0,0,0,0,961,0,0,0,0,0,0,0.0002636696869255199,0.0005563803216773522,0.000631966592951964,0.04313268599798903,0.0753497910045553,0.1193254270037869,0.8129568520089379
PPO_last_551901,precommitted_secondary,551901,last,1b5140915157179ad892b229272c9d62646dba99deee408e36d2f0b7905a6c4a,me5418-scenes-v1-0187,near_link,formal-g013,True,,,,,1.0,5.1318954542495806e-05,3.561047912611762e-05,3.2608456321170734e-05,0.017614607008732394,0.019802147113107023,0,0,0.7879688518101562,0.2752358812361014,0.0,0.0,0.259672619047619,1.0,0.0,0.0,0.12119806721332547,0,0,0,409,0,0,961,0,0,0,0,0,0,0.00030406930773096974,0.0005760659644996243,0.0007293706023271322,0.04515046000597067,0.07965918698755559,0.1256807689933339,0.9167701789992861
PPO_last_551901,precommitted_secondary,551901,last,1b5140915157179ad892b229272c9d62646dba99deee408e36d2f0b7905a6c4a,me5418-scenes-v1-0189,far,formal-g015,True,,,,,1.0,5.8122052644705676e-05,4.011880071998555e-05,5.8122052644705676e-05,,0.019540411593199115,961,0,0.16843471518949998,0.2906463343002832,0.0,0.0,0.7001488095238096,1.0,0.0,0.0,0.1722801246170309,0,0,0,0,0,0,961,0,0,0,0,0,0,0.0002577416925457025,0.0005593736031642039,0.0006338726881191785,0.0434932759962976,0.07557161900331266,0.11989907699171454,0.8141928099939832
PPO_last_551901,precommitted_secondary,551901,last,1b5140915157179ad892b229272c9d62646dba99deee408e36d2f0b7905a6c4a,me5418-scenes-v1-0195,near_link,formal-g021,True,,,,,1.0,4.771993418071735e-05,3.5680031773270054e-05,4.770151027585155e-05,0.02314283294118527,0.01963178290574634,0,0,0.5053750712484202,0.26129704642590684,0.0,0.0,0.6369047619047619,1.0,0.0,0.0,0.16208849296783143,0,0,0,100,0,0,961,0,0,0,0,0,0,0.0002929622761863963,0.0005759518679193813,0.000699408727041373,0.042917779996059835,0.07933992400649004,0.12312754499725997,0.8822113469941542
PPO_last_551901,precommitted_secondary,551901,last,1b5140915157179ad892b229272c9d62646dba99deee408e36d2f0b7905a6c4a,me5418-scenes-v1-0198,tight_layout,formal-g024,True,,,,,1.0,7.334435397416885e-05,4.938215779738723e-05,7.333570624150942e-05,0.012159638334687986,0.01961340952782689,0,0,0.29017842984710546,0.2535611386048462,0.0,0.0,0.38988095238095233,1.0,0.0,0.0,0.1274953024739045,0,0,0,93,0,0,961,0,0,0,0,0,0,0.00034236096416861983,0.000607152651218712,0.000809910925757625,0.044783438002923504,0.08232130500255153,0.1280368610023288,0.9963576450099936
PPO_last_551901,precommitted_secondary,551901,last,1b5140915157179ad892b229272c9d62646dba99deee408e36d2f0b7905a6c4a,me5418-scenes-v1-0207,near_link,formal-g033,True,,,,,1.0,6.28220834529892e-05,4.1176305226624086e-05,2.5194889404574582e-05,0.021294482433320508,0.019573538112821386,0,0,1.0793771904129488,0.25239564699414746,0.0,0.0,0.4494047619047618,1.0,0.0,0.0,0.1449183259647162,0,0,0,56,0,0,961,0,0,0,0,0,0,0.0003182331151189525,0.0005754049968345499,0.00075307564279683,0.04462457899353467,0.08072082800208591,0.12625123400357552,0.9364260229922365
PPO_last_551901,precommitted_secondary,551901,last,1b5140915157179ad892b229272c9d62646dba99deee408e36d2f0b7905a6c4a,me5418-scenes-v1-0214,far,formal-g040,True,,,,,1.0,6.511085157904441e-05,5.491919349901886e-05,6.511085157904441e-05,,0.019712959453077293,961,0,0.16306034700063113,0.2681382038932916,0.0,0.0,0.7142857142857143,1.0,0.0,0.0,0.17206433480605482,0,0,0,0,0,0,961,0,0,0,0,0,0,0.0002594691042456058,0.0005492058801337407,0.0006240493002223957,0.04384396699606441,0.0751265489961952,0.11984712000412401,0.8057632199925138
PPO_last_551901,precommitted_secondary,551901,last,1b5140915157179ad892b229272c9d62646dba99deee408e36d2f0b7905a6c4a,me5418-scenes-v1-0218,tight_layout,formal-g044,True,,,,,1.0,3.351646327504711e-05,2.474694040528223e-05,2.141494143360028e-05,0.023692561522580577,0.01957319817927238,0,0,0.21888838928646173,0.29953174062735954,0.0,0.0,0.5305059523809522,1.0,0.0,0.0,0.15408797076116093,0,0,0,52,0,0,961,0,0,0,0,0,0,0.0003335992760942948,0.0005867214791275426,0.0007872463498794483,0.04315560900431592,0.08313486899714917,0.12721519099432044,0.97179966699332
PPO_last_551901,precommitted_secondary,551901,last,1b5140915157179ad892b229272c9d62646dba99deee408e36d2f0b7905a6c4a,me5418-scenes-v1-0225,near_link,formal-g051,True,,,,,1.0,5.649323598052637e-05,3.674935550932124e-05,2.5406006914496855e-05,0.012881021317325936,0.019626078146238755,0,0,0.6892758429065248,0.24860609074730472,0.0,0.0,0.5267857142857142,1.0,0.0,0.0,0.14144662905961186,0,0,0,60,0,0,961,0,0,0,0,0,0,0.0003342656148864383,0.0005895263031713209,0.0007874339433177131,0.04319733800366521,0.08374128199648112,0.12780529400333762,0.9716990150045604
PPO_last_551901,precommitted_secondary,551901,last,1b5140915157179ad892b229272c9d62646dba99deee408e36d2f0b7905a6c4a,me5418-scenes-v1-0235,near_link,formal-g003,True,,,,,1.0,5.784162187650645e-05,4.543852868530965e-05,3.288397453973096e-05,0.04572011190902536,0.019561260725450405,0,0,1.3479147224007693,0.2458535793178573,0.0,0.0,0.44270833333333326,1.0,0.0,0.0,0.13353239086988783,0,0,0,0,0,0,961,0,0,0,0,0,0,0.0003120098909524434,0.0005854732790794515,0.0007528674930047904,0.04454963699390646,0.08148382500803564,0.1269590879965108,0.9394431660039118
PPO_last_551901,precommitted_secondary,551901,last,1b5140915157179ad892b229272c9d62646dba99deee408e36d2f0b7905a6c4a,me5418-scenes-v1-0242,far,formal-g010,True,,,,,1.0,5.5828320408848245e-05,5.13468213425617e-05,4.8474228908283384e-05,,0.019649482651711715,961,0,0.16473650516886357,0.2865503496177204,0.0,0.0,0.6436011904761904,1.0,0.0,0.0,0.17277181539906278,0,0,0,0,0,0,961,0,0,0,0,0,0,0.0002565108857955541,0.0005568985831208314,0.000631073280298248,0.04304067199700512,0.07509319699602202,0.1189630209992174,0.810417549990234
PPO_last_551901,precommitted_secondary,551901,last,1b5140915157179ad892b229272c9d62646dba99deee408e36d2f0b7905a6c4a,me5418-scenes-v1-0245,near_link,formal-g013,True,,,,,1.0,5.18919477986755e-05,4.325060091547541e-05,5.13401650923035e-05,0.01970791833917042,0.019640058988586916,0,0,0.4795223699132314,0.2467193870523981,0.0,0.0,0.43526785714285704,1.0,0.0,0.0,0.14097684747206846,0,0,0,60,0,0,961,0,0,0,0,0,0,0.00031495872910151473,0.0005871136980204028,0.000763459066699094,0.04307481599971652,0.0812016840063734,0.12516204999701586,0.9453455309994752
PPO_last_551901,precommitted_secondary,551901,last,1b5140915157179ad892b229272c9d62646dba99deee408e36d2f0b7905a6c4a,me5418-scenes-v1-0247,far,formal-g015,True,,,,,1.0,5.216520343459986e-05,3.2766214382673476e-05,5.216520343459986e-05,,0.01916906448125385,961,0,0.1776217649874968,0.29546902276700765,0.0,0.0,0.7016369047619048,1.0,0.0,0.0,0.17207082524629574,0,0,0,0,0,0,961,0,0,0,0,0,0,0.0002805172237003717,0.0005668121513129639,0.0006462747907486724,0.043454001992358826,0.07607343400013633,0.12044873199192807,0.8294929229887202
PPO_last_551901,precommitted_secondary,551901,last,1b5140915157179ad892b229272c9d62646dba99deee408e36d2f0b7905a6c4a,me5418-scenes-v1-0253,near_link,formal-g021,True,,,,,1.0,6.174391041322187e-05,4.7781373218950694e-05,2.9930113163748005e-05,0.012443191842040624,0.01959448576059699,0,0,0.1140907658211596,0.26663971361274014,0.0,0.0,0.6093749999999999,1.0,0.0,0.0,0.15641673452475863,0,0,0,242,0,0,961,0,0,0,0,0,0,0.00029238312458801374,0.0005693984050897901,0.0006954261270645172,0.04466340100043453,0.08116681700630579,0.12675123500230256,0.881937555008335
PPO_last_551901,precommitted_secondary,551901,last,1b5140915157179ad892b229272c9d62646dba99deee408e36d2f0b7905a6c4a,me5418-scenes-v1-0256,tight_layout,formal-g024,True,,,,,1.0,6.811119944864388e-05,5.486156321302446e-05,4.007710588991635e-05,0.0458358542639226,0.019572428609293868,0,0,0.6494492643183305,0.25515525245811344,0.0,0.0,0.49925595238095233,1.0,0.0,0.0,0.13358496666630906,0,0,0,0,0,0,961,0,0,0,0,0,0,0.00032098035361135163,0.0005927570683070371,0.0007762888883765602,0.04426352700102143,0.08145849699212704,0.12665294000180438,0.9610885200090706
PPO_last_551901,precommitted_secondary,551901,last,1b5140915157179ad892b229272c9d62646dba99deee408e36d2f0b7905a6c4a,me5418-scenes-v1-0260,near_link,formal-g028,True,,,,,1.0,7.967722914841386e-05,6.423284931954922e-05,7.96662485631355e-05,0.02371862642923374,0.019588101711110674,0,0,0.4807312479284796,0.2775253661813099,0.0,0.0,0.4077380952380952,1.0,0.0,0.0,0.12613148948321828,0,0,0,39,0,0,961,0,0,0,0,0,0,0.00032412148410306446,0.0005935474849593448,0.0007866844165164366,0.04382626300503034,0.08349628900759853,0.12820295200799592,0.9741609960037749
PPO_last_551901,precommitted_secondary,551901,last,1b5140915157179ad892b229272c9d62646dba99deee408e36d2f0b7905a6c4a,me5418-scenes-v1-0272,far,formal-g040,True,,,,,1.0,7.069769938707383e-05,5.3598137398564305e-05,7.069769938707383e-05,,0.019701960653875875,961,0,0.16270210606517485,0.2711343162255643,0.0,0.0,0.7142857142857143,1.0,0.0,0.0,0.17216463950462638,0,0,0,0,0,0,961,0,0,0,0,0,0,0.00026873204728872224,0.0005580113740658514,0.0006346508446767984,0.04402183199999854,0.07494126900564879,0.1197901600098703,0.8170654669957003
PPO_last_551901,precommitted_secondary,551901,last,1b5140915157179ad892b229272c9d62646dba99deee408e36d2f0b7905a6c4a,me5418-scenes-v1-0276,tight_layout,formal-g044,True,,,,,1.0,4.1187906272948604e-05,2.8599568387103214e-05,1.2786892918660644e-05,0.024390204752604686,0.019698914121035076,0,0,0.6453604891937814,0.30575649849408587,0.0,0.0,0.5364583333333331,1.0,0.0,0.0,0.15689363841042256,0,0,0,36,0,0,961,0,0,0,0,0,0,0.00032924263056581066,0.0005781878029968841,0.0007729397956912483,0.043395621003583074,0.08261342399055138,0.12689506499737035,0.9588656340056332
PPO_last_551901,precommitted_secondary,551901,last,1b5140915157179ad892b229272c9d62646dba99deee408e36d2f0b7905a6c4a,me5418-scenes-v1-0283,near_link,formal-g051,True,,,,,1.0,8.755151250092862e-05,6.8814641762636e-05,8.070840529017813e-05,0.013366001930808696,0.01970965757700633,0,0,1.1226660490174327,0.26928900469998246,0.0,0.0,0.28571428571428564,0.9114583333333334,0.0,0.0,0.12575143683546536,0,0,0,92,0,0,961,0,0,0,0,0,0,0.00031378392198651756,0.0005857997604834964,0.0007601089356285229,0.04391609200683888,0.08127918900572695,0.12608077100594528,0.9477130039886106
PPO_last_551901,precommitted_secondary,551901,last,1b5140915157179ad892b229272c9d62646dba99deee408e36d2f0b7905a6c4a,me5418-scenes-v1-0285,near_link,formal-g053,True,,,,,1.0,8.006525593151201e-05,7.131515738934577e-05,7.56574435984961e-05,0.027501150167020802,0.01963556523499619,0,0,0.3426162268443807,0.2795593758318393,0.0,0.0,0.4300595238095237,1.0,0.0,0.0,0.12811520104130197,0,0,0,114,0,0,961,0,0,0,0,0,0,0.00032522288567330787,0.0005959085279755527,0.0007776918469365531,0.04426484899886418,0.08442641299916431,0.12958274300035555,0.9665484159922926
PPO_last_551901,precommitted_secondary,551901,last,1b5140915157179ad892b229272c9d62646dba99deee408e36d2f0b7905a6c4a,me5418-scenes-v1-0289,tight_layout,formal-g057,True,,,,,1.0,2.8362067655449613e-05,1.5759849393760167e-05,1.3817762498706307e-05,0.003536615303070534,0.019592881012257604,0,0,0.2970332260988946,0.2645642450727347,0.0,0.0,0.5029761904761904,1.0,0.0,0.0,0.15507003344939133,0,0,0,166,0,0,961,0,0,0,0,0,0,0.00031473660404420417,0.0005747715447341761,0.0007359769591403165,0.04378847099724226,0.08205666398862377,0.12673779900069349,0.9211969770112773
PPO_last_551901,precommitted_secondary,551901,last,1b5140915157179ad892b229272c9d62646dba99deee408e36d2f0b7905a6c4a,me5418-scenes-v1-0293,near_link,formal-g003,True,,,,,1.0,5.19434901628498e-05,3.920465953677547e-05,2.739354461020378e-05,0.035834384540691294,0.019609499727365705,0,0,1.4171131952112663,0.2353973462765696,0.0,0.0,0.45163690476190466,1.0,0.0,0.0,0.13956387723031055,0,0,0,0,0,0,961,0,0,0,0,0,0,0.0003196636045383154,0.0005795289095355353,0.0007561100780094421,0.04412384300667327,0.08091035299003124,0.1259811619966058,0.9432897299993783
PPO_last_551901,precommitted_secondary,551901,last,1b5140915157179ad892b229272c9d62646dba99deee408e36d2f0b7905a6c4a,me5418-scenes-v1-0300,far,formal-g010,True,,,,,1.0,5.35907251603747e-05,4.867994106640611e-05,4.958098358587181e-05,,0.019572337230420893,961,0,0.15906828721928173,0.28136390485948,0.0,0.0,0.7142857142857143,1.0,0.0,0.0,0.17250771584610142,0,0,0,0,0,0,961,0,0,0,0,0,0,0.0002612630107705627,0.0005591298726964548,0.0006342274654950113,0.04635007999604568,0.07594984000024851,0.1231686789978994,0.8196888550010044
PPO_last_551901,precommitted_secondary,551901,last,1b5140915157179ad892b229272c9d62646dba99deee408e36d2f0b7905a6c4a,me5418-scenes-v1-0303,near_link,formal-g013,True,,,,,1.0,5.3671597372182247e-05,3.4536506247109645e-05,3.5797688717650255e-05,0.016138122094924365,0.01993456853506577,0,0,0.5598265619406451,0.2749874711313691,0.0,0.0,0.34002976190476186,1.0,0.0,0.0,0.12852191744702093,0,0,0,455,0,0,961,0,0,0,0,0,0,0.00030471666074542253,0.0005744540615675457,0.0007295302668656708,0.045201594999525696,0.08009358300478198,0.12621728600061033,0.9166394389903871
PPO_last_551901,precommitted_secondary,551901,last,1b5140915157179ad892b229272c9d62646dba99deee408e36d2f0b7905a6c4a,me5418-scenes-v1-0305,far,formal-g015,True,,,,,1.0,5.759165125310125e-05,3.924498282137165e-05,5.759165125310125e-05,,0.019541303791276915,961,0,0.1640808522420544,0.2862377192913546,0.0,0.0,0.7142857142857143,1.0,0.0,0.0,0.17226230841174367,0,0,0,0,0,0,961,0,0,0,0,0,0,0.00026346157225513406,0.0005597872225280298,0.0006355919021795368,0.04388693699729629,0.07432148000225425,0.11904022500675637,0.8166681860020617
PPO_last_551901,precommitted_secondary,551901,last,1b5140915157179ad892b229272c9d62646dba99deee408e36d2f0b7905a6c4a,me5418-scenes-v1-0311,near_link,formal-g021,True,,,,,1.0,4.8693444068812486e-05,3.481046436032647e-05,3.4747222305326435e-05,0.0474224588032051,0.0195822220419479,0,0,0.10308224052937398,0.2742740582863049,0.0,0.0,0.6093749999999999,1.0,0.0,0.0,0.16341956890398812,0,0,0,0,0,0,961,0,0,0,0,0,0,0.0002930080832660072,0.0005678752132856365,0.0006936533426141978,0.045288229011930525,0.0807669110072311,0.12692038199747913,0.8812295320094563
PPO_last_551901,precommitted_secondary,551901,last,1b5140915157179ad892b229272c9d62646dba99deee408e36d2f0b7905a6c4a,me5418-scenes-v1-0314,tight_layout,formal-g024,True,,,,,1.0,6.39283382712945e-05,3.465313216323369e-05,6.39283382712945e-05,0.041742737205152064,0.0196454939161119,0,0,0.28840043042548524,0.2403795749171712,0.0,0.0,0.5684523809523808,1.0,0.0,0.0,0.14665079924189264,0,0,0,0,0,0,961,0,0,0,0,0,0,0.00033067818246005726,0.0005985437406858788,0.0007978527825040753,0.044823131000157446,0.08359517400094774,0.12930077900819015,0.9838942000060342
PPO_last_551901,precommitted_secondary,551901,last,1b5140915157179ad892b229272c9d62646dba99deee408e36d2f0b7905a6c4a,me5418-scenes-v1-0316,near_link,formal-g026,True,,,,,1.0,4.441301902967919e-05,2.742024789575607e-05,3.7133595891837005e-05,0.03421877065869988,0.01958850009368235,0,0,0.283050881374979,0.27382415380530156,0.0,0.0,0.5208333333333333,1.0,0.0,0.0,0.1602316201694304,0,0,0,0,0,0,961,0,0,0,0,0,0,0.00030257998446359125,0.0005739177418642309,0.0007322747884245473,0.043960254013654776,0.08109340800729115,0.12596451900026295,0.9175127589987824
PPO_last_551901,precommitted_secondary,551901,last,1b5140915157179ad892b229272c9d62646dba99deee408e36d2f0b7905a6c4a,me5418-scenes-v1-0323,near_link,formal-g033,True,,,,,1.0,7.639167727847444e-05,5.140509055249426e-05,2.814749093737636e-05,0.009914260234840655,0.019582900839592077,0,0,0.6204142519494319,0.22720874203842592,0.0,0.0,0.39955357142857134,1.0,0.0,0.0,0.1386365704194066,0,0,0,639,0,0,961,0,0,0,0,0,0,0.0003200699162941116,0.0005812597020394605,0.0007433223893561565,0.043938513001194224,0.08080988300207537,0.1256455770053435,0.9297615319956094
PPO_last_551901,precommitted_secondary,551901,last,1b5140915157179ad892b229272c9d62646dba99deee408e36d2f0b7905a6c4a,me5418-scenes-v1-0330,far,formal-g040,True,,,,,1.0,6.698015009422477e-05,5.382570719222104e-05,6.698015009422477e-05,,0.019706590083916294,961,0,0.16297637183791616,0.2694384823271334,0.0,0.0,0.7142857142857143,1.0,0.0,0.0,0.17183299603472862,0,0,0,0,0,0,961,0,0,0,0,0,0,0.00026405244246537524,0.0005516614176030998,0.0006272968467480193,0.04447997400711756,0.07498544099507853,0.1203082540014293,0.8089490459969966
PPO_last_551901,precommitted_secondary,551901,last,1b5140915157179ad892b229272c9d62646dba99deee408e36d2f0b7905a6c4a,me5418-scenes-v1-0341,near_link,formal-g051,True,,,,,1.0,4.629254788057009e-05,3.6029385344713465e-05,3.3859202902612134e-05,0.037786378854931496,0.019730625825603643,0,0,1.1718234729543464,0.2345242135665372,0.0,0.0,0.4263392857142856,1.0,0.0,0.0,0.1408844456331627,0,0,0,0,0,0,961,0,0,0,0,0,0,0.00031022971393213084,0.0005851951500820481,0.0007548970969916505,0.04404036499909125,0.08044605600298382,0.12536331498995423,0.9389746499946341
PPO_last_551901,precommitted_secondary,551901,last,1b5140915157179ad892b229272c9d62646dba99deee408e36d2f0b7905a6c4a,me5418-scenes-v1-0344,tight_layout,formal-g054,True,,,,,1.0,3.694552510740447e-05,2.9445435389418756e-05,2.7570970162988152e-05,0.025737794037442502,0.01957956166596027,0,0,0.21117168695059135,0.27949870002918525,0.0,0.0,0.519345238095238,1.0,0.0,0.0,0.15122451793424607,0,0,0,41,0,0,961,0,0,0,0,0,0,0.0003245996448792236,0.0005858823559265147,0.0007832999031052168,0.0448051179992035,0.08263853999960702,0.1282798040047055,0.9685931819985854
PPO_last_551901,precommitted_secondary,551901,last,1b5140915157179ad892b229272c9d62646dba99deee408e36d2f0b7905a6c4a,me5418-scenes-v1-0351,near_link,formal-g003,True,,,,,1.0,8.380098089667936e-05,5.8009062311686565e-05,2.306220554056657e-05,0.022277162642347623,0.019582997858957986,0,0,0.915766764488103,0.23012276409738097,0.0,0.0,0.45684523809523797,1.0,0.0,0.0,0.1330333068139485,0,0,0,92,0,0,961,0,0,0,0,0,0,0.00032247119323377166,0.0005769010612160249,0.0007453884970345826,0.04371765699761454,0.08020540299185086,0.12477272099931724,0.9309819869959028
PPO_last_551901,precommitted_secondary,551901,last,1b5140915157179ad892b229272c9d62646dba99deee408e36d2f0b7905a6c4a,me5418-scenes-v1-0357,tight_layout,formal-g009,True,,,,,1.0,4.066906894361776e-05,2.634481211994137e-05,3.9458582277580096e-05,0.0030027841526193977,0.017942872804402966,0,0,0.07034938357485225,0.27287216575217516,0.0,0.0,0.7693452380952378,1.0,0.0,0.0,0.1752771145398063,0,0,0,116,0,0,961,0,0,0,0,0,0,0.00030874406214328093,0.0005808311344329317,0.0007227488199229508,0.043976344997645356,0.08096049600862898,0.12583893100963905,0.9079970290040364
PPO_last_551901,precommitted_secondary,551901,last,1b5140915157179ad892b229272c9d62646dba99deee408e36d2f0b7905a6c4a,me5418-scenes-v1-0358,far,formal-g010,True,,,,,1.0,5.3847460883916854e-05,5.0102763661909326e-05,4.637569290436084e-05,,0.019646849924680104,961,0,0.15694030233221826,0.27573039094842483,0.0,0.0,0.7142857142857143,1.0,0.0,0.0,0.17233826211609302,0,0,0,0,0,0,961,0,0,0,0,0,0,0.0002566420306114499,0.0005549775759845943,0.0006291097437951976,0.04375566900125705,0.0755095380009152,0.1201328419992933,0.8112531130027492
PPO_last_551901,precommitted_secondary,551901,last,1b5140915157179ad892b229272c9d62646dba99deee408e36d2f0b7905a6c4a,me5418-scenes-v1-0361,near_link,formal-g013,True,,,,,1.0,4.83094290728503e-05,3.518663463777197e-05,2.7168378625515744e-05,0.03494936149961357,0.01989852924148238,0,0,0.41195590933133786,0.27957010617143363,0.0,0.0,0.32142857142857134,1.0,0.0,0.0,0.12257478267142903,0,0,0,0,0,0,961,0,0,0,0,0,0,0.0003012303954316546,0.0005742227259512826,0.00072354102612735,0.044174647991894744,0.08009478299936745,0.1251301439915551,0.9099758969969116
PPO_last_551901,precommitted_secondary,551901,last,1b5140915157179ad892b229272c9d62646dba99deee408e36d2f0b7905a6c4a,me5418-scenes-v1-0363,far,formal-g015,True,,,,,1.0,5.273533219278631e-05,3.5687859798173514e-05,5.273533219278631e-05,,0.019538760222828168,961,0,0.16754001594584292,0.29180457719718383,0.0,0.0,0.7075892857142856,1.0,0.0,0.0,0.1718676911844384,0,0,0,0,0,0,961,0,0,0,0,0,0,0.00026439280312236707,0.0005559630251961305,0.0006318022446369771,0.04454048800107557,0.07466573700367007,0.12003204200300388,0.8134859800047707
PPO_last_551901,precommitted_secondary,551901,last,1b5140915157179ad892b229272c9d62646dba99deee408e36d2f0b7905a6c4a,me5418-scenes-v1-0369,near_link,formal-g021,True,,,,,1.0,4.606193044757754e-05,3.4182629476316225e-05,3.946347205126438e-05,0.033079626536892615,0.019628171270982257,0,0,0.0944491769829305,0.26942557912939796,0.0,0.0,0.6413690476190476,1.0,0.0,0.0,0.1635090201389089,0,0,0,0,0,0,961,0,0,0,0,0,0,0.00030351489560113504,0.0005727226228070018,0.0007009337011822936,0.043348489998606965,0.07928393399924971,0.12348722599563189,0.88348922500154
PPO_last_551901,precommitted_secondary,551901,last,1b5140915157179ad892b229272c9d62646dba99deee408e36d2f0b7905a6c4a,me5418-scenes-v1-0372,tight_layout,formal-g024,True,,,,,1.0,6.216517379039707e-05,4.095738174817078e-05,6.216517379039707e-05,0.04015797018068454,0.019742706890116563,0,0,0.655363124898697,0.22924304282232386,0.0,0.0,0.5520833333333331,1.0,0.0,0.0,0.13971715931048884,0,0,0,0,0,0,961,0,0,0,0,0,0,0.00036807835923961346,0.0006143897073949726,0.0008096180935657078,0.04324005599482916,0.08122935199935455,0.12539614499837626,0.9931458420032868
PPO_last_551901,precommitted_secondary,551901,last,1b5140915157179ad892b229272c9d62646dba99deee408e36d2f0b7905a6c4a,me5418-scenes-v1-0381,near_link,formal-g033,True,,,,,1.0,7.95684873986805e-05,5.502133501433132e-05,2.98111465177409e-05,0.024402056772336367,0.01959974463840805,0,0,0.6912375327278373,0.2310764955807846,0.0,0.0,0.3794642857142856,1.0,0.0,0.0,0.1379676577213797,0,0,0,296,0,0,961,0,0,0,0,0,0,0.0003043347239023812,0.000566733515809877,0.0007245796123849384,0.04388517199549824,0.07951693299401086,0.12427306799509097,0.909604649990797
PPO_last_551901,precommitted_secondary,551901,last,1b5140915157179ad892b229272c9d62646dba99deee408e36d2f0b7905a6c4a,me5418-scenes-v1-0388,far,formal-g040,True,,,,,1.0,5.656781648091117e-05,4.846424354196409e-05,4.610277969348297e-05,,0.019697072208308616,961,0,0.16552069979394557,0.2727921359974887,0.0,0.0,0.703125,1.0,0.0,0.0,0.1723227183888888,0,0,0,0,0,0,961,0,0,0,0,0,0,0.00026248136941831035,0.0005521700520300025,0.0006274076273560543,0.043348740990040824,0.07494862000748981,0.11916868299886119,0.8084697269950993
PPO_last_551901,precommitted_secondary,551901,last,1b5140915157179ad892b229272c9d62646dba99deee408e36d2f0b7905a6c4a,me5418-scenes-v1-0399,near_link,formal-g051,True,,,,,1.0,8.244810676577414e-05,6.642312086430664e-05,8.006560595297408e-05,0.0434670203423725,0.01966208907785364,0,0,1.6280349666483875,0.25925960677756477,0.0,0.0,0.10416666666666664,0.5416666666666666,0.0,0.0,0.11050678145714173,0,0,0,0,0,0,961,0,0,0,0,0,0,0.00032815768334633805,0.0005850982478932565,0.0007552320117914254,0.043950696010142565,0.08113861099991482,0.1259405919990968,0.9430178360053105
PPO_last_551901,precommitted_secondary,551901,last,1b5140915157179ad892b229272c9d62646dba99deee408e36d2f0b7905a6c4a,me5418-scenes-v1-0409,near_link,formal-g003,True,,,,,1.0,5.496528504429286e-05,2.402940349190044e-05,5.496528504429286e-05,0.03104021043639589,0.019075474377759534,0,0,0.2456378395604582,0.22756636870347996,0.0,0.0,0.5699404761904759,1.0,0.0,0.0,0.1544413940271451,0,0,0,0,0,0,961,0,0,0,0,0,0,0.0003322948643926793,0.0005932725330846249,0.0007919472298605494,0.043633316992782056,0.08225472399499267,0.12675413499528076,0.9765309110080125
PPO_last_551901,precommitted_secondary,551901,last,1b5140915157179ad892b229272c9d62646dba99deee408e36d2f0b7905a6c4a,me5418-scenes-v1-0415,tight_layout,formal-g009,True,,,,,1.0,4.7801894695131436e-05,2.919397097779732e-05,3.945765853006166e-05,0.019168544850035843,0.01208377754980806,0,0,0.0903219319719121,0.27869033751502537,0.0,0.0,0.7760416666666665,1.0,0.0,0.0,0.17791793212471974,0,0,0,39,0,0,961,0,0,0,0,0,0,0.0002962854327203483,0.0005755590811380291,0.0007141290340920629,0.04436704100226052,0.07900000900554005,0.12423525500344113,0.8971124920062721
PPO_last_551901,precommitted_secondary,551901,last,1b5140915157179ad892b229272c9d62646dba99deee408e36d2f0b7905a6c4a,me5418-scenes-v1-0416,far,formal-g010,True,,,,,1.0,5.6491799704891885e-05,5.071153102108935e-05,5.6491799704891885e-05,,0.01964907064118966,961,0,0.16344674709366322,0.29144960087347965,0.0,0.0,0.6331845238095237,1.0,0.0,0.0,0.17267506384911635,0,0,0,0,0,0,961,0,0,0,0,0,0,0.00026581466098226275,0.0005585326241089206,0.0006344645259256746,0.0434168089996092,0.0751433670084225,0.11939189399708994,0.8169632060016738
PPO_last_551901,precommitted_secondary,551901,last,1b5140915157179ad892b229272c9d62646dba99deee408e36d2f0b7905a6c4a,me5418-scenes-v1-0419,near_link,formal-g013,True,,,,,1.0,9.097148546684571e-05,7.534725402318834e-05,9.084814930902156e-05,0.04815674961120697,0.019502778592432532,0,0,0.2948659162544102,0.2639207996365838,0.0,0.0,0.1376488095238095,0.9635416666666666,0.0,0.0,0.11676321173574597,0,0,0,0,0,0,961,0,0,0,0,0,0,0.0003209405784521853,0.0005855528884846233,0.0007433696657850911,0.04408008999598678,0.08139611600199714,0.12639491799927782,0.9333531979937106
PPO_last_551901,precommitted_secondary,551901,last,1b5140915157179ad892b229272c9d62646dba99deee408e36d2f0b7905a6c4a,me5418-scenes-v1-0421,far,formal-g015,True,,,,,1.0,5.49102277779026e-05,3.545319565890941e-05,5.49102277779026e-05,,0.019349290224194973,961,0,0.17187221147630902,0.2834257994328756,0.0,0.0,0.7061011904761904,1.0,0.0,0.0,0.17220721583414292,0,0,0,0,0,0,961,0,0,0,0,0,0,0.0002596365888318057,0.0005576392244014036,0.0006323287393267189,0.044619776992476545,0.07550036899920087,0.12096529999689665,0.8151457569911145
PPO_last_551901,precommitted_secondary,551901,last,1b5140915157179ad892b229272c9d62646dba99deee408e36d2f0b7905a6c4a,me5418-scenes-v1-0427,near_link,formal-g021,True,,,,,1.0,4.901582856912677e-05,3.230946951015641e-05,4.901582856912677e-05,0.021048292559040893,0.019709762173379698,0,0,0.7064464803526006,0.26120584759571336,0.0,0.0,0.7827380952380952,1.0,0.0,0.0,0.17270779866680858,0,0,0,71,0,0,961,0,0,0,0,0,0,0.00029090854650348774,0.0005676182886115082,0.0006933444740146418,0.04320774499501567,0.07886054400296416,0.12291782099055126,0.8746199890010757
PPO_last_551901,precommitted_secondary,551901,last,1b5140915157179ad892b229272c9d62646dba99deee408e36d2f0b7905a6c4a,me5418-scenes-v1-0430,tight_layout,formal-g024,True,,,,,1.0,6.559418885686462e-05,5.808948746678333e-05,6.251619809528484e-05,0.03384258290436748,0.019599439385152274,0,0,0.2960373333747575,0.263197074885947,0.0,0.0,0.421875,1.0,0.0,0.0,0.12589526559736225,0,0,0,0,0,0,961,0,0,0,0,0,0,0.00033035215634906007,0.0006035682637654342,0.0008023418706064452,0.04400853499828372,0.08388001800631173,0.12880382800358348,0.9902228660066612
PPO_last_551901,precommitted_secondary,551901,last,1b5140915157179ad892b229272c9d62646dba99deee408e36d2f0b7905a6c4a,me5418-scenes-v1-0446,far,formal-g040,True,,,,,1.0,7.31630352964169e-05,5.91040962046231e-05,7.31630352964169e-05,,0.019702881847979754,961,0,0.16403120305264757,0.27040297224109605,0.0,0.0,0.7135416666666666,1.0,0.0,0.0,0.17247670090180775,0,0,0,0,0,0,961,0,0,0,0,0,0,0.0002759632238091096,0.0005598912387692205,0.0006382168104209996,0.04534739800146781,0.07519038498867303,0.12138075300026685,0.8220652789896121
PPO_last_551901,precommitted_secondary,551901,last,1b5140915157179ad892b229272c9d62646dba99deee408e36d2f0b7905a6c4a,me5418-scenes-v1-0457,near_link,formal-g051,True,,,,,1.0,5.895301497958565e-05,4.350752234566665e-05,3.0106726278839606e-05,0.021094187272411496,0.01957353930552149,0,0,0.6895479247118567,0.2523539261058667,0.0,0.0,0.49627976190476186,1.0,0.0,0.0,0.13256021357762315,0,0,0,37,0,0,961,0,0,0,0,0,0,0.0003258517505552542,0.0005861008959224516,0.0007797600551081511,0.045019350000075065,0.08322437200695276,0.12916874499933328,0.96564345099614
PPO_last_551901,precommitted_secondary,551901,last,1b5140915157179ad892b229272c9d62646dba99deee408e36d2f0b7905a6c4a,me5418-scenes-v1-0460,tight_layout,formal-g054,True,,,,,1.0,3.4946582184540824e-05,2.3326960015805502e-05,3.4946582184540824e-05,0.029668168067825795,0.019646805428156937,0,0,0.2045886958437304,0.2908070239807186,0.0,0.0,0.5074404761904762,1.0,0.0,0.0,0.15193606183553734,0,0,0,10,0,0,961,0,0,0,0,0,0,0.00032721009870329,0.0005965539417047694,0.0007949072748336523,0.043712717000744306,0.08363521601131652,0.12822941500053275,0.9800723340013064
PPO_last_551901,precommitted_secondary,551901,last,1b5140915157179ad892b229272c9d62646dba99deee408e36d2f0b7905a6c4a,me5418-scenes-v1-0467,near_link,formal-g003,True,,,,,1.0,5.444391589018974e-05,3.698732539745896e-05,2.6185657384695742e-05,0.04017114411398248,0.01963663060895811,0,0,0.9558231320936147,0.24477950531933157,0.0,0.0,0.5007440476190476,1.0,0.0,0.0,0.1422725789548297,0,0,0,0,0,0,961,0,0,0,0,0,0,0.00033017865121109935,0.0005860978741717796,0.000776833305932693,0.04335347900632769,0.08131039299769327,0.12552826199680567,0.9609653779916698
PPO_last_551901,precommitted_secondary,551901,last,1b5140915157179ad892b229272c9d62646dba99deee408e36d2f0b7905a6c4a,me5418-scenes-v1-0473,tight_layout,formal-g009,True,,,,,1.0,4.1332199962276524e-05,2.644850057426415e-05,3.503441247856226e-05,0.02435468800196927,0.014003573926616717,0,0,0.446375016044301,0.27709472471763186,0.0,0.0,0.7916666666666666,1.0,0.0,0.0,0.17595586994041998,0,0,0,19,0,0,961,0,0,0,0,0,0,0.00030701836476509925,0.0005770511260683027,0.0007125492966072974,0.04437786999915261,0.07976636099920142,0.12502245799987577,0.8961564049968729
PPO_last_551901,precommitted_secondary,551901,last,1b5140915157179ad892b229272c9d62646dba99deee408e36d2f0b7905a6c4a,me5418-scenes-v1-0474,far,formal-g010,True,,,,,1.0,6.96497818398567e-05,5.680832864177667e-05,6.96497818398567e-05,,0.01969632923705477,961,0,0.16379865643999134,0.28045265017891385,0.0,0.0,0.6555059523809523,1.0,0.0,0.0,0.1729583003336475,0,0,0,0,0,0,961,0,0,0,0,0,0,0.0002587361716450687,0.0005587932301750698,0.0006332353240244023,0.04437348200008273,0.0756130910012871,0.12086569100210909,0.816209340991918
PPO_last_551901,precommitted_secondary,551901,last,1b5140915157179ad892b229272c9d62646dba99deee408e36d2f0b7905a6c4a,me5418-scenes-v1-0477,near_link,formal-g013,True,,,,,1.0,6.27953269074017e-05,5.5013611986509324e-05,4.8920213069849395e-05,0.03442510034167308,0.0195983283145192,0,0,1.0196509683653996,0.2566558247687028,0.0,0.0,0.15773809523809523,0.4947916666666667,0.0,0.0,0.13292467675138533,0,0,0,0,0,0,961,0,0,0,0,0,0,0.0003067919847126177,0.0005770874073732557,0.0007374685313607188,0.04374638899753336,0.07978492700203788,0.12442692399781663,0.9220703610044438
PPO_last_551901,precommitted_secondary,551901,last,1b5140915157179ad892b229272c9d62646dba99deee408e36d2f0b7905a6c4a,me5418-scenes-v1-0479,far,formal-g015,True,,,,,1.0,5.4695331563098094e-05,3.571129739674843e-05,5.4695331563098094e-05,,0.019402280968083545,961,0,0.17159881666929558,0.2941565582063796,0.0,0.0,0.7068452380952381,1.0,0.0,0.0,0.17216010861143113,0,0,0,0,0,0,961,0,0,0,0,0,0,0.0002651671301615958,0.000559940506066899,0.0006356809156235006,0.043689481986803,0.07518338100635447,0.1197028980095638,0.8181812559923856
PPO_last_551901,precommitted_secondary,551901,last,1b5140915157179ad892b229272c9d62646dba99deee408e36d2f0b7905a6c4a,me5418-scenes-v1-0485,near_link,formal-g021,True,,,,,1.0,5.6131330248466305e-05,4.2283819519464505e-05,5.594933155987031e-05,0.025636979938305868,0.019623795458814645,0,0,0.4853240206182488,0.26171670765693117,0.0,0.0,0.7150297619047619,1.0,0.0,0.0,0.16687334040789642,0,0,0,53,0,0,961,0,0,0,0,0,0,0.0002965856613172946,0.0005736519898012679,0.0006960566051626908,0.04472602700116113,0.07921589400211815,0.12485341800493188,0.8812450859986711
PPO_last_551901,precommitted_secondary,551901,last,1b5140915157179ad892b229272c9d62646dba99deee408e36d2f0b7905a6c4a,me5418-scenes-v1-0488,tight_layout,formal-g024,True,,,,,1.0,5.388997726248511e-05,4.440370465401431e-05,4.168783498131983e-05,0.043387911572244336,0.019557676564337906,0,0,0.672890980991482,0.24655943024913557,0.0,0.0,0.5312499999999999,1.0,0.0,0.0,0.13182950731078608,0,0,0,0,0,0,961,0,0,0,0,0,0,0.00033596141186838696,0.0006000048625537602,0.0007984343178577546,0.043596105999313295,0.08271613200486172,0.12719465199916158,0.9825663850060664
PPO_last_551901,precommitted_secondary,551901,last,1b5140915157179ad892b229272c9d62646dba99deee408e36d2f0b7905a6c4a,me5418-scenes-v1-0497,near_link,formal-g033,True,,,,,1.0,8.562176969025638e-05,5.501553465817558e-05,2.2710246350198183e-05,0.021657312741712592,0.019602858298724136,0,0,0.6769547034665382,0.2467591312530563,0.0,0.0,0.40401785714285715,1.0,0.0,0.0,0.14218858186199906,0,0,0,221,0,0,961,0,0,0,0,0,0,0.0003036735045043315,0.000565765252000953,0.0007265934373663185,0.043915457994444296,0.07905219499662053,0.12380840700643603,0.911633988012909
PPO_last_551901,precommitted_secondary,551901,last,1b5140915157179ad892b229272c9d62646dba99deee408e36d2f0b7905a6c4a,me5418-scenes-v1-0504,far,formal-g040,True,,,,,1.0,5.718727217389997e-05,4.6627704593269945e-05,5.534450612330785e-05,,0.01965539065895052,961,0,0.1571325305691829,0.27420879560361267,0.0,0.0,0.7142857142857143,1.0,0.0,0.0,0.1720226275379814,0,0,0,0,0,0,961,0,0,0,0,0,0,0.0002616890423420652,0.0005528349584437819,0.000627853410348204,0.0446503530110931,0.0771244299976388,0.12261316399963107,0.8125531699915882
PPO_last_551901,precommitted_secondary,551901,last,1b5140915157179ad892b229272c9d62646dba99deee408e36d2f0b7905a6c4a,me5418-scenes-v1-0508,tight_layout,formal-g044,True,,,,,1.0,4.2232395123902474e-05,2.7374039200179563e-05,4.2232395123902474e-05,0.0026624989762807083,0.019613824327640368,0,0,0.22506497584579696,0.29710420781593844,0.0,0.0,0.4799107142857142,1.0,0.0,0.0,0.14861676269377183,0,0,0,961,0,0,961,0,0,0,0,0,0,0.00033512288518977584,0.0005903125137137977,0.0007899284350211625,0.043865864994586445,0.08438677199592348,0.1291973479965236,0.9759375419962453
PPO_last_551901,precommitted_secondary,551901,last,1b5140915157179ad892b229272c9d62646dba99deee408e36d2f0b7905a6c4a,me5418-scenes-v1-0515,near_link,formal-g051,True,,,,,1.0,4.745695242398323e-05,3.4069940276859177e-05,3.876492884770309e-05,0.04941017423657798,0.019345485999557682,0,0,1.15216628748814,0.24410439232706482,0.0,0.0,0.46279761904761907,1.0,0.0,0.0,0.14691864086669826,0,0,0,0,0,0,961,0,0,0,0,0,0,0.0003114343652820632,0.0005838357529682981,0.0007581766136354418,0.0434802870004205,0.08050220800214447,0.12490642799821217,0.9403447649965528
PPO_last_551901,precommitted_secondary,551901,last,1b5140915157179ad892b229272c9d62646dba99deee408e36d2f0b7905a6c4a,me5418-scenes-v1-0518,tight_layout,formal-g054,True,,,,,1.0,2.6084175551908845e-05,1.8737616804349045e-05,1.7867694847612554e-05,0.016464446670563487,0.019573327563245133,0,0,0.2054817619000225,0.28379824761040845,0.0,0.0,0.5230654761904762,1.0,0.0,0.0,0.1512707189629076,0,0,0,145,0,0,961,0,0,0,0,0,0,0.00032680079668049683,0.0005876235167609896,0.0007862416344172137,0.04338098000152968,0.08305929899506737,0.12730947800446302,0.970555312000215
PPO_last_551901,precommitted_secondary,551901,last,1b5140915157179ad892b229272c9d62646dba99deee408e36d2f0b7905a6c4a,me5418-scenes-v1-0525,near_link,formal-g003,True,,,,,1.0,5.300810837323147e-05,4.145625283756991e-05,2.7850587064219685e-05,0.04624668778392084,0.019574474630426247,0,0,1.094890920165217,0.21862777977298847,0.0,0.0,0.4627976190476189,1.0,0.0,0.0,0.1334632503813953,0,0,0,0,0,0,961,0,0,0,0,0,0,0.00031647524444148684,0.0005799165444993075,0.0007470056586953433,0.043366983998566866,0.07970226899487898,0.1239507050049724,0.9311506869998993
PPO_last_551901,precommitted_secondary,551901,last,1b5140915157179ad892b229272c9d62646dba99deee408e36d2f0b7905a6c4a,me5418-scenes-v1-0532,far,formal-g010,True,,,,,1.0,6.962927434294893e-05,5.626697490116238e-05,6.962927434294893e-05,,0.019677370780975638,961,0,0.16079461844897494,0.27719949510291897,0.0,0.0,0.7142857142857143,1.0,0.0,0.0,0.17294785150415484,0,0,0,0,0,0,961,0,0,0,0,0,0,0.00026413757336740673,0.0005595109710156976,0.0006353059715972146,0.043416947999503464,0.07611321199510712,0.12036051599716302,0.8155587410001317
PPO_last_551901,precommitted_secondary,551901,last,1b5140915157179ad892b229272c9d62646dba99deee408e36d2f0b7905a6c4a,me5418-scenes-v1-0535,near_link,formal-g013,True,,,,,1.0,5.387499197286858e-05,3.869422077564108e-05,3.9393096663418434e-05,0.03449828070577271,0.019609144121195986,0,0,0.6466671630121248,0.2645042008650321,0.0,0.0,0.28645833333333326,1.0,0.0,0.0,0.12585060938117318,0,0,0,0,0,0,961,0,0,0,0,0,0,0.0002944594062531299,0.0005729186667091805,0.0007056455094698322,0.04380568000487983,0.07933766199857928,0.1240641190088354,0.8962544219975825
PPO_last_551901,precommitted_secondary,551901,last,1b5140915157179ad892b229272c9d62646dba99deee408e36d2f0b7905a6c4a,me5418-scenes-v1-0537,far,formal-g015,True,,,,,1.0,5.3875924602086803e-05,3.3798132324325485e-05,5.3875924602086803e-05,,0.01928481053455918,961,0,0.17416046787209305,0.2821675953945099,0.0,0.0,0.6994047619047619,1.0,0.0,0.0,0.17205770142110333,0,0,0,0,0,0,961,0,0,0,0,0,0,0.0002589125363859542,0.0005560301960334375,0.0006305189833862338,0.04350927199993748,0.0755514930060599,0.11990238199359737,0.8115143739996711
PPO_last_551901,precommitted_secondary,551901,last,1b5140915157179ad892b229272c9d62646dba99deee408e36d2f0b7905a6c4a,me5418-scenes-v1-0543,near_link,formal-g021,True,,,,,1.0,6.0132501892782644e-05,4.499346416301311e-05,2.8904589308081815e-05,0.043877829225493534,0.01958184920836705,0,0,0.15574677481927635,0.2674272707110051,0.0,0.0,0.5223214285714284,1.0,0.0,0.0,0.15364989826810502,0,0,0,0,0,0,961,0,0,0,0,0,0,0.00028789806803312484,0.0005617948623845829,0.0006865022551968044,0.04301663298974745,0.07904182400670834,0.12294154100527521,0.8705207010061713
PPO_last_551901,precommitted_secondary,551901,last,1b5140915157179ad892b229272c9d62646dba99deee408e36d2f0b7905a6c4a,me5418-scenes-v1-0546,tight_layout,formal-g024,True,,,,,1.0,7.82645457385046e-05,6.408075646103503e-05,6.439506994027061e-05,0.01706687538214359,0.01960470689392213,0,0,0.2812259518421954,0.2653565507039211,0.0,0.0,0.3921130952380952,1.0,0.0,0.0,0.12648275916109838,0,0,0,72,0,0,961,0,0,0,0,0,0,0.0003437640683993474,0.0006034398477368086,0.0008059660941701926,0.04489819999434985,0.08505323699500877,0.13086587200814392,0.9964426700025797
PPO_last_551901,precommitted_secondary,551901,last,1b5140915157179ad892b229272c9d62646dba99deee408e36d2f0b7905a6c4a,me5418-scenes-v1-0555,near_link,formal-g033,True,,,,,1.0,8.368107205445469e-05,5.4414367031672325e-05,2.2470758937926993e-05,0.004376146542021675,0.01957265877181799,0,0,0.720874740376679,0.23587026858223914,0.0,0.0,0.3936011904761904,1.0,0.0,0.0,0.141444466179902,0,0,0,431,0,0,961,0,0,0,0,0,0,0.00030697100995287957,0.000564701732279597,0.0007261415040526723,0.043509342009201646,0.07955601300636772,0.12393461300234776,0.9193924299906939
PPO_last_551901,precommitted_secondary,551901,last,1b5140915157179ad892b229272c9d62646dba99deee408e36d2f0b7905a6c4a,me5418-scenes-v1-0562,far,formal-g040,True,,,,,1.0,5.816506965154711e-05,4.818313935117218e-05,5.816506965154711e-05,,0.019696551966621158,961,0,0.16020619763350524,0.2735286000151492,0.0,0.0,0.7142857142857143,1.0,0.0,0.0,0.17187897528166926,0,0,0,0,0,0,961,0,0,0,0,0,0,0.0003399445890863717,0.0005701831387644536,0.0006620303542604234,0.04760981199797243,0.07741927499591839,0.12592618800408673,0.8497957830113592
PPO_last_551901,precommitted_secondary,551901,last,1b5140915157179ad892b229272c9d62646dba99deee408e36d2f0b7905a6c4a,me5418-scenes-v1-0573,near_link,formal-g051,True,,,,,1.0,8.066638854902343e-05,4.8714632816563705e-05,8.066638854902343e-05,0.02180180700403274,0.019597433694341117,0,0,0.20879784073261504,0.2553470540613855,0.0,0.0,0.3757440476190476,1.0,0.0,0.0,0.11886511419766717,0,0,0,69,0,0,961,0,0,0,0,0,0,0.00034528568820254196,0.0006011246697198658,0.0008034667730953515,0.04319983799359761,0.08512613399943803,0.1292129139910685,0.9920119519956643
PPO_last_551901,precommitted_secondary,551901,last,1b5140915157179ad892b229272c9d62646dba99deee408e36d2f0b7905a6c4a,me5418-scenes-v1-0583,near_link,formal-g003,True,,,,,1.0,7.498830074729742e-05,5.505810859707876e-05,2.822033867176203e-05,0.03305106803002254,0.019617076973055016,0,0,1.3038070193412066,0.23489588232450898,0.0,0.0,0.49032738095238076,1.0,0.0,0.0,0.12853520195820325,0,0,0,0,0,0,961,0,0,0,0,0,0,0.0003190014423732161,0.0005744886699631024,0.0007389108243842201,0.04401034599868581,0.08070350599882659,0.12564921499870252,0.924795773011283
PPO_last_551901,precommitted_secondary,551901,last,1b5140915157179ad892b229272c9d62646dba99deee408e36d2f0b7905a6c4a,me5418-scenes-v1-0589,tight_layout,formal-g009,True,,,,,1.0,4.4303452986763265e-05,2.7782828991883517e-05,3.218004959642184e-05,0.03365845963960369,0.010844002731817024,0,0,0.5069962009079017,0.2924017441477403,0.0,0.0,0.7879464285714285,1.0,0.0,0.0,0.1753201673649961,0,0,0,0,0,0,961,0,0,0,0,0,0,0.0002915798904723488,0.0005750219988840399,0.0007075792102568812,0.04346527899906505,0.07850309700006619,0.12282538099680096,0.8879130439891014
PPO_last_551901,precommitted_secondary,551901,last,1b5140915157179ad892b229272c9d62646dba99deee408e36d2f0b7905a6c4a,me5418-scenes-v1-0590,far,formal-g010,True,,,,,1.0,5.294431329750587e-05,4.850446403369736e-05,4.8787199645422473e-05,,0.019623862042320507,961,0,0.15718179150925413,0.27871219183899354,0.0,0.0,0.7142857142857143,1.0,0.0,0.0,0.17235929354182666,0,0,0,0,0,0,961,0,0,0,0,0,0,0.00025689671868652414,0.0005525274721245902,0.0006265994334474574,0.04564496799139306,0.07445023598847911,0.12089348900190089,0.808925272009219
PPO_last_551901,precommitted_secondary,551901,last,1b5140915157179ad892b229272c9d62646dba99deee408e36d2f0b7905a6c4a,me5418-scenes-v1-0593,near_link,formal-g013,True,,,,,1.0,8.468587202089056e-05,7.469532804787592e-05,7.955246549363424e-05,0.03488832564380015,0.01960268569678985,0,0,0.8152098300075749,0.1967028305071305,0.0,0.0,0.04910714285714285,0.34375,0.0,0.0,0.08551094242603063,0,0,0,0,0,0,961,0,0,0,0,0,0,0.00031274947931099933,0.0005816546856446318,0.000743016064643598,0.044394059004844166,0.08081876300275326,0.12606833499739878,0.9323919109883718
PPO_last_551901,precommitted_secondary,551901,last,1b5140915157179ad892b229272c9d62646dba99deee408e36d2f0b7905a6c4a,me5418-scenes-v1-0595,far,formal-g015,True,,,,,1.0,5.266335881884287e-05,3.6526709703775344e-05,5.266335881884287e-05,,0.019539609644562445,961,0,0.16989722745549385,0.3037014715336404,0.0,0.0,0.6473214285714285,1.0,0.0,0.0,0.17184227772411845,0,0,0,0,0,0,961,0,0,0,0,0,0,0.00027063135348726064,0.0005614619749697643,0.0006386195593980422,0.04337968600157183,0.07527810600004159,0.11951565099298023,0.8205369820061605
PPO_last_551901,precommitted_secondary,551901,last,1b5140915157179ad892b229272c9d62646dba99deee408e36d2f0b7905a6c4a,me5418-scenes-v1-0601,near_link,formal-g021,True,,,,,1.0,4.475597690726287e-05,3.516944128017433e-05,2.825613143127311e-05,0.0386635876415215,0.019732394615103295,0,0,0.37474225106052145,0.26617619528313835,0.0,0.0,0.7366071428571428,1.0,0.0,0.0,0.17097892489483846,0,0,0,0,0,0,961,0,0,0,0,0,0,0.00034056291724482435,0.0005925337361986748,0.0007289367563619938,0.04382272200018633,0.08042281700181775,0.12518175299919676,0.912623165990226
PPO_last_551901,precommitted_secondary,551901,last,1b5140915157179ad892b229272c9d62646dba99deee408e36d2f0b7905a6c4a,me5418-scenes-v1-0604,tight_layout,formal-g024,True,,,,,1.0,6.031169383339525e-05,5.354137473718406e-05,4.289726337451515e-05,0.02640460911167522,0.019606006214122833,0,0,0.9500169451675484,0.26151986184989245,0.0,0.0,0.48363095238095233,1.0,0.0,0.0,0.1275781014213516,0,0,0,17,0,0,961,0,0,0,0,0,0,0.00032460822876601014,0.0005920324603872966,0.0007808513467504478,0.04369247599970549,0.08236823399784043,0.12700755600235425,0.9686124059953727
PPO_last_551901,precommitted_secondary,551901,last,1b5140915157179ad892b229272c9d62646dba99deee408e36d2f0b7905a6c4a,me5418-scenes-v1-0608,near_link,formal-g028,True,,,,,1.0,2.5897724792141363e-05,1.4914133741617978e-05,2.5897724792141363e-05,0.025009509005639974,0.019578698989461553,0,0,0.2849834577027406,0.2,0.0,0.0,0.28571428571428564,1.0,0.0,0.0,0.10616102282545484,0,0,0,175,0,0,961,0,0,0,0,0,0,0.00033499653606365126,0.000594250081167047,0.000794867378666216,0.04350855899974704,0.08273994400224183,0.12715413099795114,0.9810419380082749
PPO_last_551901,precommitted_secondary,551901,last,1b5140915157179ad892b229272c9d62646dba99deee408e36d2f0b7905a6c4a,me5418-scenes-v1-0613,near_link,formal-g033,True,,,,,1.0,9.794507583694176e-05,7.010343406373651e-05,2.59750183690698e-05,0.028658158716403356,0.019603612195835743,0,0,0.777781476668815,0.24545205315030028,0.0,0.0,0.3928571428571428,1.0,0.0,0.0,0.13906241952929468,0,0,0,9,0,0,961,0,0,0,0,0,0,0.0003150667297025696,0.000564286085606606,0.000726847943951725,0.04351259599206969,0.07951837099972181,0.12393370999780018,1.0121688920044107
PPO_last_551901,precommitted_secondary,551901,last,1b5140915157179ad892b229272c9d62646dba99deee408e36d2f0b7905a6c4a,me5418-scenes-v1-0614,tight_layout,formal-g034,True,,,,,1.0,2.781055343679863e-05,2.131618934823388e-05,2.1353483831151342e-05,0.005081010300474947,0.019630283851802877,0,0,0.21894183356468783,0.25576377782307363,0.0,0.0,0.4769345238095237,1.0,0.0,0.0,0.15277071628786093,0,0,0,211,0,0,961,0,0,0,0,0,0,0.00033055510311896796,0.0005940926373871965,0.0007938181759527651,0.043790019990410656,0.08353390099364333,0.12822714399953838,0.9810469840012956
PPO_last_551901,precommitted_secondary,551901,last,1b5140915157179ad892b229272c9d62646dba99deee408e36d2f0b7905a6c4a,me5418-scenes-v1-0620,far,formal-g040,True,,,,,1.0,5.710040383019303e-05,4.909554125492176e-05,4.5278504395103046e-05,,0.019704538454315676,961,0,0.1648663968510677,0.2718591456966344,0.0,0.0,0.7075892857142856,1.0,0.0,0.0,0.17230064183074448,0,0,0,0,0,0,961,0,0,0,0,0,0,0.00025887108389118413,0.0005500013644602101,0.0006247765075537852,0.04447086399886757,0.07496362298843451,0.12029135299962945,0.8073327699967194
PPO_last_551901,precommitted_secondary,551901,last,1b5140915157179ad892b229272c9d62646dba99deee408e36d2f0b7905a6c4a,me5418-scenes-v1-0641,near_link,formal-g003,True,,,,,1.0,5.2063373531611965e-05,3.6375791724892945e-05,4.142701894245118e-05,0.03397898676372563,0.0196423301757407,0,0,0.8881450056632147,0.24942174696293293,0.0,0.0,0.5186011904761904,1.0,0.0,0.0,0.14689686089709758,0,0,0,0,0,0,961,0,0,0,0,0,0,0.00033334551562802517,0.0005886238355894117,0.000783008623693604,0.043776994993095286,0.08463750199007336,0.12932053599797655,0.9714242789923446
PPO_last_551901,precommitted_secondary,551901,last,1b5140915157179ad892b229272c9d62646dba99deee408e36d2f0b7905a6c4a,me5418-scenes-v1-0644,near_link,formal-g006,True,,,,,1.0,5.059448293337218e-05,3.1525545291531954e-05,2.091311460638751e-05,0.010343714093395226,0.019681090542344508,0,0,0.4708704641955384,0.2951220606652222,0.0,0.0,0.49776785714285704,1.0,0.0,0.0,0.15229740810159237,0,0,0,961,0,0,961,0,0,0,0,0,0,0.0003191022296202088,0.0005723964009575865,0.0007401316844910373,0.046475171999190934,0.08300014499400277,0.13035218000004534,0.9304610969993519
PPO_last_551901,precommitted_secondary,551901,last,1b5140915157179ad892b229272c9d62646dba99deee408e36d2f0b7905a6c4a,me5418-scenes-v1-0648,far,formal-g010,True,,,,,1.0,5.510247378430945e-05,5.0378288095056076e-05,4.889024371343315e-05,,0.019582849353951076,961,0,0.1671326778324155,0.29177022504873146,0.0,0.0,0.6294642857142856,1.0,0.0,0.0,0.17262488938202813,0,0,0,0,0,0,961,0,0,0,0,0,0,0.00025797768262236787,0.000556054922799376,0.0006305380386947945,0.04377942999417428,0.07482557299954351,0.11947792800492607,0.8115714970044792
PPO_last_551901,precommitted_secondary,551901,last,1b5140915157179ad892b229272c9d62646dba99deee408e36d2f0b7905a6c4a,me5418-scenes-v1-0651,near_link,formal-g013,True,,,,,1.0,7.594114327452748e-05,6.563149105458536e-05,5.803432889051598e-05,0.018153755507475347,0.019677809900102927,0,0,1.011407501211227,0.26818582402075053,0.0,0.0,0.39062499999999994,1.0,0.0,0.0,0.12440270066893262,0,0,0,57,0,0,961,0,0,0,0,0,0,0.0003145754222562876,0.0005850782733584007,0.0007572325666236186,0.04434540700458456,0.08153409000078682,0.12671057399711572,0.943516297993483
PPO_last_551901,precommitted_secondary,551901,last,1b5140915157179ad892b229272c9d62646dba99deee408e36d2f0b7905a6c4a,me5418-scenes-v1-0653,far,formal-g015,True,,,,,1.0,5.459560564423905e-05,3.896593492956501e-05,5.459560564423905e-05,,0.0195390220315027,961,0,0.16796780628539373,0.29141858661445086,0.0,0.0,0.697172619047619,1.0,0.0,0.0,0.17221667354349932,0,0,0,0,0,0,961,0,0,0,0,0,0,0.0002627740732350503,0.000556740187221294,0.0006321438354461861,0.04310434700164478,0.07476174201292451,0.11869531199045014,0.812611025001388
PPO_last_551901,precommitted_secondary,551901,last,1b5140915157179ad892b229272c9d62646dba99deee408e36d2f0b7905a6c4a,me5418-scenes-v1-0659,near_link,formal-g021,True,,,,,1.0,5.4997354689459534e-05,3.375504076658933e-05,5.474127903406666e-05,0.03608172427874813,0.019372594593193813,0,0,0.5197583006185768,0.2591954640391344,0.0,0.0,0.7715773809523808,1.0,0.0,0.0,0.17488820905619787,0,0,0,0,0,0,961,0,0,0,0,0,0,0.00030432119259179064,0.0005780770510834069,0.0007071843283029012,0.045169820994487964,0.07900962099665776,0.1250630669965176,0.8904187489970354
PPO_last_551901,precommitted_secondary,551901,last,1b5140915157179ad892b229272c9d62646dba99deee408e36d2f0b7905a6c4a,me5418-scenes-v1-0662,tight_layout,formal-g024,True,,,,,1.0,8.150148509874509e-05,5.1102640489333783e-05,8.150148509874509e-05,0.011962715275970273,0.01959071821984311,0,0,0.21606366811034936,0.23879228816085724,0.0,0.0,0.3623511904761904,1.0,0.0,0.0,0.1217073389949898,0,0,0,160,0,0,961,0,0,0,0,0,0,0.00033647547919220716,0.0006000245291640264,0.0008011585919272572,0.04297627598862164,0.08241292700404301,0.12624992498604115,0.9852333260059822
PPO_last_551901,precommitted_secondary,551901,last,1b5140915157179ad892b229272c9d62646dba99deee408e36d2f0b7905a6c4a,me5418-scenes-v1-0671,near_link,formal-g033,True,,,,,1.0,6.620539018562758e-05,4.233077009058741e-05,2.3559773009238416e-05,0.007517653907208238,0.019616884103545687,0,0,0.6918353521831136,0.24405441857296006,0.0,0.0,0.4851190476190475,1.0,0.0,0.0,0.1449466176613766,0,0,0,205,0,0,961,0,0,0,0,0,0,0.00031010971830861916,0.0005768310643967804,0.0007472199604762863,0.044170506997033954,0.07997462899948005,0.12508247399819084,0.930717833005474
PPO_last_551901,precommitted_secondary,551901,last,1b5140915157179ad892b229272c9d62646dba99deee408e36d2f0b7905a6c4a,me5418-scenes-v1-0678,far,formal-g040,True,,,,,1.0,6.895967243341673e-05,5.6401085237059324e-05,6.895967243341673e-05,,0.019704971581878686,961,0,0.1709880269152314,0.2676421240920294,0.0,0.0,0.7053571428571429,1.0,0.0,0.0,0.17205697521567345,0,0,0,0,0,0,961,0,0,0,0,0,0,0.0002579145581573054,0.0005518661087080545,0.0006265288165650418,0.04372867399069946,0.0750313600001391,0.11964983098732773,0.8058745599992108
PPO_last_551901,precommitted_secondary,551901,last,1b5140915157179ad892b229272c9d62646dba99deee408e36d2f0b7905a6c4a,me5418-scenes-v1-0689,near_link,formal-g051,True,,,,,1.0,4.1919611501968294e-05,2.9898947293115766e-05,4.1917388627385933e-05,0.01347548851869293,0.01938446474774473,0,0,1.0518384320817866,0.22846989722101363,0.0,0.0,0.5104166666666665,1.0,0.0,0.0,0.1426345984728652,0,0,0,78,0,0,961,0,0,0,0,0,0,0.00033282152154849126,0.0005950843374193937,0.0007800781759063587,0.043740496010286734,0.0810374629945727,0.12570342399703804,0.9641297130001476
PPO_last_552901,precommitted_secondary,552901,last,f55ae43dc4fc29ac21b8e87678ce4e42470082c05de0d03d90449b7371acf55c,me5418-scenes-v1-0003,near_link,formal-g003,True,,,,,1.0,0.00012363260428789594,0.00010661789167560537,9.534335378946392e-05,0.027374368102053778,0.019796371996499654,0,0,0.925086090404867,0.2724255699302348,0.0,0.0,0.5491071428571427,1.0,0.0,0.0,0.15647355331027593,0,0,0,12,0,0,961,0,0,0,0,0,0,0.00031065893729949795,0.0005831252602092718,0.0007475027820116035,0.043328959989594296,0.08200657099951059,0.12614877300802618,0.9313161780009978
PPO_last_552901,precommitted_secondary,552901,last,f55ae43dc4fc29ac21b8e87678ce4e42470082c05de0d03d90449b7371acf55c,me5418-scenes-v1-0009,tight_layout,formal-g009,True,,,,,1.0,9.846649804368068e-05,5.256390797473481e-05,9.846649804368068e-05,0.020536793141801346,0.0015716827446922792,0,0,0.1408497666569397,0.3071458857460411,0.0,0.0,0.9925595238095238,1.0,0.0,0.0,0.19992925122025465,0,0,0,32,0,0,961,0,0,0,0,0,0,0.00029409768762889144,0.0005815307624895164,0.0007152840429625939,0.04433229099959135,0.07926451000093948,0.1245764089981094,0.8956855300057214
PPO_last_552901,precommitted_secondary,552901,last,f55ae43dc4fc29ac21b8e87678ce4e42470082c05de0d03d90449b7371acf55c,me5418-scenes-v1-0010,far,formal-g010,True,,,,,1.0,7.185388651575286e-05,4.10294294712946e-05,7.185388651575286e-05,,0.0190185298356981,961,0,0.08138762142928614,0.2730646319327874,0.0,0.0,0.8444940476190474,1.0,0.0,0.0,0.1830827870583605,0,0,0,0,0,0,961,0,0,0,0,0,0,0.00025827266116114817,0.0005640614508592989,0.000638634408339082,0.043365938996430486,0.07750063500134274,0.12172660599753726,0.8195426839956781
PPO_last_552901,precommitted_secondary,552901,last,f55ae43dc4fc29ac21b8e87678ce4e42470082c05de0d03d90449b7371acf55c,me5418-scenes-v1-0013,near_link,formal-g013,True,,,,,1.0,4.597337693186603e-05,3.2808185766326836e-05,3.6813545341475545e-05,0.01941893806587726,0.01945396145767679,0,0,1.2376271862965584,0.2600849234540928,0.0,0.0,0.4226190476190476,1.0,0.0,0.0,0.14164866870428558,0,0,0,75,0,0,961,0,0,0,0,0,0,0.00030944910372454615,0.0005871361948720733,0.0007353536554849901,0.04315871899598278,0.08051654099836014,0.12455861500347964,0.9187148159981007
PPO_last_552901,precommitted_secondary,552901,last,f55ae43dc4fc29ac21b8e87678ce4e42470082c05de0d03d90449b7371acf55c,me5418-scenes-v1-0015,far,formal-g015,True,,,,,1.0,7.431499101152125e-05,3.469192170137945e-05,7.431499101152125e-05,,0.013545293058564837,961,0,0.091236808692409,0.27591076415249843,0.0,0.0,0.845238095238095,1.0,0.0,0.0,0.1846874226150768,0,0,0,0,0,0,961,0,0,0,0,0,0,0.00025830193749243335,0.0005569318593794984,0.0006316479407966351,0.04300521999539342,0.07483104099810589,0.1186739300028421,0.8100468990014633
PPO_last_552901,precommitted_secondary,552901,last,f55ae43dc4fc29ac21b8e87678ce4e42470082c05de0d03d90449b7371acf55c,me5418-scenes-v1-0021,near_link,formal-g021,True,,,,,1.0,6.698548539289585e-05,4.61423527358098e-05,6.698548539289585e-05,0.025300392513261438,0.0196694582486669,0,0,0.2007757079229262,0.25929085377445327,0.0,0.0,0.6450892857142856,1.0,0.0,0.0,0.16030207173219727,0,0,0,45,0,0,961,0,0,0,0,0,0,0.0002891350253927764,0.0005757568135171217,0.0007013006949515935,0.04381941400060896,0.07948255100927781,0.12419621099252254,0.8847238090093015
PPO_last_552901,precommitted_secondary,552901,last,f55ae43dc4fc29ac21b8e87678ce4e42470082c05de0d03d90449b7371acf55c,me5418-scenes-v1-0022,tight_layout,formal-g022,True,,,,,1.0,9.592084027282715e-05,5.016366429835652e-05,9.592084027282715e-05,0.0023255875498373463,0.012521957992507927,0,0,0.09135729606408492,0.2681475711739073,0.0,0.0,0.9888392857142857,1.0,0.0,0.0,0.19994725602723298,0,0,0,111,0,0,961,0,0,0,0,0,0,0.0002870830367858919,0.0005857689071035565,0.0007170976510678884,0.044627267998293974,0.07922215999860782,0.124720439009252,0.8966510650061537
PPO_last_552901,precommitted_secondary,552901,last,f55ae43dc4fc29ac21b8e87678ce4e42470082c05de0d03d90449b7371acf55c,me5418-scenes-v1-0024,tight_layout,formal-g024,True,,,,,1.0,0.0001326379531016394,8.363430161385071e-05,0.0001326379531016394,0.01829497534237698,0.019514675414219494,0,0,0.27944706552047327,0.26814581076695937,0.0,0.0,0.41145833333333326,1.0,0.0,0.0,0.13891780193994885,0,0,0,80,0,0,961,0,0,0,0,0,0,0.000334743094526857,0.0006011347491948982,0.0008015083431473613,0.04334550000203308,0.08499536401359364,0.12928256999293808,0.9900696380063891
PPO_last_552901,precommitted_secondary,552901,last,f55ae43dc4fc29ac21b8e87678ce4e42470082c05de0d03d90449b7371acf55c,me5418-scenes-v1-0032,tight_layout,formal-g032,False,external_collision_band,related_collision:obstacle,tracking,0.30416666666666664,0.07604166666666666,3.710322508066641e-05,2.4589589955328335e-05,,8.965471815153975e-05,0.01998046654144666,0,0,0.6238461552871631,0.13325016079485175,0.0,0.0,0.14285714285714282,1.0,0.0,0.0,0.07983825617602894,0,1,0,74,0,0,74,0,0,0,0,0,0,0.0003385836656282966,0.0005912749592712379,0.0008002174525818316,0.04420914899674244,0.08330441599537153,0.1283754100004444,0.20310632199107204
PPO_last_552901,precommitted_secondary,552901,last,f55ae43dc4fc29ac21b8e87678ce4e42470082c05de0d03d90449b7371acf55c,me5418-scenes-v1-0033,near_link,formal-g033,True,,,,,1.0,0.00011384935464440297,9.516957416029519e-05,7.610615443530568e-05,0.025075863951248875,0.019578147471683904,0,0,0.48702159277992724,0.2724014427680536,0.0,0.0,0.5372023809523808,1.0,0.0,0.0,0.16485694270314916,0,0,0,25,0,0,961,0,0,0,0,0,0,0.0003110775316296592,0.00057202106678839,0.0007402046583896057,0.04354827300994657,0.07978673400066327,0.12428167200414464,0.923025254989625
PPO_last_552901,precommitted_secondary,552901,last,f55ae43dc4fc29ac21b8e87678ce4e42470082c05de0d03d90449b7371acf55c,me5418-scenes-v1-0040,far,formal-g040,True,,,,,1.0,7.631360173896586e-05,4.7660413754913124e-05,7.631360173896586e-05,,0.019627712555099146,961,0,0.08191505680441592,0.2597697599441196,0.0,0.0,0.775297619047619,1.0,0.0,0.0,0.18358261818953214,0,0,0,0,0,0,961,0,0,0,0,0,0,0.0002586635469015164,0.0005652131892475154,0.0006398886227998446,0.04258573800325394,0.07437514200864825,0.11780438000278082,0.8159995659952983
PPO_last_552901,precommitted_secondary,552901,last,f55ae43dc4fc29ac21b8e87678ce4e42470082c05de0d03d90449b7371acf55c,me5418-scenes-v1-0044,tight_layout,formal-g044,True,,,,,1.0,4.5329815975495484e-05,3.310146628533931e-05,4.446706669348591e-05,0.0037185888053483107,0.019428330919656456,0,0,0.736715850710717,0.22737664276713196,0.0,0.0,0.20684523809523805,0.9166666666666666,0.0,0.0,0.11009626618497784,0,0,0,961,0,0,961,0,0,0,0,0,0,0.00033399446897419693,0.000596408812801504,0.000793393237578736,0.04374597501009703,0.08373757200024556,0.12838394500431605,0.9813021540030604
PPO_last_552901,precommitted_secondary,552901,last,f55ae43dc4fc29ac21b8e87678ce4e42470082c05de0d03d90449b7371acf55c,me5418-scenes-v1-0051,near_link,formal-g051,True,,,,,1.0,0.00010490253758819555,9.729373640310906e-05,0.0001044866283862119,0.017983315837372213,0.019666926556986042,0,0,0.4481866751828303,0.28805891000601214,0.0,0.0,0.42857142857142844,1.0,0.0,0.0,0.1495341451470657,0,0,0,57,0,0,961,0,0,0,0,0,0,0.00033083824958642555,0.0005873794884034093,0.0007747266301066702,0.04305467200174462,0.08160174600197934,0.1255403139948612,0.9599220329982927
PPO_last_552901,precommitted_secondary,552901,last,f55ae43dc4fc29ac21b8e87678ce4e42470082c05de0d03d90449b7371acf55c,me5418-scenes-v1-0054,tight_layout,formal-g054,False,external_collision_band,related_collision:obstacle,tracking,0.29583333333333334,0.07395833333333333,2.587798754585559e-05,1.745698581531253e-05,,6.742093861646786e-05,0.020066885645509534,0,0,1.623963236560426,0.14894516496540103,0.0,0.0,0.0,0.0,0.0,0.0,0.0800887196688425,0,1,0,72,0,0,72,0,0,0,0,0,0,0.0003442076665426915,0.0005928268024868424,0.0008073919014119818,0.04314459099259693,0.08358450399828143,0.12762202799785882,0.20175272900087293
PPO_last_552901,precommitted_secondary,552901,last,f55ae43dc4fc29ac21b8e87678ce4e42470082c05de0d03d90449b7371acf55c,me5418-scenes-v1-0061,near_link,formal-g003,True,,,,,1.0,0.00011983204382100358,0.00010103231039793219,0.00011983204382100358,0.016779510135819728,0.01990546731689305,0,0,0.3760427290342293,0.2801111154856157,0.0,0.0,0.37276785714285704,1.0,0.0,0.0,0.14323286653851114,0,0,0,62,0,0,961,0,0,0,0,0,0,0.00032937940090960183,0.0005902865842320656,0.0007882504750796216,0.04326167199178599,0.08204884901351761,0.12619322500540875,0.9730635579908267
PPO_last_552901,precommitted_secondary,552901,last,f55ae43dc4fc29ac21b8e87678ce4e42470082c05de0d03d90449b7371acf55c,me5418-scenes-v1-0067,tight_layout,formal-g009,False,self_collision_band,related_collision:self,tracking,3.875,0.96875,0.00010949935242917596,6.286998051292476e-05,,0.012094203963854092,7.820107062439475e-05,0,0,0.10959131187618928,0.33874474859947845,0.0,0.0,1.0,1.0,0.0,0.0,0.19999999999999998,0,0,0,70,1,0,931,0,0,0,0,0,0,0.00028909365593340566,0.0005797096518255139,0.0007125957226987818,0.043315323011484,0.07903875400370453,0.1232462389889406,0.8668237109959591
PPO_last_552901,precommitted_secondary,552901,last,f55ae43dc4fc29ac21b8e87678ce4e42470082c05de0d03d90449b7371acf55c,me5418-scenes-v1-0068,far,formal-g010,True,,,,,1.0,7.5848236868292e-05,4.837323072677216e-05,7.5848236868292e-05,,0.018835429940165307,961,0,0.09139041923394825,0.27404814064181376,0.0,0.0,0.8571428571428571,1.0,0.0,0.0,0.18383583151070135,0,0,0,0,0,0,961,0,0,0,0,0,0,0.00026638296890268975,0.0005699605742393032,0.0006459044958774029,0.044303356000455096,0.07508140199934132,0.12029387199436314,0.8264179830002831
PPO_last_552901,precommitted_secondary,552901,last,f55ae43dc4fc29ac21b8e87678ce4e42470082c05de0d03d90449b7371acf55c,me5418-scenes-v1-0071,near_link,formal-g013,True,,,,,1.0,4.366206836284671e-05,3.2144680853889255e-05,3.3781311379673545e-05,0.03166965680758933,0.01958622926078884,0,0,1.131893262376474,0.241654201669652,0.0,0.0,0.42857142857142855,1.0,0.0,0.0,0.12952671197327575,0,0,0,0,0,0,961,0,0,0,0,0,0,0.0003129986140872158,0.0005848572017081703,0.000733553679083343,0.043960590002825484,0.08026553600211628,0.12510456200107,0.9184693260031054
PPO_last_552901,precommitted_secondary,552901,last,f55ae43dc4fc29ac21b8e87678ce4e42470082c05de0d03d90449b7371acf55c,me5418-scenes-v1-0073,far,formal-g015,True,,,,,1.0,7.95381902716582e-05,3.907695535019955e-05,7.95381902716582e-05,,0.010646830713665947,961,0,0.09577334308233885,0.27589807278219813,0.0,0.0,0.8511904761904759,1.0,0.0,0.0,0.18631436253143918,0,0,0,0,0,0,961,0,0,0,0,0,0,0.0002693505722769866,0.0005583011759123717,0.0006347004158063404,0.04347150700050406,0.07516006100922823,0.11946194400661625,0.8142309529939666
PPO_last_552901,precommitted_secondary,552901,last,f55ae43dc4fc29ac21b8e87678ce4e42470082c05de0d03d90449b7371acf55c,me5418-scenes-v1-0079,near_link,formal-g021,True,,,,,1.0,6.43352043403881e-05,5.033512357264572e-05,5.2367911645527117e-05,0.03297733773377219,0.01969602841090659,0,0,1.212888431491548,0.25289788009383224,0.0,0.0,0.5714285714285713,1.0,0.0,0.0,0.15614403847305636,0,0,0,0,0,0,961,0,0,0,0,0,0,0.0003225607811145892,0.0005830597279630941,0.0007144460261012379,0.045145714000682347,0.08029264699143823,0.1264032299950486,0.900012237005285
PPO_last_552901,precommitted_secondary,552901,last,f55ae43dc4fc29ac21b8e87678ce4e42470082c05de0d03d90449b7371acf55c,me5418-scenes-v1-0080,tight_layout,formal-g022,True,,,,,1.0,8.59173299869009e-05,5.0633110111277e-05,8.59173299869009e-05,0.009660998395539425,0.010057733206943302,0,0,0.5035079358290253,0.2845509785876944,0.0,0.0,0.7135416666666666,1.0,0.0,0.0,0.18985551172157833,0,0,0,98,0,0,961,0,0,0,0,0,0,0.0003944065098645903,0.0006251757075157609,0.000779966095888085,0.04408548500214238,0.08317753601295408,0.12814020499354228,0.9648754819936585
PPO_last_552901,precommitted_secondary,552901,last,f55ae43dc4fc29ac21b8e87678ce4e42470082c05de0d03d90449b7371acf55c,me5418-scenes-v1-0082,tight_layout,formal-g024,True,,,,,1.0,0.0001497318735718793,0.00010219638142569669,0.0001497318735718793,0.010539393832081453,0.01946762085940318,0,0,0.257912559613679,0.27471714167379935,0.0,0.0,0.35044642857142855,1.0,0.0,0.0,0.14862413903077445,0,0,0,105,0,0,961,0,0,0,0,0,0,0.00036582377098663227,0.0006033425229361455,0.0008109354218201285,0.04662651599210221,0.08391327298886608,0.13152296200860292,1.0018859979900299
PPO_last_552901,precommitted_secondary,552901,last,f55ae43dc4fc29ac21b8e87678ce4e42470082c05de0d03d90449b7371acf55c,me5418-scenes-v1-0098,far,formal-g040,True,,,,,1.0,7.415985419405764e-05,4.12884696823476e-05,7.415985419405764e-05,,0.019028685777136276,961,0,0.07672359439822621,0.2611821051776961,0.0,0.0,0.8444940476190474,1.0,0.0,0.0,0.18489987814266767,0,0,0,0,0,0,961,0,0,0,0,0,0,0.0003129959114479182,0.0005765973833452638,0.0006626450742260204,0.045432714992784895,0.07535630000347737,0.12165905500296503,0.844059874987579
PPO_last_552901,precommitted_secondary,552901,last,f55ae43dc4fc29ac21b8e87678ce4e42470082c05de0d03d90449b7371acf55c,me5418-scenes-v1-0109,near_link,formal-g051,True,,,,,1.0,9.439885745122185e-05,8.445630964731933e-05,9.371262357952127e-05,0.017202738319176847,0.019781688702679746,0,0,0.4398447484686756,0.286797694953795,0.0,0.0,0.48214285714285704,1.0,0.0,0.0,0.14324968534104604,0,0,0,52,0,0,961,0,0,0,0,0,0,0.0003434278075928887,0.0005949836551432478,0.0007934472843771801,0.04420109299826436,0.08279269900231156,0.12788127599924337,0.9805620330007514
PPO_last_552901,precommitted_secondary,552901,last,f55ae43dc4fc29ac21b8e87678ce4e42470082c05de0d03d90449b7371acf55c,me5418-scenes-v1-0119,near_link,formal-g003,True,,,,,1.0,0.00010999507359522523,9.741876221927154e-05,9.687614042451346e-05,0.019150390123645264,0.019614868196818958,0,0,0.5449006402103482,0.27509709331290916,0.0,0.0,0.42857142857142855,1.0,0.0,0.0,0.14196423218264023,0,0,0,41,0,0,961,0,0,0,0,0,0,0.0003362512240225139,0.0005872071477673065,0.0007816187531413259,0.0449901609972585,0.08277912500489037,0.12878511899907608,0.9694798069976969
PPO_last_552901,precommitted_secondary,552901,last,f55ae43dc4fc29ac21b8e87678ce4e42470082c05de0d03d90449b7371acf55c,me5418-scenes-v1-0122,near_link,formal-g006,True,,,,,1.0,4.7343914684147764e-05,3.3532930686593815e-05,3.464773877523938e-05,0.013644399431133547,0.019592664821668937,0,0,0.9310704385943493,0.26488459778599754,0.0,0.0,0.4918154761904761,1.0,0.0,0.0,0.14649550584193397,0,0,0,58,0,0,961,0,0,0,0,0,0,0.00031437065187371144,0.0005866937876210916,0.0007550670352581316,0.04351105200476013,0.08271809900179505,0.1271245079988148,0.9414168490038719
PPO_last_552901,precommitted_secondary,552901,last,f55ae43dc4fc29ac21b8e87678ce4e42470082c05de0d03d90449b7371acf55c,me5418-scenes-v1-0126,far,formal-g010,True,,,,,1.0,7.285436491870291e-05,4.132066189436425e-05,7.285436491870291e-05,,0.018944608532259648,961,0,0.07994392120811437,0.2687113077316182,0.0,0.0,0.8571428571428571,1.0,0.0,0.0,0.18437981760750213,0,0,0,0,0,0,961,0,0,0,0,0,0,0.0002600957236609247,0.0005647317082699981,0.0006395724643880385,0.04352848501002882,0.07494474400300533,0.11930666000989731,0.8186350269970717
PPO_last_552901,precommitted_secondary,552901,last,f55ae43dc4fc29ac21b8e87678ce4e42470082c05de0d03d90449b7371acf55c,me5418-scenes-v1-0129,near_link,formal-g013,True,,,,,1.0,0.00014542667164465763,0.0001174027339369473,0.00014542667164465763,0.016612750731674925,0.019430845004441553,0,0,0.6113029774437134,0.308943590708813,0.0,0.0,0.4724702380952381,1.0,0.0,0.0,0.16323474315105982,0,0,0,184,0,0,961,0,0,0,0,0,0,0.00031723503631534794,0.0005895322141289701,0.0007531501173464979,0.04333871600101702,0.0820240410102997,0.12625885600573383,0.9430846199975349
PPO_last_552901,precommitted_secondary,552901,last,f55ae43dc4fc29ac21b8e87678ce4e42470082c05de0d03d90449b7371acf55c,me5418-scenes-v1-0131,far,formal-g015,True,,,,,1.0,7.298300359008692e-05,3.378272688903445e-05,7.298300359008692e-05,,0.014831395747424795,961,0,0.08783804460684776,0.2742317627689114,0.0,0.0,0.8437499999999999,1.0,0.0,0.0,0.18441788083651944,0,0,0,0,0,0,961,0,0,0,0,0,0,0.00027571185902767564,0.0005616629802564906,0.0006398857022910913,0.04496548400493339,0.07590403199719731,0.12191617899225093,0.8206076630012831
PPO_last_552901,precommitted_secondary,552901,last,f55ae43dc4fc29ac21b8e87678ce4e42470082c05de0d03d90449b7371acf55c,me5418-scenes-v1-0137,near_link,formal-g021,True,,,,,1.0,6.436268839141559e-05,3.617594124974994e-05,6.429252817343512e-05,0.005389593533349557,0.016089781183816314,0,0,0.9737440370175022,0.2394804166081462,0.0,0.0,0.6212797619047618,1.0,0.0,0.0,0.17333867477940484,0,0,0,136,0,0,961,0,0,0,0,0,0,0.00029566234843514394,0.0005828468084928317,0.0007159106086570924,0.0435056819987949,0.08045965099881869,0.12492242699954659,0.8991945820016554
PPO_last_552901,precommitted_secondary,552901,last,f55ae43dc4fc29ac21b8e87678ce4e42470082c05de0d03d90449b7371acf55c,me5418-scenes-v1-0140,tight_layout,formal-g024,True,,,,,1.0,0.00012056914442772137,9.223088171004185e-05,0.00012056914442772137,0.01999122281494116,0.01958608297938212,0,0,0.3809042194801657,0.29009551371540315,0.0,0.0,0.3377976190476189,1.0,0.0,0.0,0.14905146077009185,0,0,0,48,0,0,961,0,0,0,0,0,0,0.00032577391114803805,0.0005974843104922911,0.0007954964135327221,0.04355352101265453,0.08299841699772514,0.1274231009883806,0.9820490870042704
PPO_last_552901,precommitted_secondary,552901,last,f55ae43dc4fc29ac21b8e87678ce4e42470082c05de0d03d90449b7371acf55c,me5418-scenes-v1-0144,near_link,formal-g028,True,,,,,1.0,0.00013587813863667826,8.643945352433869e-05,0.00013587813863667826,0.005772268745735512,0.019959135522227243,0,0,0.7539771417094584,0.27200335050365254,0.0,0.0,0.3824404761904761,1.0,0.0,0.0,0.15084173463151923,0,0,0,141,0,0,961,0,0,0,0,0,0,0.0003319785935218533,0.0005993048722605939,0.0007818324840476028,0.04348706599557772,0.08240595000097528,0.1267788959958125,0.9695139120012755
PPO_last_552901,precommitted_secondary,552901,last,f55ae43dc4fc29ac21b8e87678ce4e42470082c05de0d03d90449b7371acf55c,me5418-scenes-v1-0156,far,formal-g040,True,,,,,1.0,7.395270430757275e-05,3.971741959629521e-05,7.395270430757275e-05,,0.01906053381941787,961,0,0.08692502957468602,0.25981876545229443,0.0,0.0,0.7663690476190474,1.0,0.0,0.0,0.18345668058665024,0,0,0,0,0,0,961,0,0,0,0,0,0,0.0002703396457945928,0.0005671850259507967,0.0006443532415232767,0.04519479599548504,0.07651353100663982,0.12255322000419255,0.8268028879974736
PPO_last_552901,precommitted_secondary,552901,last,f55ae43dc4fc29ac21b8e87678ce4e42470082c05de0d03d90449b7371acf55c,me5418-scenes-v1-0160,tight_layout,formal-g044,True,,,,,1.0,6.43881239585855e-05,5.3198192308197966e-05,6.43881239585855e-05,0.0050362588279241755,0.01938114716948594,0,0,0.3475262954729365,0.2179024877857768,0.0,0.0,0.509672619047619,1.0,0.0,0.0,0.14823236826618777,0,0,0,148,0,0,961,0,0,0,0,0,0,0.00032814958361389773,0.0006005785864848197,0.000800626644862253,0.04575168500014115,0.08552626299206167,0.13216630199167412,0.9887757540127495
PPO_last_552901,precommitted_secondary,552901,last,f55ae43dc4fc29ac21b8e87678ce4e42470082c05de0d03d90449b7371acf55c,me5418-scenes-v1-0167,near_link,formal-g051,True,,,,,1.0,9.419225170987616e-05,8.047376583182188e-05,7.908679454373709e-05,0.038192481069667675,0.01963225389217598,0,0,0.49985538635695903,0.2724010585113333,0.0,0.0,0.5453869047619047,1.0,0.0,0.0,0.16621873319769898,0,0,0,0,0,0,961,0,0,0,0,0,0,0.00031423040059053164,0.0005836238957272144,0.000751074610404127,0.043477497005369514,0.08065657099359669,0.12500455000554211,0.9372230810113251
PPO_last_552901,precommitted_secondary,552901,last,f55ae43dc4fc29ac21b8e87678ce4e42470082c05de0d03d90449b7371acf55c,me5418-scenes-v1-0173,tight_layout,formal-g057,True,,,,,1.0,5.657066545479975e-05,2.7262773321326182e-05,5.657066545479975e-05,0.003026663375586755,0.019275570643295048,0,0,0.5717970307491892,0.27338179457729644,0.0,0.0,0.728422619047619,1.0,0.0,0.0,0.17244298326106564,0,0,0,181,0,0,961,0,0,0,0,0,0,0.0003037033123594786,0.0005735889104016678,0.0007118278102552722,0.043383411000831984,0.08059397399483714,0.12489307999203447,0.8955985250067897
PPO_last_552901,precommitted_secondary,552901,last,f55ae43dc4fc29ac21b8e87678ce4e42470082c05de0d03d90449b7371acf55c,me5418-scenes-v1-0177,near_link,formal-g003,True,,,,,1.0,0.00013072792989722438,0.00010791090267783297,0.00013072792989722438,0.049725540706937355,0.01956061299270019,0,0,0.5825852400836511,0.28743609885089516,0.0,0.0,0.40997023809523797,1.0,0.0,0.0,0.15927067247795915,0,0,0,0,0,0,961,0,0,0,0,0,0,0.000339268573497975,0.0005928673624718309,0.0007874137269482162,0.04372330100159161,0.08274238400917966,0.12731484598771203,0.9734602660028031
PPO_last_552901,precommitted_secondary,552901,last,f55ae43dc4fc29ac21b8e87678ce4e42470082c05de0d03d90449b7371acf55c,me5418-scenes-v1-0184,far,formal-g010,True,,,,,1.0,7.357214029033716e-05,4.19171626838254e-05,7.357214029033716e-05,,0.01900710414814817,961,0,0.0787272321670172,0.26480817553876496,0.0,0.0,0.8489583333333331,1.0,0.0,0.0,0.1842915842753081,0,0,0,0,0,0,961,0,0,0,0,0,0,0.0002616837352888979,0.0005665941583780902,0.0006418135152822894,0.04320236900821328,0.07519394200062379,0.11926171300001442,0.8211322819988709
PPO_last_552901,precommitted_secondary,552901,last,f55ae43dc4fc29ac21b8e87678ce4e42470082c05de0d03d90449b7371acf55c,me5418-scenes-v1-0187,near_link,formal-g013,True,,,,,1.0,0.00012978960860872632,9.987644221315149e-05,0.00012978960860872632,0.019622347829503256,0.019435166126739095,0,0,0.8648968907679395,0.2940854598057312,0.0,0.0,0.44122023809523797,1.0,0.0,0.0,0.1576742057117545,0,0,0,170,0,0,961,0,0,0,0,0,0,0.0003057943856674683,0.0005911198448302457,0.0007473978778458938,0.043281799007672817,0.08105405000969768,0.12519819400040433,0.9312079950032057
PPO_last_552901,precommitted_secondary,552901,last,f55ae43dc4fc29ac21b8e87678ce4e42470082c05de0d03d90449b7371acf55c,me5418-scenes-v1-0189,far,formal-g015,True,,,,,1.0,8.03065985160022e-05,4.192509467868751e-05,8.03065985160022e-05,,0.012238079280467072,961,0,0.09399829194720326,0.2711615976590004,0.0,0.0,0.8549107142857141,1.0,0.0,0.0,0.18538749666352355,0,0,0,0,0,0,961,0,0,0,0,0,0,0.0002647375830899061,0.0005656878666892832,0.00064148961155297,0.044792926986701787,0.07724556999164633,0.12295675899076741,0.8244078649877338
PPO_last_552901,precommitted_secondary,552901,last,f55ae43dc4fc29ac21b8e87678ce4e42470082c05de0d03d90449b7371acf55c,me5418-scenes-v1-0195,near_link,formal-g021,True,,,,,1.0,6.842961046679954e-05,5.055196566590097e-05,5.338939126035841e-05,0.02314283294118527,0.019675744479634702,0,0,1.1647201783154422,0.2531716726399823,0.0,0.0,0.5714285714285713,1.0,0.0,0.0,0.15600104305818344,0,0,0,83,0,0,961,0,0,0,0,0,0,0.00029712466653109004,0.0005803940895627117,0.0007040898750195387,0.04404954600613564,0.07964712800458074,0.1245647409959929,0.8900020580040291
PPO_last_552901,precommitted_secondary,552901,last,f55ae43dc4fc29ac21b8e87678ce4e42470082c05de0d03d90449b7371acf55c,me5418-scenes-v1-0198,tight_layout,formal-g024,True,,,,,1.0,0.00012689791140692164,7.255886160302929e-05,0.00012689791140692164,0.012159638334687986,0.019632019967453958,0,0,0.33462257555266556,0.2607920493877374,0.0,0.0,0.37127976190476186,1.0,0.0,0.0,0.13354305057243135,0,0,0,118,0,0,961,0,0,0,0,0,0,0.00038252570319248963,0.0006229241190339963,0.0008363361832077013,0.04429229399829637,0.08295435199397616,0.12812063400633633,1.0225470820005285
PPO_last_552901,precommitted_secondary,552901,last,f55ae43dc4fc29ac21b8e87678ce4e42470082c05de0d03d90449b7371acf55c,me5418-scenes-v1-0207,near_link,formal-g033,True,,,,,1.0,0.00011465706521842668,9.421094194203848e-05,7.693008501275175e-05,0.021294482433320508,0.019644508707009713,0,0,0.6748622920683985,0.27271719807704403,0.0,0.0,0.49553571428571425,1.0,0.0,0.0,0.15764667498879134,0,0,0,42,0,0,961,0,0,0,0,0,0,0.00031475320770368853,0.0005707715551579895,0.0007473035913790227,0.043465163995279,0.0826331270072842,0.1269724989979295,0.9332329189928714
PPO_last_552901,precommitted_secondary,552901,last,f55ae43dc4fc29ac21b8e87678ce4e42470082c05de0d03d90449b7371acf55c,me5418-scenes-v1-0214,far,formal-g040,True,,,,,1.0,7.141766306072748e-05,4.147470124663383e-05,7.141766306072748e-05,,0.019680284594489818,961,0,0.07642966940136556,0.2601735844125424,0.0,0.0,0.8102678571428571,1.0,0.0,0.0,0.18445654973121625,0,0,0,0,0,0,961,0,0,0,0,0,0,0.00026273093264232256,0.0005640645688951433,0.0006396129635959369,0.04470073399716057,0.0742781449953327,0.1198501809994923,0.8205833109968808
PPO_last_552901,precommitted_secondary,552901,last,f55ae43dc4fc29ac21b8e87678ce4e42470082c05de0d03d90449b7371acf55c,me5418-scenes-v1-0218,tight_layout,formal-g044,True,,,,,1.0,6.519552346621487e-05,4.828349862564558e-05,6.41991224610908e-05,0.023692561522580577,0.01951167006034879,0,0,0.3532484878728994,0.22353339387553903,0.0,0.0,0.5200892857142856,1.0,0.0,0.0,0.1513665589298831,0,0,0,34,0,0,961,0,0,0,0,0,0,0.0003397662969746307,0.0005999620000238792,0.0008016357468477508,0.04332129300746601,0.08298209399799816,0.12718310600030236,0.9851781170000322
PPO_last_552901,precommitted_secondary,552901,last,f55ae43dc4fc29ac21b8e87678ce4e42470082c05de0d03d90449b7371acf55c,me5418-scenes-v1-0225,near_link,formal-g051,True,,,,,1.0,0.00011538608692593712,0.00010359822421783067,0.0001048372911818982,0.012881021317325936,0.019780017127087345,0,0,0.6043544220519766,0.2992527731079136,0.0,0.0,0.40625,1.0,0.0,0.0,0.15095099948257917,0,0,0,80,0,0,961,0,0,0,0,0,0,0.00032913689642555255,0.0005900854684720495,0.0007860453750557402,0.043335759997717105,0.08297091300482862,0.1271629779948853,0.9716353139956482
PPO_last_552901,precommitted_secondary,552901,last,f55ae43dc4fc29ac21b8e87678ce4e42470082c05de0d03d90449b7371acf55c,me5418-scenes-v1-0235,near_link,formal-g003,True,,,,,1.0,0.00011277339553783043,0.00010007983469612397,9.767633813299848e-05,0.04572011190902536,0.01958585966547801,0,0,0.4674596996304395,0.2729875748214811,0.0,0.0,0.5401785714285713,1.0,0.0,0.0,0.15852607899356547,0,0,0,0,0,0,961,0,0,0,0,0,0,0.00034091305208979367,0.0005911730634579726,0.0007627601502766386,0.04289714300830383,0.08069815899943933,0.12447206499928143,0.9455950490082614
PPO_last_552901,precommitted_secondary,552901,last,f55ae43dc4fc29ac21b8e87678ce4e42470082c05de0d03d90449b7371acf55c,me5418-scenes-v1-0242,far,formal-g010,True,,,,,1.0,7.044466088742067e-05,4.187644272547672e-05,7.044466088742067e-05,,0.01932266828940525,961,0,0.07959915177044424,0.27206387171264185,0.0,0.0,0.8467261904761904,1.0,0.0,0.0,0.18300956276555855,0,0,0,0,0,0,961,0,0,0,0,0,0,0.0002545111666070928,0.0005611623931296587,0.0006348147101865228,0.04354796999541577,0.07456122900475748,0.11899170199467335,0.8126920789945871
PPO_last_552901,precommitted_secondary,552901,last,f55ae43dc4fc29ac21b8e87678ce4e42470082c05de0d03d90449b7371acf55c,me5418-scenes-v1-0245,near_link,formal-g013,True,,,,,1.0,0.00010382446654574393,8.772328336098714e-05,0.00010099019285946536,0.01970791833917042,0.019684945536200413,0,0,0.3477587388680735,0.28037187738090863,0.0,0.0,0.4992559523809523,1.0,0.0,0.0,0.15594092658221986,0,0,0,52,0,0,961,0,0,0,0,0,0,0.0003350824794476163,0.0005940537908979119,0.0007722098976955749,0.045072824010276236,0.08127019699895754,0.12727101100608706,0.958128967002267
PPO_last_552901,precommitted_secondary,552901,last,f55ae43dc4fc29ac21b8e87678ce4e42470082c05de0d03d90449b7371acf55c,me5418-scenes-v1-0247,far,formal-g015,True,,,,,1.0,8.048030558788264e-05,4.508621818308982e-05,8.048030558788264e-05,,0.006295110232766937,961,0,0.11258481609931993,0.30040202812895944,0.0,0.0,0.8348214285714284,1.0,0.0,0.0,0.18601363588213207,0,0,0,0,0,0,961,0,0,0,0,0,0,0.0002596922813609126,0.0005577370043435318,0.000632547086267247,0.044303303002379835,0.07501237899123225,0.12020696300896816,0.8128635299945017
PPO_last_552901,precommitted_secondary,552901,last,f55ae43dc4fc29ac21b8e87678ce4e42470082c05de0d03d90449b7371acf55c,me5418-scenes-v1-0253,near_link,formal-g021,True,,,,,1.0,8.143010843814799e-05,5.988792603759439e-05,5.126589274553938e-05,0.012443191842040624,0.019552321792377536,0,0,1.2676837248673365,0.25951370773290794,0.0,0.0,0.5714285714285713,1.0,0.0,0.0,0.1491828310569482,0,0,0,209,0,0,961,0,0,0,0,0,0,0.00028505233353826043,0.0005720367936343488,0.0006960638468171965,0.04423730900452938,0.0789864299877081,0.12407986400648952,0.881213767992449
PPO_last_552901,precommitted_secondary,552901,last,f55ae43dc4fc29ac21b8e87678ce4e42470082c05de0d03d90449b7371acf55c,me5418-scenes-v1-0256,tight_layout,formal-g024,True,,,,,1.0,0.00013187695940831672,0.00010907400522539173,0.00013187695940831672,0.0458358542639226,0.019805737182177117,0,0,0.34129711807933294,0.2958633574312394,0.0,0.0,0.32812499999999994,1.0,0.0,0.0,0.15474615267344882,0,0,0,0,0,0,961,0,0,0,0,0,0,0.00031743144798686745,0.0005909241091558215,0.0007758910334814573,0.045391735999146476,0.08128925198980141,0.127558192005381,0.9643401329958579
PPO_last_552901,precommitted_secondary,552901,last,f55ae43dc4fc29ac21b8e87678ce4e42470082c05de0d03d90449b7371acf55c,me5418-scenes-v1-0260,near_link,formal-g028,True,,,,,1.0,0.0001341739146064021,9.184558802008004e-05,0.0001341739146064021,0.02371862642923374,0.0194920282398685,0,0,0.2400622036206107,0.2756748062547226,0.0,0.0,0.4032738095238095,1.0,0.0,0.0,0.13994387779218545,0,0,0,45,0,0,961,0,0,0,0,0,0,0.00033824728158530587,0.0006004822560498723,0.0008012163186170558,0.044202913995832205,0.08378450600139331,0.1288519299996551,0.9898464770085411
PPO_last_552901,precommitted_secondary,552901,last,f55ae43dc4fc29ac21b8e87678ce4e42470082c05de0d03d90449b7371acf55c,me5418-scenes-v1-0272,far,formal-g040,True,,,,,1.0,7.594863442010864e-05,4.68302748371642e-05,7.594863442010864e-05,,0.019523044842300358,961,0,0.11185723157439666,0.25922526748339736,0.0,0.0,0.7566964285714285,1.0,0.0,0.0,0.18174277955134,0,0,0,0,0,0,961,0,0,0,0,0,0,0.0002532915257233981,0.000562136073979976,0.0006354879603198545,0.04526399499445688,0.07500279099622276,0.12111133799771778,0.8174314479983877
PPO_last_552901,precommitted_secondary,552901,last,f55ae43dc4fc29ac21b8e87678ce4e42470082c05de0d03d90449b7371acf55c,me5418-scenes-v1-0276,tight_layout,formal-g044,True,,,,,1.0,5.3957016717852185e-05,4.0676421214644254e-05,5.3957016717852185e-05,0.024390204752604686,0.01940726174288194,0,0,0.4601433672884117,0.23545016056303067,0.0,0.0,0.532738095238095,1.0,0.0,0.0,0.14026444837273586,0,0,0,26,0,0,961,0,0,0,0,0,0,0.00032644594231593754,0.0005904009207673273,0.0007851040857834354,0.04362342199601699,0.08241265000833664,0.12692035899090115,0.9698683610040462
PPO_last_552901,precommitted_secondary,552901,last,f55ae43dc4fc29ac21b8e87678ce4e42470082c05de0d03d90449b7371acf55c,me5418-scenes-v1-0283,near_link,formal-g051,True,,,,,1.0,0.00014939664078642727,0.00011821892482170423,0.00014939664078642727,0.013366001930808696,0.01963718569821083,0,0,0.22113934878611707,0.2847049516549806,0.0,0.0,0.4226190476190476,1.0,0.0,0.0,0.15712867456299828,0,0,0,92,0,0,961,0,0,0,0,0,0,0.00032311601573079923,0.000598068629339347,0.0007789103977908477,0.04298629100958351,0.08149571099784225,0.12535246300103609,0.965273417008575
PPO_last_552901,precommitted_secondary,552901,last,f55ae43dc4fc29ac21b8e87678ce4e42470082c05de0d03d90449b7371acf55c,me5418-scenes-v1-0285,near_link,formal-g053,True,,,,,1.0,0.0001202207555411927,0.00010173262178473463,0.0001202207555411927,0.027501150167020802,0.019660810402097745,0,0,0.1420535050707007,0.28672706710205764,0.0,0.0,0.4188988095238095,1.0,0.0,0.0,0.14437411831791644,0,0,0,41,0,0,961,0,0,0,0,0,0,0.0003338239893461529,0.0006005568603844343,0.0007893219657186516,0.044546050994540565,0.084956204998889,0.13045209700067062,0.9801718540111324
PPO_last_552901,precommitted_secondary,552901,last,f55ae43dc4fc29ac21b8e87678ce4e42470082c05de0d03d90449b7371acf55c,me5418-scenes-v1-0289,tight_layout,formal-g057,True,,,,,1.0,5.929093011593464e-05,4.0565493042944154e-05,4.0390489848719365e-05,0.003536615303070534,0.019707370300204682,0,0,0.8111416365238845,0.2687816104618778,0.0,0.0,0.5915178571428571,1.0,0.0,0.0,0.16586417690802288,0,0,0,113,0,0,961,0,0,0,0,0,0,0.00030997954195299826,0.000576684189536536,0.0007379919644942371,0.04336642699490767,0.08273203100543469,0.12700069999846164,0.9202001100056805
PPO_last_552901,precommitted_secondary,552901,last,f55ae43dc4fc29ac21b8e87678ce4e42470082c05de0d03d90449b7371acf55c,me5418-scenes-v1-0293,near_link,formal-g003,True,,,,,1.0,0.00010852243471430347,9.589049657230269e-05,8.229035078704317e-05,0.035834384540691294,0.0195859552346883,0,0,0.9856884014522207,0.2724009681729685,0.0,0.0,0.48214285714285704,1.0,0.0,0.0,0.15807234586349553,0,0,0,0,0,0,961,0,0,0,0,0,0,0.00031504844241680985,0.0005823024510088241,0.0007577664531102831,0.044408372006728314,0.08079198400082532,0.12607580599433277,0.9440686869929777
PPO_last_552901,precommitted_secondary,552901,last,f55ae43dc4fc29ac21b8e87678ce4e42470082c05de0d03d90449b7371acf55c,me5418-scenes-v1-0300,far,formal-g010,True,,,,,1.0,7.462631513752572e-05,4.3199835437356255e-05,7.462631513752572e-05,,0.01885354449981,961,0,0.08253596219726834,0.2659246098299671,0.0,0.0,0.8571428571428571,1.0,0.0,0.0,0.18476897551722468,0,0,0,0,0,0,961,0,0,0,0,0,0,0.0002622607454820051,0.0005677694361414372,0.0006431008758378691,0.04370823100907728,0.07518161699408665,0.11975295600132085,0.8234014869958628
PPO_last_552901,precommitted_secondary,552901,last,f55ae43dc4fc29ac21b8e87678ce4e42470082c05de0d03d90449b7371acf55c,me5418-scenes-v1-0303,near_link,formal-g013,True,,,,,1.0,0.00013471373402719085,0.0001094945023208185,0.00013471373402719085,0.016915773199234152,0.0196361678040868,0,0,0.6259033976756812,0.2940240472190028,0.0,0.0,0.509672619047619,1.0,0.0,0.0,0.15953512489352195,0,0,0,231,0,0,961,0,0,0,0,0,0,0.00032144679713989416,0.0005985275581375997,0.0007624494581705221,0.045977649991982616,0.08019704298931174,0.1270568949985318,0.949292923003668
PPO_last_552901,precommitted_secondary,552901,last,f55ae43dc4fc29ac21b8e87678ce4e42470082c05de0d03d90449b7371acf55c,me5418-scenes-v1-0305,far,formal-g015,True,,,,,1.0,8.180374943670734e-05,4.2974810844658844e-05,8.180374943670734e-05,,0.011397151351642917,961,0,0.0968794591575359,0.27697125515621457,0.0,0.0,0.8511904761904759,1.0,0.0,0.0,0.18601212523700225,0,0,0,0,0,0,961,0,0,0,0,0,0,0.00032926171957115,0.0005899091893146154,0.0006802130232244963,0.04376448699622415,0.07526211898948532,0.11987831199076027,0.8629102989943931
PPO_last_552901,precommitted_secondary,552901,last,f55ae43dc4fc29ac21b8e87678ce4e42470082c05de0d03d90449b7371acf55c,me5418-scenes-v1-0311,near_link,formal-g021,True,,,,,1.0,6.462632669138003e-05,4.60356797972149e-05,6.462632669138003e-05,0.0474224588032051,0.019701379422650052,0,0,0.5569165097083524,0.25733294711154076,0.0,0.0,0.5714285714285713,1.0,0.0,0.0,0.15672321900991454,0,0,0,0,0,0,961,0,0,0,0,0,0,0.00030247161475926987,0.0005793546583845455,0.0007074034734766125,0.04531704400142189,0.08095343799504917,0.12716939699021168,0.8936717710021185
PPO_last_552901,precommitted_secondary,552901,last,f55ae43dc4fc29ac21b8e87678ce4e42470082c05de0d03d90449b7371acf55c,me5418-scenes-v1-0314,tight_layout,formal-g024,True,,,,,1.0,9.822706976049237e-05,8.934221962874537e-05,8.317083761190893e-05,0.041742737205152064,0.019776864537002246,0,0,0.3230923140424044,0.29619207867231717,0.0,0.0,0.43526785714285704,1.0,0.0,0.0,0.14547707631607495,0,0,0,0,0,0,961,0,0,0,0,0,0,0.00032512286990519595,0.000596244819810939,0.0007939074039162127,0.04371485400770325,0.08342404600989539,0.12802981899585575,0.9821739089966286
PPO_last_552901,precommitted_secondary,552901,last,f55ae43dc4fc29ac21b8e87678ce4e42470082c05de0d03d90449b7371acf55c,me5418-scenes-v1-0316,near_link,formal-g026,True,,,,,1.0,5.343360194249576e-05,3.559145409877804e-05,3.632846781631688e-05,0.03421877065869988,0.019436453191819032,0,0,0.728093609764797,0.27207944095062786,0.0,0.0,0.5044642857142856,1.0,0.0,0.0,0.15188575992194403,0,0,0,0,0,0,961,0,0,0,0,0,0,0.00030739738508600567,0.0005768120033280866,0.0007288995680179748,0.04360891399846878,0.0806740410043858,0.1252015170030063,0.9138036429940257
PPO_last_552901,precommitted_secondary,552901,last,f55ae43dc4fc29ac21b8e87678ce4e42470082c05de0d03d90449b7371acf55c,me5418-scenes-v1-0323,near_link,formal-g033,True,,,,,1.0,8.962996923865284e-05,7.333364993081538e-05,6.674533896657341e-05,0.007772765484977323,0.019564048451748473,0,0,0.4970642192464965,0.2679187142412515,0.0,0.0,0.5781249999999999,1.0,0.0,0.0,0.16981922639090388,0,0,0,564,0,0,961,0,0,0,0,0,0,0.00031517495320561767,0.0005822770052115327,0.0007452064708256027,0.042776164002134465,0.0798049619916128,0.12346072500804439,0.9275307700008852
PPO_last_552901,precommitted_secondary,552901,last,f55ae43dc4fc29ac21b8e87678ce4e42470082c05de0d03d90449b7371acf55c,me5418-scenes-v1-0330,far,formal-g040,True,,,,,1.0,7.38635432414467e-05,4.1802109795580875e-05,7.38635432414467e-05,,0.01963358179422682,961,0,0.08756694908069602,0.2594782885254652,0.0,0.0,0.7864583333333331,1.0,0.0,0.0,0.18414638457110238,0,0,0,0,0,0,961,0,0,0,0,0,0,0.00026106931818503654,0.0005630069147779675,0.0006381052614263656,0.0433896410104353,0.0753815839998424,0.11965343701012898,0.8161651370028267
PPO_last_552901,precommitted_secondary,552901,last,f55ae43dc4fc29ac21b8e87678ce4e42470082c05de0d03d90449b7371acf55c,me5418-scenes-v1-0341,near_link,formal-g051,True,,,,,1.0,9.405902721735694e-05,8.135903611852884e-05,9.060984050956154e-05,0.037786378854931496,0.019575520937431812,0,0,0.486844546788286,0.27241812162324963,0.0,0.0,0.5416666666666665,1.0,0.0,0.0,0.16518024193743863,0,0,0,0,0,0,961,0,0,0,0,0,0,0.0003086087914804618,0.0005845922873504606,0.0007522893300119903,0.043865877989446744,0.07999319699592888,0.12473600900557358,0.9358056479977677
PPO_last_552901,precommitted_secondary,552901,last,f55ae43dc4fc29ac21b8e87678ce4e42470082c05de0d03d90449b7371acf55c,me5418-scenes-v1-0344,tight_layout,formal-g054,True,,,,,1.0,7.015588833704259e-05,5.615404961968101e-05,6.918168754605858e-05,0.025737794037442502,0.019341036255604738,0,0,0.4314755686886265,0.21811611023311445,0.0,0.0,0.38839285714285704,1.0,0.0,0.0,0.15508761760235454,0,0,0,28,0,0,961,0,0,0,0,0,0,0.00032346353115523624,0.0005999166479493094,0.000797396201111648,0.045764036010950804,0.08374558099603746,0.1304132910008775,0.9864861319947522
PPO_last_552901,precommitted_secondary,552901,last,f55ae43dc4fc29ac21b8e87678ce4e42470082c05de0d03d90449b7371acf55c,me5418-scenes-v1-0351,near_link,formal-g003,True,,,,,1.0,0.00010657929852295027,9.322926499927969e-05,8.435261853053767e-05,0.022277162642347623,0.019722227609664057,0,0,1.3461440738742578,0.27240141732956435,0.0,0.0,0.46205357142857134,1.0,0.0,0.0,0.157924234829261,0,0,0,58,0,0,961,0,0,0,0,0,0,0.0003140069535826721,0.0005694418362660751,0.0007334662417330643,0.04333396600850392,0.08033612399594858,0.12454003900347743,0.9196264640049776
PPO_last_552901,precommitted_secondary,552901,last,f55ae43dc4fc29ac21b8e87678ce4e42470082c05de0d03d90449b7371acf55c,me5418-scenes-v1-0357,tight_layout,formal-g009,True,,,,,1.0,9.437955737138274e-05,5.0102838651691234e-05,9.437955737138274e-05,0.0030027841526193977,0.0034316707337197563,0,0,0.28008051108478527,0.30033143899018766,0.0,0.0,0.9642857142857144,1.0,0.0,0.0,0.19888012622970908,0,0,0,116,0,0,961,0,0,0,0,0,0,0.0002977576034481899,0.0005826018269393293,0.0007209797742234514,0.043381384006352164,0.08027652101009153,0.12455645999580156,0.9008164020051481
PPO_last_552901,precommitted_secondary,552901,last,f55ae43dc4fc29ac21b8e87678ce4e42470082c05de0d03d90449b7371acf55c,me5418-scenes-v1-0358,far,formal-g010,True,,,,,1.0,7.264683217149154e-05,4.116920035807303e-05,7.264683217149154e-05,,0.019131577568862246,961,0,0.07675372357804597,0.2634857188756959,0.0,0.0,0.853422619047619,1.0,0.0,0.0,0.1846931467808428,0,0,0,0,0,0,961,0,0,0,0,0,0,0.0002574941202055925,0.0005726706510510364,0.000647372659523171,0.04332206299295649,0.07620395299454685,0.12036254300619476,0.8261516380007379
PPO_last_552901,precommitted_secondary,552901,last,f55ae43dc4fc29ac21b8e87678ce4e42470082c05de0d03d90449b7371acf55c,me5418-scenes-v1-0361,near_link,formal-g013,True,,,,,1.0,0.00013203461998584167,0.00010474016369567433,0.00013203461998584167,0.03936469236757563,0.019499557287636415,0,0,0.3661294136952944,0.2870066717870293,0.0,0.0,0.5997023809523809,1.0,0.0,0.0,0.1611271391761312,0,0,0,0,0,0,961,0,0,0,0,0,0,0.00030211490161491383,0.0005890480165362533,0.000739183780312184,0.045776299986755475,0.08141140099905897,0.1280983859905973,0.9258348849980393
PPO_last_552901,precommitted_secondary,552901,last,f55ae43dc4fc29ac21b8e87678ce4e42470082c05de0d03d90449b7371acf55c,me5418-scenes-v1-0363,far,formal-g015,True,,,,,1.0,7.467949586347696e-05,3.642392922851934e-05,7.467949586347696e-05,,0.011544066534293112,961,0,0.0949481720400566,0.2720335472473816,0.0,0.0,0.8526785714285713,1.0,0.0,0.0,0.18587639220945892,0,0,0,0,0,0,961,0,0,0,0,0,0,0.0002625430990216652,0.0005596581352468395,0.0006352016147350999,0.04389260800962802,0.07447172699903604,0.1191984779870836,0.8143935599946417
PPO_last_552901,precommitted_secondary,552901,last,f55ae43dc4fc29ac21b8e87678ce4e42470082c05de0d03d90449b7371acf55c,me5418-scenes-v1-0369,near_link,formal-g021,True,,,,,1.0,6.669303428625529e-05,4.147234148027455e-05,6.669303428625529e-05,0.033079626536892615,0.019255819233009813,0,0,1.0172971019422539,0.2601779536460707,0.0,0.0,0.6793154761904762,1.0,0.0,0.0,0.16670030798829558,0,0,0,0,0,0,961,0,0,0,0,0,0,0.0002931807071793931,0.0005764969376135316,0.0007013749282426336,0.04355754700372927,0.07918078498914838,0.12360916299803648,0.8839369950001128
PPO_last_552901,precommitted_secondary,552901,last,f55ae43dc4fc29ac21b8e87678ce4e42470082c05de0d03d90449b7371acf55c,me5418-scenes-v1-0372,tight_layout,formal-g024,True,,,,,1.0,0.00010715183041497125,8.422901618802103e-05,0.0001071289335164855,0.04015797018068454,0.019776539962359202,0,0,0.3490388707237574,0.28252963897252625,0.0,0.0,0.42857142857142855,1.0,0.0,0.0,0.1481608891892912,0,0,0,0,0,0,961,0,0,0,0,0,0,0.0003224669892460952,0.0005953377990560208,0.0007791523131800204,0.04344474399113096,0.08084841899108142,0.12517416299670003,0.9648281230038265
PPO_last_552901,precommitted_secondary,552901,last,f55ae43dc4fc29ac21b8e87678ce4e42470082c05de0d03d90449b7371acf55c,me5418-scenes-v1-0381,near_link,formal-g033,True,,,,,1.0,9.45150703262974e-05,7.776864559609029e-05,7.049085445066331e-05,0.024402056772336367,0.01957229734709666,0,0,0.47458942143007926,0.27239806349028467,0.0,0.0,0.5907738095238094,1.0,0.0,0.0,0.17146440053003884,0,0,0,248,0,0,961,0,0,0,0,0,0,0.00030085890095203166,0.0005697082450751622,0.0007268581022344733,0.04279829499137122,0.07928040198748931,0.12293138499080669,0.9077877170057036
PPO_last_552901,precommitted_secondary,552901,last,f55ae43dc4fc29ac21b8e87678ce4e42470082c05de0d03d90449b7371acf55c,me5418-scenes-v1-0388,far,formal-g040,True,,,,,1.0,7.213316149016688e-05,4.017674657489741e-05,7.213316149016688e-05,,0.019376946182634372,961,0,0.07409316855381662,0.26142430489695295,0.0,0.0,0.8437499999999999,1.0,0.0,0.0,0.18426431388195072,0,0,0,0,0,0,961,0,0,0,0,0,0,0.0002559473752323053,0.0005594811269475031,0.0006333664272460737,0.043205592010053806,0.07530704200326,0.1193900689977454,0.8137911700032419
PPO_last_552901,precommitted_secondary,552901,last,f55ae43dc4fc29ac21b8e87678ce4e42470082c05de0d03d90449b7371acf55c,me5418-scenes-v1-0399,near_link,formal-g051,True,,,,,1.0,0.00014198838525557382,0.0001142284431757988,0.00014198838525557382,0.0434670203423725,0.019466176087531532,0,0,0.7745917861314741,0.28939503826793395,0.0,0.0,0.33407738095238093,1.0,0.0,0.0,0.16445282217713872,0,0,0,0,0,0,961,0,0,0,0,0,0,0.0003225878391125055,0.0005929189502391334,0.0007577536935817383,0.044561939997947775,0.08307523700932506,0.12853667199669871,0.9457931139913853
PPO_last_552901,precommitted_secondary,552901,last,f55ae43dc4fc29ac21b8e87678ce4e42470082c05de0d03d90449b7371acf55c,me5418-scenes-v1-0409,near_link,formal-g003,True,,,,,1.0,8.136959201501827e-05,7.50408872571919e-05,7.717182519977788e-05,0.03104021043639589,0.019573764203556894,0,0,0.22683154604869157,0.27522862367011414,0.0,0.0,0.5126488095238094,1.0,0.0,0.0,0.13359438183355712,0,0,0,0,0,0,961,0,0,0,0,0,0,0.0003253127711104753,0.0005909151339437812,0.0007882276799440054,0.04423752799630165,0.08206644500023685,0.1273606549948454,0.973700093003572
PPO_last_552901,precommitted_secondary,552901,last,f55ae43dc4fc29ac21b8e87678ce4e42470082c05de0d03d90449b7371acf55c,me5418-scenes-v1-0415,tight_layout,formal-g009,False,self_collision_band,related_collision:self,tracking,3.9208333333333334,0.9802083333333333,0.00010683947093203727,5.6779818927687896e-05,,0.019168544850035843,-1.0058407432484307e-05,0,0,0.18818645153318928,0.32523108173453397,0.0,0.0,0.9879062736205594,1.0,0.0,0.0,0.19982708093350524,0,0,0,37,1,0,942,0,1,0,0,0,0,0.0002912001692931409,0.0005848875538094413,0.0007197999928299265,0.044136487995274365,0.07923648999712896,0.12425541099219117,0.8852553839969914
PPO_last_552901,precommitted_secondary,552901,last,f55ae43dc4fc29ac21b8e87678ce4e42470082c05de0d03d90449b7371acf55c,me5418-scenes-v1-0416,far,formal-g010,True,,,,,1.0,6.998465961056021e-05,4.258954419001815e-05,6.998465961056021e-05,,0.01934515243892454,961,0,0.08037777886810549,0.2775112670468604,0.0,0.0,0.8497023809523808,1.0,0.0,0.0,0.18245094044222718,0,0,0,0,0,0,961,0,0,0,0,0,0,0.0003245613173324576,0.0006034951681764748,0.0006930368475120001,0.04323453700635582,0.07513164098781999,0.11922672999207862,0.8713533340051072
PPO_last_552901,precommitted_secondary,552901,last,f55ae43dc4fc29ac21b8e87678ce4e42470082c05de0d03d90449b7371acf55c,me5418-scenes-v1-0419,near_link,formal-g013,True,,,,,1.0,0.0001331249515902195,0.00011846724967576604,0.0001331249515902195,0.04815674961120697,0.01989195389783218,0,0,0.39811129176765947,0.30673228413158704,0.0,0.0,0.3154761904761904,1.0,0.0,0.0,0.16223705141206404,0,0,0,0,0,0,961,0,0,0,0,0,0,0.00031584334389359964,0.0005878163175111695,0.0007428607568726875,0.04359848299645819,0.08193331300572027,0.1264166039909469,0.9296376319980482
PPO_last_552901,precommitted_secondary,552901,last,f55ae43dc4fc29ac21b8e87678ce4e42470082c05de0d03d90449b7371acf55c,me5418-scenes-v1-0421,far,formal-g015,True,,,,,1.0,8.47166287669125e-05,4.413679702125016e-05,8.47166287669125e-05,,0.008756638274219202,961,0,0.10265383448051173,0.29210794372942905,0.0,0.0,0.8311011904761904,1.0,0.0,0.0,0.1863016302741709,0,0,0,0,0,0,961,0,0,0,0,0,0,0.0002563883022048685,0.0005602334476407123,0.0006342726217553718,0.04401694200350903,0.07477177199325524,0.11969513300573453,0.8122617100016214
PPO_last_552901,precommitted_secondary,552901,last,f55ae43dc4fc29ac21b8e87678ce4e42470082c05de0d03d90449b7371acf55c,me5418-scenes-v1-0427,near_link,formal-g021,True,,,,,1.0,7.494634673460488e-05,3.585261141754692e-05,7.494634673460488e-05,0.021048292559040893,0.014825263577568396,0,0,0.3187148513800723,0.25884837283603446,0.0,0.0,0.8601190476190474,1.0,0.0,0.0,0.19587690504711297,0,0,0,59,0,0,961,0,0,0,0,0,0,0.0002879968694742274,0.0005782978832939989,0.0007022771874593066,0.04376423600479029,0.07938570099940989,0.12399650199222378,0.8843690979992971
PPO_last_552901,precommitted_secondary,552901,last,f55ae43dc4fc29ac21b8e87678ce4e42470082c05de0d03d90449b7371acf55c,me5418-scenes-v1-0430,tight_layout,formal-g024,True,,,,,1.0,0.000136576957799573,0.00010095303370946252,0.000136576957799573,0.03384258290436748,0.01954995347825266,0,0,0.20600078715907855,0.29098410411818704,0.0,0.0,0.3921130952380952,1.0,0.0,0.0,0.1477312903496481,0,0,0,0,0,0,961,0,0,0,0,0,0,0.00033385169331268116,0.0005990352397626945,0.0007978825316968142,0.04295748499862384,0.08221209800103679,0.12602622799749952,0.9838247239968041
PPO_last_552901,precommitted_secondary,552901,last,f55ae43dc4fc29ac21b8e87678ce4e42470082c05de0d03d90449b7371acf55c,me5418-scenes-v1-0446,far,formal-g040,True,,,,,1.0,7.596603511838495e-05,4.7698184165151014e-05,7.596603511838495e-05,,0.01962607721038373,961,0,0.09714276944917127,0.25941148614843507,0.0,0.0,0.7619047619047619,1.0,0.0,0.0,0.1822597894595847,0,0,0,0,0,0,961,0,0,0,0,0,0,0.0002652501668762852,0.0005699159081511122,0.0006457418531984634,0.043399337999289855,0.0756796730129281,0.11997958899883088,0.8256606479990296
PPO_last_552901,precommitted_secondary,552901,last,f55ae43dc4fc29ac21b8e87678ce4e42470082c05de0d03d90449b7371acf55c,me5418-scenes-v1-0457,near_link,formal-g051,True,,,,,1.0,0.0001261620659350139,0.00010757391093304038,0.0001261620659350139,0.021094187272411496,0.019830836442237938,0,0,0.3145636463105452,0.3009318896688186,0.0,0.0,0.3697916666666666,1.0,0.0,0.0,0.1560868478912328,0,0,0,49,0,0,961,0,0,0,0,0,0,0.00032856441642555484,0.0005969437519676527,0.0007949494250624412,0.04435777499747928,0.08297365398902912,0.1284591050061863,0.9805843829963123
PPO_last_552901,precommitted_secondary,552901,last,f55ae43dc4fc29ac21b8e87678ce4e42470082c05de0d03d90449b7371acf55c,me5418-scenes-v1-0460,tight_layout,formal-g054,True,,,,,1.0,6.129299064069247e-05,4.9149056951341646e-05,5.086691533397308e-05,0.03413149079229788,0.019612635689155472,0,0,0.5507926428611738,0.21142606584998097,0.0,0.0,0.31770833333333326,1.0,0.0,0.0,0.13060096165254,0,0,0,0,0,0,961,0,0,0,0,0,0,0.00033457514064139104,0.000605474750909707,0.0008032093894901966,0.04366023000329733,0.08584582900220994,0.13037639899994247,0.9902306669973768
PPO_last_552901,precommitted_secondary,552901,last,f55ae43dc4fc29ac21b8e87678ce4e42470082c05de0d03d90449b7371acf55c,me5418-scenes-v1-0467,near_link,formal-g003,True,,,,,1.0,0.0001219551550770928,0.00010603890250211329,0.0001219551550770928,0.04017114411398248,0.01994405998321811,0,0,0.3702420191612944,0.28460551421770014,0.0,0.0,0.39508928571428564,1.0,0.0,0.0,0.1542398481274999,0,0,0,0,0,0,961,0,0,0,0,0,0,0.00033105489577186137,0.0005920453481849108,0.0007906910144962845,0.04424188600387424,0.08179260700126179,0.1269785629992839,0.9767982519988436
PPO_last_552901,precommitted_secondary,552901,last,f55ae43dc4fc29ac21b8e87678ce4e42470082c05de0d03d90449b7371acf55c,me5418-scenes-v1-0473,tight_layout,formal-g009,False,self_collision_band,related_collision:self,tracking,3.9833333333333334,0.9958333333333333,0.00010240684302514166,5.399914663286849e-05,,0.02435468800196927,5.077049949424404e-05,0,0,0.09911288711159151,0.31626740105003714,0.0,0.0,1.0,1.0,0.0,0.0,0.19999999999999996,0,0,0,18,1,0,957,0,0,0,0,0,0,0.00029917859971343813,0.0005843940498570378,0.0007173029936520796,0.04529044299852103,0.07973872600996401,0.12589156300236937,0.8952179540065117
PPO_last_552901,precommitted_secondary,552901,last,f55ae43dc4fc29ac21b8e87678ce4e42470082c05de0d03d90449b7371acf55c,me5418-scenes-v1-0474,far,formal-g010,True,,,,,1.0,7.15852791490832e-05,4.620402044122191e-05,7.15852791490832e-05,,0.019611477127043274,961,0,0.07896374448671652,0.2680288679578531,0.0,0.0,0.8459821428571427,1.0,0.0,0.0,0.18254955696562924,0,0,0,0,0,0,961,0,0,0,0,0,0,0.0002551642448906932,0.0005651905897290514,0.000639022867001889,0.045134417989174835,0.07550735800759867,0.12150654599827249,0.8194345249939943
PPO_last_552901,precommitted_secondary,552901,last,f55ae43dc4fc29ac21b8e87678ce4e42470082c05de0d03d90449b7371acf55c,me5418-scenes-v1-0477,near_link,formal-g013,True,,,,,1.0,0.00011374464481967746,0.00010433808838144863,0.00011180155555631461,0.037957890167134495,0.01984964774067323,0,0,0.2707988340239896,0.283240806454967,0.0,0.0,0.5967261904761904,1.0,0.0,0.0,0.1596932789670453,0,0,0,0,0,0,961,0,0,0,0,0,0,0.0003014213699164732,0.0005830070566541205,0.0007360216540898061,0.043889100998057984,0.07986879999225494,0.1246530179923866,0.9187491329939803
PPO_last_552901,precommitted_secondary,552901,last,f55ae43dc4fc29ac21b8e87678ce4e42470082c05de0d03d90449b7371acf55c,me5418-scenes-v1-0479,far,formal-g015,True,,,,,1.0,8.246987675149329e-05,4.212674171871611e-05,8.246987675149329e-05,,0.00892285969918753,961,0,0.10341485402580325,0.2875577531084097,0.0,0.0,0.8467261904761904,1.0,0.0,0.0,0.18584038087477286,0,0,0,0,0,0,961,0,0,0,0,0,0,0.00026031300474945357,0.000561242142066476,0.0006361506371225308,0.04372850799700245,0.07531435399141628,0.11993015400366858,0.816851843992481
PPO_last_552901,precommitted_secondary,552901,last,f55ae43dc4fc29ac21b8e87678ce4e42470082c05de0d03d90449b7371acf55c,me5418-scenes-v1-0485,near_link,formal-g021,True,,,,,1.0,7.412731886833278e-05,4.552758621993375e-05,7.300972433634162e-05,0.025636979938305868,0.019341769969923463,0,0,0.5667926609518139,0.25860668569647705,0.0,0.0,0.75,1.0,0.0,0.0,0.1836044914843071,0,0,0,40,0,0,961,0,0,0,0,0,0,0.0002951907865735848,0.0005793065383689585,0.0007000141821663419,0.043927983002504334,0.07924665699829347,0.1240093039959902,0.8822616750112502
PPO_last_552901,precommitted_secondary,552901,last,f55ae43dc4fc29ac21b8e87678ce4e42470082c05de0d03d90449b7371acf55c,me5418-scenes-v1-0488,tight_layout,formal-g024,True,,,,,1.0,0.0001293168161793892,9.791383310634824e-05,0.0001293168161793892,0.043387911572244336,0.019884959537245193,0,0,0.2954345561758707,0.29512481370320137,0.0,0.0,0.31696428571428564,1.0,0.0,0.0,0.15156736624914974,0,0,0,0,0,0,961,0,0,0,0,0,0,0.0003385769631070919,0.0005975834344856897,0.0007976745729138202,0.04370172700146213,0.08201980500598438,0.12661013699835166,0.9833481019886676
PPO_last_552901,precommitted_secondary,552901,last,f55ae43dc4fc29ac21b8e87678ce4e42470082c05de0d03d90449b7371acf55c,me5418-scenes-v1-0497,near_link,formal-g033,True,,,,,1.0,0.00010065650680921437,8.245836297906697e-05,6.245631039544066e-05,0.021575703780667796,0.019557625971678365,0,0,0.49496263285084435,0.27237692132990493,0.0,0.0,0.5290178571428571,1.0,0.0,0.0,0.17074285343378073,0,0,0,180,0,0,961,0,0,0,0,0,0,0.0003059272132001449,0.0005654011755117002,0.0007258857105625794,0.0427917310007615,0.07932727898878511,0.12296811099804472,0.9084643300011521
PPO_last_552901,precommitted_secondary,552901,last,f55ae43dc4fc29ac21b8e87678ce4e42470082c05de0d03d90449b7371acf55c,me5418-scenes-v1-0504,far,formal-g040,True,,,,,1.0,7.351973489582334e-05,3.884205277078034e-05,7.351973489582334e-05,,0.01898851924473583,961,0,0.07688435913694616,0.2608330842287796,0.0,0.0,0.8519345238095237,1.0,0.0,0.0,0.1855161660749997,0,0,0,0,0,0,961,0,0,0,0,0,0,0.00025888041121409816,0.0005579789794107152,0.0006324739164483617,0.0435503219923703,0.0752122510020854,0.11971188300231006,0.8123299150029197
PPO_last_552901,precommitted_secondary,552901,last,f55ae43dc4fc29ac21b8e87678ce4e42470082c05de0d03d90449b7371acf55c,me5418-scenes-v1-0508,tight_layout,formal-g044,True,,,,,1.0,4.1014177169194955e-05,3.182663225643702e-05,4.005496224948552e-05,0.0026624989762807083,0.019609459142342675,0,0,0.5528948432090486,0.2348579069361065,0.0,0.0,0.34300595238095233,1.0,0.0,0.0,0.11875604058926305,0,0,0,961,0,0,961,0,0,0,0,0,0,0.0003384135669269502,0.0005952837632321462,0.0007890725917908034,0.04348704199946951,0.08494474799954332,0.12930504699761514,1.08103303599637
PPO_last_552901,precommitted_secondary,552901,last,f55ae43dc4fc29ac21b8e87678ce4e42470082c05de0d03d90449b7371acf55c,me5418-scenes-v1-0515,near_link,formal-g051,True,,,,,1.0,9.366132607174533e-05,7.962698608979401e-05,9.234970031657613e-05,0.04941017423657798,0.01972597187709045,0,0,0.8093946634540967,0.27926026747496946,0.0,0.0,0.5438988095238094,1.0,0.0,0.0,0.15625597256730542,0,0,0,0,0,0,961,0,0,0,0,0,0,0.00031596190569871396,0.0005881833011244453,0.00076295615623773,0.04464616700715851,0.08077123100520112,0.12625406500592362,0.9475250140094431
PPO_last_552901,precommitted_secondary,552901,last,f55ae43dc4fc29ac21b8e87678ce4e42470082c05de0d03d90449b7371acf55c,me5418-scenes-v1-0518,tight_layout,formal-g054,True,,,,,1.0,7.668301104419801e-05,5.5549869839585945e-05,7.614316465677688e-05,0.016464446670563487,0.019483112203300137,0,0,0.4322237831306843,0.21916032194023316,0.0,0.0,0.41071428571428564,1.0,0.0,0.0,0.15587023660219052,0,0,0,127,0,0,961,0,0,0,0,0,0,0.00032734455711154925,0.0006043172590125323,0.000802204343305372,0.04424936999566853,0.08239700501144398,0.1275135699979728,0.988353733002441
PPO_last_552901,precommitted_secondary,552901,last,f55ae43dc4fc29ac21b8e87678ce4e42470082c05de0d03d90449b7371acf55c,me5418-scenes-v1-0525,near_link,formal-g003,True,,,,,1.0,0.00010059754754633303,8.928805686897577e-05,7.944672368557064e-05,0.04624668778392084,0.01957533570621533,0,0,0.8472022773791733,0.27240392099539124,0.0,0.0,0.4851190476190475,1.0,0.0,0.0,0.16899558205955795,0,0,0,0,0,0,961,0,0,0,0,0,0,0.00035368752628528455,0.0005945064008907745,0.0007677731822392768,0.04453944599663373,0.08051342400722206,0.12594156600243878,0.959540752999601
PPO_last_552901,precommitted_secondary,552901,last,f55ae43dc4fc29ac21b8e87678ce4e42470082c05de0d03d90449b7371acf55c,me5418-scenes-v1-0532,far,formal-g010,True,,,,,1.0,7.332948717891164e-05,4.623075205352548e-05,7.332948717891164e-05,,0.01951471113071497,961,0,0.08019759966986809,0.2645175125485588,0.0,0.0,0.8497023809523808,1.0,0.0,0.0,0.18360114109125872,0,0,0,0,0,0,961,0,0,0,0,0,0,0.00034482925987807295,0.0005912983861283768,0.0006841710552180303,0.04498940400662832,0.07718472900160123,0.12310241399973165,0.8677686930022901
PPO_last_552901,precommitted_secondary,552901,last,f55ae43dc4fc29ac21b8e87678ce4e42470082c05de0d03d90449b7371acf55c,me5418-scenes-v1-0535,near_link,formal-g013,True,,,,,1.0,0.00012155422348608433,0.00010680975062190849,0.00012153787557793811,0.03476394940960778,0.019847714131416665,0,0,0.21621499073696068,0.2906586842394188,0.0,0.0,0.5840773809523808,1.0,0.0,0.0,0.16312950881242397,0,0,0,0,0,0,961,0,0,0,0,0,0,0.00030262413535335025,0.0005864508041364994,0.0007267327480197613,0.04291396100597922,0.0794638160004979,0.12325650399725419,0.9102640440105461
PPO_last_552901,precommitted_secondary,552901,last,f55ae43dc4fc29ac21b8e87678ce4e42470082c05de0d03d90449b7371acf55c,me5418-scenes-v1-0537,far,formal-g015,True,,,,,1.0,8.461931600811964e-05,4.4210756156101186e-05,8.461931600811964e-05,,0.008188271975713066,961,0,0.10309891271621349,0.2944574724527569,0.0,0.0,0.7938988095238094,1.0,0.0,0.0,0.18628074462481198,0,0,0,0,0,0,961,0,0,0,0,0,0,0.0002549531877775735,0.0005585764219479945,0.000632373792617121,0.044391136994818226,0.0754796340042958,0.12075230199843645,0.8118174910050584
PPO_last_552901,precommitted_secondary,552901,last,f55ae43dc4fc29ac21b8e87678ce4e42470082c05de0d03d90449b7371acf55c,me5418-scenes-v1-0543,near_link,formal-g021,True,,,,,1.0,0.00010422520916366063,7.678826955789441e-05,3.885056475639262e-05,0.04404437640179121,0.0196157271808517,0,0,1.2251750123040586,0.28836492626759674,0.0,0.0,0.6741071428571429,1.0,0.0,0.0,0.15625179405157855,0,0,0,0,0,0,961,0,0,0,0,0,0,0.00028708911501477513,0.0005694917989785608,0.0006940854646776037,0.0431521600112319,0.0780076709925197,0.12202353900647722,0.8737012740020873
PPO_last_552901,precommitted_secondary,552901,last,f55ae43dc4fc29ac21b8e87678ce4e42470082c05de0d03d90449b7371acf55c,me5418-scenes-v1-0546,tight_layout,formal-g024,True,,,,,1.0,0.00013733390811459658,0.00010295799469656712,0.00013733390811459658,0.01706687538214359,0.019477992220296884,0,0,0.31480864597809594,0.27188132677564053,0.0,0.0,0.40625,1.0,0.0,0.0,0.13584181865388972,0,0,0,94,0,0,961,0,0,0,0,0,0,0.00032621464545930695,0.0005998622914527611,0.0007980442949853266,0.04338175400334876,0.08418673899723217,0.12852823200228158,0.984893351997016
PPO_last_552901,precommitted_secondary,552901,last,f55ae43dc4fc29ac21b8e87678ce4e42470082c05de0d03d90449b7371acf55c,me5418-scenes-v1-0555,near_link,formal-g033,True,,,,,1.0,9.750915461667334e-05,8.157609747874115e-05,6.40930011852438e-05,0.00422864554976099,0.01957525318145477,0,0,0.6811752107881187,0.27239021574034206,0.0,0.0,0.4791666666666665,1.0,0.0,0.0,0.16628917595371603,0,0,0,387,0,0,961,0,0,0,0,0,0,0.0003211471410698626,0.0005722733699561407,0.0007381696738169315,0.045814640005119145,0.0815319039975293,0.12822224500996526,0.9249470299982931
PPO_last_552901,precommitted_secondary,552901,last,f55ae43dc4fc29ac21b8e87678ce4e42470082c05de0d03d90449b7371acf55c,me5418-scenes-v1-0562,far,formal-g040,True,,,,,1.0,7.162824899844475e-05,3.728929291149505e-05,7.162824899844475e-05,,0.019216399296736096,961,0,0.075335434812013,0.26083179500968395,0.0,0.0,0.8526785714285713,1.0,0.0,0.0,0.18528895088959307,0,0,0,0,0,0,961,0,0,0,0,0,0,0.00026314710354805965,0.0005662342824355923,0.0006420338073136615,0.04457993200048804,0.07507166499271989,0.12055257600150071,0.8212274170073215
PPO_last_552901,precommitted_secondary,552901,last,f55ae43dc4fc29ac21b8e87678ce4e42470082c05de0d03d90449b7371acf55c,me5418-scenes-v1-0573,near_link,formal-g051,True,,,,,1.0,0.00012083032103240291,7.87033067648813e-05,0.00012083032103240291,0.02180180700403274,0.019535462385326233,0,0,0.23404910685382943,0.26659230765530667,0.0,0.0,0.3921130952380952,1.0,0.0,0.0,0.1342655064648993,0,0,0,78,0,0,961,0,0,0,0,0,0,0.00032180146369379753,0.0005967183646286381,0.0007951707990741852,0.04394705899176188,0.08652384400193114,0.13139601801231038,0.9857777769939275
PPO_last_552901,precommitted_secondary,552901,last,f55ae43dc4fc29ac21b8e87678ce4e42470082c05de0d03d90449b7371acf55c,me5418-scenes-v1-0583,near_link,formal-g003,True,,,,,1.0,0.00011998529489347155,0.00010352947308148237,8.818834188667528e-05,0.03305106803002254,0.01994565187946091,0,0,1.4849808837162974,0.2724105407364825,0.0,0.0,0.503720238095238,1.0,0.0,0.0,0.15544421890392965,0,0,0,0,0,0,961,0,0,0,0,0,0,0.0003073136764063141,0.0005783804583188612,0.0007381126698267811,0.042988763001631014,0.08002906999900006,0.12388526900031138,0.9229557639919221
PPO_last_552901,precommitted_secondary,552901,last,f55ae43dc4fc29ac21b8e87678ce4e42470082c05de0d03d90449b7371acf55c,me5418-scenes-v1-0589,tight_layout,formal-g009,False,self_collision_band,related_collision:self,tracking,3.8874999999999997,0.9718749999999999,0.00010750196333858891,5.905712588812028e-05,,0.03365845963960369,9.46904843795067e-05,0,0,0.10875176347094616,0.33305745640131257,0.0,0.0,0.9977081741787625,1.0,0.0,0.0,0.19999664368021114,0,0,0,0,1,0,934,0,0,0,0,0,0,0.0003223925301173881,0.0005881225017145464,0.0007269493623960829,0.04339556900958996,0.07991412300907541,0.1241658670041943,0.8861176349892048
PPO_last_552901,precommitted_secondary,552901,last,f55ae43dc4fc29ac21b8e87678ce4e42470082c05de0d03d90449b7371acf55c,me5418-scenes-v1-0590,far,formal-g010,True,,,,,1.0,7.275784108641683e-05,4.054898252458213e-05,7.275784108641683e-05,,0.019001459949634605,961,0,0.07653198370509717,0.2654530826315961,0.0,0.0,0.8511904761904759,1.0,0.0,0.0,0.18424619336479475,0,0,0,0,0,0,961,0,0,0,0,0,0,0.0003593249061092744,0.0005996628302909812,0.0006960962730621152,0.0430677510012174,0.07758975199249107,0.12149474100442603,0.8783077810076065
PPO_last_552901,precommitted_secondary,552901,last,f55ae43dc4fc29ac21b8e87678ce4e42470082c05de0d03d90449b7371acf55c,me5418-scenes-v1-0593,near_link,formal-g013,True,,,,,1.0,0.00013964662450908108,0.00011673942849452068,0.00013910893609259532,0.03490434664518037,0.01949234720842155,0,0,0.7538384846166174,0.3010521865432105,0.0,0.0,0.35788690476190466,1.0,0.0,0.0,0.16207540853924696,0,0,0,0,0,0,961,0,0,0,0,0,0,0.0003660747761387029,0.0006027759908344403,0.0007724427072086352,0.04476115400029812,0.0833297630015295,0.1289657549932599,0.9626579570031026
PPO_last_552901,precommitted_secondary,552901,last,f55ae43dc4fc29ac21b8e87678ce4e42470082c05de0d03d90449b7371acf55c,me5418-scenes-v1-0595,far,formal-g015,True,,,,,1.0,7.249969680107354e-05,3.570666588631699e-05,7.249969680107354e-05,,0.011515350893636969,961,0,0.09773374842060936,0.28451396287282926,0.0,0.0,0.8571428571428571,1.0,0.0,0.0,0.18515474016645125,0,0,0,0,0,0,961,0,0,0,0,0,0,0.00031384117733068706,0.0005717115552973458,0.0006580329313843928,0.04549051899812184,0.07799470500322059,0.1243477390089538,0.8437271379953017
PPO_last_552901,precommitted_secondary,552901,last,f55ae43dc4fc29ac21b8e87678ce4e42470082c05de0d03d90449b7371acf55c,me5418-scenes-v1-0601,near_link,formal-g021,True,,,,,1.0,7.544553058865639e-05,3.9235741987092935e-05,7.544553058865639e-05,0.0386635876415215,0.01695785292779172,0,0,0.5000337543818252,0.2589762637001671,0.0,0.0,0.7715773809523808,1.0,0.0,0.0,0.1861619202464464,0,0,0,0,0,0,961,0,0,0,0,0,0,0.00032105426521411573,0.0005830505157367346,0.0007127594873660806,0.043017064992454834,0.0790819240064593,0.12294957300764509,0.8927092780068051
PPO_last_552901,precommitted_secondary,552901,last,f55ae43dc4fc29ac21b8e87678ce4e42470082c05de0d03d90449b7371acf55c,me5418-scenes-v1-0604,tight_layout,formal-g024,True,,,,,1.0,0.0001469541310166084,0.00010413380835159734,0.0001469541310166084,0.02640460911167522,0.019453508428073883,0,0,0.2353571954633308,0.28648112332637826,0.0,0.0,0.3549107142857142,1.0,0.0,0.0,0.1534146051144316,0,0,0,21,0,0,961,0,0,0,0,0,0,0.0003392754793670368,0.0005997583636144554,0.0008016171353119716,0.042953445998136885,0.0814257330057444,0.1252698570024222,0.9861970290075988
PPO_last_552901,precommitted_secondary,552901,last,f55ae43dc4fc29ac21b8e87678ce4e42470082c05de0d03d90449b7371acf55c,me5418-scenes-v1-0608,near_link,formal-g028,True,,,,,1.0,7.934755300802212e-05,6.388758623896268e-05,7.934755300802212e-05,0.0002741765356031045,0.019528160266106355,0,0,0.3074862274588406,0.20109684475424489,0.0,0.0,0.19122023809523803,1.0,0.0,0.0,0.0899083762679116,0,0,0,961,0,0,961,0,0,0,0,0,0,0.00032342712984245736,0.000597877285387464,0.0008014042052915708,0.04405312800372485,0.08377797799766995,0.12872070301091298,0.9878263399878051
PPO_last_552901,precommitted_secondary,552901,last,f55ae43dc4fc29ac21b8e87678ce4e42470082c05de0d03d90449b7371acf55c,me5418-scenes-v1-0613,near_link,formal-g033,True,,,,,1.0,0.0001136991934940451,9.249134715284394e-05,7.20948776656908e-05,0.028658158716403356,0.019584962382923843,0,0,0.6901797295988189,0.26737560215913636,0.0,0.0,0.45833333333333326,1.0,0.0,0.0,0.1697730559323515,0,0,0,6,0,0,961,0,0,0,0,0,0,0.00029941907791908307,0.0005622882101458042,0.0007183010603057482,0.0429325559962308,0.07940443200641312,0.12321147699549329,0.9003777610050747
PPO_last_552901,precommitted_secondary,552901,last,f55ae43dc4fc29ac21b8e87678ce4e42470082c05de0d03d90449b7371acf55c,me5418-scenes-v1-0614,tight_layout,formal-g034,True,,,,,1.0,8.599860512621372e-05,6.94466282967069e-05,7.25700734802633e-05,0.005081010300474947,0.019628774570347896,0,0,0.3483321909084841,0.2308827929942636,0.0,0.0,0.41517857142857134,1.0,0.0,0.0,0.1507794742633234,0,0,0,149,0,0,961,0,0,0,0,0,0,0.0003245973026272016,0.0006050368907684363,0.0008024846353994993,0.04275629299809225,0.08510000898968428,0.12881256500259042,0.9889652540005045
PPO_last_552901,precommitted_secondary,552901,last,f55ae43dc4fc29ac21b8e87678ce4e42470082c05de0d03d90449b7371acf55c,me5418-scenes-v1-0620,far,formal-g040,True,,,,,1.0,7.132384218415515e-05,3.860160432142195e-05,7.132384218415515e-05,,0.019422289563910247,961,0,0.07274677668933047,0.26095261335995545,0.0,0.0,0.8043154761904762,1.0,0.0,0.0,0.18368211399675122,0,0,0,0,0,0,961,0,0,0,0,0,0,0.0002669349585933863,0.0005598497283699544,0.0006361222626613502,0.04385328199714422,0.07492333500704262,0.11968247400363907,0.814433718987857
PPO_last_552901,precommitted_secondary,552901,last,f55ae43dc4fc29ac21b8e87678ce4e42470082c05de0d03d90449b7371acf55c,me5418-scenes-v1-0641,near_link,formal-g003,True,,,,,1.0,0.00012278343602951486,0.00010869958946023035,0.00011148255981602816,0.03397898676372563,0.019967662404392218,0,0,0.32376138355973966,0.283276725441383,0.0,0.0,0.40401785714285715,1.0,0.0,0.0,0.14966206891196115,0,0,0,0,0,0,961,0,0,0,0,0,0,0.0003210519579776398,0.0005855163958131016,0.000782018701056586,0.043522157007828355,0.08190181999816559,0.12641768100729678,0.9654441099992255
PPO_last_552901,precommitted_secondary,552901,last,f55ae43dc4fc29ac21b8e87678ce4e42470082c05de0d03d90449b7371acf55c,me5418-scenes-v1-0644,near_link,formal-g006,True,,,,,1.0,4.0712650757335896e-05,2.8604028575723547e-05,3.4756752400947485e-05,0.0007301246038057471,0.019526456890780607,0,0,0.8589752876917743,0.2627810764532074,0.0,0.0,0.4613095238095238,1.0,0.0,0.0,0.14137814322505923,0,0,0,961,0,0,961,0,0,0,0,0,0,0.0002999194070222681,0.0005866058666924801,0.0007446474696128764,0.043815890996484086,0.0820333279989427,0.1267140690033557,0.928472650994081
PPO_last_552901,precommitted_secondary,552901,last,f55ae43dc4fc29ac21b8e87678ce4e42470082c05de0d03d90449b7371acf55c,me5418-scenes-v1-0648,far,formal-g010,True,,,,,1.0,7.20705792453134e-05,4.320570711304788e-05,7.20705792453134e-05,,0.019102751309239177,961,0,0.0828067082431481,0.2753994565308295,0.0,0.0,0.8556547619047619,1.0,0.0,0.0,0.18343604853642836,0,0,0,0,0,0,961,0,0,0,0,0,0,0.0002568526357057029,0.0005631988531907458,0.0006372969113726867,0.043867088010301813,0.07463405799353495,0.11934707099862862,0.8160476979974192
PPO_last_552901,precommitted_secondary,552901,last,f55ae43dc4fc29ac21b8e87678ce4e42470082c05de0d03d90449b7371acf55c,me5418-scenes-v1-0651,near_link,formal-g013,True,,,,,1.0,0.00013269144419890083,0.00011577979750211119,0.00013251475624798294,0.018153755507475347,0.01958622023600167,0,0,0.26554664574605585,0.3012210904307018,0.0,0.0,0.3325892857142856,1.0,0.0,0.0,0.15691622608186057,0,0,0,66,0,0,961,0,0,0,0,0,0,0.0003217237132654797,0.0005925677436304492,0.0007678071071647234,0.043503391003469005,0.08208416400884744,0.12654526099504437,0.9544032819976564
PPO_last_552901,precommitted_secondary,552901,last,f55ae43dc4fc29ac21b8e87678ce4e42470082c05de0d03d90449b7371acf55c,me5418-scenes-v1-0653,far,formal-g015,True,,,,,1.0,7.775494021497958e-05,3.76239784641854e-05,7.775494021497958e-05,,0.012751960717330263,961,0,0.0926474430378753,0.2716787376834132,0.0,0.0,0.8511904761904759,1.0,0.0,0.0,0.1854803697073034,0,0,0,0,0,0,961,0,0,0,0,0,0,0.0002636265469391219,0.0005598966022716922,0.0006354326801859618,0.043519703001948074,0.07491604999813717,0.11926820199005306,0.813617895997595
PPO_last_552901,precommitted_secondary,552901,last,f55ae43dc4fc29ac21b8e87678ce4e42470082c05de0d03d90449b7371acf55c,me5418-scenes-v1-0659,near_link,formal-g021,True,,,,,1.0,8.235930062510761e-05,4.4655160228951796e-05,8.235930062510761e-05,0.03608172427874813,0.012024502287561273,0,0,0.4100867007096906,0.265849583030381,0.0,0.0,0.8117559523809522,1.0,0.0,0.0,0.19328506806244447,0,0,0,0,0,0,961,0,0,0,0,0,0,0.0002873475835561597,0.0005843119000019214,0.0007091923866028082,0.043251116992905736,0.07849574901047163,0.12257323200174142,0.8903946530044777
PPO_last_552901,precommitted_secondary,552901,last,f55ae43dc4fc29ac21b8e87678ce4e42470082c05de0d03d90449b7371acf55c,me5418-scenes-v1-0662,tight_layout,formal-g024,True,,,,,1.0,0.00012238830144285619,7.0508015918296e-05,0.00012238830144285619,0.011962715275970273,0.01944107598937255,0,0,0.2834136432834886,0.25850364304195844,0.0,0.0,0.35937499999999994,1.0,0.0,0.0,0.12312429151553218,0,0,0,212,0,0,961,0,0,0,0,0,0,0.0003214437598823376,0.0005961699602115307,0.0007927718490009283,0.04294726399530191,0.08242475500446744,0.12628698299522512,0.9779956050042529
PPO_last_552901,precommitted_secondary,552901,last,f55ae43dc4fc29ac21b8e87678ce4e42470082c05de0d03d90449b7371acf55c,me5418-scenes-v1-0671,near_link,formal-g033,True,,,,,1.0,0.00010165424339160601,8.45652756393781e-05,7.290730968804636e-05,0.007517653907208238,0.01972469963318383,0,0,0.5152207373263167,0.2723733942800797,0.0,0.0,0.5438988095238094,1.0,0.0,0.0,0.15938563291426927,0,0,0,157,0,0,961,0,0,0,0,0,0,0.0003227517186890812,0.0005832843490073476,0.000757118561371802,0.043143853996298276,0.07987475900154095,0.12388751000980847,0.9407537059887545
PPO_last_552901,precommitted_secondary,552901,last,f55ae43dc4fc29ac21b8e87678ce4e42470082c05de0d03d90449b7371acf55c,me5418-scenes-v1-0678,far,formal-g040,True,,,,,1.0,7.168709459378382e-05,4.246083987334009e-05,7.168709459378382e-05,,0.01968234806088357,961,0,0.07546980674727258,0.2602365236541187,0.0,0.0,0.8407738095238093,1.0,0.0,0.0,0.18406000201634706,0,0,0,0,0,0,961,0,0,0,0,0,0,0.00026175963535024493,0.0005566512617557843,0.0006316038155697849,0.0436543459945824,0.07490327500272542,0.11939232499571517,0.8111413339938736
PPO_last_552901,precommitted_secondary,552901,last,f55ae43dc4fc29ac21b8e87678ce4e42470082c05de0d03d90449b7371acf55c,me5418-scenes-v1-0689,near_link,formal-g051,True,,,,,1.0,9.872142414874842e-05,7.683989285589469e-05,9.81544810091718e-05,0.01347548851869293,0.019641379951447865,0,0,0.626688350501375,0.2741160063528045,0.0,0.0,0.5141369047619047,1.0,0.0,0.0,0.15100458362361505,0,0,0,64,0,0,961,0,0,0,0,0,0,0.0003112008275062787,0.0005851555708128823,0.0007631984114141232,0.04413396999007091,0.08065805499791168,0.12566039199009538,0.9458222999965074
